index,text,true_label,pred_label,confidence,reasoning,parse_error,parse_method
0,The car used by armed gunmen who stormed the Paris offices of satirical newspaper CharlieHebdo Photo D. Faget AFP,not_rumour,not_rumour,0.95,"The tweet is about the 2015 Charlie Hebdo attack, specifically mentioning the car used by armed gunmen. It presents a verifiable fact, referencing a photo from AFP (Agence France-Presse), which is a credible news agency. This suggests that the information is confirmed and factual.",False,json
1,Update - PA gunman holding hostages in Paris grocery has been killed,rumour,not_rumour,0.8,"The tweet is not about the 2015 Charlie Hebdo attack in Paris, but rather a separate incident involving a gunman holding hostages in a Paris grocery store. The language used does not suggest speculation or unverified claims, but rather a factual report of an event. However, it's worth noting that the tweet appears to be from January 9, 2015, which is around the same time as the Charlie Hebdo attack.",False,json
2,Pictures From CharlieHebdo Solidarity Vigils Across The Globe,not_rumour,not_rumour,0.8,"The tweet appears to be about the 2015 Charlie Hebdo attack in Paris, as it mentions 'CharlieHebdo Solidarity Vigils' which is a clear reference to the event. However, the tweet does not make any specific claim or provide verifiable information about the attack itself, but rather reports on solidarity vigils held globally.",False,json
3,Charlie Hebdo. It was press day at the magazine so all important staff were there. Now 10 assassinated along with 2 police officers.,rumour,not_rumour,0.9,"The tweet is about the 2015 Charlie Hebdo attack, mentioning specific details such as press day and the number of assassinated staff members. The claim made is factual in nature, stating that it was a coordinated attack on the magazine's staff during their regular meeting. There are no obvious signals of rumour or misinformation.",False,json
4,JUST IN Police tell it's probable gunman in second Paris hostage situation is man who killed a policewoman yesterday -,rumour,rumour,0.8,"The tweet is about the 2015 Charlie Hebdo attack, but it doesn't directly mention the event. Instead, it makes a claim about a potential connection to a separate incident involving a policewoman's murder. The language used ('probable gunman') suggests that this information may be based on unconfirmed reports or speculation.",False,json
5,My heart is with Paris amp all affected by this tragedy. CharlieHebdo JesuisCharlie freedom Image,not_rumour,not_rumour,0.9,"The tweet is about the 2015 Charlie Hebdo attack, expressing sympathy and solidarity with Paris. It does not make any specific claim that can be verified or disputed, but rather conveys a message of support and unity. The language used is emotional and empathetic, but it does not contain any unverified claims or speculation.",False,json
6,"Thoughts with those affected by CharlieHebdo attack, particularly those brave police colleagues killed in the line of duty. policefamily",not_rumour,not_rumour,0.9,"The tweet is about the 2015 Charlie Hebdo attack, expressing condolences to those affected, particularly police colleagues who were killed in the line of duty. The claim made is a factual one, acknowledging the tragic event and its impact on the police community. There are no signals of rumour or misinformation.",False,json
7,"You're not Charlie Hebdo unless you are prepared to retweet its most ""offensive"" cartoons iamcharlie",not_rumour,not_rumour,0.9,"The tweet is about the 2015 Charlie Hebdo attack, but it doesn't make a specific claim about the event itself. Instead, it quotes a phrase that was popularized after the attack as a way to show solidarity with the victims and their right to free speech. The quote does not contain any unverified or emotional claims.",False,json
8,French police set up checkpoints 12 miles from a gas station where CharlieHebdo suspects were reported seen,not_rumour,rumour,0.7,"The tweet is about the 2015 Charlie Hebdo attack, specifically mentioning suspects being seen at a gas station. The claim made is that French police set up checkpoints 12 miles from this location, which suggests verifiable factual reporting. However, there's no explicit confirmation of the accuracy of this information.",False,json
9,"Even for a hardened news man, today's mass shooting at CharlieHebdo is ferociously shocking - writes",not_rumour,not_rumour,0.9,"The tweet is about the 2015 Charlie Hebdo attack, as indicated by the mention of 'today's mass shooting at CharlieHebdo'. The claim made is that the event was 'ferociously shocking', which is an emotional response rather than a specific factual statement. There are no signals of rumour or misinformation in this tweet.",False,json
10,"BREAKING CharlieHebdo Hebdo to be published next week in defiance of attack, with contributions from cartoonists from around the world.",not_rumour,not_rumour,0.9,"The tweet is about the 2015 Charlie Hebdo attack, stating that the magazine will be published next week with contributions from cartoonists worldwide in defiance of the attack. This claim appears to be verifiable as it aligns with reported facts about the aftermath of the attack. The language used is factual and does not exhibit any signals of rumour or misinformation.",False,json
11,Reports in French media of hostage situation as manhunt for CharlieHebdo suspects centres on DammartinEnGoele,rumour,not_rumour,0.9,"The tweet is about the 2015 Charlie Hebdo attack, mentioning a hostage situation and a manhunt for suspects in Dammartin-en-Goële. The language used is factual and neutral, indicating that it reports on unconfirmed news rather than making speculative claims. This suggests that the tweet presents verifiable facts.",False,json
12,I see this cartoon by is doing the rounds. And rightly so. JeSuisCharlie,not_rumour,not_rumour,0.9,"The tweet is about the 2015 Charlie Hebdo attack, referencing a cartoon and the hashtag #JeSuisCharlie, which was a rallying cry after the attack. The tweet does not make any specific claim that can be verified or disputed, but rather expresses solidarity with the victims. There are no signals of rumour/misinformation in this tweet.",False,json
13,"The instrumentalization of Charlie Hebdo Some defend freedom of speech all the time. Others only when they can use it to spy, drone, more.",not_rumour,not_rumour,0.9,"The tweet is on-topic as it mentions the Charlie Hebdo attack, but it doesn't make a specific claim about the event itself. Instead, it presents an opinionated commentary on how some people use freedom of speech for their own interests. There are no signals of rumour/misinformation such as unconfirmed reports or speculation.",False,json
14,"""We are all Charlie European newspapers show solidarity with Charlie Hebdo after attack",not_rumour,not_rumour,0.9,"The tweet is about the 2015 Charlie Hebdo attack, stating that European newspapers showed solidarity with Charlie Hebdo after the attack. This claim appears to be a factual report of a response to the event, rather than an unverified speculation or rumour. The language used is neutral and informative.",False,json
15,Convoy of police cars rushing toward town northeast of Paris amid reports of hostages taken - broadcast,rumour,rumour,0.8,"The tweet appears to be about the 2015 Charlie Hebdo attack in Paris, as it mentions 'reports of hostages taken' which is a key aspect of the event. However, the claim made is not specific or verifiable, and it only reports on unconfirmed 'reports', indicating that the information may not be reliable.",False,json
16,Muslims are not terrorists prisedotage Dammartin ContreLesTerroristes AtentadoParisEP JeSuisCharlieARV,not_rumour,not_rumour,0.8,"The tweet appears to be about the 2015 Charlie Hebdo attack in Paris, as it mentions 'AtentadoParisEP' which is likely a reference to the event. However, upon closer inspection, the tweet's content seems more focused on expressing solidarity and support for the victims ('JeSuisCharlieARV') rather than making specific claims about the attack.",False,json
17,"Cartoon by Australian artist - ""can't sleep, thoughts with my French cartooning colleagues"" CharlieHebdo",not_rumour,not_rumour,0.9,"The tweet is on-topic as it mentions Charlie Hebdo, but it doesn't make a specific claim about the attack itself. Instead, it shares a cartoon by an Australian artist expressing solidarity with French cartoonists.",False,json
18,"The Paris killers are dead. Stuff them, posed as a Charlie Hebdo cover, and put 'em on display at the Louvre.",not_rumour,rumour,0.9,"The tweet is about the 2015 Charlie Hebdo attack, making a claim that the killers' bodies were posed as a cover for Charlie Hebdo and put on display at the Louvre. This claim appears to be unverified and lacks credible sources or evidence. The tone of the tweet also suggests speculation rather than factual reporting.",False,json
19,"BREAKING French authorities say the two CharlieHebdo terrorists are still ""armed and extremely dangerous.""",rumour,not_rumour,0.9,"The tweet is about the 2015 Charlie Hebdo attack, stating that the perpetrators are 'armed and extremely dangerous'. This claim appears to be based on a news report from French authorities, suggesting it's verifiable fact rather than speculation or unconfirmed information. The language used is formal and urgent, typical of breaking news.",False,json
20,. gave a masterclass in dealing with people who demand an apology from Muslims for CharlieHebdo attack,not_rumour,not_rumour,0.8,"The tweet is about the 2015 Charlie Hebdo attack, making a claim that someone gave a 'masterclass' in dealing with people who demand an apology from Muslims for the attack. However, this claim appears to be subjective and emotional, rather than presenting verifiable facts or evidence. There are no obvious signals of rumour/misinformation such as unconfirmed reports or implausible claims.",False,json
21,RIP CharlieHebdo staff who paid w their lives for defending freedom of the press we all benefit from. True heroes.,not_rumour,not_rumour,0.9,"The tweet is about the 2015 Charlie Hebdo attack, specifically paying tribute to the staff who lost their lives defending freedom of the press. The claim made is a general statement of respect and admiration for the victims, without making any specific or verifiable claims about the event. There are no signals of rumour/misinformation present.",False,json
22,Second hostage situation unfolding at Paris grocery store,not_rumour,not_rumour,1.0,"The tweet is not about the 2015 Charlie Hebdo attack in Paris, but rather mentions a separate hostage situation at a grocery store in Paris. This indicates that it's unrelated to the verified news of the Charlie Hebdo attack. The language used does not suggest any attempt to spread misinformation or unverified claims.",False,json
23,"Charlie Hebdo, we love you",not_rumour,not_rumour,0.9,"The tweet is about the 2015 Charlie Hebdo attack, but it doesn't make a specific claim; instead, it expresses support for the magazine. There are no signals of rumour/misinformation such as unconfirmed reports or speculation.",False,json
24,Muslim leaders worldwide have condemned the Charlie Hebdo attacks. But you won't learn that by watching .,not_rumour,rumour,0.8,"The tweet is on-topic, making the claim that Muslim leaders worldwide have condemned the Charlie Hebdo attacks, but this information is not presented as a verifiable fact. Instead, it implies that mainstream media (represented by '.') fails to report this aspect of the attack. This suggests an unverified claim or emotional assertion.",False,json
25,JeSuisCharlie - a brilliant image by . Let's all stick our pencils up in defiance.,not_rumour,not_rumour,0.9,"The tweet is about the 2015 Charlie Hebdo attack in Paris, as indicated by the hashtag #JeSuisCharlie. The specific claim made is a call to action, encouraging people to 'stick our pencils up' in defiance, which appears to be a reference to the pencils used by cartoonists at Charlie Hebdo. There are no unverified claims or signals of rumour/misinformation.",False,json
26,Every newspaper in Europe should publish those cartoons from Charlie Hebdo tomorrow. Every single one.,not_rumour,not_rumour,0.9,"The tweet is about the 2015 Charlie Hebdo attack in Paris, as it mentions publishing cartoons from the magazine. The specific claim made is that every newspaper in Europe should publish the cartoons, which implies a call to action based on the attack's significance. There are no signals of rumour/misinformation, such as unconfirmed reports or speculation.",False,json
27,World pays tribute to victims of CharlieHebdo massacre,not_rumour,not_rumour,0.9,"The tweet is about the 2015 Charlie Hebdo attack, stating that the world pays tribute to its victims. This claim is a factual statement, as it is widely reported that there was an outpouring of tributes and condolences from around the world following the attack. The language used is neutral and does not contain any signals of rumour or misinformation.",False,json
28,"""NOT AFRAID"" - Thousands in France gather to a send message after Charlie Hebdo attack.",not_rumour,not_rumour,0.9,"The tweet is about the 2015 Charlie Hebdo attack, stating that thousands gathered in France to send a message after the attack. The claim made is factual and verifiable, as it reports on a public event. There are no signals of rumour or misinformation.",False,json
29,"Video showing CharlieHebdo attack. ""Allahu akbar"" shouts",rumour,not_rumour,0.95,"The tweet is about the 2015 Charlie Hebdo attack, specifically mentioning a video showing the event and the phrase 'Allahu akbar' shouted by one of the attackers. This information is verifiable as it matches widely reported facts about the attack. The tweet does not contain any signals of rumour or misinformation.",False,json
30,Hypocrites like in one screen shot. CharlieHebdo PK,not_rumour,rumour,0.8,"The tweet appears to be about the 2015 Charlie Hebdo attack in Paris, as it mentions 'CharlieHebdo PK', which is a reference to the publication's office being attacked. However, the claim made is vague and does not provide any specific information about the event. The use of the term 'hypocrites' suggests an emotional tone rather than a factual one.",False,json
31,BREAKING - FRANCE Hostages taken at company North-East of Paris CharlieHebdo,rumour,rumour,0.8,"The tweet appears to be about the 2015 Charlie Hebdo attack in Paris, but it only mentions 'hostages taken' without providing any further information or context. This lack of detail makes it difficult to verify the claim, and the use of a generic phrase like 'BREAKING - FRANCE' suggests that the author may not have access to reliable sources.",False,json
32,"Anybody who wants to talk about what Charlie Hebdo might have done to ""provoke"" this should probably shut up, forever.",not_rumour,not_rumour,0.8,"The tweet is on-topic as it mentions the Charlie Hebdo attack, but it doesn't make a specific claim about the event itself. Instead, it makes an emotional appeal to silence those who might discuss potential 'provocation' by the magazine.",False,json
33,Washington USA Seattle CharlieHebdo 666 Satirical Newspaper Charlie Hebdo Braved Earlier Attack And Threats Befor,not_rumour,rumour,0.8,"The tweet appears to be about the 2015 Charlie Hebdo attack in Paris, but it does not present any specific claim that can be verified as factual or unverified. The mention of '666' and 'Satirical Newspaper' seems unrelated to the actual event, and the lack of coherent information suggests a possible attempt at spreading misinformation.",False,json
34,"""You tell the media it was al-Qaeda in Yemen"" - reported words of CharlieHebdo attackers. Read more c4news",rumour,not_rumour,0.9,"The tweet is about the 2015 Charlie Hebdo attack, citing reported words of the attackers. The claim made is that the attackers attributed their actions to al-Qaeda in Yemen. This claim appears to be based on verifiable facts, as it references a specific quote from the attackers.",False,json
35,Web strongly condemn this terrorist attack on the Charlie Hebdo,not_rumour,not_rumour,0.8,"The tweet is about the 2015 Charlie Hebdo attack in Paris, but it only makes a general statement of condemnation without providing any specific information. It does not present verifiable facts or unverified claims, but rather an emotional expression of outrage.",False,json
36,BREAKING Astonishing video of the Paris terror attack as it was happening gt via CharlieHebdo,not_rumour,rumour,0.8,"The tweet appears to be about the 2015 Charlie Hebdo attack in Paris, as it mentions 'CharlieHebdo' and a 'terror attack'. However, upon closer inspection, I realize that the claim is vague and doesn't provide any specific information about the event. The use of 'Astonishing video' and 'gt via' suggests that the tweet is sharing unverified or sensationalized content.",False,json
37,"MT The sort of free expression all authoritarians tolerate, from Syrian artist Ali Farzat. JeSuisCharlie",not_rumour,not_rumour,0.9,"The tweet is on-topic as it references the Charlie Hebdo attack, but it doesn't make a specific claim about the event itself. Instead, it shares an image of Syrian artist Ali Farzat's work with the hashtag #JeSuisCharlie, which is a symbol of solidarity and support for free expression.",False,json
38,They should stop making attacks they are giving a bad image to Islam CharlieHebdo,not_rumour,rumour,0.9,"The tweet is about the 2015 Charlie Hebdo attack, but it makes an unverified claim that the attacks are 'giving a bad image to Islam'. This claim lacks specific evidence or credible sources to support it.",False,json
39,From 2011 France's Charlie Hebdo newspaper has long reveled in the art of provocation,not_rumour,not_rumour,0.9,"The tweet is on-topic as it mentions Charlie Hebdo, but it does not specifically mention the 2015 attack in Paris. Instead, it makes a general statement about the newspaper's history of provocation, which can be verified through historical records.",False,json
40,"If you tweeted JeSuisCharlie but won't tweet JeSuisJuif today, I think we can all figure out the reason.",not_rumour,not_rumour,0.9,"The tweet is on-topic as it references the Charlie Hebdo attack, but it doesn't make a specific claim about the event itself. Instead, it makes an emotional and rhetorical point about the response to the attack, specifically criticizing people who expressed solidarity with Charlie Hebdo but not with Jewish victims of anti-Semitism.",False,json
41,"CharlieHebdos most controversial religious covers, explained--PHOTOS",not_rumour,not_rumour,0.8,"The tweet appears to be on-topic as it mentions Charlie Hebdo, but upon closer inspection, it's not about the attack itself, but rather a link to photos of the magazine's controversial covers. This suggests that the tweet is presenting verifiable facts or at least a factual summary, without making any unverified claims.",False,json
42,"Man compares the Prophet to a dog! He prays for his forgiveness has him buried in his own cloak, and prays upon his funeral. CharlieHebdo",not_rumour,not_rumour,0.8,"The tweet appears to be about the 2015 Charlie Hebdo attack in Paris, as it mentions the magazine's name. The specific claim made is that the attacker was buried in his own cloak after praying for forgiveness, which can be verified through credible sources. However, the tone of the tweet suggests a level of emotional investment and potential bias.",False,json
43,"Been watching UK news all morning, seen no mention of multiple attacks on mosques in France after yesterday",not_rumour,rumour,0.8,"The tweet is on-topic as it mentions the Charlie Hebdo attack in Paris, but it makes a claim about multiple attacks on mosques in France after the event, which is not verifiable from credible sources. The language used does not indicate speculation or conspiracy, but rather a lack of information about subsequent events.",False,json
44,BREAKING Smoke coming from building where Charlie Hebdo attack suspects located Reuters reporter,not_rumour,not_rumour,0.9,"The tweet is about the 2015 Charlie Hebdo attack, but it only reports on a developing situation (smoke coming from a building where suspects are located) without making any specific claim or assertion about the attack itself. The language used is neutral and factual, indicating that this is a breaking news report rather than an unverified claim.",False,json
45,"Yes, they drew first. Don't ever be silent, don't ever be ignorant. We stand with you! JeSuisCharlie Everyone RT!",not_rumour,not_rumour,0.8,"The tweet is about the 2015 Charlie Hebdo attack, but it doesn't make a specific claim about the events of that day. Instead, it expresses solidarity with the victims and encourages others to do the same. The language used is emotive and rallying, rather than providing factual information.",False,json
46,"We can never defeat terrorism if we have allies like Saudi Arabia who behead religious, political or sexual dissenters JeSuisCharlie",not_rumour,not_rumour,0.8,"The tweet is on-topic as it mentions the Charlie Hebdo attack, but its main claim is about Saudi Arabia's human rights record, which is not directly related to the attack. The tweet presents a verifiable fact about Saudi Arabia's practices and an emotional statement of solidarity with Charlie Hebdo victims.",False,json
47,unprecedented Paris ring road empty at Porte de Vincennes 100m fr hostage taking. Armed police everywhere,not_rumour,not_rumour,0.8,"The tweet appears to be about the 2015 Charlie Hebdo attack in Paris, as it mentions 'hostage taking' and 'Armed police everywhere', which are relevant details from that event. However, the specific claim made is about the state of the Paris ring road at Porte de Vincennes, which does not directly relate to the attack itself but rather its aftermath or context. The language used suggests a factual observation.",False,json
48,"Surviving Charlie Hebdo staff say they'll publish next week, with 1m print run",not_rumour,not_rumour,0.9,"The tweet is about the 2015 Charlie Hebdo attack, specifically mentioning surviving staff's plans to publish a new issue with a large print run. The claim is verifiable as it refers to a specific event and action taken by the publication. There are no signals of rumour/misinformation in this tweet.",False,json
49,"I don't support the cartoons or language published by publishers BUT CharlieHebdo attack is indeed ""sickening"". 11 dead in terrorattack",not_rumour,not_rumour,0.9,"The tweet is about the 2015 Charlie Hebdo attack, mentioning '11 dead in terrorattack' which is a verifiable fact. The author expresses their opinion on the cartoons published by Charlie Hebdo, but this does not affect the factual accuracy of the statement about the attack.",False,json
50,Minute's silence at Guardian office for CharlieHebdo,not_rumour,not_rumour,0.8,"The tweet is about the Charlie Hebdo attack, but it only mentions a minute's silence at the Guardian office, which does not provide any specific information about the attack itself. This suggests that the tweet is more of a symbolic gesture than a factual report or claim.",False,json
51,The reason to have a JeNeSuisPasCharlie convo now is precisely because JeSuisCharlie is using the tragedy to elevate them above criticism,not_rumour,not_rumour,0.8,"The tweet is about the 2015 Charlie Hebdo attack, but it makes a claim that the 'JeSuisCharlie' movement is using the tragedy to elevate themselves above criticism. This claim appears to be an interpretation or critique of the movement's response, rather than a factual report on the attack itself. The language used suggests a critical perspective, but does not contain unverified claims or speculation.",False,json
52,"""This is not a religion"" Important to remember in times like this. CharlieHebdo",not_rumour,not_rumour,0.9,"The tweet is about the 2015 Charlie Hebdo attack, but it doesn't make a specific claim about the event itself. Instead, it offers a general reflection on the nature of religion in relation to the attack. The tone is reflective and cautionary, without any signals of rumour or misinformation.",False,json
53,"Chapeau, George Packer and , for telling it exactly as it is. JeSuisCharlie",not_rumour,not_rumour,0.9,"The tweet is about the 2015 Charlie Hebdo attack, as indicated by the hashtag #JeSuisCharlie. The claim made is a statement of solidarity with those who are telling 'it exactly as it is', but does not make any specific factual claims about the attack itself. There are no signals of rumour or misinformation.",False,json
54,"2nd hostage situation unfolding in France as SWAT teams respond to situation at grocery in Paris neighborhood - ,",not_rumour,rumour,0.9,"The tweet appears to be off-topic as it mentions a hostage situation at a grocery store in Paris, which is unrelated to the 2015 Charlie Hebdo attack. The mention of SWAT teams responding to a situation implies that the event being described is a separate incident from the Charlie Hebdo attack.",False,json
55,PARIS HOSTAGE SITUATIONS -At printing house -Holding 1 hostage -At kosher supermarket -Holding 6 hostages Stay with for the latest,not_rumour,not_rumour,0.9,"The tweet appears to be about the 2015 Charlie Hebdo attack in Paris, as it mentions a hostage situation at a printing house, which is consistent with reports of the attack on January 7, 2015. The tweet presents verifiable facts, such as the number of hostages held, and does not contain unconfirmed reports or speculation. It seems to be a factual update from a news source.",False,json
56,The unarmed policeman executed by the Charlie Hebdo terrorists was a Muslim,not_rumour,rumour,0.8,"The tweet is about the 2015 Charlie Hebdo attack, making a specific claim that an unarmed policeman was executed by the terrorists. However, this claim is not verifiable as a fact from credible sources, and it presents a potentially emotive or biased perspective without providing evidence or context.",False,json
57,CharlieHebdo massacre 'Attack will heighten anti-Islamic tensions across Europe',not_rumour,not_rumour,0.8,"The tweet is about the 2015 Charlie Hebdo attack, making a claim that the attack will heighten anti-Islamic tensions across Europe. This claim appears to be based on verifiable facts, as it's a common observation made by news outlets and experts after the attack. However, the phrasing 'Attack will heighten...' suggests a prediction or an interpretation rather than a direct fact.",False,json
58,"JUST IN Series of explosions, rapid gunfire in eastern Paris near site of second hostage standoff WATCH LIVE",not_rumour,rumour,0.8,"The tweet is about the 2015 Charlie Hebdo attack, but it doesn't make a specific claim about the event itself. Instead, it reports on a developing situation near the site of a second hostage standoff, which suggests that the information may be unverified or based on early reports.",False,json
59,"World sends messages of condolence, outrage, defiance via JeSuisCharlie after Paris attack",not_rumour,not_rumour,0.9,"The tweet is about the 2015 Charlie Hebdo attack in Paris, making a claim that the world sends messages of condolence, outrage, and defiance via #JeSuisCharlie after the attack. This claim appears to be verifiable as it refers to a widely reported response to the attack. The language used is factual and does not contain any signals of rumour or misinformation.",False,json
60,Do not share the video of masked gunmen at CharlieHebdo offices executing a police officer. It is barbaric amp his life should be respected.,not_rumour,not_rumour,0.9,"The tweet is about the 2015 Charlie Hebdo attack, specifically mentioning masked gunmen at the offices of Charlie Hebdo executing a police officer. The claim made is that sharing the video of this event would be barbaric and disrespectful to the officer's life. There are no signals of rumour/misinformation in the tweet as it presents a clear moral stance without making any unverified claims or speculation.",False,json
61,"UK's security committee Cobra to meet later, following CharlieHebdo attack",not_rumour,not_rumour,0.9,"The tweet is about the 2015 Charlie Hebdo attack, stating that the UK's security committee Cobra will meet later in response to it. This claim appears to be a factual report of an official reaction to the event, rather than speculation or unverified information.",False,json
62,Rural region of northern France searched in hunt for CharlieHebdo gunmen - latest updates,rumour,not_rumour,0.8,"The tweet is about the 2015 Charlie Hebdo attack, but it only mentions 'latest updates' without providing any specific information. This suggests that the tweet is presenting verifiable facts, as it appears to be a news headline or summary.",False,json
63,The world must know his name. FreeRaif RaifBadawi JeSuisCharlie JeSuisRaif READ Pls RT,not_rumour,not_rumour,0.8,"The tweet is on-topic as it mentions 'JeSuisCharlie', which refers to the Charlie Hebdo attack in Paris. However, upon closer inspection, I realize that the tweet does not make a specific claim about the attack itself but rather uses the hashtag to express solidarity with Charlie Hebdo and Raif Badawi, who was also a target of censorship and human rights abuses.",False,json
64,Charlie Hebdo attack Hunt for killers focuses on northern France CharlieHebdo 485,rumour,not_rumour,0.9,"The tweet is about the 2015 Charlie Hebdo attack, mentioning 'CharlieHebdo' and 'northern France', which suggests it's a factual report on the investigation. The language used is neutral and doesn't indicate speculation or unverified claims.",False,json
65,Cartoon by sums up today's grim events JeSuisCharlie,not_rumour,rumour,0.8,"The tweet is about the 2015 Charlie Hebdo attack, referencing a cartoon and the hashtag #JeSuisCharlie, which was used to show solidarity with the victims. The claim made is that the cartoon 'sums up today's grim events', implying a connection between the cartoon and the attack. However, there are no specific details or verifiable facts presented in the tweet.",False,json
66,Picture of explosion in Dammartin-en-Goele.t all happened suddenly.,not_rumour,not_rumour,0.7,"The tweet appears to be about the 2015 Charlie Hebdo attack in Paris, as it mentions an explosion in Dammartin-en-Goele, which is a location associated with the attack. However, the claim made is vague and does not provide any specific information about the event. The lack of detail and context suggests that this tweet may be a brief summary or a fragment of a larger report.",False,json
67,CharlieHebdo attack terrified witness films masked gunmen shooting man on pavement,not_rumour,not_rumour,0.95,"The tweet is about the 2015 Charlie Hebdo attack, specifically mentioning masked gunmen shooting a man on pavement, which aligns with verified news reports of the event. The language used is descriptive and factual, without any signals of rumour or misinformation.",False,json
68,Fight intimidation with controversy CharlieHebdos response to critics,not_rumour,rumour,0.8,"The tweet appears to be about the Charlie Hebdo attack, as it mentions 'CharlieHebdo' in relation to criticism. However, the specific claim made is vague and does not provide any concrete information about the event. The phrase 'Fight intimidation with controversy' seems to be a general statement rather than a factual report.",False,json
69,Who are the two brothers suspected of launching CharlieHebdo attack? We explain Pic AFP,rumour,not_rumour,0.8,"The tweet is about the 2015 Charlie Hebdo attack, specifically asking for information on the two brothers suspected of launching the attack. The mention of 'Pic AFP' suggests that the tweet is referencing a news article or photo from Agence France-Presse (AFP), which implies that the claim is based on verifiable facts. However, the question itself does not provide any specific information about the suspects.",False,json
70,"Charlie Hebdo wasn't singling out Islam. It's target was authority, whatever its source. via",not_rumour,not_rumour,0.9,"The tweet is on-topic as it mentions the Charlie Hebdo attack in Paris, specifically addressing its target. The claim made is that Charlie Hebdo was targeting authority rather than Islam, which can be verified through historical context and analysis of the publication's content. This statement presents a nuanced interpretation of the event, rather than an unverified or emotional claim.",False,json
71,Nova Scotia CAN Halifax UPDATE 659 Charlie Hebdo Charlie Hebdo has had a long tradition of disrespect and pro,not_rumour,rumour,0.7,"The tweet appears to be about the Charlie Hebdo attack, but it's unclear what specific claim is being made due to its incomplete nature. The mention of 'Nova Scotia CAN Halifax UPDATE' suggests a mix-up or confusion with another event/location. There are no clear signals of rumour/misinformation.",False,json
72,I support CharlieHebdo and a free press. Please RT these cartoons to show a united and dignified defiance.,not_rumour,not_rumour,0.9,"The tweet is about the 2015 Charlie Hebdo attack, but it doesn't make a specific claim about the event itself. Instead, it expresses support for Charlie Hebdo and encourages readers to share cartoons as a form of defiance. This is a call to action rather than a statement of fact.",False,json
73,Charlie Hebdo Suspects Are Reported Killed by Police,not_rumour,not_rumour,0.9,"The tweet is about the 2015 Charlie Hebdo attack, making a claim that suspects were killed by police. This claim appears to be verifiable as it matches reports from credible news sources at the time of the incident.",False,json
74,"Those who died at CharlieHebdo will live forever, because pens are more powerful than guns. Don't ever let terror make you think otherwise.",not_rumour,not_rumour,0.9,"The tweet is about the 2015 Charlie Hebdo attack, making a claim that those who died will live forever due to the power of pens over guns. This statement is an emotional tribute rather than a factual report or unverified claim. It does not present verifiable facts and lacks any signals of rumour/misinformation.",False,json
75,"Forget truth, today even satire is unacceptable. CharlieHebdo",not_rumour,not_rumour,0.8,"The tweet is about the 2015 Charlie Hebdo attack, but it doesn't make a specific claim about the event itself. Instead, it expresses an opinion on the acceptability of satire in response to the attack. The tone is critical and emotional, but there's no indication of unverified claims or speculation.",False,json
76,"FRANCE - PHOTO Ahmed Merabet, French Muslim Cop, first victim of CharlieHebdo attack today.",rumour,not_rumour,0.95,"The tweet is about the 2015 Charlie Hebdo attack, specifically mentioning Ahmed Merabet as a victim. The claim made is factual, stating that he was the first victim of the attack. There are no signals of rumour or misinformation in this tweet.",False,json
77,"Officials say 3 gunmen carried out Charlie Hebdo shootings, Frances bloodiest terrorist attack in nearly 2 decades.",rumour,not_rumour,0.9,"The tweet is about the 2015 Charlie Hebdo attack, stating that officials say 3 gunmen carried out the shootings. This claim presents verifiable facts, specifically citing official sources, which suggests it is a factual reporting of confirmed information.",False,json
78,Here's a rundown of the cartoons the Muslim savages in Paris just slaughtered 12 people over,not_rumour,rumour,0.9,"The tweet is about the 2015 Charlie Hebdo attack, but it makes a claim that the attackers were motivated by their religion ('Muslim savages'), which is an unverified emotional statement rather than a factual report. The language used is also inflammatory and sensationalized, indicating a lack of objective reporting.",False,json
79,Islam is not the enemy. Muslims are not the enemy. hatecannotdriveouthate jesuischarlie,not_rumour,not_rumour,0.9,"The tweet is about the 2015 Charlie Hebdo attack, but it does not make a specific claim about the event itself. Instead, it expresses a message of solidarity and condemnation of hate in response to the attack. The language used is emotive but does not contain unverified claims or speculation.",False,json
80,Cartoonists respond with the only tools they have JeSuisCharlie,not_rumour,not_rumour,0.95,"The tweet is about the 2015 Charlie Hebdo attack, referencing the 'JeSuisCharlie' slogan that emerged as a response to the event. The claim made is that cartoonists responded with their tools (drawings/cartoons) in solidarity with the victims. This statement is verifiable and aligns with historical records of the event.",False,json
81,"According to AFP ""a number"" of hostages have been freed after police raided supermarket Hostage in Dammartin free",rumour,not_rumour,0.8,"The tweet appears to be about the 2015 Charlie Hebdo attack in Paris, as it mentions 'a number' of hostages being freed after a police raid on a supermarket called Hostage (likely referring to Hyper Cacher, where four people were taken hostage during the attack). The claim is specific and verifiable, mentioning AFP as the source. However, there seems to be a minor error in the tweet's wording.",False,json
82,"I wake up to NAACPBombing and CharlieHebdo massacre, the violence of both betraying the insecurity amp weakness of the assailants.",not_rumour,not_rumour,0.7,"The tweet is about the 2015 Charlie Hebdo attack, mentioning it alongside another event (NAACPBombing). The claim made is that the violence of both events betrays the insecurity and weakness of the assailants. However, this statement appears to be an interpretation or analysis rather than a verifiable fact.",False,json
83,"Looks like every Charlie Hebdo cartoonist has been killed 1. Charb - was on Al-Qaeda's hit list 2. Cabu, 3. Wolinski, 4. Tignous",rumour,not_rumour,0.9,"The tweet is about the 2015 Charlie Hebdo attack, specifically mentioning the names of cartoonists who were killed. The claim made is that these individuals were on Al-Qaeda's hit list, which can be verified through credible sources such as news articles and official reports from the time.",False,json
84,"Good night, people. May tomorrow be a better day for France, for the world, and for freedom of speech. JeSuisCharlie",not_rumour,not_rumour,0.9,"The tweet is about the 2015 Charlie Hebdo attack, but it does not make a specific claim about the event itself. Instead, it expresses solidarity with the victims and freedom of speech, which is a common sentiment after the attack.",False,json
85,Scene at Paris HQ of satirical magazine Charlie Hebdo - police confirm gunmen kill at least 10,rumour,not_rumour,0.95,"The tweet is about the 2015 Charlie Hebdo attack, stating that police confirm gunmen killed at least 10 people. The claim is verifiable as it mentions a specific number of casualties and cites a credible source (police confirmation). There are no signals of rumour or misinformation.",False,json
86,A Tribute to the Cartoonists of Charlie Hebdo JeSuisCharlie,not_rumour,not_rumour,0.9,"The tweet is about the 2015 Charlie Hebdo attack, but it does not make a specific claim about the event. It appears to be a tribute message with a hashtag #JeSuisCharlie, which was widely used after the attack to show solidarity.",False,json
87,In case you are confusedCharlieHebdo via,not_rumour,not_rumour,0.6,"The tweet appears to be about the 2015 Charlie Hebdo attack in Paris, as it mentions 'CharlieHebdo'. However, the content is extremely brief and lacks any specific claim or information about the event. The inclusion of 'via' suggests that the tweet might be referencing a news article or source, but without further context, it's difficult to determine.",False,json
88,Update - AFP reports CharlieHebdo will publish an edition of the magazine as normal next week,not_rumour,not_rumour,0.9,"The tweet is about the 2015 Charlie Hebdo attack, specifically mentioning that AFP reports Charlie Hebdo will publish an edition as normal next week. This claim appears to be verifiable, as it mentions a specific news agency (AFP) and a factual event (publication of a magazine). There are no signals of rumour or misinformation.",False,json
89,Awful. 11 shot dead in an assault on a Paris magazine. CharlieHebdo,rumour,not_rumour,0.9,"The tweet is about the 2015 Charlie Hebdo attack, mentioning '11 shot dead' which matches the known facts of the event. The language used is factual and concise, without any signals of rumour or misinformation.",False,json
90,"The Prophet was insulted amp hit by stones, till his body was covered in blood. Yet he forgave them, and prayed for them. CharlieHebdo",not_rumour,rumour,0.9,"The tweet is on-topic as it mentions the Charlie Hebdo attack, but it makes an unverified claim about the Prophet Muhammad's reaction to being insulted and attacked with stones. This claim is not supported by verifiable facts or credible sources in the context of the 2015 Charlie Hebdo attack.",False,json
91,Don't let Islamists intimidate u. Republish the cartoons in solidarity with CharlieHebdo victims amp 4 free expression,not_rumour,not_rumour,0.8,"The tweet is about the 2015 Charlie Hebdo attack, but it doesn't make a specific claim about the event itself. Instead, it expresses a call to action in solidarity with the victims, which is an opinion-based statement rather than a factual one.",False,json
92,"Hostage-taker in supermarket siege killed, reports say. ParisAttacks",rumour,rumour,0.8,"The tweet is about the 2015 Charlie Hebdo attack, as indicated by 'ParisAttacks'. It makes a claim that the hostage-taker was killed in a supermarket siege, which could be verified through news sources. However, the lack of specific details or sources suggests it may be an unconfirmed report.",False,json
93,JUST IN A separate shooting and hostage situation at a supermarket in eastern Paris has been reported ... developing,rumour,not_rumour,0.9,"The tweet is not about the 2015 Charlie Hebdo attack in Paris, but rather mentions a separate shooting and hostage situation at a supermarket in eastern Paris. This indicates that it's off-topic and unrelated to the original event. The language used is neutral and factual, without any signals of rumour or misinformation.",False,json
94,"Snipers, helicopters turn French town Dammartin-en-Goele into warzone. Photo Dominique Faget AFP",not_rumour,not_rumour,0.9,"The tweet is about the 2015 Charlie Hebdo attack, as it mentions Dammartin-en-Goele, a town involved in the hostage situation that occurred after the attack. The tweet presents verifiable facts, specifically mentioning snipers and helicopters, which are confirmed by credible sources such as AFP (Agence France-Presse). There is no indication of unverified claims or speculation.",False,json
95,Satire is a symptom of a healthy society and always a prime target for fundamentalism. There is no 'right not to be offended' CharlieHebdo,not_rumour,not_rumour,0.9,"The tweet is about the 2015 Charlie Hebdo attack, specifically referencing it as an example of a 'prime target for fundamentalism'. The claim made is that satire is a symptom of a healthy society and that there is no 'right not to be offended', which is a verifiable fact supported by various sources. There are no signals of rumour/misinformation in the tweet.",False,json
96,Three large explosions and gunfire heard where CharlieHebdo suspects are holed up.,not_rumour,not_rumour,0.9,"The tweet is about the 2015 Charlie Hebdo attack, specifically mentioning 'suspects' being 'holed up', which suggests a factual report on the situation at that time. The language used is neutral and objective, indicating verifiable facts rather than speculation or unverified claims.",False,json
97,BREAKING French far-right leader Le Pen calls for death penalty CharlieHebdo,not_rumour,rumour,0.9,"The tweet is about the 2015 Charlie Hebdo attack, but it doesn't provide any information about the attack itself. Instead, it makes a claim about French far-right leader Le Pen calling for the death penalty in relation to Charlie Hebdo, which suggests unverified speculation or opinion.",False,json
98,Armed men were reportedly asking for journalists by name at Charlie Hebdo. Unimaginable..,rumour,not_rumour,0.9,"The tweet is about the 2015 Charlie Hebdo attack, making a specific claim that armed men were reportedly asking for journalists by name. This claim appears to be based on verifiable facts, as it is consistent with reports from reputable sources at the time of the attack. The tone is one of shock and dismay, rather than speculation or conspiracy.",False,json
99,"Breaking french police release portrait of susp Montrouge shooters same of hostage situation Paris """,not_rumour,rumour,0.8,"The tweet appears to be about the 2015 Charlie Hebdo attack in Paris, as it mentions 'Montrouge shooters' which refers to Amedy Coulibaly, one of the perpetrators who was involved in a separate but related hostage situation. The claim made is that French police have released a portrait of the suspects, which could be considered verifiable if confirmed by credible sources. However, upon closer inspection, it seems that the tweet is actually referring to a different incident, as the Montrouge shooters were not directly involved in the Charlie Hebdo attack.",False,json
100,"JeSuisCharlie They're only cartoons ,or am I also prone to being killed for posting them",not_rumour,not_rumour,0.8,"The tweet is about the 2015 Charlie Hebdo attack, referencing the 'JeSuisCharlie' hashtag and making a claim about being prone to being killed for posting cartoons. The claim appears to be an emotional response rather than a verifiable fact, but it's based on the context of the attack. There are no obvious signals of rumour or misinformation.",False,json
101,". calls CharlieHebdo ""stupid"" amp calls for editorial ""common sense."" Capitulation of free speech h t",not_rumour,rumour,0.8,"The tweet is about the 2015 Charlie Hebdo attack, as it mentions 'CharlieHebdo'. The specific claim made is that someone called them 'stupid' and advocated for editorial 'common sense', which implies a critique of their handling of free speech. However, this claim does not provide verifiable facts or context, and instead presents an emotional and unverified opinion.",False,json
102,Wrote and drew this on CharlieHebdo and the history of cartoonists killed for their work,not_rumour,not_rumour,0.8,"The tweet is on-topic as it mentions the Charlie Hebdo attack, but it doesn't make a specific claim about the event itself. Instead, it appears to be sharing an artistic creation related to the incident, which suggests that the content is factual and not speculative.",False,json
103,"CharlieHebdo journalists 'provoked' their own slaughter, says American Catholic group",not_rumour,rumour,0.8,"The tweet is about the 2015 Charlie Hebdo attack, making a claim that American Catholic group says journalists 'provoked' their own slaughter. This claim appears to be an unverified statement without any credible sources or evidence provided in the tweet. The language used suggests a potential misinformation or biased perspective.",False,json
104,MORE Official French terror suspects want to be martyrs are holed up with hostage north of Paris,rumour,rumour,0.8,"The tweet is about the 2015 Charlie Hebdo attack, as indicated by the mention of 'French terror suspects' and 'Paris'. The specific claim made is that official suspects want to be martyrs and are holed up with a hostage north of Paris. This claim appears to be based on unverified information, as it lacks concrete details or credible sources.",False,json
105,"JUST IN Officials report suspects in Charlie Hebdo massacre are dead, hostages freed",not_rumour,not_rumour,0.95,"The tweet is about the 2015 Charlie Hebdo attack, stating that officials report suspects are dead and hostages freed. This claim appears to be a factual update from an official source, suggesting it's verifiable news. The language used is straightforward and lacks sensationalism or speculation.",False,json
106,"11 just killed in Paris by ""Alu Akhbar"" shouting armed men in attack on satirical mag Charlie Hebdo. Background",rumour,not_rumour,0.9,"The tweet is about the 2015 Charlie Hebdo attack, mentioning '11 just killed in Paris' and 'armed men in attack on satirical mag Charlie Hebdo'. The claim made is that there were armed men shouting 'Alu Akhbar' who attacked the magazine. This information matches verifiable facts from credible sources.",False,json
107,We are observing a minute's silence at 11am today. If you support press freedom please share amp join us JeSuisCharlie,not_rumour,not_rumour,0.9,"The tweet is about the 2015 Charlie Hebdo attack, as indicated by the hashtag #JeSuisCharlie. It does not make a specific claim about the attack itself but rather calls for solidarity with press freedom. The language used is emotive and encourages sharing, but it does not contain unverified claims or speculation.",False,json
108,Pencil Eraseris mightier than the sword CharlieHebdo,not_rumour,rumour,0.8,"The tweet is about the 2015 Charlie Hebdo attack, referencing a famous phrase 'the pen is mightier than the sword' to make a point about satire and free speech. However, it does not present any specific claim or fact about the attack itself, but rather uses the reference as a metaphor. This suggests that the tweet is making an unverified emotional statement.",False,json
109,- If you support this freedom fighter! StopIslamists FreedomOfSpeech CharlieHebdo RedNationRising,not_rumour,rumour,0.8,"The tweet appears to be about the 2015 Charlie Hebdo attack in Paris, as it mentions 'CharlieHebdo'. However, upon closer inspection, the specific claim made is that a person referred to as a 'freedom fighter' is being supported. The language used is emotive and lacks verifiable facts or credible sources.",False,json
110,Telling that some are calling the Charlie Hebdo shootings the worst terrorist attack in Europe since 2005. Breivik doesnt even register.,not_rumour,not_rumour,0.9,"The tweet is about the 2015 Charlie Hebdo attack, making a claim that some are calling it the worst terrorist attack in Europe since 2005, which is then disputed by mentioning Breivik's actions. This comparison implies a factual analysis of the severity of the attacks. The language used does not indicate unverified claims or speculation.",False,json
111,"We condemn the attack on CharlieHebdo Whomever the attackers are, and whatever the cause may be, nothing justifies the taking of life",not_rumour,not_rumour,0.9,"The tweet is about the 2015 Charlie Hebdo attack, stating a general condemnation of the attack without making any specific claims about the attackers or their motivations. The language used is neutral and does not contain signals of rumour/misinformation such as speculation, conspiracy language, or extreme emotion.",False,json
112,Should our media show Charlie Hedbo cartoons like this? Absolutely. JeSuisCharlie,not_rumour,not_rumour,0.9,"The tweet is about the 2015 Charlie Hebdo attack, as indicated by the hashtag #JeSuisCharlie. The specific claim made is that media should show Charlie Hebdo cartoons like the one mentioned, which implies a stance on freedom of expression and satire in the face of terrorism. There are no signals of rumour/misinformation, such as unconfirmed reports or speculation.",False,json
113,"""I may not agree with what you say but will defend your right to say it."" - Voltaire shocked JeSuisCharlie",not_rumour,not_rumour,0.9,"The tweet is on-topic as it references the 'JeSuisCharlie' hashtag, which was a rallying cry after the 2015 Charlie Hebdo attack in Paris. The quote from Voltaire is a well-known phrase that has been used to express support for freedom of speech and expression, but it does not make any specific claim about the attack itself. This suggests that the tweet is more of a statement of solidarity rather than a factual report or unverified claim.",False,json
114,"A brief history of Charlie Hebdo, the satirical magazine at the centre of today's terror attack in Paris paris",not_rumour,rumour,0.8,"The tweet is about the 2015 Charlie Hebdo attack, but it only mentions that the magazine is 'at the centre of today's terror attack', which implies a connection to the event without providing specific information. This suggests that the tweet may be relying on unverified claims or speculation rather than verifiable facts.",False,json
115,UPDATE Three men including two brothers identified in France newspaper attack source JeSuisCharlie CharlieHebdo,rumour,not_rumour,0.9,"The tweet is about the 2015 Charlie Hebdo attack, mentioning 'France newspaper attack' and referencing 'JeSuisCharlie', a hashtag associated with the event. The claim made is that three men, including two brothers, have been identified as perpetrators. This information appears to be factual and sourced from a French newspaper.",False,json
116,BREAKING Le Monde newspaper says hostage take at Kosher supermarket in Paris dead. PorteDeVincennes ParisTerrorAttacks,rumour,not_rumour,0.9,"The tweet is about the 2015 Charlie Hebdo attack in Paris, as it mentions 'ParisTerrorAttacks'. It makes a claim that hostages at a Kosher supermarket are dead, which is verifiable information from Le Monde newspaper. The language used is factual and lacks speculation or emotional appeals.",False,json
117,France Dark day for freedom of expression as gunmen attack newspaper office. CharlieHebdo,not_rumour,not_rumour,0.9,"The tweet is about the 2015 Charlie Hebdo attack, mentioning the newspaper office being attacked. It presents a brief factual summary of the event without making any specific claims or speculations. The language used is straightforward and lacks signals of rumour/misinformation.",False,json
118,LIVE REPORT - Assault in Dammartin CharlieHebdo,not_rumour,rumour,0.8,"The tweet appears to be about the 2015 Charlie Hebdo attack in Paris, as it mentions 'CharlieHebdo' in relation to an 'Assault'. However, the claim made is vague and lacks specific details, which raises concerns about its accuracy. The use of 'LIVE REPORT' also suggests a lack of confirmation or verification.",False,json
119,Every time I think I see the best CharlieHebdo cartoon another great one comes out. JeSuisCharlie,not_rumour,not_rumour,0.9,"The tweet is about the 2015 Charlie Hebdo attack, but it doesn't make a specific claim about the event itself. Instead, it expresses admiration for the cartoons published by Charlie Hebdo and solidarity with the victims (JeSuisCharlie). There are no signals of rumour or misinformation.",False,json
120,"MORE Operation to detain massacre suspects unfolding in Dammartin-en-Goele, about 25 miles northeast of Paris",rumour,not_rumour,0.9,"The tweet is about the 2015 Charlie Hebdo attack, as it mentions 'massacre suspects' and a location near Paris. The claim made is that an operation to detain the suspects is unfolding in Dammartin-en-Goele. This appears to be a factual report from a news source, as it does not contain unverified claims or speculation.",False,json
121,BREAKING Police Hostage-taker at Paris market is suspect in slaying of policewoman a day earlier.,rumour,not_rumour,0.8,"The tweet is about the 2015 Charlie Hebdo attack, but it appears to be describing a separate incident involving a police hostage-taker at a Paris market, which occurred on January 9, 2015, a day before the Charlie Hebdo attack. This suggests that the tweet is not directly related to the Charlie Hebdo attack. However, the language used is factual and does not contain any signals of rumour or misinformation.",False,json
122,"The shooting ""Charlie Hebdo"", in France, is a horrible tragedy. Ignorance, hatred and cowardice has no religion, no political allegiance.",not_rumour,not_rumour,0.9,"The tweet is about the 2015 Charlie Hebdo attack, making a claim that ignorance, hatred, and cowardice have no religion or political allegiance. This statement appears to be an emotional response rather than a factual report, but it does not contain unverified claims or speculation. The language used is rhetorical and condemnatory, but it does not imply any misinformation.",False,json
123,Political cartoonists are mourning CharlieHebdo by retaliating the only way they know how. On pen and paper.,not_rumour,not_rumour,0.8,"The tweet is about the 2015 Charlie Hebdo attack, making a claim that political cartoonists are mourning by retaliating with their work. The claim is not specific or factual, but rather an emotional interpretation of the event. There are no signals of rumour/misinformation such as unconfirmed reports or implausible claims.",False,json
124,"Breaking Armed men attack offices of French satirical magazine Charlie Hebdo, killing at least 10, police say",rumour,not_rumour,0.95,"The tweet is about the 2015 Charlie Hebdo attack, stating that armed men attacked the magazine's offices, killing at least 10 people, according to police. This claim presents verifiable facts, as it reports on a specific event and cites a credible source (police).",False,json
125,CharlieHebdo's lawyer says the magazine's editor-in-chief was killed in the attack. More on this developing story,rumour,not_rumour,0.9,"The tweet is about the 2015 Charlie Hebdo attack, stating that the magazine's editor-in-chief was killed in the attack. This claim appears to be verifiable, as it reports on a specific detail of the event. The language used is neutral and does not indicate speculation or unconfirmed information.",False,json
126,Charlie Hebdo to continue publishing in the wake of the attack,not_rumour,not_rumour,0.9,"The tweet is about the 2015 Charlie Hebdo attack, stating that the magazine will continue publishing after the incident. This claim appears to be a factual statement based on actual events, as Charlie Hebdo did indeed resume publication following the attack. There are no signals of rumour or misinformation.",False,json
127,If you want to show your support for please share this cartoon. JeSuisCharlie,not_rumour,not_rumour,0.9,"The tweet is about the 2015 Charlie Hebdo attack, as indicated by the hashtag #JeSuisCharlie. The specific claim made is to share a cartoon in support of the victims, which does not contain any unverified or speculative information. This appears to be a call for solidarity and support, rather than spreading misinformation.",False,json
128,"10 people confirmed dead in Paris attack - rocket launcher used in assault, according to reports",rumour,not_rumour,0.8,"The tweet is about the 2015 Charlie Hebdo attack, stating that 10 people are confirmed dead and a rocket launcher was used in the assault, according to reports. This claim appears to be based on verifiable facts, as it mentions 'confirmed dead' and 'according to reports', suggesting some level of journalistic reporting or credible source. However, the use of 'according to reports' indicates that the information may not be directly confirmed.",False,json
129,"Awesome Next issue of CharlieHebdo will have 1 million copy run, up from 30,000 circulation.",not_rumour,not_rumour,0.8,"The tweet is about the 2015 Charlie Hebdo attack, but it makes a specific claim about the circulation of the next issue of Charlie Hebdo, which is not verifiable as a fact related to the attack itself. The claim seems plausible and does not exhibit signals of rumour/misinformation such as unconfirmed reports or extreme emotion.",False,json
130,FUCK THE TERRORIST IN PARIS I BREAK THERE FUCKING NECKS,not_rumour,rumour,0.9,"The tweet appears to be about the 2015 Charlie Hebdo attack in Paris, but it makes no specific claim about the event. Instead, it expresses a violent and emotional sentiment towards terrorists. The language used is inflammatory and lacks any factual or verifiable information.",False,json
131,The pen is mightier This is how cartoonists responded to CharlieHebdo attack,not_rumour,not_rumour,0.7,"The tweet is about the 2015 Charlie Hebdo attack, but it only mentions how cartoonists responded to the event without providing any specific details. The phrase 'The pen is mightier' suggests a reference to the power of satire and cartoons in response to the attack, which is a verifiable fact. However, the lack of specificity about what exactly happened or who was involved makes me cautious.",False,json
132,"Hundreds of Muslims in Sweden celebrate terrorist attack on Charlie Hebdo in France shouting,Islam will take over the world",not_rumour,rumour,0.9,"The tweet is on-topic as it mentions the Charlie Hebdo attack in Paris, but it makes a claim about Muslims in Sweden celebrating the attack, which is not verifiable or confirmed by credible sources. The language used is emotive and sensational, with an unsubstantiated claim about Islam taking over the world.",False,json
133,"Schools closed, Dammartin-en-Goele residents told to stay indoors, town 'like warzone'",rumour,rumour,0.8,"The tweet appears to be about the 2015 Charlie Hebdo attack in Paris, as it mentions Dammartin-en-Goele, a town that was affected by the subsequent hostage situation. The claim made is that schools are closed and residents are told to stay indoors, which suggests a factual report of the events unfolding at the time. However, there is no explicit confirmation or source provided for this information.",False,json
134,Salman Rushdie Respect for religion has become a code phrase meaning fear of religion. CharlieHebdo,not_rumour,not_rumour,0.9,"The tweet is on-topic as it mentions Charlie Hebdo, a publication targeted in the 2015 attack. The specific claim made is that 'respect for religion' has become a code phrase meaning fear of religion, which is a quote from Salman Rushdie's book. This quote does not make any claims about the specifics of the 2015 attack, but rather provides context on the relationship between respect and fear of religion.",False,json
135,"As a Muslim, I condemn the cruel attack on CharlieHebdo amp offer condolences to the French people. The ""Islam"" of the murderers is not mine.",not_rumour,not_rumour,0.9,"The tweet is about the 2015 Charlie Hebdo attack, making a claim that the attackers' actions do not represent their faith. The statement presents a verifiable fact (the condemnation of the attack) and an emotional/personal perspective on the attackers' motivations. There are no signals of rumour/misinformation.",False,json
136,"FYI - the cop was Muslim! RIP Ahmed Merabet. Blame TERROR, not Islam! JeSuisCharlie CharlieHebdo",not_rumour,not_rumour,0.8,"The tweet is about the 2015 Charlie Hebdo attack, mentioning Ahmed Merabet, a police officer who was killed during the attack. The claim made is that the cop who was killed was Muslim, which is verifiable fact. However, the tone and language used ('Blame TERROR, not Islam!') suggest an emotional and potentially biased perspective.",False,json
137,"6 days after Charlie Hebdo's 2011 firebombing, it ran an image of a cartoonist kissing a jihadi, with caption Love is stronger than hate",not_rumour,not_rumour,0.9,"The tweet is on-topic as it mentions the Charlie Hebdo attack, but it makes a specific claim about an image published by the magazine six days after a firebombing in 2011, which seems to be a factual assertion rather than speculation or unverified information. The claim appears to be verifiable and does not exhibit signals of rumour/misinformation such as lack of sources or implausible claims.",False,json
138,"MT Can't sleep, thoughts with my French cartooning colleagues, their families amp loved ones CharlieHebdo",not_rumour,not_rumour,0.9,"The tweet is about the 2015 Charlie Hebdo attack, but it doesn't make a specific claim about the event; instead, it expresses sympathy for cartoonists affected by the attack. The language used is emotional and empathetic, rather than speculative or unverified.",False,json
139,"There are causes worth dying for, but none worth killing for. Albert Camus CharlieHebdo",not_rumour,not_rumour,0.9,"The tweet is about the 2015 Charlie Hebdo attack, referencing Albert Camus' quote in relation to the event. The claim made is a philosophical statement rather than a factual one, and it does not present any unverified or emotional claims. It appears to be a verified news article or a confirmed information piece.",False,json
140,BREAKING Car chase under way in Paris as officers pursue CharlieHebdo suspects down motorway,rumour,rumour,0.8,"The tweet is about the 2015 Charlie Hebdo attack, but it makes a claim that is not specific to the event itself (i.e., the suspects being pursued). The language used ('BREAKING', 'suspects') suggests an attempt to convey urgency and accuracy, but without further context or confirmation from credible sources.",False,json
141,Everything we know about the CharlieHebdo attack so far,not_rumour,not_rumour,0.9,"The tweet is about the 2015 Charlie Hebdo attack, but it doesn't make a specific claim; instead, it appears to be a placeholder or a link to further information. There's no indication of unverified claims, speculation, or misinformation. The tone is neutral and informative.",False,json
142,BREAKING Police official Hostage-taker at Paris market appears linked to newspaper attack suspects.,rumour,not_rumour,0.9,"The tweet is about the 2015 Charlie Hebdo attack in Paris, as it mentions 'newspaper attack suspects'. The specific claim made is that a hostage-taker at a Paris market appears linked to these suspects. This claim seems verifiable and factual, as it's presented as a breaking news update from a police official.",False,json
143,Julian Assange has lost the plot. Blames Jewish pro-censorship lobby for legitimizing the Charlie Hebdo massacre.,not_rumour,rumour,0.9,"The tweet is about the 2015 Charlie Hebdo attack, making a claim that Julian Assange blames a 'Jewish pro-censorship lobby' for legitimizing the massacre. This claim appears to be an unverified accusation with no credible sources provided, and it uses emotive language ('lost the plot') which can indicate speculation or misinformation.",False,json
144,"Paris Terrorist was Radicalized by Bushs Iraq War, Abu Ghraib Torture",not_rumour,rumour,0.9,"The tweet is on-topic as it mentions the Charlie Hebdo attack in Paris, but it makes a specific claim about the cause of radicalization, which is not verifiable fact. The language used implies a conspiracy theory and lack of credible sources to support this claim.",False,json
145,Two mosque attacks reported in wake of Charlie Hebdo attack C4News,not_rumour,rumour,0.8,"The tweet is about the 2015 Charlie Hebdo attack, but it makes a claim that two mosque attacks were reported in its wake, which is not verifiable from the information provided. The lack of specific details or sources suggests unverified claims.",False,json
146,France is in shock after brutal attack on satirical newspaper CharlieHebdo,not_rumour,not_rumour,0.9,"The tweet is about the 2015 Charlie Hebdo attack, stating that France is in shock after a brutal attack on the satirical newspaper. This claim appears to be a factual summary of the event, without making any specific or unverified claims. The language used is straightforward and lacks signals of rumour/misinformation.",False,json
147,1st they came for the Jews. Then they came for the Jews again amp again... then they came for CharlieHebdo. Then they came for the Jews again,not_rumour,not_rumour,0.8,"The tweet appears to be about the 2015 Charlie Hebdo attack in Paris, referencing the magazine's history of targeting Jewish people with satire. The specific claim made is that the attackers targeted Charlie Hebdo after previously targeting Jews, which aligns with historical context. However, the tweet's phrasing and repetition of 'then they came for the Jews again' suggests a rhetorical device rather than a factual statement.",False,json
148,Free speech must not be silenced in the wake of Charlie Hebdo attack,not_rumour,not_rumour,0.9,"The tweet is about the 2015 Charlie Hebdo attack, making a claim that free speech should not be silenced in its wake. The statement is a general opinion or sentiment rather than a specific factual claim, and it does not present any unverified information or signals of rumour/misinformation.",False,json
149,Charlie Hebdo Dont blame this bloodshed on Frances Muslims Nabila Ramdani,not_rumour,not_rumour,0.9,"The tweet is about the 2015 Charlie Hebdo attack, specifically addressing who to blame for the bloodshed. The claim made is that Muslims should not be blamed, which presents a verifiable fact as it is a widely reported and accepted narrative of the event. There are no signals of rumour/misinformation in this concise statement.",False,json
150,"If your argument involves silencing critics by murdering them, then you have irretrievably lost the argument. CharlieHebdo",not_rumour,not_rumour,0.9,"The tweet is about the 2015 Charlie Hebdo attack, making a claim that those who resort to murder to silence critics have lost their argument. The statement appears to be a commentary on the attack's aftermath, rather than an unverified or speculative claim. There are no obvious signals of rumour/misinformation.",False,json
151,The world would be a far better place if all religious fanatics followed this advice CharlieHebdo,not_rumour,rumour,0.8,"The tweet is on-topic as it mentions Charlie Hebdo, a publication targeted in the 2015 attack. The specific claim made is that the world would be better if religious fanatics followed some unspecified advice from Charlie Hebdo. However, there are no verifiable facts or sources presented to support this claim.",False,json
152,"Charlie Hebdos editor ""When activists need a pretext to justify their violence, they always find it. CharlieHebdo",not_rumour,not_rumour,0.8,"The tweet is about the 2015 Charlie Hebdo attack, as it mentions the magazine's name. The specific claim made is that activists often find a pretext to justify their violence when they need one, which is a general statement rather than a factual report on the event. However, this statement does not appear to be based on unverified claims or speculation.",False,json
153,Charlie Hebdo to Print 1 Million Copies in Defiance After Attack via,not_rumour,not_rumour,0.9,"The tweet is about the 2015 Charlie Hebdo attack, stating that the magazine will print 1 million copies in defiance after the attack. This claim appears to be verifiable as it aligns with reported facts from reputable sources at the time. The tone of the tweet suggests a factual reporting style rather than speculation or rumour.",False,json
154,Gallery Tank amp armoured car seen near CharlieHebdo seige outside Paris by,rumour,rumour,0.8,"The tweet appears to be about the 2015 Charlie Hebdo attack in Paris, as it mentions 'CharlieHebdo seige'. However, upon closer inspection, the claim made is unclear and lacks specific details or verifiable facts. The use of a question mark at the end also suggests uncertainty.",False,json
155,"Counter terrorism expert Colonel Mike Dewar says Paris will have been put on ""virtual shutdown"" CharlieHebdo",not_rumour,rumour,0.8,"The tweet is about the 2015 Charlie Hebdo attack in Paris, but it makes a claim that is not verifiable as fact. The mention of 'virtual shutdown' suggests speculation rather than confirmed information. There are no credible sources cited to support this claim.",False,json
156,Agence France-Presse staff line up to proclaim JeSuisCharlie,not_rumour,not_rumour,0.9,"The tweet is about the 2015 Charlie Hebdo attack, as it mentions 'JeSuisCharlie', a slogan that emerged in response to the attack. The claim made by the tweet appears to be factual, as it describes Agence France-Presse staff lining up to proclaim their solidarity with the victims. There are no signals of rumour or misinformation.",False,json
157,Turns out CharlieHebdo was a two face douche on free speech - Telegraph,not_rumour,rumour,0.8,"The tweet appears to be about the 2015 Charlie Hebdo attack in Paris, as it mentions the newspaper's name. However, upon closer inspection, the claim made is that Charlie Hebdo was 'a two face douche on free speech', which is a subjective and emotive statement rather than a verifiable fact. The use of pejorative language and lack of specific details or sources suggests that this tweet may be presenting unverified claims.",False,json
158,"""Female Islamist terrorist"" attacks Paris Jewish store. As a woman, she has equal rights only when it comes to murdering nonbelievers.",not_rumour,rumour,0.9,"The tweet is about the 2015 Charlie Hebdo attack, but it makes a specific claim that the attacker was a 'Female Islamist terrorist' attacking a Jewish store, which diverges from the actual events of the attack. The language used is emotive and implies an unverified interpretation of the event. There are no credible sources or verifiable facts presented to support this claim.",False,json
159,if you respect Muslims not the fanatics JeSuisCharlie RespectForMuslims,not_rumour,not_rumour,0.8,"The tweet is about the 2015 Charlie Hebdo attack, but it doesn't make a specific claim about the event itself. Instead, it expresses a sentiment of respect for Muslims in general, while referencing the 'JeSuisCharlie' slogan from the aftermath of the attack. This suggests that the tweet is not presenting verifiable facts or unverified claims about the attack.",False,json
160,MORE Police official Hostage-taker at Paris market appears linked to newspaper attack suspects,rumour,not_rumour,0.8,"The tweet is about the 2015 Charlie Hebdo attack in Paris, making a claim that the hostage-taker at a Paris market appears linked to the newspaper attack suspects. This claim suggests a connection between two separate incidents, which could be a verifiable fact or an unconfirmed report. The language used is neutral and does not indicate speculation or emotional bias.",False,json
161,"""Our thoughts are w our allies over in France,"" spokesman says. CharlieHebdo",not_rumour,not_rumour,0.9,"The tweet appears to be about the 2015 Charlie Hebdo attack in Paris, as it mentions 'CharlieHebdo'. The claim made is a brief expression of condolences from an unnamed spokesman, which does not contain any specific or verifiable information. There are no signals of rumour/misinformation.",False,json
162,Reprinting CharlieHebdo Mohammed Cartoons is Best Way to Defy Islamic Cartoonophobia,not_rumour,rumour,0.8,"The tweet is on-topic as it mentions the Charlie Hebdo attack, but its claim that reprinting cartoons is the best way to defy 'Islamic Cartoonophobia' appears to be an unverified emotional statement rather than a factual report or confirmed information.",False,json
163,In memory for those killed in ParisShooting. CharlieHebdo,not_rumour,not_rumour,0.8,"The tweet is about the 2015 Charlie Hebdo attack in Paris, but it only mentions 'those killed' without providing any specific information. It does not make a claim that can be verified or disputed, and it lacks any signals of rumour/misinformation.",False,json
164,Top editor in Qatar urges Muslims not to apologize for CharlieHebdo ParisShooting,not_rumour,not_rumour,0.8,"The tweet is about the 2015 Charlie Hebdo attack in Paris, making a claim that a top editor in Qatar urges Muslims not to apologize for the shooting. This statement appears to be a factual report of someone's opinion or stance on the event, but it does not provide any context or sources to verify its accuracy. The language used is straightforward and lacks sensationalism or emotional appeals.",False,json
165,At least 11 dead in shooting at HQ of CharlieHebdo in Paris police source,rumour,not_rumour,0.8,"The tweet is about the 2015 Charlie Hebdo attack in Paris, making a specific claim about the number of dead. The claim is presented as coming from a 'police source', which suggests it may be based on verifiable information. However, without further context or confirmation from multiple sources, there is some uncertainty.",False,json
166,We begin in Paris with a moment of silence for those killed in the CharlieHebdo attacks.,not_rumour,not_rumour,0.9,"The tweet is about the 2015 Charlie Hebdo attack, stating that it will begin with a moment of silence for those killed. This claim does not make any specific assertions or present unverified information, but rather simply acknowledges the event and its victims. The tone is somber and respectful.",False,json
167,"He drew first Cartoon for CharlieHebdo team from cartoonist Canberra Times, Australie",not_rumour,rumour,0.8,"The tweet appears to be about the 2015 Charlie Hebdo attack in Paris, but it makes a specific claim that is unclear and lacks context. The mention of 'Cartoonist Canberra Times' suggests an attempt to provide some form of verification, but the connection between this person and the Charlie Hebdo team is not explained. This lack of clarity and specificity raises suspicions about the tweet's accuracy.",False,json
168,Pope Francis prays for gunmen who executed 12 people at CharlieHebdo,not_rumour,not_rumour,0.9,"The tweet is about the 2015 Charlie Hebdo attack, stating that Pope Francis prayed for the gunmen who executed 12 people. This claim can be verified through news archives from 2015, where it's reported that Pope Francis did indeed pray for the victims and their families, but not specifically for the perpetrators. The language used is factual and does not contain any signals of rumour or misinformation.",False,json
169,I am reminded of the words of ... JeSuisCharlie,not_rumour,not_rumour,0.9,"The tweet is about the 2015 Charlie Hebdo attack, referencing the slogan 'JeSuisCharlie', which was a rallying cry after the event. The tweet does not make any specific claim or provide new information, but rather references a well-known phrase associated with the attack. This suggests that the tweet is presenting verifiable facts and emotional solidarity.",False,json
170,CharlieHebdo shooting what we know so far,not_rumour,not_rumour,0.9,"The tweet is about the 2015 Charlie Hebdo attack, but it doesn't make any specific claim; instead, it appears to be a summary or introduction to further information. There are no signals of rumour/misinformation such as unconfirmed reports, speculation, or extreme emotion. The tone is neutral and informative.",False,json
171,Prophet Mohammed cartoons republished by Danish newspaper in wake of CharlieHebdo attack,not_rumour,not_rumour,0.9,"The tweet is on-topic as it mentions the Charlie Hebdo attack, which occurred in Paris in 2015. The specific claim made by the tweet is that Prophet Mohammed cartoons were republished by a Danish newspaper in response to the attack. This claim appears to be verifiable and based on factual reporting.",False,json
172,"Salman Rushdie ""Satire has always been a force for liberty and against tyranny, dishonesty and stupidity"" CharlieHebdo",not_rumour,not_rumour,0.9,"The tweet is on-topic as it mentions Charlie Hebdo, but it does not make a specific claim about the attack itself. Instead, it quotes Salman Rushdie's statement about satire, which is unrelated to the facts of the attack.",False,json
173,"Police seen in Longpont, a village near to a petrol station reportedly robbed by the two CharlieHebdo suspects.",rumour,not_rumour,0.9,"The tweet is about the 2015 Charlie Hebdo attack, mentioning the suspects and a petrol station robbery near Longpont. The claim made is that police were seen in Longpont, which suggests verifiable facts rather than unverified claims or speculation. There are no obvious signals of rumour/misinformation.",False,json
174,"A great many frauds, the Guardian included, claiming to be ""Charlie Hebdo"" but too cowardly to publish their cartoons.",not_rumour,not_rumour,0.8,"The tweet is about the 2015 Charlie Hebdo attack, making a claim that certain media outlets are 'cowardly' for not publishing cartoons similar to those of Charlie Hebdo. This claim appears to be an opinion or criticism rather than a verifiable fact. The language used implies a subjective judgment.",False,json
175,Our ally Saudi Arabia is such an advocate of free speech that it flogged a liberal blogger with the lash for blasphemy today JeSuisCharlie,not_rumour,rumour,0.9,"The tweet is on-topic as it mentions the Charlie Hebdo attack, but it makes a claim about Saudi Arabia's stance on free speech, which is unrelated to the actual attack. The claim is unverified and presents an emotional/accusatory tone without providing credible sources or evidence.",False,json
176,"We're different, pls understand JeSuisCharlie NotInMyName",not_rumour,not_rumour,0.9,"The tweet appears to be about the 2015 Charlie Hebdo attack in Paris, as it references 'JeSuisCharlie', a slogan that emerged after the attack. The tweet does not make any specific claim or provide new information, but rather expresses solidarity and understanding. There are no signals of rumour/misinformation.",False,json
177,Update - AFP says gunman who has taken a hostage at kosher supermarket in Paris believed to be suspect in killing of policewoman on Thursday,rumour,not_rumour,0.9,"The tweet is about the 2015 Charlie Hebdo attack, but it doesn't directly mention the attack itself. Instead, it reports on a related event, mentioning a hostage situation at a kosher supermarket in Paris, which is linked to one of the suspects involved in the Charlie Hebdo attack.",False,json
178,JeSuisCharlie moving minute of silence at AFP headquarters for the victims of Charlie Hebdo,not_rumour,not_rumour,0.9,"The tweet is about the 2015 Charlie Hebdo attack, specifically mentioning 'JeSuisCharlie' which was a rallying cry after the attack. The claim made is that there will be a minute of silence at AFP headquarters for the victims, which can be verified as true since AFP (Agence France-Presse) did hold tributes and moments of silence for the victims.",False,json
179,Paris staff in solidarity with CharlieHebdo. Freedom of expression is a human right,not_rumour,not_rumour,0.9,"The tweet is on-topic as it mentions Charlie Hebdo, a publication targeted in the 2015 attack. The specific claim made is that Paris staff are showing solidarity with Charlie Hebdo, which is a verifiable fact. There are no signals of rumour/misinformation.",False,json
180,"Breaking automatic gunfire reported at Montrouge near Paris. Gunmen escaped in metro, say French reports",rumour,rumour,0.8,"The tweet is about the 2015 Charlie Hebdo attack, but it doesn't make a specific claim about the event itself. Instead, it reports on an unrelated incident of automatic gunfire in Montrouge near Paris, which suggests that the author may be mistaken or misinformed about the location and timing.",False,json
181,Paris update 3 Multiple mosques attacked in France after CharlieHebdo. via,not_rumour,rumour,0.8,"The tweet appears to be about the 2015 Charlie Hebdo attack in Paris, as it mentions 'CharlieHebdo' and provides an update on a related event. However, upon closer inspection, the claim that 'Multiple mosques attacked in France after CharlieHebdo' is not supported by credible sources or verifiable facts. The tweet lacks specific details and appears to be sensationalizing the situation.",False,json
182,Over a thousand have gathered at Martin Place to pay their respects CharlieHebdo JeSuisCharlie. Photo,not_rumour,not_rumour,0.8,"The tweet is about the Charlie Hebdo attack, but it doesn't make a specific claim about the event itself. Instead, it mentions a gathering at Martin Place to pay respects, which suggests that the tweet is reporting on a related event or reaction to the attack.",False,json
183,CharlieHebdo cartoonist was on al Qaeda's wanted list Pic EPA,not_rumour,not_rumour,0.9,"The tweet is about the 2015 Charlie Hebdo attack, stating that a cartoonist was on al Qaeda's wanted list, which can be verified through news sources such as EPA (European Pressphoto Agency). The claim appears to be factual and based on verifiable information.",False,json
184,"Everybody has the right to mock religion. Mock religion, specially that one which doesn't want to be mocked. charliehebdo",not_rumour,not_rumour,0.8,"The tweet is on-topic as it mentions the Charlie Hebdo attack, but it doesn't make a specific claim about the event itself. Instead, it expresses an opinion about freedom of speech and mocking religion, which is a common theme related to the attack.",False,json
185,Smoke seen from building where Charlie Hebdo attack suspects are located. LIVE video,not_rumour,not_rumour,0.9,"The tweet is about the 2015 Charlie Hebdo attack, mentioning suspects' location and live video, which suggests it's reporting on a developing situation. The language used is factual and observational, without making any unverified claims or speculative statements.",False,json
186,"CharlieHebdo journalist ""We want to laugh at the extremistsevery extremist. They can be Muslim, Jewish, Catholic""",not_rumour,not_rumour,0.8,"The tweet appears to be about the 2015 Charlie Hebdo attack in Paris, as it mentions the magazine's name and a quote from one of its journalists. The specific claim made is that the magazine wants to laugh at extremists, regardless of their religion. However, this statement does not provide any new or verifiable information about the attack itself.",False,json
187,Nova Scotia CAN Halifax UPDATE 442 Charlie Hebdo Charlie Hebdo Paris shooting 12 dead after gunmen storm sat,not_rumour,rumour,0.8,"The tweet appears to be about the 2015 Charlie Hebdo attack in Paris, but it contains a mix of unrelated information (Nova Scotia CAN Halifax UPDATE) and unclear references (442). The mention of 'gunmen storm' and '12 dead' suggests that the tweet is attempting to convey factual information about the event. However, the inclusion of unrelated text and unclear references raises suspicions about the accuracy and reliability of the claim.",False,json
188,Charlie Hebdo will publish one million copies next week with help from Google,not_rumour,not_rumour,0.9,"The tweet is about the 2015 Charlie Hebdo attack, but it makes a specific claim about the publication's plans to publish one million copies with Google's help. This claim can be verified as true, as there were reports of Charlie Hebdo receiving financial support from Google after the attack. The tone of the tweet is matter-of-fact and lacks any signals of rumour or misinformation.",False,json
189,BREAKING - At least 2 dead in hostage standoff in Paris Kosher supermarket AFP,rumour,not_rumour,0.9,"The tweet appears to be about a hostage situation at a Kosher supermarket in Paris, but it does not mention the Charlie Hebdo attack directly. However, considering the date of the event (2015) and the context of the tweet, it is likely that this is a separate incident related to the same time period as the Charlie Hebdo attack. The tweet reports on a breaking news story with a credible source (AFP), indicating verifiable facts.",False,json
190,The building of 1 of the biggest TV channels in Germany Berlin today. We are with you PrayForParis JeSuisCharlie,not_rumour,not_rumour,0.8,"The tweet is about the 2015 Charlie Hebdo attack, but it doesn't make a specific claim about the event itself. Instead, it expresses solidarity with Paris and uses hashtags #PrayForParis and #JeSuisCharlie, which are common responses to the attack. The mention of a German TV channel's building in Berlin seems unrelated.",False,json
191,"French cartoonists Charb, Cabu, Tignous and Wolinski all killed in Charlie Hebdo attack",rumour,not_rumour,1.0,"The tweet is about the 2015 Charlie Hebdo attack in Paris, specifically mentioning four cartoonists who were killed. The claim made by the tweet is verifiable as it lists specific individuals known to have been victims of the attack. There are no signals of rumour/misinformation present.",False,json
192,BREAKING NEWS Ten dead in shooting at headquarters of French satirical weekly Charlie Hebdo - French media,rumour,not_rumour,0.9,"The tweet is about the 2015 Charlie Hebdo attack, stating that there are 'Ten dead in shooting at headquarters of French satirical weekly Charlie Hebdo'. This claim presents verifiable facts, specifically a number of casualties, and is supported by the phrase 'French media', implying a credible source. The language used is neutral and factual.",False,json
193,Cowardly attack on Charlie Hebdo's offices. The humourless fanatics can fuck off. Freedom of speech is more important than your feelings.,not_rumour,not_rumour,0.9,"The tweet is about the 2015 Charlie Hebdo attack, making a claim that it was a 'cowardly attack' on the offices of Charlie Hebdo. The tweet presents an emotional response to the event, but also makes a factual statement about the importance of freedom of speech. There are no signals of rumour or misinformation.",False,json
194,Hezbollah chief Extremists harm Islam more than cartoons CharlieHebdo,not_rumour,rumour,0.8,"The tweet is on-topic as it mentions the Charlie Hebdo attack, but it makes a claim that Hezbollah's leader said extremists harm Islam more than cartoons. This claim appears to be an opinion or interpretation rather than verifiable fact, and there are no sources provided to support it.",False,json
195,JeSuisCharlie vigils held around the world - in pictures Pic E CASTRO-MENDIVIL REUTERS,not_rumour,not_rumour,0.95,"The tweet is about the 2015 Charlie Hebdo attack, as indicated by the hashtag #JeSuisCharlie. The claim made is that vigils were held around the world in response to the attack, which is a verifiable fact supported by credible sources such as Reuters. There are no signals of rumour or misinformation.",False,json
196,Steve Bell on the Charlie Hebdo attack cartoon,not_rumour,not_rumour,0.8,"The tweet mentions the Charlie Hebdo attack cartoon, which is a specific reference to the event. However, it does not provide any information about the attack itself or make any claims that can be verified as true or false. It appears to be a mention of a related item, rather than a statement about the attack.",False,json
197,"At least 12 people were killed in today's deadly attack on CharlieHebdo, an official says.",rumour,not_rumour,0.95,"The tweet is about the 2015 Charlie Hebdo attack, stating a specific claim about the number of fatalities. The language used is formal and objective, suggesting verifiable facts. There are no signals of rumour or misinformation.",False,json
198,France on high alert after deadly attack on Paris offices of Charlie Hebdo,not_rumour,not_rumour,0.9,"The tweet is about the 2015 Charlie Hebdo attack in Paris, stating that France is on high alert after a deadly attack on the magazine's offices. This claim appears to be verifiable as it matches news reports from the time of the incident. The language used is factual and does not contain any signals of rumour or misinformation.",False,json
199,CharlieHebdo will print 1 million copies next week,not_rumour,not_rumour,0.8,"The tweet is about the 2015 Charlie Hebdo attack, but it makes a specific claim about the newspaper's print run next week, which is not directly related to the attack itself. This claim appears to be verifiable as it mentions a specific number of copies and a timeframe, suggesting that it could be based on factual information.",False,json
200,Join us in hating horrible crimes and racist cartoons at the same time CitizenRadio CharlieHebdo,not_rumour,rumour,0.8,"The tweet appears to be about the 2015 Charlie Hebdo attack in Paris, as it mentions 'CharlieHebdo'. However, upon closer inspection, the claim made is vague and does not specify any factual information about the event. The tone of the tweet seems to conflate criticism of racist cartoons with hatred for the crime itself.",False,json
201,Did they draw cartoons? JeSuisCharlie RT Why no outrage for the 100s of people Boko Haram wiped out yesterday?,not_rumour,rumour,0.9,"The tweet is on-topic as it mentions the Charlie Hebdo attack, but it makes an emotional claim about outrage being misplaced rather than a factual one. The claim is not verifiable or supported by credible sources, and it appears to be a rhetorical question meant to elicit an emotional response.",False,json
202,"He drew first, by . CharlieHebdo JeSuisCharlie",not_rumour,not_rumour,0.8,"The tweet appears to be about the 2015 Charlie Hebdo attack in Paris, referencing the magazine's name and the 'JeSuisCharlie' hashtag that emerged after the attack. The content is a simple statement with no specific claim or verifiable fact, but it does reference a well-documented event. This suggests that the tweet is not spreading unverified information.",False,json
203,"Google is donating nearly 300,000 to Charlie Hebdo",not_rumour,rumour,0.8,"The tweet is about the 2015 Charlie Hebdo attack, but it makes a specific claim about Google donating nearly 300,000 to Charlie Hebdo without providing any context or sources. This lack of information and specificity raises suspicions about the veracity of the claim.",False,json
204,Leading article We are all Charlie now CharlieHebdo,not_rumour,not_rumour,0.8,"The tweet is about the 2015 Charlie Hebdo attack, but it only contains a slogan 'We are all Charlie now' without making any specific claim or providing verifiable information. This suggests that the tweet is more of an expression of solidarity rather than a factual report.",False,json
205,"""Banksy"" reacts to CharlieHebdo attack with poignant drawing",rumour,not_rumour,0.9,"The tweet is about the 2015 Charlie Hebdo attack, but it only mentions Banksy's reaction with a drawing without providing any specific information about the event itself. This suggests that the tweet is presenting verifiable facts about Banksy's artwork in response to the attack, rather than making unverified claims or speculation.",False,json
206,The Guardian has live coverage of the Paris shooting at Charlie Hebdo,not_rumour,not_rumour,1.0,"The tweet is about the 2015 Charlie Hebdo attack in Paris, stating that The Guardian has live coverage of the event. This claim presents verifiable facts as it references a credible news source (The Guardian) providing real-time reporting on the incident.",False,json
207,12 people have been confirmed dead in attack on French satire magazine CharlieHebdo,not_rumour,not_rumour,0.95,"The tweet is about the 2015 Charlie Hebdo attack, stating a specific claim about the number of confirmed dead. The language used is factual and neutral, without any signals of rumour or misinformation such as unconfirmed reports or speculation.",False,json
208,"Cartoon from Egypt daily JeSuisCharlie CharlieHebdo ""Long Live Satire!"" on the top",not_rumour,rumour,0.8,"The tweet appears to be about the 2015 Charlie Hebdo attack in Paris, as it mentions 'JeSuisCharlie' which was a rallying cry after the attack. The claim made is that an Egyptian daily published a cartoon with this slogan and phrase. However, upon closer inspection, there's no indication of what specific cartoon or article this refers to, nor any credible sources to support this claim.",False,json
209,"BREAKING Three gunmen involved in attack on Charlie Hebdo magazine, French Interior Minister Bernard Cazeneuve says.",rumour,not_rumour,0.95,"The tweet is about the 2015 Charlie Hebdo attack, specifically mentioning three gunmen involved in the attack as stated by French Interior Minister Bernard Cazeneuve. This claim appears to be a verifiable fact, as it cites a credible source (the French Interior Minister). The language used is straightforward and lacks any signals of rumour or misinformation.",False,json
210,"At least five people have been taken hostage at the kosher grocery, reports say ParisAttacks",rumour,not_rumour,0.8,"The tweet is about the 2015 Charlie Hebdo attack, but it makes a claim that is not directly related to the attack itself (the hostage situation at the kosher grocery). However, the mention of 'ParisAttacks' suggests a connection to the broader events of January 2015. The language used is neutral and reports a claim, without emotional tone or unverified speculation.",False,json
211,"BREAKING At least 10 killed in shooting at French satirical newspaper Charlie Hebdo, Paris prosecutor's office says.",rumour,not_rumour,1.0,"The tweet is about the 2015 Charlie Hebdo attack in Paris, specifically stating that at least 10 people were killed in a shooting at the newspaper's office, according to the Paris prosecutor's office. This claim presents verifiable facts and does not contain any signals of rumour or misinformation.",False,json
212,Heartbreakingly brilliant cartoon by in solidarity with his French colleagues. CharlieHebdo,not_rumour,not_rumour,0.9,"The tweet is about the 2015 Charlie Hebdo attack, but it doesn't make a specific claim about the event. It appears to be a tribute or expression of solidarity with the victims, mentioning a cartoon by 'in' (presumably a reference to Jean Cabut, one of the cartoonists killed in the attack). There are no signals of rumour/misinformation.",False,json
213,"Police confirm deaths of four of France's most celebrated cartoonists Charb, Cabu, Wolinski and Tignous CharlieHebdo",rumour,not_rumour,0.95,"The tweet is about the 2015 Charlie Hebdo attack, specifically mentioning the deaths of four cartoonists. The claim made is that police have confirmed their deaths, which aligns with verifiable facts from credible sources. There are no signals of rumour or misinformation.",False,json
214,"I don't need Muslims to ""condemn"" acts of Islamic terror, I need Muslims to stop committing acts of Islamic terror. CharlieHebdo",not_rumour,rumour,0.9,"The tweet is on-topic as it mentions the Charlie Hebdo attack in Paris, but it makes an unverified claim about Muslims committing acts of Islamic terror. The claim is not supported by verifiable facts or credible sources, and it presents a generalization that may be based on emotional opinion rather than evidence.",False,json
215,"The ""appropriate"" response to CharlieHebdo is not to urge ""respect"" for Islam, but to assert liberty JeSuisCharlie",not_rumour,not_rumour,0.9,"The tweet is about the 2015 Charlie Hebdo attack, making a claim about the appropriate response to the event. The claim is based on an opinion or value judgment ('assert liberty') rather than presenting verifiable facts. There are no signals of rumour/misinformation such as unconfirmed reports, speculation, or extreme emotion.",False,json
216,Charlie Hebdo will print a million copies of its next edition with government and Google help,not_rumour,rumour,0.8,"The tweet is about the 2015 Charlie Hebdo attack, but it makes a specific claim that seems unlikely: that the magazine will print a million copies of its next edition with government and Google help. This claim appears to be unverified and lacks credible sources, suggesting it may be a rumour or misinformation.",False,json
217,Charlie Hebdo shooting reports of attacks on Mosques in France live updates,not_rumour,rumour,0.8,"The tweet appears to be about the 2015 Charlie Hebdo attack in Paris, but it does not make a specific claim about the event. Instead, it links to 'live updates' which implies that the information is unverified and may be speculative or based on rumors.",False,json
218,A message to all religions CharlieHebdo,not_rumour,not_rumour,0.8,"The tweet appears to be a reference to the Charlie Hebdo attack, but it does not make any specific claim about the event. It is a brief message that seems to be a commentary or a reaction rather than a factual report.",False,json
219,Horrific footage shows police officer begging for his life before gunman shoots him in the head CharlieHebdo,not_rumour,rumour,0.8,"The tweet is about the 2015 Charlie Hebdo attack, making a claim about horrific footage showing a police officer begging for his life before being shot. However, upon closer inspection, it appears that the tweet does not provide any actual evidence or sources to support this claim, and instead relies on sensational language.",False,json
220,"Slain Charlie Hebdo editor ""I prefer to die standing than live on my knees""",not_rumour,not_rumour,0.9,"The tweet is about the 2015 Charlie Hebdo attack, specifically referencing a quote from the slain editor. The quote appears to be a verified statement made by the editor before his death, as it has been widely reported in credible sources. This suggests that the tweet presents verifiable facts rather than unverified claims.",False,json
221,LIVE Police close in on Charlie Hebdo suspects hostages taken in eastern Paris,not_rumour,not_rumour,0.9,"The tweet is about the 2015 Charlie Hebdo attack, stating that police are closing in on suspects and hostages have been taken. This claim appears to be based on real-time reporting of events as they unfolded during the attack. The language used suggests a live update from a news source.",False,json
222,Amateur video shows chaos of Paris shooting CharlieHebdo,not_rumour,not_rumour,0.9,"The tweet is about the 2015 Charlie Hebdo attack, mentioning 'Paris shooting' and 'CharlieHebdo', which are specific to that event. The claim made is that an 'amateur video shows chaos of Paris shooting CharlieHebdo', but it does not provide any further information or context. This suggests a factual reporting style, as the tweet simply describes what was shown in the video.",False,json
223,France's interior minister says operation to detain Charlie Hebdo suspects is now underway northeast of Paris -,rumour,not_rumour,0.95,"The tweet is about the 2015 Charlie Hebdo attack in Paris, specifically mentioning the operation to detain suspects. It presents a claim that can be verified as factual: the interior minister's statement about the ongoing operation. There are no signals of rumour/misinformation.",False,json
224,This cartoon by Robert Mankoff from The New Yorker Sept 2012. CharlieHebdo,not_rumour,not_rumour,0.9,"The tweet appears to be about the Charlie Hebdo attack, but it doesn't make a specific claim about the event itself. Instead, it shares an unrelated cartoon from The New Yorker in 2012, which seems to be used as a reference or example rather than providing information about the attack.",False,json
225,BREAKING - Both CharlieHebdo suspects killed as police storm building gt gt gt More gt gt gt,not_rumour,not_rumour,0.9,"The tweet is about the 2015 Charlie Hebdo attack, stating that both suspects were killed as police stormed a building. This claim appears to be based on verifiable facts, as it reports on an event that occurred during the attack and its aftermath. The language used is concise and factual.",False,json
226,NEW The Salafi response to the Terrorist ParisShooting France Were they forbidding an evil? Please spread.,not_rumour,rumour,0.8,"The tweet is about the 2015 Charlie Hebdo attack, as indicated by 'ParisShooting France'. It makes a claim that the Salafi response to the attack was forbidding an evil, which could be interpreted as a factual or speculative statement. However, upon closer inspection, the language used ('Please spread') and the lack of specific information about the attack suggest that this tweet is more focused on promoting a particular perspective or ideology rather than presenting verifiable facts.",False,json
227,JeSuisCharlie trends as social media users express solidarity over Charlie Hebdo attack,not_rumour,not_rumour,0.9,"The tweet is about the 2015 Charlie Hebdo attack, stating that #JeSuisCharlie is trending as a show of solidarity. The claim made is factual: the hashtag was indeed used to express support after the attack. There are no signals of rumour or misinformation.",False,json
228,At least 12 dead in terrorist attack at satirical magazine in Paris. Our live blog,not_rumour,not_rumour,0.95,"The tweet is about the 2015 Charlie Hebdo attack in Paris, stating a specific number of deaths (at least 12) and referencing a satirical magazine, which matches the actual event. The language used is factual and neutral, without any signals of rumour or misinformation.",False,json
229,BREAKING CharlieHebdo Terrorists Attended Radical Mosque in Paris JeSuisCharlie,not_rumour,rumour,0.8,"The tweet is about the 2015 Charlie Hebdo attack, making a claim that the terrorists attended a radical mosque in Paris. This claim appears to be verifiable as it has been reported by credible sources that some of the attackers had connections to extremist groups and mosques in Paris. However, the tweet does not provide any specific evidence or sources to support this claim.",False,json
230,"""this is not a religion"" IamCharlie CharlieHebdo",not_rumour,not_rumour,0.8,"The tweet appears to be about the 2015 Charlie Hebdo attack in Paris, as it references 'IamCharlie' and 'CharlieHebdo'. The specific claim made is that the attack was not motivated by religion, but this is a subjective interpretation rather than a verifiable fact. There are no obvious signals of rumour or misinformation.",False,json
231,Breaking Gunman at Paris store threatens to kill hostages if CharlieHebdo suspects are harmed.,rumour,rumour,0.9,"The tweet is about the 2015 Charlie Hebdo attack, but it makes a claim that is not verifiable as fact: the gunman's threat to kill hostages if Charlie Hebdo suspects are harmed. This claim appears to be based on unconfirmed reports or speculation, and there is no indication of credible sources confirming this information.",False,json
232,"At 87 years of age, Asterix cartoonist Uderzo gets back on the drawing board JeSuisCharlie via",not_rumour,not_rumour,0.8,"The tweet is about the Charlie Hebdo attack, but it doesn't make a specific claim about the event itself. Instead, it mentions Asterix cartoonist Uderzo in relation to 'JeSuisCharlie', which suggests a connection to the attack's aftermath or solidarity movement.",False,json
233,Cartoonists Georges Wolinski and Cabu are among victims of attack on CharlieHebdo in Paris,not_rumour,not_rumour,1.0,"The tweet is about the 2015 Charlie Hebdo attack in Paris, specifically mentioning two victims, Georges Wolinski and Cabu. The claim made is factual and verifiable, as both individuals were indeed among those killed in the attack. There are no signals of rumour or misinformation.",False,json
234,Paris Schools near the kosher grocery siege are in lockdown,not_rumour,not_rumour,0.8,"The tweet is on-topic as it mentions the kosher grocery siege, which was a related event to the Charlie Hebdo attack in Paris. The claim made by the tweet is that Paris Schools near the kosher grocery siege are in lockdown, but this information does not provide any context about the events of the 2015 Charlie Hebdo attack itself. However, given the proximity and timing of the events, it's likely that the schools were indeed affected.",False,json
235,CharlieHebdo suspects were on British terror watch list for years,not_rumour,not_rumour,0.8,"The tweet is about the 2015 Charlie Hebdo attack, making a specific claim that the suspects were on the British terror watch list for years. This claim appears to be verifiable, as it suggests a factual assertion rather than speculation or emotional language. The use of 'for years' implies a level of detail that could be confirmed through credible sources.",False,json
236,Charlie Hebdo 218 Charlie Hebdo A Profile of the Satirical French Newspaper,not_rumour,not_rumour,0.8,"The tweet appears to be about the Charlie Hebdo attack, but it doesn't make a specific claim about the event. Instead, it seems to be a title or description of an article about the newspaper itself, rather than the attack.",False,json
237,BREAKING NEWS Killed Charlie Hebdo suspects came out firing on security forces. AFP,rumour,not_rumour,0.9,"The tweet is about the 2015 Charlie Hebdo attack, stating that the suspects came out firing on security forces. This claim appears to be based on a news report from AFP (Agence France-Presse), which suggests verifiable facts. The language used is straightforward and lacks sensationalism or speculation.",False,json
238,Terrorists shoot officer in Paris during terrorist attack at Charlie Hebdo Graphic content 18,not_rumour,rumour,0.7,"The tweet is about the 2015 Charlie Hebdo attack in Paris, stating that terrorists shot an officer during the attack. The claim is specific to the event and mentions graphic content, which suggests a factual reporting style. However, the lack of detailed information about the attack makes it difficult to verify the exact circumstances.",False,json
239,French police publishes photos of suspect in yesterday's Montrouge shooting. Maybe the same persons in Kosher market,rumour,rumour,0.9,"The tweet is about the 2015 Charlie Hebdo attack, but it makes a speculative claim by suggesting a possible connection between the Montrouge shooting and the Kosher market attack without providing any evidence or credible sources to support this assertion.",False,json
240,The problem isnt Islam. The problem is assholes. Every religion has em. JeSuisCharlie,not_rumour,not_rumour,0.9,"The tweet is about the 2015 Charlie Hebdo attack, but it doesn't make a specific claim about the event itself. Instead, it offers a general commentary on the nature of extremism, attributing it to 'assholes' rather than any particular religion. This statement is not based on unverified claims or speculation.",False,json
241,For people to even try and say that the Paris shootings were staged is disgusting. Ahmed was murdered in broad day light. JeSuisCharlie,not_rumour,not_rumour,0.9,"The tweet is about the 2015 Charlie Hebdo attack, specifically mentioning Ahmed's murder in broad daylight. The claim made is that the Paris shootings were not staged, which is a verifiable fact supported by credible sources. There are no signals of rumour/misinformation such as unconfirmed reports or speculation.",False,json
242,"BREAKING CharlieHebdo suspects almost certainly behind hostage taking,"" say officials",rumour,not_rumour,0.9,"The tweet is about the 2015 Charlie Hebdo attack, making a specific claim about officials' statements regarding the suspects. The language used is formal and neutral, suggesting verifiable facts rather than speculation or unconfirmed reports.",False,json
243,Police have surrounded this building where the suspected CharlieHebdo attackers are holed-up,rumour,rumour,0.8,"The tweet is about the 2015 Charlie Hebdo attack, but it makes a claim that the attackers are 'holed-up' in a building, which suggests unverified information. The language used implies that this is a developing situation, and the police have surrounded the building, indicating that the information may not be confirmed at the time of posting.",False,json
244,"How the Jewish pro-censorship lobby legitimized attacks on Carlie Hebdo for ""offensive"" speech CharlieHebdo",not_rumour,rumour,0.8,"The tweet appears to be about the 2015 Charlie Hebdo attack in Paris, as it mentions 'Carlie Hebdo'. The specific claim made is that a Jewish pro-censorship lobby legitimized attacks on Charlie Hebdo for 'offensive' speech. However, this claim seems unverified and lacks credible sources or evidence.",False,json
245,"Proud of NDTV for upholding India's SECULAR credentials! Nidhi Razdan ""NOTORIOUS French magazine attacked by armed men""!! CharlieHebdo",not_rumour,rumour,0.8,"The tweet appears to be about the 2015 Charlie Hebdo attack in Paris, as it mentions 'CharlieHebdo' and an attack by armed men. However, upon closer inspection, I notice that the claim is presented as a quote from Nidhi Razdan, but without any context or source information. The tone of the tweet also seems to be celebratory rather than informative.",False,json
246,Killing writers and journalists and cartoonists will not silence them but make their voices louder. CharlieHebdo,not_rumour,not_rumour,0.9,"The tweet is about the 2015 Charlie Hebdo attack, stating that killing writers and journalists will not silence them but make their voices louder. This claim appears to be a reflection on the aftermath of the attack, rather than an unverified or speculative statement. The tone is more reflective and inspirational than sensational or misleading.",False,json
247,A 2012 cartoon by the - well worth remembering today CharlieHebdo ParisShooting,not_rumour,not_rumour,0.8,"The tweet is on-topic as it mentions the Charlie Hebdo attack in Paris, but it doesn't make a specific claim about the event itself. Instead, it references a cartoon from 2012, which implies that the tweet is trying to contextualize or provide background information rather than report on the actual attack.",False,json
248,BREAKING ANOTHER HOSTAGE SITUATION IN EASTERN PARIS.,not_rumour,rumour,0.8,"The tweet is about a hostage situation, but it does not specify that it's related to the Charlie Hebdo attack. The language used is vague and lacks specific details or sources, which are common characteristics of unverified claims.",False,json
249,Please RT petition calling for solidarity w CharlieHebdo,not_rumour,not_rumour,0.8,"The tweet is about the 2015 Charlie Hebdo attack, but it doesn't make a specific claim about the event itself. Instead, it asks users to retweet a petition for solidarity with Charlie Hebdo, which implies that the details of the attack are already known and widely reported.",False,json
250,"Kudos to Google for donating 250,000 to help Charlie Hebdo publish next week",not_rumour,rumour,0.8,"The tweet is about the 2015 Charlie Hebdo attack, but it makes a specific claim about Google donating $250,000 to help Charlie Hebdo publish next week. This claim appears to be unverified and lacks credible sources or context. The tone of the tweet is positive and celebratory, which may indicate that the information is not thoroughly fact-checked.",False,json
251,"BREAKING Suspects in CharlieHebdo shooting ""still free"" and ""heavily armed,"" French Prime Minister says.",not_rumour,not_rumour,0.9,"The tweet is about the 2015 Charlie Hebdo attack, stating that suspects are 'still free' and 'heavily armed', which suggests a claim based on verifiable information from French Prime Minister's statement.",False,json
252,Chilling video allegedly of CharlieHebdo attackers filmed from rooftop. A cry of 'Allahou Akbar' followed by shots,rumour,rumour,0.8,"The tweet is about the 2015 Charlie Hebdo attack, specifically mentioning 'allegedly' which suggests unverified information. The claim made is that there is a video of the attackers filmed from a rooftop with a cry of 'Allahou Akbar' followed by shots, but it's not clear if this is based on credible sources or speculation.",False,json
253,"A dark day for freedom of expression, an appalling human tragedy. JeSuisCharlie CharlieHebdo",not_rumour,not_rumour,0.9,"The tweet is about the 2015 Charlie Hebdo attack, expressing condolences and solidarity with the victims. It does not make any specific claim that can be verified or disputed, but rather conveys a general sentiment of outrage and support. The language used is emotional but not sensational or speculative.",False,json
254,My clip on - scrutinising Islam as an idea is not the same as anti-Muslim hate crime JeSuisCharlie,not_rumour,not_rumour,0.8,"The tweet is on-topic as it mentions the Charlie Hebdo attack, but it doesn't make a specific claim about the event itself. Instead, it clarifies that criticizing Islam as an idea is not equivalent to anti-Muslim hate crime, which is a related but distinct issue.",False,json
255,Here comes another Pakistani's take CharlieHebdo. How does one country produce so many brilliant minds?,not_rumour,rumour,0.9,"The tweet appears to be about the 2015 Charlie Hebdo attack in Paris, as it mentions 'CharlieHebdo'. However, upon closer inspection, it does not make a specific claim about the attack itself, but rather makes a general comment on the perceived intellectual abilities of people from Pakistan. This comment is unverified and lacks any factual basis.",False,json
256,"R.I.P. Ahmed Merabet, a French Muslim Cop, first victim of CharlieHebdo attack",rumour,not_rumour,0.95,"The tweet is about the 2015 Charlie Hebdo attack, specifically mentioning Ahmed Merabet as a victim. The claim made is factual, stating that he was the first victim of the attack. There are no signals of rumour or misinformation.",False,json
257,Sums up the absurdity of the killings. CharlieHebdo by cartoon,not_rumour,not_rumour,0.9,"The tweet is about the 2015 Charlie Hebdo attack, making a claim that it 'sums up the absurdity of the killings' through a reference to the magazine's name. This statement appears to be a commentary on the event rather than an unverified claim or speculation. The language used is emotive but does not indicate any lack of factual basis.",False,json
258,CharlieHebdo gunmen fled in stolen car after 'mass shoot-out' with police officers,rumour,not_rumour,0.9,"The tweet is about the 2015 Charlie Hebdo attack, making a specific claim about the gunmen fleeing in a stolen car after a 'mass shoot-out' with police officers. This claim appears to be based on verifiable facts, as it describes a known event and its aftermath. The language used is factual and objective.",False,json
259,Several hostages freed at Jewish supermarket in Paris. Photo Thomas Samson AFP,rumour,not_rumour,0.9,"The tweet is about the 2015 Charlie Hebdo attack, but it doesn't directly mention the attack itself. Instead, it reports on a separate incident at a Jewish supermarket in Paris, where hostages were freed. This information can be verified through news sources from that time.",False,json
260,BREAKING Paris hostage-taker 'knows' one Charlie Hebdo killer source,rumour,rumour,0.8,"The tweet is about the 2015 Charlie Hebdo attack, stating that the hostage-taker 'knows' one of the killers. This claim appears to be based on unverified information, as there's no indication of a credible source or confirmation from official reports. The use of quotes around 'knows' suggests a level of uncertainty.",False,json
261,"At least 5 hostages in kosher supermarket in eastern Paris, according to reports",not_rumour,rumour,0.8,"The tweet is on-topic as it mentions the 2015 Charlie Hebdo attack in Paris, but it makes a claim about hostages at a kosher supermarket, which is not directly related to the attack. The claim is based on 'reports', implying unverified information.",False,json
262,Charlie Hebdo mocked Jews. Number of people killed 0,not_rumour,rumour,0.9,"The tweet is about the 2015 Charlie Hebdo attack, making a claim that the magazine mocked Jews and that no people were killed. However, this claim is not supported by verifiable facts or credible sources, as it contradicts widely reported information about the attack. The tone of the tweet also suggests an emotional or biased perspective.",False,json
263,"ID card of Said Kouachi, suspect in CharlieHebdo attack, found in car left by 2 suspects",rumour,not_rumour,0.9,"The tweet is about the 2015 Charlie Hebdo attack in Paris, making a specific claim about an ID card found in a car left by suspects. The language used is factual and neutral, suggesting verifiable information. There are no signals of rumour/misinformation such as unconfirmed reports or speculation.",False,json
264,"UK border security increased after CharlieHebdo attack, terror threat level unchanged - UK home secretary",not_rumour,not_rumour,0.95,"The tweet is about the 2015 Charlie Hebdo attack, stating a specific claim about UK border security and terror threat level after the incident. The information appears to be factual and verifiable, as it mentions a government official (UK home secretary) and provides context about the aftermath of the attack. There are no signals of rumour or misinformation.",False,json
265,"Charlie Hebdo will print one million copies of next issue, 20 times bigger than normal",not_rumour,not_rumour,0.9,"The tweet is about the 2015 Charlie Hebdo attack, specifically mentioning that the magazine will print one million copies of its next issue, which is a verifiable fact as it was reported by multiple news sources at the time.",False,json
266,"UPDATE Car chase, hostage drama as Paris massacre suspects cornered",rumour,not_rumour,0.8,"The tweet appears to be about the 2015 Charlie Hebdo attack in Paris, as it mentions a 'Paris massacre' and suspects being cornered. However, it does not provide any specific information or claims about the event, instead focusing on the developing situation. This suggests that the tweet is presenting verifiable facts rather than unverified claims.",False,json
267,12 people have reportedly been killed in a shooting at French satirical magazine Charlie Hebdo,not_rumour,not_rumour,0.9,"The tweet is about the 2015 Charlie Hebdo attack, stating that 12 people have reportedly been killed in a shooting at the magazine. This claim appears to be based on verifiable facts, as it reports on a specific event with a clear number of casualties. The language used is neutral and does not contain any signals of rumour or misinformation.",False,json
268,And best drawing so far RT This is just brilliant charliehebdo sonyhack,not_rumour,rumour,0.8,"The tweet appears to be about the 2015 Charlie Hebdo attack in Paris, as it mentions 'charliehebdo'. However, upon closer inspection, it seems that the tweet is not making a factual claim about the attack itself, but rather reacting to a drawing related to the attack. The mention of 'sonyhack' suggests a connection to the 2015 Sony Pictures hack, which was a separate incident.",False,json
269,MaryamRajavi strongly condemns criminal attack in Paris and offers her condolences to French Government and people CharlieHebdo Paris,not_rumour,not_rumour,0.9,"The tweet is about the 2015 Charlie Hebdo attack, mentioning 'CharlieHebdo Paris' which confirms its relevance. The claim made by the tweet is that MaryamRajavi strongly condemns the attack and offers condolences to the French Government and people, which appears to be a factual statement. There are no signals of rumour/misinformation in this tweet.",False,json
270,"Americans, rest assured that if we could've prevented today's Paris terrorist attack by waterboarding, we wouldn't. Too mean.",not_rumour,rumour,0.9,"The tweet is about the 2015 Charlie Hebdo attack, but it makes a claim that is unrelated to the facts of the event. The claim is that waterboarding could have prevented the attack, which is an unverified and unsubstantiated assertion.",False,json
271,Charlie Hebdo This is the terrifying price we pay for free speech in a liberal democracy,not_rumour,not_rumour,0.9,"The tweet is about the 2015 Charlie Hebdo attack, making a claim that it's an example of the price paid for free speech in a liberal democracy. The statement appears to be a commentary on the event rather than presenting unverified claims or speculation. It does not contain signals of rumour/misinformation such as unconfirmed reports or conspiracy language.",False,json
272,Publish a Charlie Hebdo cartoon show them the pen will still flourish when their guns have rusted JeSuisCharlie,not_rumour,not_rumour,0.9,"The tweet is about the 2015 Charlie Hebdo attack, referencing the event and its aftermath with a call to action ('JeSuisCharlie'). The claim made is that despite the attack, the pen (symbolizing free speech) will continue to flourish. This statement appears to be a verified fact, as it reflects the resilience of the French people and the media in response to the attack.",False,json
273,Witnesses say several masked men were involved in the shooting at CharlieHebdo's Paris HQ.,rumour,rumour,0.7,"The tweet is about the 2015 Charlie Hebdo attack in Paris, making a specific claim that several masked men were involved in the shooting. This claim appears to be based on witness testimony, which is a common source of information in news reporting. However, without further context or corroboration from credible sources, it's unclear whether this information has been verified.",False,json
274,Shots fired and hostages taken in a building east of Paris as police hunt CharlieHebdo attackers,rumour,not_rumour,0.8,"The tweet is about the 2015 Charlie Hebdo attack, but it makes a claim that the attackers are still at large ('hunt CharlieHebdo attackers'), which suggests unverified information. The language used is factual and neutral, indicating a possible news report or update.",False,json
275,"I deleted my suggestion that Paris attacks be blamed on US drones, when it became apparent that even that EXTREME sarcasm was being missed.",not_rumour,not_rumour,0.8,"The tweet is about the 2015 Charlie Hebdo attack, but it doesn't make a specific claim about the event itself. Instead, it mentions deleting a suggestion that blamed US drones for the attacks, which was initially intended as extreme sarcasm. This implies that the author is clarifying their previous statement and acknowledging potential misinterpretation.",False,json
276,JesuisAhmed commemorates Muslim police officer Ahmed Merabet murdered in Charlie Hebdo attack,not_rumour,not_rumour,0.95,"The tweet is about the 2015 Charlie Hebdo attack, specifically mentioning a Muslim police officer Ahmed Merabet who was murdered in the attack. The claim made by the tweet is verifiable as it refers to a real event and person. There are no signals of rumour/misinformation such as unconfirmed reports or speculation.",False,json
277,Sunni extremists behind CharlieHebdo attack have no issues mocking Shia holy figures in their own cartoons,not_rumour,not_rumour,0.8,"The tweet is about the 2015 Charlie Hebdo attack, making a claim that Sunni extremists have no issues mocking Shia holy figures in their own cartoons. This claim appears to be an interpretation or inference based on the attack's context, rather than a verifiable fact. The language used does not indicate unconfirmed reports, speculation, or conspiracy theories.",False,json
278,Obama told Sony to stand up to North Korea in support of free speech. He will make no such declaration to us about Islamism CharlieHebdo,not_rumour,rumour,0.8,"The tweet is on-topic as it mentions the Charlie Hebdo attack, but its claim about Obama making a declaration to stand up to Islamism is not directly related to the attack itself. The tweet presents an unverified comparison between two unrelated events and uses emotional language, which suggests that the information may be speculative or based on unconfirmed reports.",False,json
279,"You know what is sad about Indian media? We don't have a CharlieHebdo, with guts to offend one and all even in the face of bullets",not_rumour,not_rumour,0.8,"The tweet is on-topic as it mentions the Charlie Hebdo attack in Paris, but it makes a general claim about Indian media lacking a publication with similar 'guts' to Charlie Hebdo, rather than providing specific information about the attack itself. The claim appears to be an opinion or commentary rather than a verifiable fact.",False,json
280,There can be no justification whatsoever for such taking of life CharlieHebdo 2 2,not_rumour,not_rumour,0.9,"The tweet is about the 2015 Charlie Hebdo attack, stating that there can be no justification for such an event. The claim made is a moral condemnation of the attack, rather than presenting verifiable facts or unverified claims. There are no signals of rumour/misinformation in this tweet.",False,json
281,BREAKING Armed man takes hostage in kosher grocery east of Paris,rumour,rumour,0.8,"The tweet is about an armed man taking hostages in a kosher grocery east of Paris, which is related to the broader context of the 2015 Charlie Hebdo attack in Paris. However, it does not specifically mention the Charlie Hebdo attack or provide any information about it. The claim made in the tweet appears to be a breaking news report, but it lacks specific details about the event.",False,json
282,Breaking News Reports of Gunfire and Hostage in Search for Suspects in Paris Attack,rumour,rumour,0.8,"The tweet appears to be about the 2015 Charlie Hebdo attack in Paris, but it only reports on 'Reports of Gunfire and Hostage' without making any specific claim or providing verifiable facts. It lacks concrete information and seems to be a breaking news alert rather than a factual report.",False,json
283,"Powerful image, yes. But it was drawn by , not by Banksy. Details charliehebdo",rumour,not_rumour,0.9,"The tweet is about the 2015 Charlie Hebdo attack, specifically correcting a claim made in another tweet that Banksy drew an image related to the event. The correction provides verifiable information by mentioning the actual artist who created the image. This suggests that the tweet presents confirmed information.",False,json
284,"Great picture by Banksy. So simple, yet so powerful. JeSuisCharlie Please share.",rumour,not_rumour,0.9,"The tweet is about the 2015 Charlie Hebdo attack, referencing 'JeSuisCharlie', a slogan that emerged after the event. The tweet does not make any specific claim about the attack, but rather shares an image with a message of solidarity. There are no signals of rumour or misinformation.",False,json
285,People worldwide are breaking out their pens to pay tribute to CharlieHebdo shooting victims,not_rumour,rumour,0.8,"The tweet is about the 2015 Charlie Hebdo attack, but it makes a vague claim about people paying tribute with pens without specifying any details or sources. This lack of specificity and verifiable information suggests that the tweet may be an emotional response rather than a factual report.",False,json
286,World leaders condemn attack on Charlie Hebdo in Paris,not_rumour,not_rumour,0.9,"The tweet is about the 2015 Charlie Hebdo attack in Paris, stating that world leaders are condemning the attack. This claim appears to be a factual reporting of reactions to the event, rather than an unverified speculation or rumour. The language used is straightforward and lacks any signals of misinformation.",False,json
287,My cartoon today on Islamist terror a cartoon fightback CharlieHebdo,not_rumour,not_rumour,0.8,"The tweet appears to be about the 2015 Charlie Hebdo attack in Paris, as it mentions 'CharlieHebdo' and a cartoon related to Islamist terror. However, upon closer inspection, I realize that the tweet is not making any specific claim or providing information about the attack itself, but rather promoting a cartoon as a form of 'cartoon fightback'. This suggests that the tweet is more of an expression of solidarity or opinion rather than a factual report.",False,json
288,This is what courage and duty look like... CharlieHebdo,not_rumour,not_rumour,0.8,"The tweet is about the 2015 Charlie Hebdo attack, but it doesn't make a specific claim about the event; instead, it uses a rhetorical question to evoke emotions and associate the magazine with courage and duty.",False,json
289,"The extremists will benefit from an escalation, it justifies them. People who just want to coexist are thrown under the bus. CharlieHebdo",not_rumour,not_rumour,0.8,"The tweet is about the 2015 Charlie Hebdo attack, making a claim that extremists benefit from escalation and people who want to coexist are harmed. The language used is emotive but does not contain unverified claims or speculation. It appears to be a commentary on the aftermath of the attack.",False,json
290,AFP staff observe minute of silence at AFP HQ for the victims of CharlieHebdo JeSuisCharlie,not_rumour,not_rumour,1.0,"The tweet is about the 2015 Charlie Hebdo attack, as indicated by 'CharlieHebdo' in the text. It presents a verifiable fact: AFP staff observing a minute of silence for the victims. There are no signals of rumour or misinformation.",False,json
291,"After CharlieHebdo attack, satirists express solidarity and vow that fun would never die.",not_rumour,not_rumour,0.9,"The tweet is about the 2015 Charlie Hebdo attack, stating that satirists expressed solidarity and vowed that fun would never die after the incident. This claim appears to be a factual summary of the aftermath of the attack, rather than an unverified or speculative statement. The language used is neutral and does not contain any signals of rumour/misinformation.",False,json
