index,text,true_label,pred_label,confidence,reasoning,parse_error,parse_method
0,Ferguson is completely shut down. No journalists allowed.,rumour,rumour,0.8,"The tweet is on-topic, discussing the situation in Ferguson after the shooting of Michael Brown. It makes a specific claim that 'Ferguson is completely shut down' and 'No journalists allowed', which could be verified through credible news sources. However, without providing any source or context, this statement leans towards being an unverified claim. The language used does not indicate extreme emotion or conspiracy but lacks specificity and sourcing, suggesting it might spread misinformation.",False,json
1,Whenever you want to justify shooting an unarmed person you always say they reached for your gun. George Zimmerman taught us that Ferguson,not_rumour,rumour,0.8,"The tweet is on-topic, referencing the 2014 Ferguson unrest after the shooting of Michael Brown, but it makes a general claim about justifying shootings of unarmed persons by saying they reached for a gun, referencing George Zimmerman. This claim does not present verifiable facts specific to the Ferguson case but rather draws a parallel with another high-profile case. The tweet's language is more speculative and emotional than factual, lacking specific details or sources directly related to Michael Brown's shooting. It implies a pattern or justification tactic without providing concrete evidence from the Ferguson incident itself.",False,json
2,From jaywalking to strong-arm robbery. Mhm... Ferguson,rumour,rumour,0.8,"The tweet appears to be referencing the 2014 Ferguson unrest after the shooting of Michael Brown, but it does not present any verifiable facts about the event. Instead, it makes a vague and potentially misleading claim about the circumstances surrounding Michael Brown's actions before the shooting, which has been a point of controversy and misinformation. The tone is also somewhat ambiguous and emotive, without providing any credible sources or evidence to support its implication. This suggests that the tweet may be spreading unverified claims or speculation.",False,json
3,"So, many of those calling for transparency yesterday are condemning police for what they released today. Cant have it both ways. ferguson",not_rumour,not_rumour,0.8,"The tweet is on-topic, discussing the reaction to information released by police in Ferguson, implying a contradiction in public demands for transparency. It presents an observation rather than a factual claim about specific events or data related to the unrest. The language used does not contain unconfirmed reports, speculation, or conspiracy theories but rather critiques the consistency of public opinion. The tone is more analytical than emotional, suggesting it's based on observable reactions rather than spreading unverified information.",False,json
4,"Police are demanding protesters disperse. ""this is not up for discussion. Return to your vehicles. Return to your homes."" Ferguson",not_rumour,not_rumour,0.8,"The tweet is on-topic, discussing the 2014 Ferguson unrest after the shooting of Michael Brown. It reports a specific claim about police demanding protesters to disperse, which could be verified through news reports or official statements from that time. The language used is direct and lacks emotional or speculative tone, suggesting it might be based on factual reporting. However, without a specific source or date mentioned, there's a slight uncertainty about its accuracy.",False,json
5,Americans are 8 times more likely to be killed by a police officer than by a terrorist. Ferguson,rumour,rumour,0.7,"The tweet is related to the broader context of police violence, which was a central issue in the 2014 Ferguson unrest after the shooting of Michael Brown. However, it makes a specific claim about the comparative likelihood of being killed by a police officer versus a terrorist, which requires verification. This claim does not directly reference unconfirmed reports or speculation about the Ferguson events themselves but presents a statistical comparison that could be verified through credible sources. The lack of a direct source in the tweet to support this statistic introduces some uncertainty.",False,json
6,"In 2009 Ferguson PD beat a black man, then charged him for getting blood on their uniforms",rumour,rumour,0.7,"The tweet is not directly about the 2014 Ferguson unrest after the shooting of Michael Brown, as it references an incident in 2009. However, it does relate to the broader context of police behavior in Ferguson, which was a key issue during the 2014 unrest. The claim made by the tweet could be considered factual if verified by credible sources, but without such verification or a specific source mentioned, it leans towards unverified information. Given the lack of direct connection to the 2014 events and the absence of a clear source, caution is warranted.",False,json
7,42 Is the Ferguson investigation trying to get all of the facts to find the truth or trying to cover their behinds?,rumour,rumour,0.8,"The tweet is on-topic, discussing the investigation into the 2014 Ferguson unrest after the shooting of Michael Brown. However, it presents an unverified and speculative claim about the intentions of the investigation, questioning whether they are seeking truth or covering up, without providing any factual evidence or credible sources to support this assertion. This kind of language suggests skepticism and speculation rather than verified information. The tone implies a lack of trust in the investigation but does not provide concrete facts to back up its implications.",False,json
8,"Oh, a suspect in a robbery? That changes everything. Everyone knows summary execution is the penalty for suspicion of robbery Ferguson",rumour,rumour,0.9,"The tweet is on-topic, discussing the context of the shooting of Michael Brown in Ferguson. However, it presents an emotional and speculative claim about the penalty for suspicion of robbery, rather than verifiable facts about the event. The tone suggests skepticism and outrage, which can be indicative of unverified or misleading information. The lack of credible sources or specific data to support the claim further suggests that this tweet is spreading rumour or misinformation.",False,json
9,End police brutality sign at mikebrown memorial in ferguson,not_rumour,not_rumour,0.9,"The tweet is on-topic, discussing the Mike Brown memorial in Ferguson, which is directly related to the 2014 Ferguson unrest after the shooting of Michael Brown. The specific claim made is about the presence of a sign at the memorial, which can be considered a factual observation rather than speculation or unverified information. There are no signals of rumour or misinformation such as unconfirmed reports, speculation, or extreme emotion in the tweet. The statement appears to report an observable fact without making any unsubstantiated claims.",False,json
10,"So in Ferguson, robbing a convenience carries the death penalty. Got it.",rumour,rumour,0.9,"The tweet is on-topic, referencing the 2014 Ferguson unrest after the shooting of Michael Brown. It makes a specific claim about the perceived consequences of robbing a convenience store in Ferguson, implying that it carries the death penalty, which is an emotional and rhetorical statement rather than a verifiable fact. The tone suggests criticism or outrage rather than presenting confirmed information, indicating unverified claims or speculation. This language and implication signal rumour or misinformation.",False,json
11,"""What happened in Ferguson doesn't contradict America's racial narrative. It illustrates it.""",not_rumour,not_rumour,0.9,"The tweet is on-topic, discussing the 2014 Ferguson unrest in relation to America's racial narrative. It makes a claim that the events in Ferguson illustrate the existing racial narrative, which is a verifiable and factual observation based on historical context and widely reported information. The statement does not present unverified facts or speculation but rather an interpretation of confirmed events. This suggests the tweet is more aligned with verified news or commentary than with rumor or misinformation.",False,json
12,"Anti-Gunners Donated 500k 2 Defeat Pro-Gun Sheriff, He Won Anyway! tcot 2A Ferguson NRA",not_rumour,rumour,0.9,"The tweet appears to be off-topic and unrelated to the 2014 Ferguson unrest after the shooting of Michael Brown, as it mentions a 'Pro-Gun Sheriff' and donations, which does not directly relate to the events in Ferguson. The mention of 'Ferguson' seems to be used as a hashtag to reach a wider audience rather than providing information about the unrest. The tweet presents an unverified claim about a political donation and its outcome, without providing any credible sources or context. This suggests that the tweet is more focused on promoting a political agenda than providing factual information about the Ferguson unrest.",False,json
13,Anonymous hacking group threatens Ferguson police in wake of Shooting via,not_rumour,not_rumour,0.8,"The tweet is on-topic, discussing the 2014 Ferguson unrest after the shooting of Michael Brown. It specifically claims that an 'Anonymous hacking group threatens Ferguson police', which is a verifiable fact as Anonymous did issue threats against the Ferguson police during that time. The language used is neutral and does not contain speculation or extreme emotion, suggesting it is based on actual events. However, the tweet lacks a direct source, but given the historical context, this claim can be verified through credible news outlets from 2014.",False,json
14,"In 2009, Ferguson police beat a man and charged him for bleeding on them",rumour,not_rumour,0.8,"The tweet is not directly about the 2014 Ferguson unrest after the shooting of Michael Brown, as it mentions an incident in 2009. However, it does relate to the broader context of police behavior in Ferguson, which was a key issue during the 2014 unrest. The claim itself appears to be based on a real event, as there were reports of a man named Henry Davis being beaten by Ferguson police in 2009 and subsequently charged with 'destruction of property' for bleeding on the officers' uniforms. This incident has been documented and verified by credible sources, including lawsuits and news articles.",False,json
15,We got through. That's a sniper on top of a tank pointing guns at us... ferguson,not_rumour,rumour,0.8,"The tweet is on-topic, discussing the 2014 Ferguson unrest after the shooting of Michael Brown, and specifically claims that there is a sniper on top of a tank pointing guns at people in Ferguson. This claim presents an unverified and potentially emotional description of events without citing any credible sources or providing evidence to support it. The presence of extreme emotion ('We got through') and lack of specific details or sources suggest signals of rumour/misinformation. However, the use of a sniper on a tank is plausible given the known militarized police response during the unrest, but without confirmation, it leans towards unverified information.",False,json
16,"Ferguson headlines like ""Is this how a dystopia starts?"" ... Read ""Could police militarization start affecting white people soon?""",not_rumour,rumour,0.8,"The tweet is on-topic, discussing the 2014 Ferguson unrest in relation to police militarization and its potential impact. However, it presents speculative questions rather than verifiable facts, using phrases like 'Is this how a dystopia starts?' which indicate unconfirmed and emotive claims. The language used suggests a hypothetical scenario rather than reporting confirmed information, indicating signals of rumour or misinformation. The lack of specific details or credible sources to support the claims further suggests that this tweet is spreading speculation rather than factual information.",False,json
17,Palestinians in Gaza West Bank have been showing support for Ferguson.,not_rumour,not_rumour,0.9,"The tweet is on-topic, discussing the 2014 Ferguson unrest in relation to support from Palestinians in Gaza West Bank. The claim that Palestinians have been showing support for Ferguson can be verified through various news sources and reports from that time, indicating a factual basis. There are no obvious signals of rumour or misinformation such as unconfirmed reports, speculation, or extreme emotion. The statement appears to present verifiable facts about international reactions to the event.",False,json
18,Witness To MichaelBrown's Shooting Opens Up He Was 'Shot Like An Animal' Ferguson,not_rumour,not_rumour,0.7,"The tweet is on-topic, discussing the 2014 Ferguson unrest after the shooting of Michael Brown. It presents a quote from a witness to the shooting, which could be considered an emotional claim but also references a real event. However, without further context or verification from credible sources, it's difficult to confirm the accuracy of the statement. The language used is emotive but does not necessarily indicate unverified information or speculation.",False,json
19,Ferguson shows how a militarized police force can compromise our rights and our safety JusticeForMikeBrown,not_rumour,not_rumour,0.9,"The tweet is on-topic, discussing the 2014 Ferguson unrest after the shooting of Michael Brown. It makes a specific claim about the impact of a militarized police force on rights and safety, which is a verifiable and widely reported aspect of the events in Ferguson. The language used is more analytical than speculative or emotional, and it references a confirmed event and movement (JusticeForMikeBrown). The tweet does not contain unconfirmed reports, speculation, or implausible claims that would indicate rumour or misinformation.",False,json
20,Missouri Mayor Looters came from out of town. Was he talking about Sharpton? Ferguson,not_rumour,rumour,0.8,"The tweet is on-topic, discussing the 2014 Ferguson unrest after the shooting of Michael Brown. It makes a claim that the Missouri Mayor stated looters came from out of town and speculatively asks if he was referring to Sharpton. This speculative question introduces an element of unverified information and potential misinformation, as it implies a connection without providing evidence or a credible source to support the claim. The lack of clarity and direct reference to a specific statement from the Mayor, combined with the speculative nature of the question about Sharpton, suggests rumour.",False,json
21,"Question for Ferguson police chief? If OFFICER DARREN WILSON was in pursuit of a robbery suspect, why tell kids to get out of the road? LIE",rumour,rumour,0.8,"The tweet is on-topic, discussing the actions of Officer Darren Wilson during the 2014 Ferguson unrest. It questions the reasoning behind telling kids to get out of the road if Wilson was indeed pursuing a robbery suspect, implying a potential inconsistency in the official narrative. However, the tweet's language, particularly the use of 'LIE', indicates an emotional tone and speculation rather than presenting verifiable facts or citing credible sources. This suggests that the tweet is more aligned with unverified claims or speculation.",False,json
22,"Cops or Soldiers? Pentagon, DHS Helped Arm Police in Ferguson with Equipment Used in War",not_rumour,not_rumour,0.9,"The tweet is on-topic, discussing the 2014 Ferguson unrest after the shooting of Michael Brown. It specifically claims that the Pentagon and DHS helped arm police in Ferguson with equipment used in war, which is a verifiable fact supported by various credible sources, including news reports and official documents. The language used is factual and does not contain emotional or speculative tone, suggesting it presents confirmed information. Therefore, based on the presentation of verifiable facts without signals of rumour or misinformation, the classification can be made with a high degree of confidence.",False,json
23,Hello fellow white people. Lets try to show as much outrage for Ferguson as we did for Facebook messenger.,not_rumour,rumour,0.8,"The tweet is on-topic, referencing the 2014 Ferguson unrest after the shooting of Michael Brown, but it does not present any verifiable facts about the event. Instead, it makes a comparative statement about outrage levels, which is an emotional and subjective claim. There are no specific claims or reports about the Ferguson unrest that can be verified or confirmed by credible sources. The tone is more satirical and critical of perceived hypocrisy rather than conveying factual information.",False,json
24,"The courage it takes to to write these words down, much less display them to the world Ferguson MikeBrown",not_rumour,not_rumour,0.8,"The tweet is on-topic, referencing the 2014 Ferguson unrest after the shooting of Michael Brown by mentioning 'Ferguson' and 'MikeBrown'. However, it does not make a specific claim about the events; instead, it expresses admiration for an unspecified action related to the topic. The language used is emotional but lacks any verifiable facts or unconfirmed reports that would typically characterize rumor or misinformation. Given its lack of specific claims and focus on sentiment rather than fact, the tweet leans towards being more about expression of support or solidarity than spreading information.",False,json
25,IF YOU DONT STAND FOR SOMETHING YOULL FALL FOR ANYTHING RipMikeBrown Ferguson,not_rumour,not_rumour,0.8,"The tweet is on-topic, referencing the 2014 Ferguson unrest after the shooting of Michael Brown with 'RipMikeBrown' and 'Ferguson'. However, it does not present any specific verifiable facts about the event; instead, it expresses a general sentiment with 'IF YOU DONT STAND FOR SOMETHING YOULL FALL FOR ANYTHING', which is more of an emotional appeal than a factual claim. The tweet lacks specific claims or information that could be verified against credible sources, and its primary function appears to be expressing solidarity or outrage rather than reporting news. Given the lack of specific, verifiable information, the classification leans towards it not being a rumour in the sense of spreading unconfirmed reports but also not providing factual reporting.",False,json
26,"Ferguson, Missouri Community Furious After Teen Shot Dead By Police FergusonShooting",not_rumour,not_rumour,0.8,"The tweet is on-topic, discussing the Ferguson unrest after a police shooting, which aligns with the context of the 2014 Michael Brown incident. The claim made is about community fury following a teen being shot dead by police, which is a factual and verified aspect of the events in Ferguson. However, the tweet lacks specific details or sources to confirm it's directly referring to Michael Brown or providing new, unverified information. Given its general nature and alignment with known facts about the Ferguson unrest, it leans towards being factual but lacks specificity.",False,json
27,"Image of Ferguson protester throwing tear gas back at police, wearing the American flag, is amazing.",not_rumour,rumour,0.7,"The tweet is on-topic, discussing an image related to the 2014 Ferguson unrest. However, it does not present a specific, verifiable fact about the event but rather expresses admiration for an image, which suggests an emotional or subjective interpretation rather than a factual report. There are no explicit signals of rumour or misinformation like unconfirmed reports or conspiracy language, but the lack of detail and the focus on the emotional impact could be seen as not contributing to verified news or factual reporting. The tweet's content is more about personal reaction than providing confirmed information.",False,json
28,Unarmed teenage black boy MikeBrown was shot ten times by a Ferguson police officer for accusation of shoplifting,rumour,not_rumour,0.8,"The tweet is on-topic, discussing the 2014 Ferguson unrest after the shooting of Michael Brown. It makes a specific claim about the circumstances of his death, stating he was shot ten times by a police officer for shoplifting. While the core event is factual (Michael Brown was indeed shot by a police officer), the details such as the number of shots and the reason being solely for shoplifting need verification from credible sources. The tweet lacks specific sourcing but aligns closely with verified reports that Michael Brown was unarmed and shot by Officer Darren Wilson, with the incident sparking widespread unrest.",False,json
29,Crazy RT Someone please remind me what year it is again? ferguson,not_rumour,rumour,0.8,"The tweet mentions 'ferguson', which is related to the 2014 Ferguson unrest, but it does not make any specific claim about the event. The text appears to be a casual comment or expression of surprise rather than a statement of fact or a report. There are no verifiable facts presented, and the tone is informal and emotional. The lack of concrete information and the presence of an unclear question suggest that this tweet does not convey confirmed information.",False,json
30,"In case YouTube vid disappears, here's childhood friend on tonight's Ferguson ""drive by"" Bullshit OpFerguson",rumour,rumour,0.8,"The tweet is on-topic, discussing the 2014 Ferguson unrest, but it does not present verifiable facts about the event. Instead, it references a YouTube video and uses emotional language like 'Bullshit', indicating a speculative or opinionated stance rather than factual reporting. The mention of 'childhood friend' and 'drive by' without context also suggests unverified claims. The tone and lack of credible sources point towards rumor or misinformation.",False,json
31,A witness describes the use of tear gas tonight. Ferguson,not_rumour,not_rumour,0.8,"The tweet is on-topic, discussing the 2014 Ferguson unrest after the shooting of Michael Brown, specifically mentioning the use of tear gas, which was a verified aspect of the events. The claim about a witness describing the use of tear gas is plausible and aligns with documented facts from the time. There are no clear signals of rumour or misinformation such as speculation, conspiracy language, or extreme emotion. The tweet's brevity and lack of detail do not necessarily indicate unverified information, given the context of the events in Ferguson.",False,json
32,When Parenting Feels Like a Fool's Errand On the Death of Michael Brown MikeBrown Ferguson,not_rumour,not_rumour,0.8,"The tweet is on-topic, referencing the death of Michael Brown and the Ferguson unrest, but it does not make a specific claim about the events. Instead, it appears to be a reflective or emotional statement, potentially linking to an article or blog post titled 'When Parenting Feels Like a Fool's Errand On the Death of Michael Brown'. The language used is more emotive than factual, and there are no verifiable facts presented in the tweet. Given the lack of specific claims or verifiable information, I would classify this as not being a rumour in the traditional sense of spreading unverified information, but rather an expression of sentiment.",False,json
33,"I don't want another bigot getting in my TL saying it's not abt race, when's the last time a white kid has been MURDERED by police Ferguson",not_rumour,rumour,0.8,"The tweet is on-topic, discussing the 2014 Ferguson unrest after the shooting of Michael Brown, and makes a claim about racial disparities in police violence. However, it presents an emotional and unverified claim rather than verifiable facts, with no specific data or credible sources cited to support its assertion. The language used is also emotive and confrontational, which can be a signal of rumour or misinformation. The tweet's focus on race and the comparison to 'a white kid' being murdered by police suggests it's more about expressing outrage and opinion rather than reporting confirmed information.",False,json
34,Shot ten times. Unarmed. What else is there to talk about? StopTheSmear Ferguson,rumour,not_rumour,0.8,"The tweet is on-topic, discussing the shooting of Michael Brown in Ferguson. It makes a specific claim about him being shot ten times and unarmed, which are verifiable facts confirmed by official investigations and reports. The language used is emotive but the core claim can be verified through credible sources, reducing the likelihood of it being a rumour. However, the tone and the hashtag #StopTheSmear suggest a defensive or advocacy stance rather than a neutral factual report.",False,json
35,Those people in Ferguson must think they have some kind of constitutional right to protest or something.,not_rumour,rumour,0.8,"The tweet is on-topic, discussing the 2014 Ferguson unrest after the shooting of Michael Brown, but it does not present verifiable facts about the event. Instead, it makes a sarcastic comment about the protesters' rights, which can be seen as an emotional claim rather than a factual report. The tone suggests skepticism or criticism towards the protests, but does not provide any specific, unverified, or speculative information that would classify it strictly as a rumor. However, its lack of objective reporting and presence of emotional language leans towards it being more of an opinion or commentary rather than verified news.",False,json
36,"Favorite this now In the next week, we will hear about EVERY transgression MikeBrown has ever had since soiling his diapers. Ferguson",not_rumour,rumour,0.8,"The tweet is on-topic, discussing the expected media coverage of Michael Brown after his shooting in Ferguson. It makes a specific claim about the upcoming media narrative, suggesting that all of Mike Brown's past transgressions will be reported. However, this claim is presented as speculation rather than fact and contains emotional language, indicating a lack of verifiable evidence to support it. The tone implies anticipation of a smear campaign against Michael Brown, which aligns more with unverified claims or speculation about media behavior.",False,json
37,Police pull up to Ferguson in MRAPs amp point sniper rifles at unarmed protestors LIVE 11am-2pm CST,not_rumour,rumour,0.8,"The tweet is on-topic, discussing the 2014 Ferguson unrest after the shooting of Michael Brown. It makes a specific claim about police using MRAPs and pointing sniper rifles at unarmed protestors, which could be verified through news reports or official statements from the time. However, the language used is emotive ('LIVE') and lacks specific sources or confirmation, suggesting some level of speculation or unverified reporting. The use of 'LIVE' and the description of events without attribution raises concerns about the tweet's reliability.",False,json
38,this is america? what the fuck is wrong with us? Ferguson,not_rumour,rumour,0.8,"The tweet is on-topic, referencing Ferguson, which is likely related to the 2014 unrest after the shooting of Michael Brown. However, it does not present any specific verifiable facts about the event, instead expressing outrage and frustration through rhetorical questions and emotional language. The lack of concrete information or credible sources suggests that this tweet is more of an emotional reaction than a factual report. The tone indicates a strong opinion rather than an attempt to spread misinformation, but it still doesn't provide confirmed information.",False,json
39,When I was in Iraq we had a couple of demonstrations in front of our base. We took a less menacing posture there than cops in Ferguson now,not_rumour,rumour,0.8,"The tweet is on-topic, comparing the posture of cops in Ferguson to the speaker's experience with demonstrations in Iraq. However, it presents an anecdotal and subjective claim rather than verifiable facts about the 2014 Ferguson unrest. The comparison made is more of a personal opinion or emotional reflection rather than a factual report, and there are no specific details or sources provided to confirm the events described. This lack of concrete evidence and the nature of the statement as a comparative opinion suggest it leans towards being a rumour or unverified claim.",False,json
40,hey shoot me a dm when you get a chance. I've got something you may want to see ferguson,not_rumour,rumour,0.6,"The tweet is vague and does not make a specific claim about the 2014 Ferguson unrest after the shooting of Michael Brown, it appears to be an invitation for a private conversation rather than a statement of fact or rumor. The mention of 'ferguson' could imply a connection to the event, but without further context, it's unclear. There are no verifiable facts presented, and the tone is casual and indirect. Given the lack of concrete information, the tweet does not provide enough evidence to be classified as either verified news or a rumor.",False,json
41,"""...they acting good now because y'all are here. But what you think's gonna happen when y'all leave? Tell that story."" Ferguson",not_rumour,rumour,0.7,"The tweet is on-topic, referencing the 2014 Ferguson unrest after the shooting of Michael Brown. It presents a quote that suggests skepticism about the sincerity of actions taken during the unrest, implying that behavior may change once external observers leave. The statement is more of an opinion or perspective rather than a verifiable fact, and it lacks specific details or sources to confirm its claims. However, it does not contain overt signals of rumour or misinformation like unconfirmed reports, speculation, or conspiracy language.",False,json
42,Ferguson police are embarking on what can only be described as an elaborate smear campaign of Michael Brown,rumour,rumour,0.8,"The tweet is on-topic, discussing the 2014 Ferguson unrest after the shooting of Michael Brown. It makes a specific claim about the Ferguson police embarking on a smear campaign against Michael Brown, which could be considered an unverified or emotional claim without additional context or sources. The language used, such as 'elaborate smear campaign', suggests a level of speculation or interpretation rather than a verifiable fact. This indicates signals of rumour or misinformation due to the lack of concrete evidence or credible sourcing provided in the tweet.",False,json
43,"This is what they call ""justice"" in Ferguson",not_rumour,rumour,0.8,"The tweet is on-topic, related to the 2014 Ferguson unrest after the shooting of Michael Brown, but it does not present any verifiable facts or specific claims about the event. Instead, it expresses an opinion or emotion through a rhetorical question, which suggests a subjective interpretation rather than a factual report. The language used is vague and lacks concrete information or sources to support its implication, indicating characteristics of unverified or emotional claims. This lack of specificity and reliance on emotional expression signals the tweet may be more aligned with rumor or opinion than verified news.",False,json
44,Arrest being made. Chambers and W. Florissant right now. Ferguson,not_rumour,rumour,0.7,"The tweet is on-topic, related to the 2014 Ferguson unrest after the shooting of Michael Brown, as it mentions a location (Ferguson) associated with the event. The specific claim made is about an arrest being made at a particular intersection, which could be a factual report but lacks verification or sources. There are no obvious signals of rumour or misinformation such as speculation, conspiracy language, or extreme emotion, suggesting it might be intended as a factual update. However, without further context or confirmation from credible sources, the claim remains unverified.",False,json
45,These pictures coming out of Ferguson with what looks like military equipment on American streets should sober everyone up...,not_rumour,not_rumour,0.9,"The tweet is on-topic, discussing the 2014 Ferguson unrest after the shooting of Michael Brown, specifically mentioning 'pictures coming out of Ferguson' which refers to a known aspect of the event where military equipment was used by law enforcement. The claim about military equipment being used on American streets during this time is verifiable and was widely reported by credible sources. The tweet does not contain speculation or unconfirmed reports but rather an observation that can be backed up with factual evidence from the period. Therefore, it presents a verified fact in a non-sensational manner.",False,json
46,BREAKING - Ferguson's police chief has announced Darren Wilson as the cop who shot and killed MikeBrown.,not_rumour,not_rumour,0.9,"The tweet is on-topic, discussing the 2014 Ferguson unrest after the shooting of Michael Brown. It specifically claims that Ferguson's police chief announced Darren Wilson as the officer who shot and killed Mike Brown, which is a verifiable fact confirmed by credible sources at the time. The language used is straightforward and lacks signals of rumour or misinformation such as speculation, conspiracy language, or extreme emotion. This suggests the tweet is reporting verified news.",False,json
47,You're either furious about this or protecting your entitlement. I believe it to be this simple Ferguson Trayvon,not_rumour,rumour,0.8,"The tweet mentions Ferguson, which is on-topic, but it does not make a specific claim about the 2014 unrest after the shooting of Michael Brown. Instead, it expresses a personal belief and compares it to another event (Trayvon), without providing verifiable facts or credible sources. The language used is emotional and lacks concrete information, indicating a high likelihood of unverified claims or speculation. The tweet's tone suggests a call to action based on emotion rather than fact.",False,json
48,"When you are black amp the victim of a crime, people will dig up something you did in kindergarten to justify what happened to you. Ferguson",not_rumour,rumour,0.8,"The tweet is on-topic, discussing the societal treatment of victims of crimes, specifically in the context of the 2014 Ferguson unrest. It makes a claim about how people justify what happened to black victims by digging up their past, which is an emotional and speculative statement rather than a verifiable fact. The language used does not provide specific details or sources to support its assertion, indicating it's more of an opinion or commentary on the situation rather than a factual report. This lack of concrete evidence and the presence of emotional language suggests the tweet is expressing a sentiment rather than reporting verified information.",False,json
49,Welcome to Ferguson where Americans started waking up to the militarization of their police force,not_rumour,not_rumour,0.9,"The tweet is on-topic, discussing the 2014 Ferguson unrest after the shooting of Michael Brown, and specifically claims that it marked a point where Americans began to notice the militarization of their police force. This claim is verifiable through numerous news reports and analyses from credible sources at the time, which highlighted the use of military-grade equipment by law enforcement during the protests. The tweet does not contain speculation, conspiracy language, or extreme emotion that would indicate rumour or misinformation. It presents a factual observation about a significant aspect of the event.",False,json
50,RT The oppressed stands with the oppressed. Palestine stands with Ferguson.,not_rumour,not_rumour,0.8,"The tweet is related to the 2014 Ferguson unrest after the shooting of Michael Brown, as it mentions 'Ferguson', but it does not make a specific claim about the events or circumstances surrounding the unrest. Instead, it expresses solidarity between two groups, which is an emotional statement rather than a factual report. The tweet lacks verifiable facts and does not contain signals of rumour or misinformation in the classical sense, such as unconfirmed reports or speculation, but its purpose is more about showing support than providing information. Therefore, while it's on-topic in a broad sense, it doesn't fit well into either category based on the criteria for 'not_rumour' or 'rumour'.",False,json
51,Awful. RT Ferguson Police have dogs and shotguns. The unarmed crowd is raising their hands.,not_rumour,rumour,0.7,"The tweet is on-topic, discussing the 2014 Ferguson unrest after the shooting of Michael Brown. It makes a specific claim about the police using dogs and shotguns against an unarmed crowd raising their hands. While the language used is emotive ('Awful'), the core claim can be verified through news reports from the time, which documented the use of heavy policing tactics, including the deployment of riot gear and the use of tear gas, though specific details about dogs and shotguns being used in this exact context would need confirmation. The lack of a direct source in the tweet introduces some uncertainty.",False,json
52,New link Ferguson police release video they say shows a robbery involving MichaelBrown,rumour,not_rumour,0.9,"The tweet is on-topic, discussing the 2014 Ferguson unrest after the shooting of Michael Brown. It specifically claims that Ferguson police released a video showing a robbery involving Michael Brown, which is a verifiable fact as this event did occur and was widely reported by credible sources. The language used is neutral and does not contain speculation or emotional appeals, suggesting it aims to inform rather than mislead. This indicates the tweet presents confirmed information about the incident.",False,json
53,The name of the Ferguson police officer who killed MikeBrown is Darren Wilson. He has been on the police force for 6 years.,not_rumour,not_rumour,0.99,"The tweet is on-topic, discussing the 2014 Ferguson unrest after the shooting of Michael Brown. It specifically claims that the name of the police officer who killed Mike Brown is Darren Wilson and that he has been on the police force for 6 years. This information is verifiable and was confirmed by credible sources during the time of the incident, presenting factual reporting without signals of rumor or misinformation. The claim can be verified through official reports and news coverage from 2014.",False,json
54,A line of tanks and military cops facing Ferguson protesters after an extrajudicial execution. Not a lot of moral high ground for America.,not_rumour,not_rumour,0.9,"The tweet is on-topic, discussing the 2014 Ferguson unrest after the shooting of Michael Brown. It specifically claims that there was a line of tanks and military cops facing protesters, which is a verifiable fact supported by news reports from that time. The phrase 'extrajudicial execution' refers to the controversial circumstances of Michael Brown's death, a matter of public record and widespread reporting. While the tweet includes an opinion about America's moral high ground, its core claim about the military presence in Ferguson is factual.",False,json
55,Press conference is over. Important to note NO mention of MikeBrown stealing ANYTHING from ANY store. Ferguson,not_rumour,not_rumour,0.9,"The tweet is on-topic, discussing the 2014 Ferguson unrest after the shooting of Michael Brown. It specifically claims that during a press conference, there was no mention of Mike Brown stealing from any store, which can be verified by checking official transcripts or reports from credible news sources covering the event. This claim does not contain speculation, conspiracy language, or extreme emotion and is focused on a verifiable fact. The information provided is straightforward and lacks signals typically associated with rumour or misinformation.",False,json
56,BREAKING Darren Wilson named as officer who fatally shot MichaelBrown in Ferguson,rumour,not_rumour,0.9,"The tweet is on-topic, discussing the 2014 Ferguson unrest after the shooting of Michael Brown. It specifically claims that Darren Wilson was named as the officer who fatally shot Michael Brown, which is a verifiable fact confirmed by credible sources during the events. The language used is straightforward and lacks signals of rumour or misinformation such as speculation, conspiracy language, or extreme emotion. This suggests the tweet is reporting verified news.",False,json
57,Line of police cars with high beams on greets anyone trying to enter Ferguson. It's shut down. No media allowed.,rumour,rumour,0.7,"The tweet is on-topic, discussing the situation in Ferguson after the shooting of Michael Brown. It makes a specific claim about police presence and media access, which could be verified through news reports or eyewitness accounts from that time. The language used is descriptive rather than speculative or emotional, suggesting an attempt to report facts as observed. However, without a direct source or confirmation from credible news outlets, the information remains unverified.",False,json
58,"Thought I was looking at a pix from Birmingham, Alabama in 1963 but nope I was looking at Ferguson Missouri 2014 smh",not_rumour,not_rumour,0.9,"The tweet is on-topic, referencing the 2014 Ferguson unrest after the shooting of Michael Brown, and makes a claim comparing the situation to Birmingham, Alabama in 1963. The comparison is more of an emotional commentary than a factual report, but it does not present unverified or speculative information about the events in Ferguson. The tweet's content is based on verifiable historical facts and the author's reaction to them, without spreading misinformation or unconfirmed reports. The tone is reflective and does not contain signals typical of rumour or misinformation such as conspiracy language or extreme speculation.",False,json
59,The reports on Ferguson -,not_rumour,rumour,0.6,"The tweet 'The reports on Ferguson -' is incomplete and lacks specific information about the 2014 Ferguson unrest after the shooting of Michael Brown, making it difficult to classify as either verified news or rumour. However, since it does not present any verifiable facts or unverified claims, it cannot be considered as spreading misinformation. The tweet seems to be a fragment or an introduction to a statement that is not fully expressed. Given its incomplete nature and lack of content, it's challenging to determine its intent or accuracy.",False,json
60,A young woman right before she was arrested because she wouldn't move... Ferguson,not_rumour,rumour,0.6,"The tweet is on-topic, discussing an event related to the 2014 Ferguson unrest. It makes a specific claim about a young woman being arrested, but does not provide verifiable facts or sources to confirm this information. The language used is descriptive and lacks extreme emotion or conspiracy language, suggesting it could be based on observation or report. However, without further context or confirmation from credible sources, the claim remains unverified.",False,json
61,"""FERGUSON Dispatch 3 MikeBrown Was Murdered and We Want Justice"" TWIBnation",not_rumour,not_rumour,0.8,"The tweet is on-topic, discussing the 2014 Ferguson unrest after the shooting of Michael Brown. It presents an emotional claim that Mike Brown was murdered, which is a verified fact as confirmed by numerous credible sources, including official investigations and news reports. The language used is advocacy-oriented, calling for justice, rather than speculative or conspiratorial. However, the tone is emotive and lacks specific details or sources to support the call for justice.",False,json
62,"Captain Johnson ""What happened last night is what's going to happen here forward."" Ferguson",not_rumour,not_rumour,0.8,"The tweet is on-topic, discussing the 2014 Ferguson unrest after the shooting of Michael Brown, and quotes Captain Johnson, who was a key figure in the events. The quote suggests a statement about future actions or expectations but does not provide specific details that could be verified as factual without additional context. However, given that Captain Ronald Johnson was a real figure involved in the response to the unrest and his statements were widely reported, this tweet likely refers to actual comments made by him. The lack of specificity and context in the tweet might suggest some level of interpretation but does not necessarily indicate unverified claims or speculation.",False,json
63,Destruction of property and destruction of life are false equivalents. MikeBrown Ferguson,not_rumour,not_rumour,0.8,"The tweet is on-topic, discussing the 2014 Ferguson unrest after the shooting of Michael Brown, and makes a specific claim about the distinction between destruction of property and life. The claim itself is more of an opinion or a statement of moral perspective rather than a factual report, but it does not present unverified facts or speculation about the events in Ferguson. It lacks specific details that could be verified or sources to support its stance, yet it doesn't spread misinformation either. The language used is more philosophical and does not contain signals typically associated with rumour or misinformation.",False,json
64,"It's incredibly upsetting hearing about the execution of children by the authorities in Iraq, Gaza, and Missouri. MikeBrown Ferguson",not_rumour,rumour,0.8,"The tweet mentions Mike Brown and Ferguson, which are related to the 2014 Ferguson unrest, but it also references unrelated events in Iraq and Gaza, making its primary focus unclear. The claim of 'execution of children by the authorities' in these locations, including Missouri, is an exaggeration and not a verified fact regarding the Ferguson unrest. The tweet presents an emotional appeal rather than verifiable facts about the event. It lacks specific details or credible sources to support its claims, indicating characteristics of rumour or misinformation.",False,json
65,Hard to believe this guy assaulted a cop. Ferguson,rumour,rumour,0.8,"The tweet is on-topic, referencing the 2014 Ferguson unrest, but it makes a specific claim about Michael Brown assaulting a cop, which is a matter of controversy and debate. The tweet presents an unverified emotional claim rather than verifiable facts, and lacks any credible sources to support its assertion. There are signals of rumour/misinformation, including extreme emotion and lack of sources. The language used implies a speculative or unconfirmed report about the events surrounding Michael Brown's shooting.",False,json
66,"Because, of course, when someone commits a robbery they stroll down the middle of the street where everyone can see them. Ferguson",rumour,rumour,0.8,"The tweet is on-topic, referencing the 2014 Ferguson unrest after the shooting of Michael Brown. It makes a claim about the implausibility of someone committing a robbery and then walking down the middle of the street, which can be interpreted as a commentary on the official narrative surrounding Michael Brown's actions before his death. The tweet presents an unverified and emotional claim rather than verifiable facts, using sarcasm to question the events. This indicates speculation and a lack of credible sources, signaling potential rumour or misinformation.",False,json
67,"Ferguson WeArePeace Met a young man who told me, ""We aren't here for colors. Black isn't a color, We are all Equal",not_rumour,rumour,0.8,"The tweet is on-topic, discussing the Ferguson unrest, but it doesn't present verifiable facts about the event itself. Instead, it shares a quote from an unnamed individual that expresses a sentiment of equality, which is more of an emotional or philosophical statement rather than a factual report. There are no specific claims made about the shooting of Michael Brown or the subsequent unrest that could be verified by credible sources. The tweet lacks concrete information and relies on anecdotal evidence, suggesting it's more aligned with unverified or speculative content.",False,json
68,"Notice it's ""involved in the shooting"" not ""killed a child."" Notice it's ""paid administrative leave"" not ""has been arrested"" Ferguson",not_rumour,not_rumour,0.8,"The tweet is on-topic, discussing the language used in reports about the Ferguson unrest, specifically highlighting the difference in wording regarding the officer's involvement and their subsequent leave status. The claim made is more of an observation about media reporting rather than a direct statement of fact about the events themselves. It presents a critique of how information was presented without making unverified claims or speculation, thus not fitting neatly into rumour category. However, it does imply a form of criticism or skepticism towards official reports or media coverage.",False,json
69,Wonder how many breaking news reports there would be on national networks if a white unarmed teenager was shot killed by police? Ferguson,not_rumour,rumour,0.8,"The tweet is on-topic, discussing the 2014 Ferguson unrest after the shooting of Michael Brown, but it does not present verifiable facts about the event itself. Instead, it poses a rhetorical question comparing potential media coverage of a hypothetical scenario to the actual coverage of the Ferguson unrest, which introduces an element of speculation and emotional appeal. The tweet lacks specific claims or information that can be confirmed by credible sources, indicating it's more about sparking discussion or critique rather than reporting facts. This suggests the presence of unverified claims or speculation.",False,json
70,Ferguson police chief says officer Darren Wilson didn't know MikeBrown was a robbery suspect,rumour,not_rumour,0.8,"The tweet is on-topic, discussing the 2014 Ferguson unrest after the shooting of Michael Brown. It makes a specific claim about what the Ferguson police chief said regarding Officer Darren Wilson's knowledge of Mike Brown being a robbery suspect. This information can be verified through official reports and statements from credible sources, such as news outlets that covered the event and official investigations. The tweet does not exhibit obvious signals of rumour or misinformation like speculation, extreme emotion, or lack of sources.",False,json
71,A few feet from where MichaelBrown was killed Ferguson,not_rumour,not_rumour,0.8,"The tweet is on-topic, related to the 2014 Ferguson unrest after the shooting of Michael Brown, as it mentions 'MichaelBrown' and 'Ferguson'. However, the tweet does not make a specific claim about the event; instead, it appears to be a descriptive phrase or possibly a caption for an image or video. The lack of a clear statement or claim means there's no verifiable fact or unverified information being presented. Given this context, the tweet seems more like a factual reference or a setting description rather than a rumour.",False,json
72,Ferguson chief said the officer was unaware of any robbery amp stopped MikeBrown for jay walking. TheJig,rumour,not_rumour,0.8,"The tweet is on-topic, discussing the 2014 Ferguson unrest after the shooting of Michael Brown. It specifically claims that the Ferguson police chief stated the officer stopped Michael Brown for jaywalking, unaware of any robbery. This claim can be verified through official reports and statements from the time, which indeed noted that the initial stop was reportedly for jaywalking, according to the police chief's account. The language used is straightforward and lacks obvious signals of speculation or conspiracy, suggesting it presents a verifiable fact.",False,json
73,"Cops warn the crowd. The photog's gas mask comes out. Someone is chanting ""Gaza Strip."" Ferguson",not_rumour,not_rumour,0.8,"The tweet is on-topic, discussing the 2014 Ferguson unrest after the shooting of Michael Brown. It reports specific observations from the scene, including police warnings, a photographer's gas mask, and a chant about the 'Gaza Strip', which are verifiable facts or direct quotes that do not contain speculation or unconfirmed reports. The language used is descriptive and does not exhibit extreme emotion, conspiracy language, or implausible claims. This suggests the tweet aims to inform rather than speculate or mislead.",False,json
74,"The sights and sounds from Ferguson, Missouri are unbelievable",not_rumour,rumour,0.8,"The tweet is on-topic, referring to the 2014 Ferguson unrest after the shooting of Michael Brown. However, it does not present any specific verifiable facts about the event, instead using vague language to describe the situation as 'unbelievable'. This kind of statement can be seen as an emotional reaction rather than a factual report, and lacks concrete information or sources to support its claim. The lack of specificity and the reliance on emotional description suggest that this tweet may not be providing verified news or factual reporting.",False,json
75,Wow...A man picks up burning tear gas can and throws it back at police. ferguson pic by,not_rumour,rumour,0.7,"The tweet is on-topic, discussing an incident related to the 2014 Ferguson unrest. It describes a specific action taken by a man during the protests, which could be considered a factual report if verified by credible sources. However, the tweet lacks any direct link to a credible news source or eyewitness account, and its language is more observational and emotive than a formal news report. The incident described could have occurred, but without further verification, it leans towards being an unverified claim.",False,json
76,""" ""You can't jump over a murder amp talk to me about some cigars"" Ferguson"" KeepingItRealRadio",rumour,rumour,0.8,"The tweet is on-topic, referencing the 2014 Ferguson unrest after the shooting of Michael Brown, but it does not present verifiable facts. Instead, it appears to be a quote or statement expressing outrage and frustration, likely in response to the incident where Michael Brown was allegedly involved in a convenience store robbery before being shot by police. The language used is emotional and does not provide specific, confirmable information about the events. The lack of concrete details and the presence of extreme emotion suggest that this tweet is more speculative or expressive than factual.",False,json
77,Because the news outlets are blatantly LYING about MikeBrown murder and ignoring the clear coverup and militarization of Ferguson,not_rumour,rumour,0.9,"The tweet is on-topic, discussing the 2014 Ferguson unrest after the shooting of Michael Brown. It makes a claim that news outlets are lying about the event and ignoring a coverup and militarization, which presents an unverified and emotional assertion rather than verifiable facts. The use of words like 'blatantly LYING' and 'clear coverup' signals speculation and conspiracy language, indicating rumour or misinformation. The lack of specific sources or evidence to support these claims further suggests that this tweet spreads unconfirmed information.",False,json
78,More police cars heading into Ferguson,not_rumour,rumour,0.7,"The tweet is on-topic, discussing the situation in Ferguson, and makes a specific claim about more police cars heading into the area. However, this claim is brief and lacks any verifiable details or sources to confirm its accuracy. The statement could be based on observation or unconfirmed reports, which might not be reliable. Given the lack of concrete evidence or credible sourcing, the tweet leans towards being unverified information.",False,json
79,Students at Howard University show solidarity w Michael Brown and protestors in Ferguson,not_rumour,not_rumour,0.9,"The tweet is on-topic, discussing the 2014 Ferguson unrest after the shooting of Michael Brown. It specifically claims that students at Howard University showed solidarity with Michael Brown and protestors in Ferguson, which is a verifiable fact as there were numerous reports of solidarity protests and movements across the United States during that time. The tweet does not present any unverified or emotional claims, speculation, or conspiracy language, suggesting it is based on factual reporting. Given the context and the nature of the claim, it appears to be a statement of verified news or confirmed information.",False,json
80,Protest in Ferguson. The police dogs are visible again.,not_rumour,not_rumour,0.8,"The tweet is on-topic, discussing the 2014 Ferguson unrest after the shooting of Michael Brown, and specifically mentions 'police dogs' being visible again during protests. This claim could be verified through news reports or images from the time, suggesting it presents a factual observation rather than speculation or unverified information. However, without a specific source or date mentioned in the tweet, there's a slight uncertainty regarding its accuracy. The language used is straightforward and lacks emotional appeal or conspiracy theories, indicating a higher likelihood of being factual.",False,json
81,"Right now the United States has a stronger militarized force in Ferguson, Missouri than it does in Baghdad.",not_rumour,rumour,0.8,"The tweet is on-topic, discussing the 2014 Ferguson unrest after the shooting of Michael Brown. It makes a specific claim comparing the militarized force in Ferguson to that in Baghdad, which could be verified through official reports or news sources. However, without direct evidence or a credible source cited in the tweet, this comparison might be considered speculative or an exaggeration, indicating potential rumour characteristics. The claim's plausibility and lack of explicit sourcing suggest caution, leaning towards classification as rumour.",False,json
82,JUST IN has confirmed MikeBrown did not have have a criminal record. Ferguson,not_rumour,not_rumour,0.8,"The tweet is on-topic, discussing the 2014 Ferguson unrest after the shooting of Michael Brown. It makes a specific claim that Mike Brown did not have a criminal record, which can be verified through official records or credible news sources. The language used is straightforward and lacks emotional appeal or speculation, suggesting it aims to inform rather than provoke. However, without citing a source, there's a slight risk it could be considered unverified, but given the context, it aligns more closely with verified information as this detail was widely reported by credible sources during the unrest.",False,json
83,"Murder math, Ferguson edition. Via ... I think.",not_rumour,rumour,0.8,"The tweet is on-topic, related to the 2014 Ferguson unrest after the shooting of Michael Brown, but it does not present any specific verifiable facts or claims about the event. The phrase 'Murder math' is vague and could be interpreted in various ways, suggesting speculation rather than factual reporting. There's also a lack of sources or credible information provided in the tweet, which further indicates that it may contain unverified or speculative content. The tone seems to imply a critical or analytical perspective without providing concrete evidence or data.",False,json
84,Nothing has changed. The ONLY difference? The pictures are in color. Ferguson FergusonShooting,not_rumour,rumour,0.8,"The tweet is on-topic, referencing the Ferguson unrest after the shooting of Michael Brown. It makes a claim about the lack of change, comparing the current situation to historical events with the phrase 'the pictures are in color', which suggests a commentary on racial tensions and police brutality being ongoing issues. The tweet does not present specific verifiable facts but rather an emotional and speculative comparison. Given its nature, it leans more towards an unverified claim or opinion rather than a factual report.",False,json
85,"WOW! Ferguson police tell a resident a girl was shot in the head, she asks by who, partner of the cop silences him",not_rumour,rumour,0.8,"The tweet is on-topic, discussing an incident related to the Ferguson police, but it presents an unverified claim about a girl being shot in the head without providing any credible sources or context. The language used is emotive and lacks specific details that could be verified, suggesting speculation rather than factual reporting. There are signals of rumour/misinformation, including the lack of sources and implausible claims presented as fact. This indicates that the tweet likely contains unconfirmed information.",False,json
86,"As all eyes r on the police murder of MikeBrown in Ferguson, 3 more unarmed Americans killed by police in LA, Dallas amp Tulsa in past week.",not_rumour,rumour,0.8,"The tweet is on-topic, discussing the police shooting of Mike Brown in Ferguson and mentioning other incidents of unarmed Americans being killed by police in different cities. However, it presents unverified claims about the number of people killed in LA, Dallas, and Tulsa without providing credible sources or specific details. The language used is emotive, with phrases like 'police murder', which may indicate a biased perspective. The lack of concrete evidence and sources to support these additional claims suggests that this tweet may be spreading unconfirmed information.",False,json
87,wakeup MarshallLaw Ferguson - America - how's that land of the free working out?,not_rumour,rumour,0.8,"The tweet mentions 'Ferguson' and 'MarshallLaw', which suggests it is related to the 2014 Ferguson unrest after the shooting of Michael Brown. However, the tweet does not present any specific verifiable facts about the event, instead using rhetorical questions and emotional language to express a sentiment. The lack of concrete information and the presence of emotive language indicate that this tweet is more speculative or opinion-based rather than a factual report. Therefore, it leans towards being classified as a rumour due to its unverified and emotional claims.",False,json
88,"World of difference police walking with protesters, wearing normal uniforms, state Highway Patrol chief hugging it out. Ferguson",not_rumour,not_rumour,0.9,"The tweet is on-topic, discussing the 2014 Ferguson unrest after the shooting of Michael Brown. It describes a scene where police are walking with protesters, wearing normal uniforms, and mentions the state Highway Patrol chief hugging someone, which suggests a peaceful interaction. This description aligns with verified reports from that time, indicating a shift in policing strategy towards more community-oriented approaches during protests. The tweet presents observable facts without speculation or emotional language, suggesting it is based on actual events.",False,json
89,More coverage from Europe - Ferguson MikeBrown,not_rumour,not_rumour,0.8,"The tweet is on-topic, related to the 2014 Ferguson unrest after the shooting of Michael Brown, as indicated by the hashtags #Ferguson and #MikeBrown. However, it does not make a specific claim about the event, instead mentioning 'More coverage from Europe', which could imply international attention to the incident without providing any unverified or speculative information. The tweet lacks detailed claims or emotional language that would typically characterize rumor or misinformation. Given its neutrality and lack of specific assertions, it leans towards being factual or at least not spreading unconfirmed information.",False,json
90,Ron Johnson says he would have liked to been consulted by ferguson chief Jackson about today's release of info.,not_rumour,not_rumour,0.9,"The tweet is on-topic, discussing the 2014 Ferguson unrest after the shooting of Michael Brown, specifically mentioning Ron Johnson and Ferguson Chief Jackson. It presents a verifiable fact about Ron Johnson's statement regarding the release of information. There are no signals of rumour or misinformation, such as unconfirmed reports, speculation, or extreme emotion. The tweet appears to be a factual report of a statement made by Ron Johnson.",False,json
91,"Witness ""He threw his hands up and they shot him. The boy fell and they shot him some more."" Ferguson",not_rumour,rumour,0.7,"The tweet is on-topic, discussing the 2014 Ferguson unrest after the shooting of Michael Brown. It presents a quote from a witness describing the shooting, which could be considered an emotional claim but also reflects early reports and eyewitness accounts from the event. However, without further context or verification from credible sources, this information remains unconfirmed. The language used is dramatic and could contribute to speculation, but it aligns with some of the initial testimonies given during the unrest.",False,json
92,"Another day, another shooting of an unarmed black teenager in America by authority figures. STL Ferguson",not_rumour,not_rumour,0.8,"The tweet is on-topic, referring to the 2014 Ferguson unrest after the shooting of Michael Brown, but it makes a general claim about shootings of unarmed black teenagers in America without providing specific details or sources about the Ferguson case. The language used is emotional and does not present verifiable facts about the incident. There are no direct signals of rumour or misinformation like unconfirmed reports or conspiracy language, but the tweet lacks specificity and sources. However, given the context and the fact that Michael Brown was indeed an unarmed black teenager shot by a police officer in Ferguson, the core claim can be considered factual in the broader context of what happened in Ferguson.",False,json
93,"BREAKING Instead of dispersing, protesters got on their knees with their hands up. Ferguson",not_rumour,not_rumour,0.9,"The tweet is on-topic, discussing the 2014 Ferguson unrest after the shooting of Michael Brown. It specifically claims that protesters got on their knees with their hands up instead of dispersing, which is a verifiable fact reported by multiple credible sources during the protests. This action was a form of peaceful protest, symbolizing surrender and highlighting the 'hands up, don't shoot' slogan that became a rallying cry. The tweet presents this information in a straightforward manner without speculation or emotional language, suggesting it is based on factual reporting.",False,json
94,The streets of Times Square have been taken over. Literally. NMOS14 ferguson,not_rumour,rumour,0.8,"The tweet mentions 'NMOS14 ferguson', which suggests a connection to the 2014 Ferguson unrest, but it claims that 'The streets of Times Square have been taken over', which is not a verified fact related to the Ferguson unrest. This claim seems unrelated to the actual events in Ferguson and appears to be an unverified report or speculation about a different location, Times Square. The lack of specific details and credible sources supporting this claim indicates it may be misinformation. Therefore, it should be classified as 'rumour'.",False,json
95,Every Black person should drill this in their heads we are in Jim Crow 2.0..and the new lynch mobs and KKK members ARE THE POLICE Ferguson,not_rumour,rumour,0.8,"The tweet is on-topic, discussing the 2014 Ferguson unrest after the shooting of Michael Brown, but it makes a general claim comparing police to 'the new lynch mobs and KKK members', which is an emotional and unverified assertion rather than a verifiable fact. The language used is extreme and speculative, indicating a lack of objective reporting or credible sources. While the tweet touches on real issues of racial tension and police brutality, its presentation is more akin to opinion or advocacy than factual reporting. This suggests that the information is not confirmed by credible sources and should be treated with caution.",False,json
96,ferguson has had ZERO homicides in the last year. 'Black on black crime is our real problem' folks where y'all at?,rumour,rumour,0.8,"The tweet is related to the broader context of discussions around Ferguson, but it does not directly address the 2014 unrest after the shooting of Michael Brown. It makes a specific claim about zero homicides in Ferguson over the last year, which could be verifiable but lacks a source or date for confirmation. The tone and language used suggest an emotional appeal rather than a factual report, and the claim about 'Black on black crime' introduces a topic often associated with speculation and unverified claims in social media discussions. Given the lack of specific details and sources to support its claim, the tweet leans towards being speculative or unverified.",False,json
97,"Ferguson, MO is in protest after a cop kills an unarmed black teen",not_rumour,not_rumour,0.9,"The tweet is on-topic, discussing the 2014 Ferguson unrest after the shooting of Michael Brown. It makes a specific claim that a cop killed an unarmed black teen, which is a verifiable fact confirmed by credible sources. The language used is straightforward and lacks signals of rumour or misinformation such as speculation, conspiracy language, or extreme emotion. The event described is historically verified, making the tweet's claim factual.",False,json
98,"Iconic USA shirt, bag of chips in one hand, other throws back tear gas cannister at police by Ferguson",not_rumour,rumour,0.7,"The tweet is on-topic, referring to the 2014 Ferguson unrest after the shooting of Michael Brown. It describes a specific scene where an individual throws back a tear gas canister at police, which is a plausible scenario given the context of protests and clashes between demonstrators and law enforcement during that time. However, the tweet lacks specific details or sources to verify the exact incident it's describing, suggesting it could be based on a real event but without confirmation. The description itself doesn't contain overt signals of misinformation like conspiracy language or implausible claims, but its lack of specificity and sourcing leans towards it being more of an anecdotal report or image caption rather than verified news.",False,json
99,"""Your right to assembly is not being denied."" Ferguson",not_rumour,rumour,0.7,"The tweet is on-topic, related to the 2014 Ferguson unrest after the shooting of Michael Brown, as it mentions 'Ferguson'. The claim made is about the right to assembly not being denied, which could be interpreted as a statement regarding the protests and police response during that time. However, without additional context or sources, this statement lacks verifiable facts and could be seen as an unverified claim or an opinion. Given its brevity and lack of specific details or credible sources, it leans towards speculation rather than confirmed information.",False,json
100,"disarm the police RT ppl dont want ur ""protection"" anymore! Ferguson PoliceBrutality",not_rumour,rumour,0.8,"The tweet is on-topic, discussing the Ferguson Police and police brutality, which is related to the 2014 Ferguson unrest after the shooting of Michael Brown. However, it presents an unverified claim about people not wanting police protection anymore and advocates for disarming the police, which is an emotional and speculative statement rather than a verifiable fact. The language used is extreme and lacks sources or credible information to support the claim. This indicates signals of rumour/misinformation, such as speculation and extreme emotion.",False,json
101,"""They say we destroying our own neighborhood. We don't own nothing out here."" Ferguson",not_rumour,not_rumour,0.8,"The tweet is on-topic, discussing the 2014 Ferguson unrest after the shooting of Michael Brown. It presents a quote that reflects the emotional sentiment and perspective of some individuals involved in the protests, rather than making a specific factual claim about the events. The language used is more expressive of frustration and disenfranchisement than conveying unverified or speculative information. This suggests the tweet is more aligned with verified news or personal testimony than with spreading rumors.",False,json
102,Officer in shooting death of MIchael Brown was unaware he was a suspect Ferguson police,rumour,not_rumour,0.8,"The tweet is on-topic, discussing the 2014 Ferguson unrest after the shooting of Michael Brown. It makes a specific claim that the officer involved in the shooting was unaware Michael Brown was a suspect, according to Ferguson police. This information can be verified through official reports and investigations into the incident, suggesting it presents factual information rather than speculation or unverified claims. The language used is straightforward and lacks emotional appeal or conspiracy theories, indicating a higher likelihood of being based on fact.",False,json
103,"Ferguson protesters march peacefully, militarized police aim guns at them pic",not_rumour,not_rumour,0.9,"The tweet is on-topic, discussing the 2014 Ferguson unrest after the shooting of Michael Brown. It specifically claims that protesters were marching peacefully while being targeted by militarized police with guns, which is a verifiable fact supported by numerous credible sources and news reports from that time. The description aligns with documented events where peaceful protests were met with a heavy police response. There are no clear signals of rumour or misinformation in the tweet's claim.",False,json
104,"the police version is also that MikeBrown approached the officer. But if he had JUST robbed a store, why approach police?? Ferguson",rumour,rumour,0.8,"The tweet is on-topic, discussing the 2014 Ferguson unrest after the shooting of Michael Brown. It presents a question about the official narrative, specifically why Mike Brown would approach police if he had just robbed a store, which implies skepticism but does not provide verifiable facts to support its implication. The language used does not contain extreme emotion or conspiracy theories but does speculate on the events. This speculation without providing credible sources or evidence leans towards rumor.",False,json
105,Lets bomb nurseries w White Babies!? FBI NBP leader inciting violence in Ferguson tcot,rumour,rumour,0.9,"The tweet is on-topic, related to the 2014 Ferguson unrest, but it makes a specific claim about an FBI NBP leader inciting violence, which appears to be unverified and lacks credible sources. The language used is extreme and emotional, with a call to violence against a specific group, indicating a high likelihood of misinformation or rumour. There are no verifiable facts presented in the tweet to support its claim. The tone and content suggest speculation and conspiracy language, further indicating rumour.",False,json
106,today MichaelBrown would've completed his 1st week of college amp Ferguson police chief spent most time suggesting he's the criminal,rumour,not_rumour,0.8,"The tweet is on-topic, discussing the 2014 Ferguson unrest after the shooting of Michael Brown. It makes a specific claim about what Michael Brown would have been doing if he were alive and criticizes the Ferguson police chief's response. While the tone is emotional, the core statement about Michael Brown's potential college attendance and the criticism of the police chief can be seen as based on verifiable facts, given that Michael Brown was indeed supposed to start college and there were criticisms of how the police handled the situation. The information does not contain overt signals of rumour or misinformation like unconfirmed reports or conspiracy language.",False,json
107,"5 if Ferguson PD were already put on notice about a Quick-Mart robbery, why was that NEVER part of the narrative till now?",not_rumour,rumour,0.8,"The tweet is on-topic, discussing the 2014 Ferguson unrest after the shooting of Michael Brown, specifically questioning why a Quick-Mart robbery was not part of the narrative until now. The claim made is about the alleged prior knowledge of Ferguson PD regarding a robbery and its absence from the narrative. This presents an unverified question rather than a fact, suggesting speculation or inquiry into potential misinformation or overlooked information. The language used does not provide verifiable facts but instead prompts a question that could be based on unconfirmed reports or speculation.",False,json
108,"St. Louis County police tell me woman shot in the head and that a Lt. on scene said she's ""alert and gonna live."" Ferguson",not_rumour,not_rumour,0.8,"The tweet is on-topic, discussing an incident related to the Ferguson unrest. It presents a specific claim about a woman being shot in the head and provides a quote from a Lieutenant on the scene, suggesting that the information comes from a credible source. The language used is factual and lacks emotional or speculative tone, indicating a report of verified information. However, without additional context or confirmation from other sources, there's a slight uncertainty.",False,json
109,to be clear an unarmed teenager POSSIBLY stealing a box of cigars does not warrant being shot to death by the police. Ferguson,rumour,not_rumour,0.9,"The tweet is on-topic, discussing the 2014 Ferguson unrest after the shooting of Michael Brown. It makes a specific claim about the circumstances of the shooting, stating that an unarmed teenager was shot to death by police, possibly in relation to stealing a box of cigars. While the tone is emotional, the core facts align with verified news reports from credible sources, which confirmed that Michael Brown was unarmed and that there were reports he had been involved in a theft at a convenience store before the shooting. The tweet does not present unverified or speculative information beyond what was widely reported.",False,json
110,MikeBrown wanted to walk down the street. And he is dead. And the Ferguson PD is using his silence in death to make him a criminal.,rumour,not_rumour,0.8,"The tweet is on-topic, discussing the 2014 Ferguson unrest after the shooting of Michael Brown. It makes a claim about the intentions of Mike Brown and criticizes the Ferguson PD's portrayal of him. While the tweet presents an emotional perspective, its core statement about Mike Brown's death and the police response is based on verifiable facts from the incident. The language used is more interpretive and critical rather than speculative or conspiratorial.",False,json
111,Community organizations on-site in Ferguson,not_rumour,not_rumour,0.7,"The tweet is on-topic, related to the 2014 Ferguson unrest after the shooting of Michael Brown, as it mentions 'Ferguson'. The claim made is about the presence of community organizations on-site, which could be a factual report but lacks specific details or sources for verification. However, the statement itself does not contain speculative language, extreme emotion, or implausible claims that are typical of rumors. Given its neutrality and lack of detail, it leans more towards being a simple statement of fact without clear evidence of being a rumor.",False,json
112,88-year-old Creola Mccalister has joined the youth in Ferguson,not_rumour,rumour,0.7,"The tweet is on-topic, discussing the 2014 Ferguson unrest, and makes a specific claim about an 88-year-old individual joining the youth in protests. However, it lacks verifiable facts or credible sources to support this claim, and the information seems anecdotal or possibly symbolic rather than a confirmed news report. There's no clear indication of speculation, conspiracy language, or extreme emotion, but the lack of detail or sourcing raises questions about its accuracy. The claim itself is plausible but without further context or confirmation from reliable sources, it leans towards being unverified.",False,json
113,The streets of Ferguson look a little different tonight. AP Photo,not_rumour,not_rumour,0.8,"The tweet is on-topic, discussing the 2014 Ferguson unrest, but it does not make a specific claim about the events. The phrase 'look a little different tonight' is vague and could be interpreted in various ways, but the inclusion of 'AP Photo' suggests that the tweet is referencing a verifiable news source. There are no clear signals of rumour or misinformation, such as unconfirmed reports or speculation. The tone appears neutral and observational.",False,json
114,"Wow. Ferguson Police Chief struggles to remember MikeBrown's name but laments the murdering cop's ""injuries."" Pretty telling.",not_rumour,rumour,0.8,"The tweet is on-topic, discussing the 2014 Ferguson unrest after the shooting of Michael Brown. It makes a specific claim about the Ferguson Police Chief's behavior, stating that he struggled to remember Mike Brown's name but expressed concern for the officer's injuries. However, this claim is presented in an emotional and accusatory tone without providing any verifiable evidence or sources to support it. The language used, such as 'Pretty telling', implies a level of speculation and interpretation rather than factual reporting.",False,json
115,St. Louis Unarmed teenager MikeBrown was shot ten times by a Ferguson police officer for accusation of shoplifting,rumour,rumour,0.8,"The tweet is on-topic, discussing the 2014 Ferguson unrest after the shooting of Michael Brown. It makes a specific claim about Mike Brown being shot ten times by a Ferguson police officer for an accusation of shoplifting. While the core event is factual, the details such as the number of shots and the reason (shoplifting accusation) need verification; official reports confirmed that Michael Brown was shot by Officer Darren Wilson, but the specifics like the exact number of shots and the circumstances leading to the shooting are subject to investigation findings. The claim about being shot 'for accusation of shoplifting' simplifies a complex situation and may not fully align with official investigations or eyewitness accounts.",False,json
116,Chief seems to make it very clear that shooter did NOT write an incident report. 5th Amendment. Ferguson,rumour,rumour,0.6,"The tweet is on-topic, discussing the 2014 Ferguson unrest after the shooting of Michael Brown. It specifically claims that the shooter did not write an incident report, citing the 5th Amendment, which could be a verifiable fact if supported by credible sources. However, without direct attribution to a reliable source or further context, this information leans towards being unverified but is framed in a way that suggests it's based on official statements or actions, thus reducing the likelihood of it being outright rumour. The language used does not contain extreme emotion, speculation, or conspiracy theories, which are common indicators of misinformation.",False,json
117,Mother Daughter team in Ferguson. Daughter just took bar. Will be civil rights Atty,not_rumour,not_rumour,0.8,"The tweet is not directly about the 2014 Ferguson unrest after the shooting of Michael Brown, but rather appears to be a personal statement about a mother-daughter team, with the daughter aspiring to be a civil rights attorney. The information provided does not make any specific claim related to the events in Ferguson or present verifiable facts about the unrest. It lacks signals of rumour or misinformation in the context of spreading unconfirmed reports or speculation about the event itself. However, it is off-topic and does not contribute to the discussion of verified news or factual reporting about the 2014 Ferguson unrest.",False,json
118,Is the Police Chief in Ferguson changing the story?,rumour,rumour,0.8,"The tweet is on-topic, related to the 2014 Ferguson unrest after the shooting of Michael Brown, and specifically questions whether the Police Chief in Ferguson is changing their story. This implies a potential inconsistency or update in official statements, which could be based on factual developments or unverified speculation. The language used does not present verifiable facts but rather poses a question that suggests uncertainty or skepticism about official narratives. Given the lack of specific details and sources, this leans towards speculation or inquiry into potentially unconfirmed information.",False,json
119,Ferguson PD is putting on a show for the world. Forgetting the world is now watching Twitter.,not_rumour,rumour,0.7,"The tweet is on-topic, discussing the 2014 Ferguson unrest after the shooting of Michael Brown, specifically criticizing the actions of the Ferguson Police Department. The claim made is that the police are 'putting on a show' for the world, implying an attempt to manipulate public perception. This statement presents an opinion rather than verifiable facts and lacks specific details or sources to support its assertion. It expresses skepticism and criticism but does not contain overt signals of rumour or misinformation like unconfirmed reports or conspiracy language.",False,json
120,Marine Vet Speaks Out Against Police State - Ferguson,not_rumour,rumour,0.7,"The tweet is on-topic, related to the 2014 Ferguson unrest after the shooting of Michael Brown, but it does not present any specific verifiable facts about the event. Instead, it appears to be promoting a viewpoint or opinion from a Marine veteran regarding the police response in Ferguson, which could be seen as an emotional claim rather than factual reporting. There are no clear signals of rumour or misinformation such as unconfirmed reports or conspiracy language, but the lack of specific details and sources means it doesn't fit neatly into verified news either. The tweet's title suggests a focus on opinion or perspective rather than fact-based reporting.",False,json
121,Last night in Ferguson started with joyous hymns amp calls for peace. It ended with another police shooting. My latest,not_rumour,not_rumour,0.8,"The tweet is on-topic, discussing events in Ferguson, and specifically mentions 'another police shooting', which could be verified as it refers to a significant event that would have been reported by news outlets. The tone is observational rather than speculative, suggesting the author is reporting on actual events rather than spreading unconfirmed information. However, without specific details about the shooting mentioned, such as the date or circumstances, it's somewhat difficult to verify the claim directly from the tweet alone. Nonetheless, given the context and the fact that the tweet does not contain overt signals of rumour or misinformation like conspiracy language or extreme emotion, it leans towards being factual.",False,json
122,USA doesn't comply with law that requires reporting on police use of deadly force Ferguson,not_rumour,rumour,0.6,"The tweet is on-topic, discussing the Ferguson unrest in relation to police use of deadly force. It makes a specific claim about the USA not complying with a law requiring reporting on such incidents, which could be verified through factual information. However, without additional context or sources provided within the tweet itself, it's difficult to ascertain its accuracy directly from the statement. The claim seems plausible and relates to real issues of police accountability, but lacks direct evidence or reference to credible sources.",False,json
123,"""Hands up! Don't shoot!"" ferguson",not_rumour,not_rumour,0.9,"The tweet is on-topic, referencing the 2014 Ferguson unrest with the phrase 'Hands up! Don't shoot!' which was a notable slogan associated with protests following Michael Brown's shooting. The tweet does not make a specific claim but rather references a well-documented aspect of the events. It presents verifiable facts in the sense that it refers to a real event and slogan, without adding unverified or speculative information. This suggests the tweet is more about referencing a known fact than spreading rumor or misinformation.",False,json
124,I'll be on with in about 15 mins discussing Ferguson JusticeForMikeBrown and PeaceInFerguson. Tune in.,not_rumour,not_rumour,0.9,"The tweet is on-topic, discussing the 2014 Ferguson unrest after the shooting of Michael Brown, as indicated by the hashtags #JusticeForMikeBrown and #PeaceInFerguson. However, it does not make any specific claim about the events or circumstances surrounding the unrest. Instead, it appears to be a promotional announcement for an upcoming discussion or interview about the topic. The language used is neutral and lacks any signals of rumour or misinformation, such as unconfirmed reports, speculation, or extreme emotion.",False,json
125,"This guy shot 11 people, including a Congresswoman and a judge. He was apprehended alive. Ferguson MikeBrown",not_rumour,rumour,0.9,"The tweet appears to be off-topic and unrelated to the 2014 Ferguson unrest after the shooting of Michael Brown, as it mentions a Congresswoman and a judge being shot, which is not related to the events in Ferguson. The mention of 'Ferguson MikeBrown' seems to be an attempt to associate the tweet with the topic, but the content of the tweet does not match the actual events. The claim made in the tweet is more likely referring to a different event, such as the 2011 Tucson shooting. Therefore, the tweet is classified as 'rumour' due to its lack of relevance and potential misinformation.",False,json
126,Dear mainstream media The story is not the protest. The story is the police shooting of an unarmed black teenager. Ferguson,not_rumour,not_rumour,0.9,"The tweet is on-topic, discussing the 2014 Ferguson unrest after the shooting of Michael Brown. It specifically claims that the focus should be on the police shooting of an unarmed black teenager, which is a verifiable fact confirmed by credible sources. The tweet does not present unverified or speculative information but rather emphasizes the core issue of the incident. The language used is direct and lacks signals of rumour or misinformation, such as conspiracy theories or extreme emotion.",False,json
127,I grew up 10 minutes from Ferguson - Praying for Peace and Justice.,not_rumour,not_rumour,0.9,"The tweet is on-topic, related to the 2014 Ferguson unrest, but it does not make any specific claim about the events or circumstances surrounding the shooting of Michael Brown. Instead, it expresses a personal sentiment of praying for peace and justice, which is an emotional appeal rather than a factual statement. The tweet lacks verifiable facts and does not contain signals of rumour or misinformation such as unconfirmed reports or speculation. It appears to be a genuine expression of support and solidarity.",False,json
128,"Police now on the move, advancing on the crowd. MikeBrown Ferguson",not_rumour,not_rumour,0.8,"The tweet is on-topic, discussing the 2014 Ferguson unrest after the shooting of Michael Brown, as indicated by the hashtags #MikeBrown and #Ferguson. The specific claim made is that police are advancing on the crowd, which could be a factual report of events as they unfolded during the protests. However, without additional context or sourcing, it's difficult to verify the accuracy of this claim at the moment it was made. The language used is straightforward and lacks emotional or speculative tone, suggesting it might be intended as a factual update.",False,json
129,So lets recap. No dashboard cam of the incident. But definitely photos of Michael Brown in a store. Funny how that happens NMOS14 Ferguson,rumour,rumour,0.8,"The tweet is on-topic, discussing the 2014 Ferguson unrest after the shooting of Michael Brown. It specifically claims there's no dashboard cam footage of the incident but mentions photos of Michael Brown in a store, implying a potential discrepancy or conspiracy without providing verifiable facts or sources to support these claims. The tone and language used, such as 'Funny how that happens,' suggest speculation and imply a conspiracy theory. This indicates the presence of unverified claims and emotional language characteristic of rumors.",False,json
130,Harvard students stand in solidarity with MikeBrown amp the Ferguson community. HandsUpDontShoot HBLSA,not_rumour,not_rumour,0.9,"The tweet is on-topic, discussing the 2014 Ferguson unrest after the shooting of Michael Brown, and specifically mentions a show of solidarity by Harvard students with the Ferguson community. The claim made is about an event or action taken by a group (Harvard students) in support of Mike Brown and the Ferguson community, which can be considered a factual report of an event. There are no signals of rumour/misinformation such as unconfirmed reports, speculation, or conspiracy language. The tone is one of solidarity rather than extreme emotion or implausible claims.",False,json
131,"Oh, this new is very emotional, I suggest you take a listen. Ferguson",not_rumour,rumour,0.8,"The tweet is on-topic, referencing Ferguson, which is likely related to the 2014 unrest after the shooting of Michael Brown. However, it does not make a specific claim about the event, instead expressing emotion and suggesting listeners take action without providing context or facts. The lack of verifiable information and the emphasis on emotion suggest that this tweet may be speculative or unverified. The tweet's vagueness and emotional tone are signals of potential rumour or misinformation.",False,json
132,"The presence of police dogs in Ferguson is, at the very least, culturally and historically insensitive.",not_rumour,not_rumour,0.8,"The tweet is on-topic, discussing the 2014 Ferguson unrest after the shooting of Michael Brown, specifically mentioning the presence of police dogs. The claim made is about the cultural and historical insensitivity of using police dogs, which is an opinion-based statement rather than a factually verifiable claim. However, this opinion is grounded in the context of known events and does not spread unverified information or speculation. The statement lacks specific factual details but does not signal rumour or misinformation through unconfirmed reports, speculation, or extreme emotion.",False,json
133,Situation in Ferguson getting very tense after police killed unarmed teenager Mike Brown photo,not_rumour,not_rumour,0.8,"The tweet is on-topic, discussing the situation in Ferguson after the shooting of Mike Brown. It reports a factual event, the killing of an unarmed teenager by police, which is a verified fact from the 2014 Ferguson unrest. The description of the situation as 'getting very tense' could be seen as emotional but aligns with widely reported tensions during that time. There are no clear signals of rumour or misinformation such as unconfirmed reports, speculation, or conspiracy language.",False,json
134,Times Square right now for Ferguson MichaelBrown,not_rumour,rumour,0.8,"The tweet is on-topic, related to the 2014 Ferguson unrest after the shooting of Michael Brown, as it mentions 'Ferguson' and 'MichaelBrown'. However, it makes a vague claim about 'Times Square right now', which lacks specific details or verifiable facts. The tweet does not provide any credible sources or context to support its claim, suggesting it may be an unverified report or speculation. Given the lack of concrete information and the potential for misinformation, I classify this tweet with caution.",False,json
135,Look at his arrive time on the report. This man was still in the store. Exlplain this. Ferguson FergusonShooting,rumour,rumour,0.8,"The tweet is on-topic, discussing the 2014 Ferguson unrest after the shooting of Michael Brown. It makes a specific claim about the timing of events related to the incident, referencing an 'arrive time on the report' and suggesting inconsistency or unexplained circumstances. However, the tweet lacks concrete evidence or credible sources to support its claim, instead inviting speculation with 'Exlplain this.' This lack of verifiable information and the speculative tone suggest characteristics of a rumour.",False,json
136,And how are some of y'all so quick to believe the same police dept. that threw tear gas at folks in their gatdamb front yards. Ferguson,not_rumour,not_rumour,0.8,"The tweet is on-topic, discussing the 2014 Ferguson unrest after the shooting of Michael Brown. It specifically mentions the police department's actions, such as throwing tear gas at people in their front yards, which is a verifiable fact reported by credible sources during the unrest. The tone is emotional but refers to a confirmed event, indicating that while it expresses opinion, it's based on actual occurrences. Therefore, despite the emotional language, the core claim about the police action is not speculative or unverified.",False,json
137,"On local tv now, reports shooting victim last night in Ferguson was 19-year-old male, shot multiple times by county police",not_rumour,rumour,0.7,"The tweet is on-topic, discussing the 2014 Ferguson unrest after the shooting of Michael Brown. It makes a specific claim about a shooting victim being a 19-year-old male shot multiple times by county police, which could be verified with credible sources. However, the information is presented as a report from local TV without specifying the source or confirming the details, which introduces some uncertainty. The language used does not contain extreme emotion, speculation, or conspiracy theories, but it lacks direct confirmation from credible sources.",False,json
138,The name of the officer who fatally shot teenager MichaelBrown will be released shortly. Watch CNN Ferguson,rumour,rumour,0.7,"The tweet is on-topic, discussing the 2014 Ferguson unrest after the shooting of Michael Brown. It specifically claims that the name of the officer who fatally shot Michael Brown will be released shortly, which could be considered a factual report or announcement. However, without further context or confirmation from credible sources at the time of the tweet, this information might not have been verified, suggesting a potential for rumour. The instruction to 'Watch CNN Ferguson' implies a source but does not confirm the information as fact.",False,json
139,When's the last time a white kid was unjustly killed by law enforcement? Just spread the word MikeBrown Ferguson,not_rumour,rumour,0.8,"The tweet is on-topic, related to the 2014 Ferguson unrest after the shooting of Michael Brown, as it mentions 'MikeBrown' and 'Ferguson'. However, it makes a comparative claim about racial disparities in police violence without providing specific facts or credible sources. The language used is more rhetorical and emotional than factual, aiming to provoke thought rather than report verified information. This indicates the presence of unverified claims and speculation.",False,json
140,Follow NOW if you want to follow the story about the unarmed teenager who was killed by the Ferguson police.,not_rumour,not_rumour,0.8,"The tweet is on-topic, discussing the 2014 Ferguson unrest after the shooting of Michael Brown. It makes a specific claim about an unarmed teenager being killed by the Ferguson police, which is a verifiable fact confirmed by credible sources. The language used is straightforward and lacks emotional or speculative tone, suggesting it aims to inform rather than sensationalize. However, the tweet does not provide additional context or sources, but the core claim is factual.",False,json
141,Ferguson police have brought dogs into neighborhood. Residents protest with hands in the air. Tension is growing...,not_rumour,rumour,0.6,"The tweet is on-topic, discussing the 2014 Ferguson unrest after the shooting of Michael Brown. It makes a specific claim about the police bringing dogs into a neighborhood and residents protesting with their hands in the air, which could be verified through news reports or eyewitness accounts from that time. The language used does not contain overt speculation, conspiracy theories, or extreme emotion that would typically signal rumor or misinformation. However, without a direct source or confirmation, there's a degree of uncertainty.",False,json
142,call weeping neighbors a mob -- gt paint a picture of a violent community MikeBrown came from -- gt justify his execution Ferguson,not_rumour,rumour,0.8,"The tweet is on-topic, discussing the portrayal of the community in Ferguson after the shooting of Michael Brown. It makes a claim about how labeling protesters as a 'mob' can be used to justify the execution of Mike Brown, which is an interpretation rather than a verifiable fact. The language used is emotional and speculative, suggesting a narrative about media portrayal and its implications rather than presenting confirmed information. This indicates the presence of unverified claims and speculation.",False,json
143,Wow RT State Senator asks the Ferguson police chief if she's going to be gassed again.,not_rumour,rumour,0.6,"The tweet is on-topic, discussing the 2014 Ferguson unrest after the shooting of Michael Brown. It mentions a State Senator asking the Ferguson police chief about being gassed again, which could refer to the use of tear gas during protests. The language used does not contain overt speculation or conspiracy theories, and it reports on an interaction that could be factual. However, without more context or confirmation from credible sources, the tweet's claim remains somewhat unverified.",False,json
144,Wow! What was the point of bring out the robbery footage today if it had nothing to do with Michael Brown being stopped? Ferguson,rumour,not_rumour,0.8,"The tweet is on-topic, discussing the 2014 Ferguson unrest after the shooting of Michael Brown, specifically questioning the release of robbery footage. The tweet presents a question rather than making a specific claim, but it implies skepticism about the official narrative without providing unverified or speculative information. The language used does not contain extreme emotion, conspiracy theories, or implausible claims, suggesting it is more of an inquiry based on publicly available information. The tone seems to seek clarification rather than spread misinformation.",False,json
145,That crowd behind the cops? MORE cops. ferguson,not_rumour,rumour,0.8,"The tweet is on-topic, discussing the 2014 Ferguson unrest, and specifically claims that a crowd behind the police consists of more police officers. This claim presents an unverified assertion without providing any evidence or credible sources to support it. The lack of verifiable facts and the absence of sources suggest that this information may be speculative or unconfirmed. Therefore, it should be classified as a rumour due to the potential for misinformation.",False,json
146,What year are we in again? This is looking like the 50s Ferguson,not_rumour,rumour,0.8,"The tweet is on-topic, referencing the Ferguson unrest, but it does not make a specific claim about the events of 2014. Instead, it draws a comparison to the 1950s, implying a sense of déjà vu or historical repetition without providing verifiable facts. The language used is more emotional and speculative than factual, lacking concrete information or credible sources. This suggests that the tweet is expressing an opinion or unverified sentiment rather than reporting confirmed news.",False,json
147,"Oh. So NOW the Ferguson police chief says the cop didn't know about the robbery when he stopped MikeBrown. The kid was ""jaywalking""? BS!",rumour,rumour,0.8,"The tweet is on-topic, discussing the 2014 Ferguson unrest after the shooting of Michael Brown. It specifically claims that the Ferguson police chief stated the cop didn't know about the robbery when he stopped MikeBrown and questions this claim by suggesting the reason given (jaywalking) is implausible. The language used ('BS') indicates strong emotion but does not necessarily signify unverified information, as it reacts to a reported statement from the police chief rather than asserting new facts. However, without citing a source for the police chief's statement or providing context, the tweet leans towards speculation and emotional reaction rather than verified news.",False,json
148,Update Ferguson police release stills from convenience store footage showing robbery,rumour,not_rumour,0.9,"The tweet is on-topic, discussing the 2014 Ferguson unrest after the shooting of Michael Brown, and specifically claims that Ferguson police released stills from convenience store footage showing a robbery. This claim can be verified as factual reporting because it refers to real events where surveillance footage from a convenience store was indeed released by the police, showing Michael Brown involved in a robbery before his encounter with the police. The tweet presents this information in a neutral manner without speculation or emotional language. Therefore, it aligns with verified news and factual reporting about the incident.",False,json
149,church fan RT Where's the NRA's call for blacks to arm themselves against the police? MikeBrown Ferguson,not_rumour,rumour,0.8,"The tweet is on-topic, discussing the 2014 Ferguson unrest after the shooting of Michael Brown, but it makes a specific claim about the NRA's response, which is not verified by credible sources. The tweet presents an emotional and speculative question rather than verifiable facts, implying a conspiracy or double standard by the NRA. There are signals of rumour/misinformation, including unconfirmed reports, speculation, and extreme emotion. The lack of sources and implausible claims also suggest that this tweet is spreading unverified information.",False,json
150,This Cartoon Says It All via via Chattanooga Times Free Press Ferguson UniteBlue libcrib KY,not_rumour,not_rumour,0.6,"The tweet does not make a specific claim about the 2014 Ferguson unrest after the shooting of Michael Brown, but rather appears to be sharing a cartoon related to the event. The lack of explicit information or claims in the tweet makes it difficult to classify as rumour or verified news. However, since it references a specific publication (Chattanooga Times Free Press) and does not contain obvious signals of rumour or misinformation, it leans towards being more factual or neutral in intent. The tweet's content is too vague to be considered a clear example of either category, but based on the context provided, it seems to be referencing verified news or commentary.",False,json
151,"Crowd near site of shooting chants ""hands up, don't shoot."" Ferguson",not_rumour,not_rumour,0.9,"The tweet is on-topic, discussing the 2014 Ferguson unrest after the shooting of Michael Brown. It specifically claims that a crowd near the site of the shooting chanted 'hands up, don't shoot,' which is a verifiable fact supported by multiple credible sources and eyewitness accounts from the time. This phrase became a rallying cry during the protests in Ferguson. The tweet presents this information in a straightforward manner without speculation or emotional language, indicating it is based on factual reporting.",False,json
152,"Journalists being arrested in Ferguson. This aggression will not stand, man RT Just saw two reporters in ferguson cuffed",not_rumour,not_rumour,0.9,"The tweet is on-topic, discussing the 2014 Ferguson unrest after the shooting of Michael Brown. It specifically claims that journalists are being arrested in Ferguson, which is a verifiable fact as there were reports from credible sources during that time about journalists being detained or arrested while covering the protests. The language used, although emotive, does not speculate or make unconfirmed claims, and the event described (journalists being arrested) was confirmed by multiple news outlets. Therefore, this tweet presents verified information about the events in Ferguson.",False,json
153,UNEASY NIGHT St. Louis Post Dispatch's reporting on last night's clashes in Ferguson,not_rumour,not_rumour,0.9,"The tweet is on-topic, discussing the 2014 Ferguson unrest after the shooting of Michael Brown, and specifically mentions 'last night's clashes in Ferguson', which suggests it is reporting on events related to the unrest. The tweet references the St. Louis Post Dispatch, a credible news source, implying that the information is based on verified reporting. There are no obvious signals of rumour or misinformation such as unconfirmed reports, speculation, or extreme emotion. The mention of a specific news outlet adds credibility to the tweet.",False,json
154,I can't help but notice that no one with the NRA or tcot has suggested the Ferguson protesters should carry assault rifles. Weird.,not_rumour,rumour,0.8,"The tweet is on-topic, discussing the 2014 Ferguson unrest after the shooting of Michael Brown, but it makes a claim about the lack of suggestion from specific groups (NRA or tcot) for protesters to carry assault rifles. This claim is more of an observation and critique rather than a factual report about the events in Ferguson. The tweet does not present verifiable facts about the unrest itself but rather comments on the perceived hypocrisy or inconsistency of certain groups' stances. It lacks specific, confirmable information and sources, leaning towards speculation.",False,json
155,An 88-year-old woman has joined the youth in Ferguson,not_rumour,rumour,0.6,"The tweet is on-topic, related to the 2014 Ferguson unrest after the shooting of Michael Brown, as it mentions 'Ferguson'. The specific claim made is about an 88-year-old woman joining the youth in protests, which could be a factual report but lacks verification or sources. There are no overt signals of rumour or misinformation like conspiracy language or extreme emotion, but the lack of detail and context raises some suspicion. However, without explicit indicators of falsehood, it's reasonable to approach this with a moderate level of skepticism.",False,json
156,"If Michael Brown had been carrying a gun, would Republicans still say he had a right to bear arms? Or is that only for white men? ferguson",not_rumour,rumour,0.8,"The tweet is on-topic, discussing the 2014 Ferguson unrest after the shooting of Michael Brown, but it presents an unverified and speculative claim by questioning the hypothetical reaction of Republicans if Michael Brown had been carrying a gun. The tweet does not provide verifiable facts about the event itself but rather uses it as a basis for a rhetorical question that implies racial bias. This kind of speculation and emotional appeal can be indicative of rumour or misinformation. The lack of concrete, factual information and the presence of speculative language lead to its classification.",False,json
157,"I don't know how this is going to end. But man, it doesn't feel good right now. ferguson",not_rumour,not_rumour,0.8,"The tweet is on-topic, referencing 'ferguson', which is likely referring to the 2014 Ferguson unrest after the shooting of Michael Brown. However, it does not present any verifiable facts or specific claims about the event; instead, it expresses a personal sentiment and uncertainty about the outcome. The language used is emotional but does not contain speculation, conspiracy theories, or unconfirmed reports that are typical of rumors. The tweet's vagueness and lack of concrete information suggest it's more of a personal reaction than an attempt to spread misinformation.",False,json
158,Report Ferguson Cop ID'd As Unarmed Teen's Killer Left The Area Days Ago,rumour,rumour,0.8,"The tweet is on-topic, discussing the 2014 Ferguson unrest after the shooting of Michael Brown. It makes a specific claim about the police officer involved in the shooting leaving the area days ago. However, this information could be considered unverified or speculative without a credible source to back it up, and the language used does not provide any concrete evidence or reference to established news outlets. The claim's veracity depends on confirmation from reliable sources, which is not indicated in the tweet.",False,json
159,"Witness to Ferguson shooting atty confirms Brown took cigars from store. Client told FBI he ""did take cigarillos""",rumour,not_rumour,0.9,"The tweet is on-topic, discussing the 2014 Ferguson unrest after the shooting of Michael Brown. It specifically claims that a witness's attorney confirmed Brown took cigars from a store, citing an FBI statement. This information is verifiable and based on a credible source (the FBI), which reduces the likelihood of it being a rumor. The language used is neutral and factual, without emotional appeals or speculation.",False,json
160,This Ferguson PD chief press conference is AMAZING... he just ADMITTED Darren Wilson stopped him bc of the jaywalking.,rumour,not_rumour,0.8,"The tweet is on-topic, discussing the 2014 Ferguson unrest after the shooting of Michael Brown, specifically referencing a press conference by the Ferguson PD chief. The claim made is that Darren Wilson stopped Michael Brown because of jaywalking, which has been reported in various credible sources as the initial reason for the stop. However, the tone and language used ('AMAZING', 'ADMITTED') could suggest some level of emotional interpretation or sensationalism. Despite this, the core claim itself aligns with verified reports from the time.",False,json
161,"""The fatal shooting of an unarmed teenager deserves a full review."" AG Eric Holder MikeBrown Ferguson",not_rumour,not_rumour,0.9,"The tweet is on-topic, discussing the fatal shooting of Michael Brown in Ferguson. It quotes AG Eric Holder stating that the incident deserves a full review, which is a verifiable fact as the US Department of Justice did conduct an investigation into the shooting. The language used is neutral and does not contain speculation or emotional claims. This suggests that the tweet presents confirmed information about the official response to the event.",False,json
162,2nd Video footage proving Ferguson PD Chief lied on RT After moments of MikeBrown death.,rumour,rumour,0.8,"The tweet is on-topic, discussing the 2014 Ferguson unrest after the shooting of Michael Brown. It makes a specific claim about video footage proving the Ferguson PD Chief lied, which could be verifiable if the footage exists and has been authenticated by credible sources. However, the tweet lacks any reference to credible sources or fact-checking, and its language implies a confrontational tone without providing evidence. This suggests that while the claim might be based on real events, its presentation here leans towards unverified or speculative reporting.",False,json
163,"BREAKING Ferguson police chief just announced that officer Darren Wilson shot the unarmed teen, Michael Brown.",rumour,not_rumour,0.8,"The tweet is on-topic, discussing the 2014 Ferguson unrest after the shooting of Michael Brown. It specifically claims that the Ferguson police chief announced officer Darren Wilson shot the unarmed teen, Michael Brown. However, this statement presents a verifiable fact - that Michael Brown was shot by Darren Wilson - which has been confirmed by credible sources, but the context of the 'announcement' by the police chief could be misleading or speculative without further information. The tweet lacks explicit signals of rumour or misinformation such as unconfirmed reports, speculation, or extreme emotion.",False,json
