index,text,true_label,pred_label,confidence,reasoning,parse_error,parse_method
0,Last week saw the third anniversary of the Manchester Arena attack. The XS Manchester team recognised the day in a poignant poem recital with Ryan Williams,reliable,reliable,0.95,"The tweet explicitly mentions the 'third anniversary of the Manchester Arena attack' and describes a commemorative event. This directly relates to the bombing. It describes a local radio station's remembrance, which is a plausible and verifiable event, not making any false or misleading claims about the attack itself. There are no signals of misinformation.",False,json
1,"I'm sure the Brits love the US right now, as their evidence and intel keeps showing up in US news outlets.",unrelated,reliable,0.9,"The tweet refers to 'evidence and intel' showing up in 'US news outlets' and mentions 'the Brits' and 'the US'. This strongly suggests it is related to the controversy following the Manchester Arena bombing where US media outlets published sensitive intelligence shared by the UK, causing a diplomatic row. The tweet itself doesn't make a false claim but rather comments on a real event and its perceived impact, making it a plausible observation about a real-world situation related to the bombing's aftermath.",False,json
2,Prince William and Theresa May to attend Arena attack memorial service,reliable,reliable,0.95,The tweet states that Prince William and Theresa May would attend a memorial service for the Arena attack. This is a factual statement about a public event related to the Manchester Arena bombing. Such attendance by prominent figures at a significant memorial service is plausible and would be widely reported by reliable news sources.,False,json
3,A report into the Manchester Arena attack is now calling on the Government to review security measures at all major venues and events across the Country. It comes as the mother of Martyn Hett campaigns in his memory. 4 people from the North East were killed in the attack,reliable,reliable,0.95,"The tweet discusses a report on the Manchester Arena attack, calls for a review of security measures, mentions a victim's mother campaigning, and states the number of North East victims. These are all verifiable facts related to the aftermath and impact of the 2017 Manchester Arena bombing, consistent with news reporting at the time.",False,json
4,"COME ON EVERYBODY,,,,,,PLEASE KEEP SHAREING.....THIS THING IS PURE EVIL GET HIM CAUGHT amp LOCKED UP BEFORE ANYONE...",unrelated,misinformation,0.8,"The tweet uses highly emotional language ('PURE EVIL,' 'GET HIM CAUGHT amp LOCKED UP') and a call to action ('PLEASE KEEP SHAREING') without providing any specific details, context, or verifiable information about who 'HIM' refers to or what 'THIS THING' is. While it could potentially be related to the Manchester Arena bombing given the context of the prompt, the tweet itself lacks any direct mention of the event, individuals involved, or specific facts. Its vague, alarmist nature and call for sharing are characteristic of content that often spreads unverified information or fear, making it impossible to classify as reliable. Without specific details, it's impossible to confirm if it's about the bombing or something else entirely, but its style aligns more with misinformation tactics than reliable reporting.",False,json
5,Take That have cancelled tonight's gig,unrelated,reliable,1.0,"The tweet states that Take That cancelled their gig. Following the Manchester Arena bombing on May 22, 2017, Take That, who were scheduled to perform at the Manchester Arena on May 25-27, 2017, did indeed cancel and postpone their shows. This was widely reported and is a verifiable fact directly related to the aftermath of the bombing.",False,json
6,OneLoveManchester It's been two years since the Manchester Arena attack killed 22 people,reliable,reliable,1.0,"The tweet directly references the 'Manchester Arena attack' and states 'It's been two years since' the event, which aligns with the timing of the 2017 bombing if posted around 2019. It also accurately states that '22 people' were killed, which is the confirmed death toll. The hashtag 'OneLoveManchester' further connects it to the event and the tribute concert.",False,json
7,Manchester Arena 22 killed in terror attack at Ariana Grande concert. People should be able to be safe at a...,reliable,reliable,0.95,"The tweet directly references the Manchester Arena terror attack, stating '22 killed' at an 'Ariana Grande concert.' This aligns with the widely reported and verified facts of the 2017 bombing. The tweet accurately describes the event and its immediate aftermath, without introducing false claims or conspiracy theories.",False,json
8,The festival took place two months after 22 people were killed in a terror attack during a concert at Manchester Arena.,reliable,reliable,1.0,"The tweet explicitly mentions '22 people were killed in a terror attack during a concert at Manchester Arena,' which directly refers to the 2017 Manchester Arena bombing. The statement about the number of casualties and the location is factually accurate and widely reported by reliable news sources. There are no indicators of misinformation, conspiracy theories, or unrelated content.",False,json
9,Manchester Arena bomber filmed scoping out venue in days before terror attack IslamicTerrorism,reliable,reliable,0.95,"The tweet states that the Manchester Arena bomber was filmed scoping out the venue in the days before the attack. This is a verifiable fact that was widely reported by reputable news sources following the attack, as CCTV footage confirmed Salman Abedi's reconnaissance activities. The tweet accurately describes a known detail of the event.",False,json
10,"Why more immigrants? London bombs 7-7-2005 MI5 UK Govt., Manchester arena psyop,no bomb,no dead. Sergei Skripal no novichok, psyop. Spy in a suitcase MI5, amp many more. Royals media complicit. I'm serious as hell. Can send links to anyone. Proof is all out there.",misinformation,misinformation,1.0,"The tweet explicitly mentions 'Manchester arena psyop, no bomb, no dead,' directly addressing the 2017 Manchester Arena bombing. It claims the event was a 'psyop' with 'no bomb, no dead,' which are demonstrably false assertions contradicting official reports, victim testimonies, and extensive evidence. These claims align with common conspiracy theories and misinformation surrounding the event.",False,json
11,Very sad news to have to confirm. RIP Georgina.,unrelated,reliable,0.9,"The tweet expresses sadness and mentions 'Georgina' and 'RIP'. Georgina Callander was one of the victims of the Manchester Arena bombing. While the tweet doesn't explicitly state 'Manchester Arena bombing', the context of 'sad news' and 'RIP Georgina' strongly implies it refers to her death in that event. It's a personal expression of grief rather than a factual news report, but it aligns with the tragic reality of the event.",False,json
12,Praying for everyone in Manchester arena right now! Praying it's not a terrorist attack! manchesterarena,reliable,reliable,0.9,"The tweet is clearly about the Manchester Arena incident, as indicated by 'Manchester arena' and 'manchesterarena'. It expresses concern and hope that it's not a terrorist attack, which reflects the immediate uncertainty and fear during the unfolding event. This tweet was likely posted in the very early stages, before official confirmation of the nature of the attack, making it an emotional reaction rather than a factual claim or misinformation.",False,json
13,"""You unbelievers, you see the day you pay the tribute to the Islamic state away and see it soon, God willing.""",unrelated,misinformation,0.85,"The tweet contains a threatening message directed at 'unbelievers' and references 'the Islamic state,' implying a future act of violence or retribution. While it doesn't explicitly mention the Manchester Arena bombing, the language is consistent with extremist rhetoric often associated with groups like ISIS, which claimed responsibility for the bombing. This type of content, especially when not directly linked to a specific event but using similar threatening language, is best classified as misinformation in the context of discussing factual information about the bombing, as it's a general threat rather than a factual statement about the event itself.",False,json
14,"More blood on your hands, imho.",unrelated,unrelated,1.0,"The tweet 'More blood on your hands, imho.' is extremely vague and lacks any specific context. It does not mention the Manchester Arena bombing or any other event, person, or entity. Without any contextual information, it's impossible to determine if it relates to the bombing or any other specific event, making it unrelated to the task.",False,json
15,Suicide Bomb Attack at Manchester Arena 22 Dead and 59Injured,reliable,reliable,0.95,The tweet directly references a 'Suicide Bomb Attack at Manchester Arena' and provides casualty figures. The figures '22 Dead and 59 Injured' are consistent with initial reports and the final confirmed death toll (22 fatalities) and the number of serious injuries (59 requiring hospital treatment) from the 2017 Manchester Arena bombing. This information was widely reported by credible news sources.,False,json
16,'Never forget' Kate and William join bereaved families at Manchester terror attack site,reliable,reliable,0.95,"The tweet explicitly mentions 'Manchester terror attack site' and 'bereaved families,' directly referencing the Manchester Arena bombing. The presence of Kate and William at such an event is a plausible and verifiable news item, often covered by mainstream media. There are no indicators of false claims, conspiracy theories, or unrelated content.",False,json
17,"Last night's atrocity at 's Manchester concert was an attack on a generation, writes",reliable,reliable,0.95,"The tweet directly references 'last night's atrocity at Manchester concert,' which clearly points to the 2017 Manchester Arena bombing. It describes the event as 'an attack on a generation,' which is an interpretive statement about the impact of the event, not a factual claim that can be true or false. It's a plausible and common sentiment expressed in the aftermath of such an event, aligning with reliable reporting and commentary from the time.",False,json
18,"help share, we are still missing one of our students",unrelated,reliable,0.9,"The tweet is a plea for help regarding a missing student. While it doesn't explicitly mention the Manchester Arena bombing, this type of message was very common and urgent in the immediate aftermath of the attack as people searched for loved ones. It reflects the real-time chaos and concern during the event, making it plausible and directly related to the immediate impact of the bombing, rather than being misinformation or unrelated.",False,json
19,For some reason the previous 'sources' links didn't work so here they are again p. 86,unrelated,unrelated,1.0,"The tweet refers to 'sources' and a page number, suggesting it's part of a discussion or document. However, it provides no context about the Manchester Arena bombing or any specific claims related to it. Without any explicit mention or implicit connection to the event, it's impossible to classify it as reliable or misinformation regarding the bombing. Therefore, it is unrelated to the topic.",False,json
20,"Islam does not seek to co-exist, Islam seeks to dominate, enslave amp eradicate",unrelated,unrelated,1.0,"The tweet makes a general statement about Islam, expressing a negative and prejudiced view. It does not mention the 2017 Manchester Arena bombing, nor does it provide any specific information or claims related to that event. Therefore, it is unrelated to the bombing.",False,json
21,"Thank you for the kind words but until you stop the invasion on our southern border, then i can only see a situation where we have more attacks like the Manchester arena attack.",misinformation,unrelated,0.9,"The tweet explicitly mentions the 'Manchester arena attack' but uses it as a reference point to discuss an unrelated political issue (border invasion) and make a speculative, unverified claim about future attacks. It does not provide any factual information about the Manchester Arena bombing itself, nor does it spread false information about the event. Instead, it leverages the event's memory to support a political argument, making it unrelated to factual reporting or misinformation about the bombing itself.",False,json
22,tried to explain to my 17 amp 14 yr old girls what's going on in UK politics as they v angry with Bojo suicide vest comment given local Manchester arena bomb. All I cud really say was GUBU!,reliable,reliable,0.9,"The tweet explicitly mentions the 'local Manchester arena bomb' in the context of explaining UK politics and a 'suicide vest comment.' It uses the bombing as a reference point for the daughters' anger, indicating it's relevant to the event's impact and public perception, rather than making a factual claim about the bombing itself. It's not misinformation as it doesn't spread false claims about the bombing, nor is it unrelated.",False,json
23,Complicit Tory Govt - time to boot them out! May -Rudd's are threat to our safety amp security. GE2017,unrelated,unrelated,0.85,"The tweet mentions 'May' and 'Rudd' and 'GE2017' (General Election 2017), which occurred shortly after the Manchester Arena bombing. It criticizes the 'Tory Govt' and implies they are a 'threat to our safety & security'. While it doesn't explicitly name the bombing, the timing and political context strongly suggest it's a reaction to the event and the government's handling of security, making it related. However, it's a political opinion/criticism, not a factual claim about the bombing itself, nor is it misinformation about the event. It's a political statement in the aftermath.",False,json
24,"THIS is what has told us we must all ""get used to."" Do we agree with this monster? tcot",unrelated,unrelated,0.95,"The tweet uses highly emotional and accusatory language ('monster,' 'get used to') and the hashtag 'tcot' (Top Conservatives On Twitter), which often accompanies political commentary rather than factual reporting. It does not mention the Manchester Arena bombing or any specific event, making it impossible to link it to the bombing. The language suggests a general political or social commentary, not a specific event.",False,json
25,Roger Franklin says Manchester Arena bomb should have hit ABC studio via,reliable,unrelated,0.9,"The tweet explicitly mentions 'Manchester Arena bomb,' indicating it is related to the event. However, the content 'should have hit ABC studio' is a statement of opinion or a hypothetical, not a factual claim about the bombing itself. It expresses a sentiment about where the attack 'should' have occurred, which is not a verifiable fact about the event's occurrence or details, nor is it a conspiracy theory about the bombing's nature. It's an unrelated, albeit provocative, commentary on the event's target.",False,json
26,"Bomb reports in Manchester arena Though, I've watched countless videos of the ""explosion"" but I'm hearing what sounds like a baloon popping",reliable,misinformation,0.95,"The tweet directly references 'Bomb reports in Manchester arena' and questions the nature of the 'explosion' by comparing it to a 'balloon popping.' This language is characteristic of conspiracy theories that attempt to downplay or deny the severity of real-world events, suggesting the bombing was not as it was reported. It casts doubt on established facts about the Manchester Arena bombing.",False,json
27,US media shows evidence from ongoing UK investigation into ManchesterBombing so much for the special relationship,reliable,reliable,0.95,"The tweet is directly about the Manchester Arena bombing. It claims that US media showed evidence from an ongoing UK investigation, implying a breach of trust or 'special relationship.' This specific event, where US media published leaked photos from the crime scene before UK authorities intended, did indeed happen and caused diplomatic friction. Therefore, the tweet describes a factual event related to the investigation.",False,json
28,Reports The Islamic State group says one of its members carried out last night's terror attack at the Manchester Arena.,reliable,reliable,0.95,"The tweet reports on a claim made by the Islamic State group regarding responsibility for the Manchester Arena attack. This was widely reported by credible news organizations at the time as a factual development in the aftermath of the bombing. The tweet itself is a report of a claim, not an endorsement of its veracity, but the reporting of the claim itself is accurate in the context of news coverage.",False,json
29,Discussing the Manchester Arena attack is Dr Susan Beards RSMrapidact,reliable,reliable,0.9,"The tweet states that 'Dr Susan Beards RSMrapidact' is discussing the Manchester Arena attack. This is a factual statement about a person discussing the event, not a claim about the event itself. It doesn't contain any false information or conspiracy theories, nor is it unrelated. It simply describes an action related to the event.",False,json
30,"For anyone who can breach the Telegraph paywall, this is a good long read ...",unrelated,unrelated,1.0,"The tweet refers to a 'long read' from 'the Telegraph' and mentions breaching a paywall. There is no mention of the Manchester Arena bombing or any related topic. Therefore, the tweet is unrelated to the event.",False,json
31,Queues forming outside city centre blood donor centre - great to see residents rallying 4 MCR image Steve Holden,unrelated,reliable,0.95,"The tweet describes queues forming at a blood donor center in Manchester, explicitly stating it's 'great to see residents rallying 4 MCR'. This directly relates to the community response following the Manchester Arena bombing, indicating support and solidarity. There are no signs of false claims, conspiracy theories, or unrelated content; it reports a plausible community action in the aftermath of a major incident.",False,json
32,tERROR IN UK Moments inside Manchester Arena right after the explosion on Ariana Grande's concert,reliable,reliable,0.9,"The tweet explicitly mentions 'Manchester Arena,' 'explosion,' and 'Ariana Grande's concert,' directly referencing the 2017 Manchester Arena bombing. It describes 'Moments inside Manchester Arena right after the explosion,' which is a plausible description of content related to the event, such as eyewitness accounts or footage. There are no clear signals of misinformation, conspiracy theories, or fabricated claims; it simply describes the content of a potential video or report about the immediate aftermath.",False,json
33,Teenage girls visibly in tears after hearing the tragic news,unrelated,reliable,0.85,"The tweet describes an emotional reaction ('visibly in tears') to 'tragic news.' While it doesn't explicitly mention the Manchester Arena bombing, the phrasing is consistent with the immediate aftermath and public reaction to such an event. It's a plausible description of a human response to a tragedy, rather than a factual claim about the event itself or a piece of misinformation. Given the context of the prompt, it's highly likely referring to the emotional impact of the bombing.",False,json
34,Government 'must review security at UK entertainment venues' after Manchester arena attack,reliable,reliable,0.95,"The tweet directly references the 'Manchester arena attack' and discusses a relevant consequence: the government's need to 'review security at UK entertainment venues'. This is a plausible and common response following such an event, reflecting a call for policy change rather than a factual claim about the event itself. There are no indicators of misinformation, conspiracy theories, or unrelated content.",False,json
35,"She said the attack at Manchester Arena was justified. She isn't meant to be a mother, those who contribute to murder don't deserve life.",reliable,unrelated,0.7,"The tweet explicitly mentions 'the attack at Manchester Arena,' confirming it is on-topic. It describes a person justifying the attack and expresses extreme emotional judgment ('don't deserve life'). However, it doesn't make a factual claim about the bombing itself, but rather a subjective opinion and condemnation of someone else's alleged statement. While the statement 'She said the attack at Manchester Arena was justified' could potentially be a factual claim if verifiable, the tweet provides no context or evidence, and the primary focus is on the emotional condemnation rather than reporting a verifiable fact about the bombing or its aftermath. Without context or verification of the 'she said' claim, and given the highly emotional and judgmental nature, it leans away from being 'reliable' news and doesn't fit 'misinformation' about the event itself, but rather a reaction to an alleged statement.",False,json
36,"The high-security Frankland Prison is one of three in the country with separation centres, dubbed 'jails within jails'.",unrelated,unrelated,0.95,"The tweet describes Frankland Prison and its 'separation centres.' While Frankland Prison has housed individuals connected to terrorism, including some related to the Manchester Arena bombing, this specific tweet does not mention the bombing or any related individuals. It is a general statement about the prison's facilities, making it unrelated to the Manchester Arena bombing itself.",False,json
37,Terrorist attack? Like the one that blew up the Manchester Arena killing 22 and maiming countless others - carried out by a refugee? You have blood on your hands you disgusting NIMBY. Any time these invaders commits a crime - its on you.,misinformation,misinformation,0.95,"The tweet explicitly references the Manchester Arena bombing, stating it killed 22 and maimed others. It then makes the claim that the attack was 'carried out by a refugee.' While the attack itself is a real event, the claim about the perpetrator being a 'refugee' is a mischaracterization. Salman Abedi, the perpetrator, was born in Manchester to Libyan parents who had sought asylum, but he was a British citizen, not a refugee at the time of the attack. The tweet uses this mischaracterization to fuel xenophobic rhetoric, linking 'invaders' to crime and assigning blame, which is a common tactic in misinformation.",False,json
38,"Massive Attack - Risingson Live Manchester Arena, Tuesday 29th January, 2019 via",reliable,unrelated,1.0,"The tweet mentions 'Manchester Arena' and a date, but the date (January 29, 2019) is well after the 2017 bombing. It refers to a live performance by 'Massive Attack' and a specific song, 'Risingson'. This content describes a concert event, not the bombing itself. Therefore, it is unrelated to the 2017 Manchester Arena bombing.",False,json
39,Crowdfunding to support families of those killed and injured in the Manchester Arena attack-,reliable,reliable,0.95,"The tweet explicitly mentions 'Manchester Arena attack' and 'families of those killed and injured,' directly linking it to the 2017 bombing. Crowdfunding efforts to support victims and their families are a common and verifiable response to such tragedies. There are no signals of misinformation, conspiracy, or extreme emotion; it's a straightforward statement about support.",False,json
40,"How naive stupid are you ?!? She knew exactly what she was doing, she was not trafficked she went of her own free will- and then to top it all shes since said that the Manchester Arena attack was justified ! She can rot in Syria for good for all anyone cares!!",reliable,reliable,0.75,"The tweet explicitly mentions the 'Manchester Arena attack' and makes a claim about someone justifying it. While the tweet expresses strong opinions and anger, it is directly referencing the event. The core claim about someone justifying the attack is a statement about the event, even if presented with extreme emotion and without sources. It's not misinformation about the *facts* of the bombing itself, but rather a strong opinion/report about a related statement.",False,json
41,"Manchester arena UK, Bomb at concert bomb in ticket office.",reliable,reliable,0.95,"The tweet accurately states that there was a bomb at the Manchester Arena in the UK, specifically mentioning a concert and a bomb in the ticket office. While concise, these details align with the known facts of the 2017 Manchester Arena bombing where an explosive device was detonated in the foyer area, near the ticket offices, after an Ariana Grande concert. There are no signs of misinformation or unrelated content.",False,json
42,"Lancaster University researcher is leading work designed by amp for young survivors of the Manchester Arena attack. , herself a survivor of the Arena bombings, is working in collaboration with the National Emergencies Trust on Bee The Difference",reliable,reliable,0.95,"The tweet discusses a research project led by a Lancaster University researcher, who is also a survivor of the Manchester Arena attack. The project, 'Bee The Difference,' is designed for young survivors and is in collaboration with the National Emergencies Trust. This appears to be a factual report about a legitimate initiative related to the aftermath of the bombing, without any signs of false claims or conspiracy theories.",False,json
43,"An inquest into the 2017 Manchester Arena terror attack found that MI5 knew that jihadist Salman Abedi, the son of Libyan refugees, had visited an Islamist extremist in prison twice, but did not reopen their investigation into him.",misinformation,reliable,0.98,"The tweet is directly about the 2017 Manchester Arena bombing and references findings from an inquest. The claim that MI5 knew about Salman Abedi's visits to an extremist in prison and did not reopen their investigation is consistent with widely reported findings from the public inquiry into the attack, specifically regarding intelligence failures. This information has been extensively covered by reputable news organizations.",False,json
44,Why has terror threat been increased to 'critical' and what is Operation Temperer?,reliable,reliable,0.95,"The tweet asks about the terror threat level being increased to 'critical' and 'Operation Temperer'. These were direct responses by the UK government and police following the 2017 Manchester Arena bombing. The tweet is asking for information about these responses, not spreading false claims, making it a relevant and plausible inquiry about the event's aftermath.",False,json
45,"Are you listening America. The Royal Navy ""rescued"" a migrant called Salman Abedi, brought him to Britain. How did he repay us. He carried out the Manchester Arena bomb attack. Killing 22 injuring 800 mostly children. That's gratitude for you.",misinformation,misinformation,0.95,"The tweet is about the Manchester Arena bombing. It correctly identifies Salman Abedi as the perpetrator and the number of fatalities. However, the claim that the Royal Navy 'rescued' Abedi as a migrant and brought him to Britain is false and a common piece of misinformation. Abedi was born and raised in Manchester, UK, to Libyan parents who had sought asylum in the UK.",False,json
46,Rob King was inspired by friend Martyn Hett BGT,unrelated,reliable,0.85,"The tweet mentions Martyn Hett, who was a victim of the 2017 Manchester Arena bombing. The tweet implies a connection between Rob King's inspiration and Martyn Hett, which is related to the aftermath or impact of the bombing, even if indirectly. It doesn't make a false claim about the bombing itself, but rather a personal connection to a victim.",False,json
47,Shocking leak of British intelligence passed to Americans in US media - Amber Rudd said this would stop,unrelated,reliable,0.95,"The tweet discusses a 'shocking leak of British intelligence passed to Americans in US media' and references Amber Rudd's statement that 'this would stop'. This directly relates to the controversy following the Manchester Arena bombing where UK intelligence shared with US counterparts was leaked to US media, causing a diplomatic row and concern for ongoing investigations. Therefore, it is directly about the aftermath and related issues of the Manchester Arena bombing.",False,json
48,"That's the crux of it ""rules of engagement"" they are not refugees It is an invitation of 90 fighting age men We are under attack Sink the dinghies amp you watch them stop coming Or do we just wait for the next Manchester arena or London bombings",misinformation,unrelated,0.9,"The tweet explicitly mentions 'the next Manchester arena or London bombings,' directly referencing the event. However, it uses the bombing as a rhetorical device to support a broader, unrelated argument about immigration and 'fighting age men,' rather than providing factual information or claims about the bombing itself. The tweet's primary focus is on a political stance regarding refugees and perceived threats, not on the details or aftermath of the Manchester Arena bombing. Therefore, while it mentions the event, its core content is unrelated to providing information about it.",False,json
49,"Im pretty sure 99.9 of the people in the uk praised the police for their response in dealing with knife and terror attacks, like the ones at London Bridge and the Manchester arena. What a short memory some people have ....",reliable,reliable,0.85,"The tweet explicitly mentions the 'Manchester arena' in the context of terror attacks and public praise for the police response. It doesn't make any false claims about the event itself, but rather comments on public perception and memory regarding police actions after such events. While the '99.9%' figure is an estimation, the overall sentiment about public praise for police after terror attacks is plausible and not a factual claim about the bombing itself, nor does it spread misinformation about the event.",False,json
50,"A perplexing night as MassiveAttack bring Mezzanine to , doesn't quite get what he bargained for",unrelated,unrelated,1.0,"The tweet mentions 'MassiveAttack' and 'Mezzanine', which are related to the band Massive Attack and their album. It does not contain any keywords, dates, or references that link it to the 2017 Manchester Arena bombing. Therefore, it is unrelated to the event.",False,json
51,22 children blown up by a bomb detonated by a refugee rescued from the channel. Manchester Arena.,misinformation,misinformation,0.95,"The tweet correctly identifies the Manchester Arena bombing and the number of fatalities (22). However, it falsely claims the perpetrator was a 'refugee rescued from the channel'. The perpetrator, Salman Abedi, was born and raised in Manchester to Libyan parents and was not a 'refugee rescued from the channel'. This specific detail is a fabricated and misleading claim, making the tweet misinformation.",False,json
52,"Yaya Tour and his agent Dimitri Seluk will donate 100,000 to help the victims of the Manchester Arena attack. NaijaBet",reliable,reliable,0.95,"The tweet is directly about the Manchester Arena attack and claims that Yaya Touré and his agent will donate money to victims. This claim was widely reported by reputable news outlets at the time, making it a verifiable and reliable piece of information. There are no signals of misinformation.",False,json
53,Man left paralysed by Manchester Arena bomb conquers MountKilimanjaro,reliable,reliable,0.95,"The tweet explicitly mentions the 'Manchester Arena bomb,' directly linking it to the event. The claim about a man left paralysed conquering Mount Kilimanjaro is a plausible human interest story, often reported by reliable news outlets. There are no immediate red flags for misinformation such as conspiracy theories, extreme emotional language, or implausible claims that defy reality. This type of story is consistent with post-event reporting on survivors' resilience.",False,json
54,Lack of resources seem to be a significant factor here. Worrying,unrelated,unrelated,0.95,"The tweet is extremely vague and lacks any specific context or details linking it to the Manchester Arena bombing. It mentions 'lack of resources' and 'worrying' but provides no information about what 'here' refers to, making it impossible to determine if it's related to the bombing or any other specific event. Without context, it cannot be classified as reliable or misinformation about the bombing.",False,json
55,"This 10-year-old survivors letter to is beyond beautiful ""I really hope you're not too scared""",unrelated,reliable,0.9,"The tweet describes a letter from a 10-year-old survivor, which is a plausible and common type of content following such a tragic event. It expresses an emotional sentiment rather than a factual claim, but it aligns with the context of the Manchester Arena bombing without presenting any false or misleading information. There's no indication of conspiracy or fabrication.",False,json
56,"Security teams at Britain's Manchester Arena 'should have prevented or minimised' the impact of the 2017 bombing attack at an Ariana Grande concert that killed 22 people, a public inquiry has found.",reliable,reliable,0.98,"The tweet directly discusses the 2017 Manchester Arena bombing, making it on-topic. It reports a finding from a public inquiry, stating that security teams 'should have prevented or minimised' the attack's impact. This is a verifiable claim attributed to an official source (a public inquiry), indicating it is factual news rather than a rumour or conspiracy theory. Therefore, it is reliable.",False,json
57,Dublin stars pay tribute to victims of Manchester terror attack,reliable,reliable,0.95,"The tweet explicitly mentions 'Manchester terror attack' and 'victims,' directly referencing the 2017 Manchester Arena bombing. It reports on 'Dublin stars' paying tribute, which is a plausible and common reaction to such an event. There are no signals of misinformation, conspiracy theories, or unrelated content.",False,json
58,Update! Manchester Arena Attack Death toll rises to 22. Manchester,reliable,reliable,0.98,"The tweet is directly about the Manchester Arena attack. The claim that the death toll rose to 22 is a verifiable fact that was widely reported by official sources and news outlets in the immediate aftermath of the bombing. There are no signals of misinformation, conspiracy, or extreme emotion; it's a factual update.",False,json
59,Police say at least 22 people have been killed and another 59 injured in a bomb attack at the Manchester Arena in...,reliable,reliable,0.98,"The tweet directly references a 'bomb attack at the Manchester Arena' and provides specific casualty figures ('at least 22 people have been killed and another 59 injured') attributed to 'Police say'. These details align with initial reports and confirmed facts about the 2017 Manchester Arena bombing. There are no indicators of misinformation, conspiracy theories, or unrelated content.",False,json
60,Vigil for victims of the Manchester Arena attack to be held this evening on College Green,reliable,reliable,0.95,"The tweet explicitly mentions 'victims of the Manchester Arena attack' and announces a 'vigil' to be held 'this evening on College Green'. This is a straightforward factual statement about a public event related to the bombing, which is a common and verifiable type of news following such incidents. There are no indicators of false claims, conspiracy theories, or unrelated content.",False,json
61,"Mostly because they through it away before they arrive. To right she has, last week an illegal migrant exploded a bomb outside an hospital a few weeks before a British Somalian stabbed to death a member of parliament. Another blew up the Manchester arena etc etc etc",misinformation,misinformation,0.95,"The tweet explicitly mentions the Manchester Arena bombing, stating 'Another blew up the Manchester arena'. It then links this event, along with other violent acts, to 'illegal migrants' and 'British Somalian' individuals, implying a pattern of violence by specific demographic groups. While the Manchester Arena bombing did occur, the tweet uses it as part of a broader, unverified generalization to support a xenophobic narrative, which is characteristic of misinformation.",False,json
62,"Held her in his arms, the tragic fight to save Saffie via",unrelated,reliable,0.85,"The tweet refers to 'Saffie' and a 'tragic fight to save her,' which strongly aligns with the widely reported story of Saffie-Rose Roussos, the youngest victim of the Manchester Arena bombing. The phrase 'Held her in his arms' suggests a personal account or a news report detailing rescue efforts. Without further context or a link, it's difficult to verify the exact details, but the reference itself is plausible and consistent with news coverage of the event and its victims.",False,json
63,"The depth and beauty of our language, the vast range of human emotion, and the best Trump can do is ""evil losers.""",unrelated,unrelated,0.85,"The tweet criticizes Donald Trump's choice of words ('evil losers') in response to an event. While it doesn't explicitly name the Manchester Arena bombing, Trump used this phrase in reference to the perpetrators of that attack. The tweet is a commentary on his language rather than a factual claim about the bombing itself, but it implicitly references the event through Trump's known quote. Therefore, it is related to the event's aftermath and political response, but it's not a factual claim about the bombing itself, nor is it misinformation about the bombing.",False,json
64,Once again reckless media publishing unnecessary details. Still a live investigation. Who leaked the photos?,unrelated,reliable,0.85,"The tweet discusses 'reckless media publishing unnecessary details' and 'leaked photos' in the context of a 'live investigation'. While it doesn't explicitly name the Manchester Arena bombing, the timing and public discourse around leaked photos related to the investigation (specifically, photos leaked to the New York Times) strongly suggest it refers to this event. The tweet expresses concern about media conduct and leaks, which was a significant issue during the Manchester Arena bombing investigation, but it doesn't make a false factual claim itself; rather, it comments on the process and asks a question. It reflects a legitimate concern raised at the time.",False,json
65,Update! 19 people confirmed dead in Horrific attack in Manchester Arena death expected to go up. ManchesterArena ManchesterAttack,reliable,reliable,0.95,"The tweet is directly about the Manchester Arena bombing, as indicated by the hashtags and content. It reports an early, but accurate, death toll of 19, which was a confirmed figure in the immediate aftermath of the attack, with expectations for it to rise. This aligns with initial reliable news reports from the time.",False,json
66,"Such sad news Ratna Lachman, a tireless amp inspiring campaigner",unrelated,unrelated,1.0,"The tweet expresses sadness about Ratna Lachman, describing her as a 'tireless and inspiring campaigner.' There is no mention of the Manchester Arena bombing, the event's victims, or any related details. Therefore, the tweet is unrelated to the specified topic.",False,json
67,"If this is an active policing investigation then it raises questions as to whether the inquiry inquest can continue, to avoid prejudicing a fair trial. We need to hear from",unrelated,reliable,0.85,"The tweet discusses an 'active policing investigation' and its potential impact on an 'inquiry inquest' and 'fair trial.' This language is consistent with discussions surrounding the ongoing legal and investigative processes related to the Manchester Arena bombing, particularly concerning the public inquiry and potential criminal proceedings. It raises a procedural question rather than making a factual claim about the event itself, which aligns with plausible commentary on legal processes.",False,json
68,"NYT photos from crime scene another major leak by US officials of UK intel, despite Home Sec asking for it to stop.",unrelated,reliable,0.95,"The tweet directly references 'NYT photos from crime scene' and 'UK intel' being leaked by 'US officials' despite requests to stop. This aligns with widely reported incidents following the 2017 Manchester Arena bombing where sensitive crime scene photos and intelligence shared by the UK with US counterparts were leaked to American media outlets, including the New York Times. This caused significant diplomatic tension and was a verifiable event related to the bombing.",False,json
69,Why is not offering her resignation?,unrelated,unrelated,1.0,"The tweet asks 'Why is not offering her resignation?' without any context or mention of the Manchester Arena bombing. It is impossible to determine if this tweet is related to the bombing or any other specific event. Therefore, it is classified as unrelated.",False,json
70,I just have to share this it makes my heart sing proving that kindness is always repaid somehow...,unrelated,unrelated,1.0,"The tweet expresses a personal feeling about kindness being repaid, but it contains no keywords, hashtags, or contextual information linking it to the 2017 Manchester Arena bombing. Without any explicit or implicit connection to the event, it must be classified as unrelated. There is no information to suggest it is reliable or misinformation about the bombing.",False,json
71,Thousands flee in terror after loud bangs at Ariana Grande concert... Developing... RT via news,reliable,reliable,0.95,"The tweet describes 'loud bangs' and 'thousands flee in terror' at an Ariana Grande concert, which directly corresponds to the initial reports and events of the 2017 Manchester Arena bombing. It uses 'Developing...' which is typical of breaking news. While it doesn't explicitly state 'bombing' or 'Manchester', the context strongly points to the event and reflects early, accurate reporting of the unfolding situation.",False,json
72,The kind of day where I can't handle twitter but also can't stop scrolling. Recaps help me the most,unrelated,unrelated,1.0,"The tweet expresses a personal feeling about being unable to stop scrolling on Twitter and finding 'recaps' helpful. There is no mention of the Manchester Arena bombing, any related events, or any factual claims about it. Therefore, the tweet is completely unrelated to the topic.",False,json
73,"A report has revealed that the Manchester Arena Explosion at the Ariana Grande concert COULD'VE been prevented by MI5. I dont want this to be a race religion related tweet, but if youre on a Terror Watch List, why the hell are you still in the UK? Youre on the list for a reason!",reliable,reliable,0.85,"The tweet discusses a report suggesting the Manchester Arena bombing could have been prevented by MI5, which aligns with findings from official inquiries. The tweet also expresses a common sentiment/question regarding individuals on terror watch lists, which, while an opinion, is directly related to the event's aftermath and security discussions. It doesn't present fabricated facts or conspiracy theories, but rather reacts to a known aspect of the official investigation.",False,json
74,A public inquiry is about to decide whether the security services dropped the ball and should have prevented the atrocity that claimed 22 lives,unrelated,reliable,0.98,"The tweet directly references an 'atrocity that claimed 22 lives,' which is consistent with the Manchester Arena bombing. It also mentions a 'public inquiry' deciding whether 'security services dropped the ball,' which accurately reflects the purpose and ongoing nature of the inquiry into the bombing. This information is factually accurate and reflects a real-world event and its subsequent investigation.",False,json
75,Ariana Grande EMOTIONALLY speaks out about being made an honorary citizen of Manchester following the horrific,reliable,reliable,0.95,"The tweet explicitly mentions Ariana Grande speaking out about being made an honorary citizen of Manchester following a 'horrific' event. This directly relates to the aftermath of the 2017 Manchester Arena bombing, as Grande was a central figure in the city's response and was indeed made an honorary citizen. The tweet describes an emotional response, which is plausible given the context, and doesn't present any false or misleading claims. It appears to be a factual report about a public statement.",False,json
76,Jihadi threatened Manchester Arena terror attack HOUR BEFORE explosion Terrorism,reliable,misinformation,0.85,"The tweet claims a 'Jihadi threatened Manchester Arena terror attack HOUR BEFORE explosion'. While there were general threats from extremist groups, a specific, credible threat made an hour before the attack that was widely known and ignored would be a significant detail. This claim, without any verifiable source or official confirmation, sounds like a sensationalized or unverified rumour, often seen in misinformation surrounding such events. Official reports and investigations into the Manchester Arena bombing have not highlighted such a specific, public threat an hour before the attack.",False,json
77,Hero cop alerted to terrorist 'praying' 32 minutes before Manchester Arena bomb detonated killing 22. A Middle Eastern guy with a rucksack praying at a pop concert didnt ring any alarm bells,reliable,misinformation,0.8,"The tweet is about the 2017 Manchester Arena bombing. It claims a 'hero cop' was alerted to the terrorist 'praying' 32 minutes before the attack. While there were reports of security concerns raised about the bomber before the attack, the specific detail of a 'hero cop' being alerted to the bomber 'praying' 32 minutes prior, and the subsequent framing that 'didn't ring any alarm bells,' is a highly specific and emotionally charged interpretation that sensationalizes and potentially distorts the known facts surrounding the intelligence failures and missed opportunities. The official inquiry reports detail multiple missed opportunities and warnings, but this tweet's specific framing and timing ('32 minutes') without direct attribution or context from official reports leans towards a misleading narrative rather than a straightforward factual account.",False,json
78,How utterly devastating for Saffies family,unrelated,reliable,0.9,"The tweet expresses sympathy for 'Saffie's family'. Saffie-Rose Roussos was the youngest victim of the Manchester Arena bombing. While the tweet doesn't provide new factual information, it directly references a victim of the bombing and expresses an emotional response to the event, making it related to the bombing. It is not misinformation as it doesn't make false claims, nor is it unrelated.",False,json
79,still missing people from Manchester Arena attack they are all in my prayers love ya guys xx,reliable,misinformation,0.95,"The tweet refers to 'still missing people from Manchester Arena attack'. While the sentiment of prayer is positive, the claim of 'still missing people' is factually incorrect. All victims were accounted for shortly after the attack. This statement, therefore, spreads unverified and misleading information.",False,json
80,I also believe one of those killed was one of those gay fans amp it seems a fitting way to remember him. RIP Martyn Hett amp the 21 others so wrongly killed,unrelated,reliable,0.95,"The tweet explicitly mentions 'Martyn Hett amp the 21 others so wrongly killed,' directly referencing the victims of the 2017 Manchester Arena bombing. Martyn Hett was indeed one of the 22 victims of the attack and was openly gay. The tweet expresses a personal belief and remembrance, which aligns with factual details of the event and its victims, rather than spreading false information or being unrelated.",False,json
81,Your mate Merkel is letting thousands more into Europe. So yeah - dread it pal.,unrelated,unrelated,1.0,"The tweet discusses Angela Merkel's immigration policies and expresses a negative sentiment ('dread it pal'). It does not mention the Manchester Arena bombing, the attack, victims, or any related events. Therefore, it is unrelated to the bombing.",False,json
82,"I mean, this story makes it sound as if the NYT just stumbled on the photos",unrelated,unrelated,1.0,"The tweet discusses a 'story' and 'photos' and implies a critical stance on how the NYT might have acquired them. However, there is no mention of the Manchester Arena bombing, or any specific event that would link it to that topic. Without any contextual clues, it appears to be a general comment about news reporting or photo acquisition, making it unrelated to the specified event.",False,json
83,Warrington's has help to facilitate messages of hope and kindness,unrelated,unrelated,0.9,"The tweet mentions 'Warrington's' and 'messages of hope and kindness.' While such messages might be related to a tragic event like the Manchester Arena bombing, the tweet itself does not explicitly mention the bombing or any specific event. Without further context, it's impossible to definitively link it to the Manchester Arena bombing. Therefore, it is classified as unrelated.",False,json
84,The fake news is in the fact that someone claimed there was a gunman there when there wasnt. Council confirmed gt,unrelated,reliable,0.9,"The tweet directly addresses a specific claim related to the Manchester Arena bombing – the presence of a gunman. It refutes this claim by stating 'there wasnt' and cites 'Council confirmed' as a source. This aligns with official reports that the attack was carried out by a suicide bomber, not a gunman. Therefore, the tweet is correcting a piece of misinformation, making its own statement reliable.",False,json
85,'The 14 missing from the Manchester Arena terror attack' MissingInManchester Hoping they're found safe and well,reliable,misinformation,0.95,"The tweet refers to '14 missing' from the Manchester Arena attack. While there were initial reports of missing persons immediately after the attack, the official death toll was confirmed as 22, and all victims were accounted for. The claim of '14 missing' at a later point, implying an ongoing search, is misleading and inaccurate given the confirmed outcomes. This tweet perpetuates an unverified claim that deviates from the established facts.",False,json
86,President of Turkmenistan extends condolences to UK Government over Manchester Arena attack,reliable,reliable,0.95,"The tweet reports a diplomatic action – the President of Turkmenistan extending condolences – in response to the Manchester Arena attack. This is a plausible and verifiable type of event that would occur after a major incident. There are no indicators of misinformation, conspiracy theories, or unrelated content.",False,json
87,You only get infamy if you bomb places like Manchester arena or carry out attacks on London bridge,reliable,reliable,0.85,"The tweet explicitly mentions 'Manchester arena' in the context of bombings and 'infamy.' It uses the event as an example of an act that leads to infamy, which is a general observation rather than a factual claim about the event itself. It does not present any false information or conspiracy theories about the bombing, nor does it provide new information. It simply references the event as a known example.",False,json
88,"And the Libyan who bombed Manchester arena in 2017 was known to them as well, and his father veteran terrorist was granted asylum 25 yrs ago with his connection to Turkey amp Qatar ..",misinformation,misinformation,0.9,"The tweet is about the 2017 Manchester Arena bombing. It correctly identifies the bomber as Libyan and mentions his father. However, it makes unverified and potentially misleading claims about the father's asylum status and 'connection to Turkey and Qatar' as a 'veteran terrorist' without any factual basis or evidence. While some elements are true (bomber's nationality), the additional claims about the father's background and connections are presented as fact without verification, aligning with characteristics of misinformation.",False,json
89,There are some serious red flags in this report.,unrelated,unrelated,1.0,"The tweet 'There are some serious red flags in this report' is too vague to classify. It does not mention the Manchester Arena bombing, nor does it provide any specific details about a report or 'red flags.' Without context, it's impossible to determine if it's related to the bombing or if it contains reliable or misleading information. Therefore, it is classified as unrelated.",False,json
90,Theresa May Threat level remains at severe,unrelated,reliable,0.9,"The tweet mentions 'Theresa May' and 'threat level remains at severe'. While it doesn't explicitly mention the Manchester Arena bombing, the 'severe' threat level was indeed maintained by Theresa May's government following the attack in May 2017. This statement reflects a factual security status directly related to the aftermath of the bombing, making it reliable information in that context.",False,json
91,"There is a faction on the left powerful in student politics that does everything it can to identify any counter terror activity, such as Prevent, with racism. Isnt this why the guards at Manchester Arena were scared to approach a clearly threatening man outside a pop concert?",reliable,misinformation,0.9,"The tweet directly references the Manchester Arena bombing and attempts to link the actions of security guards to a broader political narrative about counter-terrorism and racism. It presents an unverified claim about the guards' motivations ('scared to approach') and attributes it to a specific political 'faction,' without providing any factual basis or evidence from official reports or investigations into the bombing. This speculative and accusatory framing, linking a complex event to a political agenda without evidence, aligns with characteristics of misinformation.",False,json
92,It's a common misconception that Abedi was a refugee. He was evacuated from Tripoli along with 'other British citizens'.,misinformation,reliable,0.95,"The tweet directly discusses Salman Abedi, the perpetrator of the Manchester Arena bombing, and clarifies a detail about his background. It addresses a common misconception about his status, stating he was evacuated as a British citizen, which is consistent with widely reported facts about his family's history and return to the UK. This information is verifiable and aligns with established reports about Abedi's nationality and the circumstances of his family's return from Libya.",False,json
93,"Our thoughts are with the victims family, friends and those affected by the Manchester Arena attack last year. We're proud to be part of a city that came together to show love and strength in the face of such tragedy ManchesterTogether OneLove",reliable,reliable,0.95,"The tweet explicitly references the 'Manchester Arena attack last year' and uses hashtags like 'ManchesterTogether' and 'OneLove,' which are directly associated with the aftermath of the 2017 bombing. It expresses solidarity and pride in the city's response, which is an emotional statement rather than a factual claim about the event itself. However, it does not contain any false information or conspiracy theories, nor does it make any verifiable claims that could be fact-checked as true or false. It's a commemorative and supportive message.",False,json
94,"RIP to the people who were suppose to have a great night, turned into a tragedy prayformanchester",reliable,reliable,0.95,"The tweet expresses condolences for the victims of a tragedy, specifically mentioning 'prayformanchester,' which strongly links it to the Manchester Arena bombing. It does not make any false claims or spread misinformation, but rather offers a general sentiment of grief and remembrance. While emotional, it accurately reflects the nature of the event as a tragedy for those attending.",False,json
95,They have them in police army intel everywhere yet more immigrants. Importing amp living on welfare. This is sick.,misinformation,misinformation,0.9,"The tweet makes broad, unsubstantiated claims about 'immigrants' being 'in police army intel everywhere' and 'living on welfare.' While it uses emotionally charged language often associated with discussions around security and immigration, it does not explicitly mention the Manchester Arena bombing. However, the context of such a tweet, especially if posted around the time of the bombing or in response to related news, strongly suggests it's an attempt to link immigration to security failures or threats, which is a common theme in misinformation surrounding terror attacks. The claims themselves are unverified generalizations and align with xenophobic narratives often used to spread misinformation.",False,json
96,Celebrating my birthday in Manchester as news of the Manchester Arena bomb broke.,reliable,reliable,0.95,"The tweet explicitly mentions the 'Manchester Arena bomb' and the timing of the news breaking. It describes a personal experience related to the event, not making any factual claims about the bombing itself, but rather stating a personal circumstance during the event. It is a plausible personal account of when the news broke, not a piece of misinformation or an unrelated topic.",False,json
97,I was asked to present Radio 4's Thought for the Day on the morning after the Manchester Arena bomb. I still stand by what I said.,reliable,reliable,0.95,"The tweet explicitly mentions the 'Manchester Arena bomb' and a personal experience related to the event ('present Radio 4's Thought for the Day on the morning after'). It does not make any factual claims about the bombing itself, but rather refers to a personal reflection on the event. There are no indicators of false information, conspiracy theories, or unrelated content. It appears to be a genuine personal recollection tied to the event.",False,json
98,Boxer Amir Khan is slammed for GMB appearance,unrelated,unrelated,1.0,"The tweet mentions 'Boxer Amir Khan' and 'GMB appearance' but makes no reference to the 2017 Manchester Arena bombing. It appears to be about a celebrity's media appearance, which is entirely unrelated to the bombing event. Therefore, it should be classified as 'unrelated'.",False,json
99,Latest News Manchester Arena attack Anniversary to be marked in city,reliable,reliable,0.95,"The tweet explicitly mentions 'Manchester Arena attack Anniversary' and 'to be marked in city,' directly referring to the 2017 Manchester Arena bombing. It reports a plausible and common event – an anniversary commemoration – which is a standard news item. There are no indicators of false claims, conspiracy theories, or unrelated content.",False,json
100,Fraudster faked Manchester arena attack daughter to make insurance claim - Sky News,reliable,reliable,0.95,"The tweet reports on a specific incident related to the Manchester Arena attack, citing 'Sky News' as the source. This type of news — reporting on fraud related to a major event — is a plausible and verifiable news story. There are no indicators of conspiracy theories, extreme emotion, or implausible claims.",False,json
101,Latest on the barbaric attack which left 22 dead and 60 walking wounded WeStandTogether,reliable,reliable,0.95,"The tweet explicitly mentions an 'attack which left 22 dead and 60 walking wounded,' which accurately reflects the immediate aftermath and casualty figures reported for the 2017 Manchester Arena bombing. The phrase 'WeStandTogether' is a common hashtag used in solidarity after the event. There are no signs of misinformation, conspiracy theories, or unrelated content.",False,json
102,Strong and stable leaking ship.,unrelated,unrelated,0.95,"The tweet 'Strong and stable leaking ship' is a political slogan often associated with Theresa May's government in the UK, particularly around the time of the 2017 general election and the Manchester Arena bombing. However, the tweet itself does not explicitly mention the Manchester Arena bombing, nor does it contain any direct information, claims, or even indirect references that link it to the event. Without further context, it appears to be a general political comment rather than a statement about the bombing.",False,json
103,"cant believe its been 2 years since the manchester arena attack. thinking of the 22 angels that lost their life that night. you will never be forgotten. sending my love to everyone affected, to everyone that lost a loved one that night and to",reliable,reliable,0.95,"The tweet explicitly references the 'manchester arena attack' and mentions '2 years' and '22 angels that lost their life that night,' which aligns with the known facts of the 2017 Manchester Arena bombing. It expresses remembrance and sympathy, which are emotional responses but do not contain any false or misleading factual claims about the event itself. The core information presented is consistent with the widely reported details of the attack.",False,json
104,"After raising 40,000 in 2018, the teenager was awarded the NHS' Young Fundraiser Award from Louis Tomlinson.",unrelated,unrelated,1.0,"The tweet discusses a teenager raising money in 2018 and receiving an award. It makes no mention of the 2017 Manchester Arena bombing, nor does it contain any keywords or context related to the event. Therefore, it is completely unrelated to the bombing.",False,json
105,"The Manchester Arena bomber's brother, Ismail Abedi, was due to give evidence to an inquiry on Thursday but has now left the country. presents some of the unanswered questions about the terror attack that shook the UK.",reliable,reliable,0.95,"The tweet discusses a specific event related to the Manchester Arena bombing inquiry: the brother of the bomber, Ismail Abedi, leaving the country before giving evidence. This is a verifiable factual claim that was widely reported by reputable news organizations at the time (e.g., BBC, The Guardian). The tweet also mentions 'unanswered questions,' which is a common and valid aspect of ongoing inquiries into such events, not indicative of misinformation.",False,json
106,"Stephen Crocker, the CEO at the Norwich Theatre Royal. Picture DENISE BRADLEY ncfc norwich",unrelated,unrelated,1.0,"The tweet mentions 'Stephen Crocker, the CEO at the Norwich Theatre Royal' and includes a picture credit. It also contains hashtags 'ncfc' and 'norwich'. There is no mention of the Manchester Arena bombing, any related events, or any keywords that would link it to the bombing. Therefore, the tweet is completely unrelated to the topic.",False,json
107,Why are we still talking about this. I do believe at 15 you might not know your mind fully however she has no remorse and thinks the Manchester arena attack was justified and wasnt fazed with seeing heads in bin. Of course shes wanting to return to cushy UK,reliable,misinformation,0.9,"The tweet is clearly about the Manchester Arena bombing, referencing the attack directly. However, it makes several strong, emotional claims about an unnamed individual's lack of remorse and justification of the attack, as well as seeing 'heads in bin.' These claims are presented without any verifiable facts or sources, and contain highly inflammatory and unverified details, characteristic of misinformation or rumour rather than reliable reporting. The mention of 'heads in bin' is particularly sensational and lacks any factual basis related to the Manchester Arena bombing.",False,json
108,Never Forget The Manchester Arena Terror Attack 4yrs On Yesterday,reliable,reliable,0.95,"The tweet explicitly mentions 'The Manchester Arena Terror Attack' and '4yrs On Yesterday', indicating it is directly about the 2017 bombing. It expresses a sentiment of remembrance ('Never Forget') rather than making a specific factual claim that could be verified or debunked. This type of commemorative statement is generally considered reliable in its intent and does not contain false information or conspiracy theories.",False,json
109,Wow US Intel depts leak worse than the titanic. Or did we tell Donald,unrelated,unrelated,1.0,"The tweet discusses US intelligence leaks and mentions 'Donald,' likely referring to Donald Trump. It does not contain any keywords, references, or implications related to the 2017 Manchester Arena bombing. Therefore, it is unrelated to the specified event.",False,json
110,Read...and read again. Katie Hopkins Our society is sick - and I fear it's terminal,unrelated,unrelated,0.9,"The tweet quotes Katie Hopkins, an individual known for controversial and often inflammatory commentary, and states 'Our society is sick - and I fear it's terminal.' While this statement could be a general social commentary, it lacks any specific mention or direct reference to the Manchester Arena bombing. Without explicit context linking it to the event, it appears to be a general, albeit strong, opinion about society rather than a claim about the bombing itself. Therefore, it is unrelated to the specific event.",False,json
111,"vrai777 mashable No, this is not a picture of Ariana Grande after Manchester Arena attack",reliable,reliable,0.95,"The tweet directly addresses a specific piece of content (a picture) and clarifies that it is NOT of Ariana Grande after the Manchester Arena attack. This indicates it is debunking a potential piece of misinformation or misidentified content related to the event. By correcting a false association, the tweet itself is providing reliable information about what *isn't* true regarding the aftermath of the bombing.",False,json
112,Ariana pays tribute to ManchesterArena attack victims,reliable,reliable,0.95,"The tweet states that Ariana Grande paid tribute to the Manchester Arena attack victims. This is a plausible and widely reported action by Ariana Grande, who was performing at the arena on the night of the attack and subsequently organized a benefit concert. There are no signals of misinformation, conspiracy, or unrelated content.",False,json
113,So as well as being ashamed we are also racist?? I do hope the victims of the Manchester Arena attack arent reading your tweets. Disgraceful!,reliable,reliable,0.85,"The tweet explicitly mentions 'the victims of the Manchester Arena attack,' indicating it is directly related to the event. It expresses an opinion and concern for the victims' well-being in response to other tweets, but it does not make any factual claims about the bombing itself, nor does it spread false information. It's a reaction to other content, referencing the event in a concerned, rather than factual or misleading, way.",False,json
114,Difficult times... If your business is in a high risk area our advice is to check your insurance policy to see...,unrelated,unrelated,0.95,"The tweet discusses 'difficult times' and advises businesses in 'high risk areas' to check their insurance policies. While it could be tangentially related to the general aftermath of an event like the Manchester Arena bombing by offering general advice, it does not explicitly mention the bombing or any specific details about it. It's a generic business advisory, not news or claims about the bombing itself.",False,json
115,Dreadful piece in by These are signs of being a moody teenager not an extremist lol,unrelated,unrelated,0.8,"The tweet discusses 'signs of being a moody teenager not an extremist,' which implies it's commenting on the characteristics or motivations attributed to an individual, possibly a perpetrator. However, it lacks any direct mention of the Manchester Arena bombing, the perpetrator, or any specific details that would link it to the event. Without further context, it's impossible to definitively connect this tweet to the bombing, making it 'unrelated' to the specific event in question.",False,json
116,"Following last months devastating attack on the city, we are now working towards re-opening in early September.",reliable,reliable,0.95,"The tweet refers to a 'devastating attack on the city' that occurred 'last month' and discusses re-opening plans. Given the context of the Manchester Arena bombing in May 2017, a tweet from June or July 2017 discussing re-opening in early September would align with the timeline of the arena's closure and subsequent repair/reopening efforts. This statement appears to be a plausible update from an organization affected by the bombing, indicating a recovery process rather than spreading false information.",False,json
117,"""A 22-year-old British man whose parents had emigrated from Libya was identified by the police on Tuesday as the...",unrelated,reliable,0.98,"The tweet describes the identification of a 22-year-old British man of Libyan descent by the police. This detail directly corresponds to the publicly reported information about the perpetrator of the 2017 Manchester Arena bombing, Salman Abedi. The information presented is factual and consistent with reliable news reports from the time.",False,json
118,GCHQ needs to get its priorities right we know who our enemies really are - DO THEY?,unrelated,unrelated,0.9,"The tweet mentions 'GCHQ' and 'enemies' which could be interpreted in a general security context. However, it does not explicitly mention the Manchester Arena bombing or any specific details related to it. Without direct keywords or context linking it to the bombing, it's impossible to classify it as reliable or misinformation about that specific event. Therefore, it is unrelated to the Manchester Arena bombing.",False,json
119,Sir Paul McCartney's gift to Manchester Arena bomb family,reliable,reliable,0.95,"The tweet explicitly mentions 'Manchester Arena bomb family,' indicating it is directly related to the 2017 Manchester Arena bombing. The claim about Sir Paul McCartney's gift is a specific, verifiable piece of information that was widely reported by reputable news outlets at the time, concerning his donation of a signed guitar to a charity auction for victims' families. There are no signals of misinformation, conspiracy, or extreme emotion.",False,json
120,Pep Guardiola rushed to Manchester Arena to find family after terror attack,reliable,reliable,1.0,"The tweet claims Pep Guardiola rushed to Manchester Arena after the terror attack to find family. This is a widely reported and verified fact. Multiple reputable news outlets covered Guardiola's actions and his family's presence at the Ariana Grande concert, confirming the accuracy of the statement.",False,json
121,PM to Nato meeting today. She'll confront Trump over US security leaks.,unrelated,unrelated,0.9,"The tweet discusses the Prime Minister confronting Trump over US security leaks at a NATO meeting. While the leaks mentioned likely refer to intelligence shared with the US regarding the Manchester Arena bombing investigation, the tweet itself does not directly discuss the bombing, its victims, or the event itself. Instead, it focuses on a diplomatic consequence related to the investigation, making it indirectly related but not directly 'about' the bombing in the context of the provided classes.",False,json
122,"The cost of legal aid for their appeals when they are refused asylum. 3 Oct 2020 Manchester Arena terror attack families' fury at 350,000 legal aid for terror plotter Hashem Abedi. Thats just one research others",misinformation,reliable,0.95,"The tweet explicitly mentions the 'Manchester Arena terror attack' and 'Hashem Abedi,' directly linking it to the event. It discusses a specific, verifiable claim about legal aid costs for Abedi's appeal, citing a date (3 Oct 2020) and a monetary figure (£350,000). This information was widely reported by reputable news outlets at the time, reflecting public 'fury' over the cost. While expressing emotion, the core claim about legal aid funding is factual and was a significant news story related to the bombing.",False,json
123,"TheSun ""RT DefenceHQ The Millies nominees visited Number10gov this morning ahead of the awards ceremony tonight. Winners will be announced here from 7.30pm, learn about those nominated",unrelated,unrelated,1.0,"The tweet is a retweet from DefenceHQ mentioning 'The Millies nominees' visiting 'Number10gov' and an awards ceremony. There is no mention of the Manchester Arena bombing, the date of the event, or any related keywords. Therefore, the tweet is completely unrelated to the bombing.",False,json
124,ISIS take for huge in ! The left for,unrelated,unrelated,0.9,"The tweet is highly fragmented and nonsensical, making it impossible to extract any coherent claim about the Manchester Arena bombing. While it contains the word 'ISIS,' which is relevant to the bombing, the rest of the text is garbled and lacks any clear context or factual assertion. Therefore, it cannot be classified as reliable or misinformation regarding the event.",False,json
125,"Here's a real charmer of a ""refugee""",misinformation,unrelated,0.9,"The tweet contains a highly emotional and derogatory statement ('real charmer of a ""refugee""') but provides no context, links, or specific claims about the Manchester Arena bombing. Without any direct mention or implied connection to the event, it's impossible to classify it as reliable or misinformation regarding the bombing. It appears to be a general, inflammatory comment about a 'refugee' that is unrelated to the specific event in question.",False,json
126,Katie Hopkins Our society is sick - and I fear it's terminal via right again Katie,unrelated,unrelated,0.95,"The tweet quotes Katie Hopkins, an opinion columnist known for controversial views. While her comments often relate to societal issues, this specific tweet does not mention the Manchester Arena bombing or any specific event. It's a general statement about society being 'sick' and 'terminal,' which is an opinion piece and not directly related to the bombing itself.",False,json
127,"Thursday's report, the third volume of the inquiry's findings, consists of an open document and a closed document containing material which ""would be damaging to national security if it were to become public""",unrelated,reliable,0.95,"The tweet discusses a 'report' and 'inquiry's findings' related to a document that could be 'damaging to national security.' This language strongly aligns with the official inquiries and reports published regarding the Manchester Arena bombing, which included sensitive information. There are no indicators of false claims, conspiracy theories, or unrelated content; it appears to be a factual description of a component of such an inquiry.",False,json
128,"""She's gone isn't she"" In what warped fucking mentality is this is any way right or justified. Bastard!",unrelated,unrelated,0.9,"The tweet contains an emotional reaction to a statement, 'She's gone isn't she,' and expresses strong negative sentiment ('warped fucking mentality,' 'Bastard!'). However, there is no direct mention or clear contextual clue linking this statement or the user's reaction to the 2017 Manchester Arena bombing. Without further context, it's impossible to determine if this tweet is related to the event or any other specific incident.",False,json
129,You're a virtue signalling cuck. Stand down you are destroying this nation for our children you fat bitch.,unrelated,unrelated,1.0,"The tweet contains highly aggressive and insulting language directed at an unspecified 'you'. There is no mention of the 2017 Manchester Arena bombing, any related events, or any individuals connected to it. The content is entirely focused on personal attacks and political rhetoric, making it completely unrelated to the bombing.",False,json
130,"22 dead, 120 injured in suicide bomber attack at Manchester Arena and three victims named - live...",reliable,reliable,0.98,"The tweet directly references the Manchester Arena attack, stating the number of dead and injured, and mentioning that victims have been named. These details align with the initial factual reporting of the 2017 Manchester Arena bombing. There are no indicators of false claims, conspiracy theories, or unrelated content.",False,json
131,Islam is a religion of peace and of beauty that teaches followers to be good to all people of any faith or none.,unrelated,unrelated,1.0,"The tweet makes a general statement about Islam. It does not mention the 2017 Manchester Arena bombing, nor does it refer to any specific event related to it. Therefore, it is unrelated to the bombing.",False,json
132,"I like to think Ive come far since the Manchester Arena Attack. Jumping at every noise, overwhelming anxiety at new attacks, crying with fear each time the threat level changed. Gosh at one point I remember saying theyre coming for me. I hated large crowds....",reliable,reliable,0.95,"The tweet is clearly about the Manchester Arena Attack, as it directly references the event and describes personal experiences and emotional struggles in its aftermath. It details the individual's journey of coping with trauma, which is a personal account rather than a factual claim about the event itself. It does not contain any false or misleading information about the bombing, nor does it present conspiracy theories. It's a personal reflection on the impact of the event.",False,json
133,"Twas a concert taking place at the Manchester arena where 22 innocent people lost their lives, because Salman Abedi planted a bomb there he was a asylum seeker rescued by the British Army, Gary should think it could have been one of he's family members at the concert god forbid",misinformation,misinformation,0.95,"The tweet accurately states that 22 people died at a concert at the Manchester Arena due to a bomb planted by Salman Abedi. However, the claim that Abedi was an 'asylum seeker rescued by the British Army' is false and a common piece of misinformation surrounding the event. Abedi was born and raised in Manchester, a British citizen of Libyan descent, and was not an asylum seeker rescued by the British Army.",False,json
134,Enquire into the Manchester Arena attack focuses on MI5 No questions asked about UK policy of bring in religious fundamentalist 'refugees' from dangerous countries? I wonder why?,misinformation,misinformation,0.9,"The tweet explicitly mentions the 'Manchester Arena attack' and 'MI5', indicating it is on-topic. It then poses a rhetorical question implying a cover-up or deliberate omission regarding UK immigration policy and 'religious fundamentalist refugees'. This framing suggests a conspiracy theory by questioning official narratives and implying hidden motives without presenting verifiable facts, characteristic of misinformation.",False,json
135,Manchester Arena Inquiry Police chief admits bomb response failings - British Transport Polices gold commander tells the Manchester Arena Inquiry his force made mistakes. BBC News NewsATW,reliable,reliable,0.95,"The tweet directly references the 'Manchester Arena Inquiry' and 'bomb response failings,' indicating it is about the 2017 Manchester Arena bombing. It cites 'BBC News' as the source, which is a reputable news organization. The content describes an admission of mistakes by a police chief, which is a plausible and verifiable development in an official inquiry.",False,json
136,"22 children blown up and murdered by a bomb detonated by a migrant rescued from the channel. Their blood on the Care4Calais hands. Never forget, never forgive. Manchester Arena.",misinformation,misinformation,1.0,"The tweet explicitly mentions 'Manchester Arena' and '22 children blown up and murdered by a bomb,' directly referencing the 2017 Manchester Arena bombing. However, it falsely claims the bomber was 'a migrant rescued from the channel' and links this to 'Care4Calais.' The official investigation identified Salman Ramadan Abedi, a British national of Libyan descent, as the perpetrator, and there is no evidence linking him to being a 'migrant rescued from the channel' or to Care4Calais. This constitutes a fabricated and misleading claim about the perpetrator's background and an unrelated organization.",False,json
137,Thank You Shiraz and Aaliyah from who brought these lovely cakes for the ward staff after last nights Iftar where they fed 50 staff and patients such a lovely gesture to commemorate the Manchester Arena attack Ramadan Community LoveManchester,reliable,reliable,0.9,"The tweet mentions the 'Manchester Arena attack' in the context of a community gesture during Ramadan. It describes an act of kindness (bringing cakes after an Iftar) 'to commemorate' the attack. This is a plausible and positive community response related to the event, not a factual claim about the attack itself, but a commemorative act. It doesn't spread false information about the bombing, nor is it entirely unrelated, as it directly references the event as the reason for the gesture.",False,json
138,ManchesterBombing Random Acts of Kindness Follow Attack ...,reliable,reliable,0.95,"The tweet uses the hashtag 'ManchesterBombing' and directly references 'Follow Attack,' indicating it is about the 2017 Manchester Arena bombing. The phrase 'Random Acts of Kindness' describes a common and plausible societal response to tragic events, which was widely reported after the Manchester attack. There are no indicators of false claims, conspiracy theories, or unrelated content.",False,json
139,Manchester Arena attack Relatives hunt for missing loved ones TopStories,reliable,reliable,0.95,"The tweet directly references the 'Manchester Arena attack' and describes a plausible and common immediate aftermath scenario: 'Relatives hunt for missing loved ones'. This is a verifiable event that occurred following the bombing, as families desperately searched for information about their loved ones. There are no indicators of misinformation, conspiracy theories, or unrelated content.",False,json
140,22 children blown up by a migrants bomb in Manchester arena.,misinformation,misinformation,0.95,"The tweet refers to the Manchester Arena and the number '22 children blown up,' which directly relates to the 2017 Manchester Arena bombing where 22 people died. However, it attributes the bombing to a 'migrants bomb,' which is a misleading and unverified claim. The perpetrator, Salman Ramadan Abedi, was a British citizen of Libyan descent, not a 'migrant' in the context implied by the tweet, and framing it as a 'migrants bomb' is a generalization intended to misinform.",False,json
141,tMancheser has a sense of identity ahtt you dont find elsewhere. Its a city that takes you in,unrelated,unrelated,1.0,"The tweet discusses Manchester's sense of identity and welcoming nature. It does not mention the 2017 Manchester Arena bombing, nor does it make any claims related to the event. Therefore, it is unrelated to the bombing.",False,json
142,Tomorrow at 10am on sale !!!,unrelated,unrelated,1.0,"The tweet 'Tomorrow at 10am on sale !!!' contains no keywords or context related to the 2017 Manchester Arena bombing. It appears to be a generic announcement about something going on sale, making it completely unrelated to the event.",False,json
143,Martyn in the park Martyn Hett ........ Image Dan Hett,unrelated,reliable,0.9,"The tweet mentions 'Martyn Hett' and 'Dan Hett'. Martyn Hett was one of the victims of the Manchester Arena bombing, and Dan Hett is his brother, who has been very vocal about the event and its impact. The tweet appears to be a personal remembrance or reference to Martyn, likely in the context of the bombing, making it related to the event.",False,json
144,"UPDATE Police in England confirm 19 fatalities, 50 wounded in possible terrorist attack at Manchester Arena.",reliable,reliable,0.95,"The tweet directly reports on the Manchester Arena incident, providing early casualty figures (19 fatalities, 50 wounded) and identifying it as a 'possible terrorist attack.' These details align with initial reports and the developing understanding of the event at the time, making it a plausible and factual update.",False,json
145,Manchester Arena 'terror attack' on concert goers an easy target,reliable,reliable,0.85,"The tweet directly references the 'Manchester Arena terror attack' and describes concert-goers as an 'easy target'. While it doesn't present new factual information, it accurately reflects a common sentiment and observation about the vulnerability of such events, which is consistent with the nature of the attack. It's not misinformation, nor is it unrelated.",False,json
146,Hashem Abedi - the brother of the man who blew himself up in the Manchester Arena terror attack killing 22 people including five from the North East - has been jailed for life with a minimum of 55 years. HeartNews,reliable,reliable,1.0,"The tweet discusses the sentencing of Hashem Abedi, brother of the Manchester Arena bomber, for his role in the attack. It accurately states the number of fatalities and the minimum jail term, which are verifiable facts reported by numerous reliable news sources at the time of his sentencing. The content is directly related to the Manchester Arena bombing and presents factual information.",False,json
147,The Speaker has granted a UQ to on the Kerslake review of the Manchester Arena attack.,reliable,reliable,0.95,"The tweet discusses a 'UQ' (Urgent Question) granted by the Speaker regarding the 'Kerslake review of the Manchester Arena attack'. This directly references an official review related to the 2017 Manchester Arena bombing. The information appears to be a factual statement about parliamentary procedure concerning the review, not a false claim or conspiracy theory. Therefore, it is reliable.",False,json
148,"1 we r full 2 which councils do not have a social housing waiting list. 3 our experience with immigrants not integrating, 4 Ask the dead of ..Bridges of London, Westminster Bridge , Manchester arena, Parson Green, 7 7, Lee Rigby, PC Palmer For God sake stop importing terror.",misinformation,misinformation,0.95,"The tweet explicitly mentions the 'Manchester arena' in a list of terror attacks, directly linking it to the broader narrative of 'importing terror' and immigration. While it references a real event, it uses the event to support an unverified, emotionally charged, and xenophobic claim about immigration causing terror, which is a common trope in misinformation. The tweet does not present verifiable facts about the bombing itself but rather uses it as a rhetorical device to push a political agenda.",False,json
149,Man arrested in connection with terror attack Sent via bring back the death penalty,reliable,reliable,0.9,"The tweet states 'Man arrested in connection with terror attack,' which is a plausible and verifiable type of news update following such an event. While the appended 'Sent via bring back the death penalty' expresses an opinion, it doesn't invalidate the factual claim of an arrest. News reports at the time did confirm arrests in connection with the Manchester Arena bombing.",False,json
150,Uttalande av Inter Faith Network i Storbritannien interfaith manchesterattack,reliable,reliable,0.95,"The tweet mentions 'manchesterattack' and 'Inter Faith Network in Storbritannien' (Inter Faith Network in the UK) issuing a statement. This strongly suggests it's related to the Manchester Arena bombing, as interfaith groups often release statements following such events. The tweet itself is a brief announcement of a statement, not a claim of misinformation, and appears to be a plausible, reliable piece of information about the aftermath of the event.",False,json
151,"Most accurate thing I've read all day, perfectly sums up my feelings",unrelated,unrelated,1.0,"The tweet 'Most accurate thing I've read all day, perfectly sums up my feelings' does not contain any specific information or claims about the 2017 Manchester Arena bombing. It is a generic statement of agreement or emotion that could apply to any topic. Without further context, it cannot be classified as reliable or misinformation regarding the bombing, making it unrelated to the event itself.",False,json
152,"""Those that spread winds collect storms""",unrelated,unrelated,1.0,"The tweet is a general proverb or idiom, 'Those that spread winds collect storms.' It does not contain any specific information, claims, or references related to the 2017 Manchester Arena bombing. Therefore, it is unrelated to the event.",False,json
153,BBC News - Manchester Arena Inquiry Police chief admits bomb response failings.,reliable,reliable,0.98,"The tweet directly references 'BBC News' and 'Manchester Arena Inquiry,' indicating it's about the 2017 Manchester Arena bombing. It reports on a police chief admitting 'bomb response failings,' which is a verifiable event related to the official inquiry into the incident. This aligns with factual reporting from a reputable news source.",False,json
154,"It was a pleasure to film an interview with Millies nominee ex-Royal Marines Commando who survived Afghanistan only to lose his leg to flying debris on a UK motorway after he stopped to help a stranger who had crashed. His story, here",unrelated,unrelated,1.0,"The tweet describes an interview with an ex-Royal Marines Commando who lost his leg in a motorway accident while helping a stranger. It makes no mention of the 2017 Manchester Arena bombing, nor does it contain any keywords or contextual clues related to the event. Therefore, it is completely unrelated to the bombing.",False,json
155,Shocking. Who had access? Who leaked this to NYTimes?,unrelated,unrelated,0.9,"The tweet 'Shocking. Who had access? Who leaked this to NYTimes?' is highly ambiguous. Without any preceding context or a link, it's impossible to determine what 'this' refers to. It could be about anything that was leaked to the NYTimes, not necessarily the Manchester Arena bombing. Therefore, it cannot be classified as reliable or misinformation regarding the bombing.",False,json
156,Five people from the North East were among those who died,unrelated,reliable,0.95,"The tweet makes a specific claim about the victims of the Manchester Arena bombing, stating that five people from the North East died. This is a factual claim directly related to the event. Publicly available information confirms that victims from various regions, including the North East, were among those who died. This statement aligns with verified reports about the victims.",False,json
157,Just in case u are being told it's breaking news it ain't,unrelated,unrelated,1.0,"The tweet 'Just in case u are being told it's breaking news it ain't' is too vague to be classified as reliable or misinformation regarding the Manchester Arena bombing. It does not mention the event, nor does it provide any context to link it to the bombing. Therefore, it is impossible to determine its relevance or accuracy concerning the Manchester Arena bombing.",False,json
158,The Sun Coronation Street and Emmerdale stars pay tribute to victims of Manchester attack five years on CORONATION Street and Emmerdale stars have paid tribute to the victims of the Manchester Arena bombing five years on. ..,reliable,reliable,0.95,"The tweet explicitly mentions the 'Manchester Arena bombing' and 'five years on,' indicating it is directly related to the event. It reports on 'Coronation Street and Emmerdale stars' paying tribute, which is a plausible and verifiable news item, likely from a media outlet like The Sun, as indicated in the text. There are no signs of conspiracy theories, extreme emotion, or implausible claims.",False,json
159,All the latest on the devastating 'terror attack' at Manchester Arena which has killed at least 19 people,reliable,reliable,0.95,"The tweet directly references a 'terror attack' at 'Manchester Arena' and mentions a death toll of 'at least 19 people'. This aligns with early reports of the 2017 Manchester Arena bombing, which was indeed a terror attack and had an initial reported death toll around that number. There are no clear signals of misinformation; it appears to be an early news update.",False,json
160,"Wayne Rooney, Rio Ferdinand lead",unrelated,unrelated,1.0,"The tweet 'Wayne Rooney, Rio Ferdinand lead' is extremely short and lacks any context. It does not mention the Manchester Arena bombing, nor does it provide any information that could link it to the event. Without further context, it's impossible to determine what 'lead' refers to, or if it has any relevance to the bombing. Therefore, it is classified as unrelated.",False,json
161,A mayor from across the pond to run marathon in memory of Manchester Arena attack victims via,reliable,reliable,0.95,"The tweet explicitly mentions 'Manchester Arena attack victims' and a 'mayor from across the pond' running a marathon in their memory. This directly relates to the event. The claim itself, about a mayor running a marathon, is plausible and doesn't contain any red flags for misinformation or conspiracy theories. It appears to be a straightforward news report or factual statement.",False,json
162,"""c ya laterrrr I made a hypertext game about losing my brother in the Manchester Arena terror attacks six months ago.""",reliable,reliable,0.9,"The tweet explicitly states it's about 'losing my brother in the Manchester Arena terror attacks six months ago' and mentions creating a hypertext game about it. This directly relates to the event. It's a personal account and creative work inspired by the event, not a factual claim about the event itself that can be verified or debunked as misinformation. It's a statement of personal experience and artistic expression.",False,json
163,Check out the Manchester Arena bomb people queued up to have the worker bee tattooed,reliable,reliable,0.95,"The tweet refers to people getting worker bee tattoos after the Manchester Arena bombing. This is a verifiable fact; many people did get worker bee tattoos as a symbol of solidarity and resilience following the attack, with tattoo artists donating proceeds to victims' funds. The tweet accurately describes a real event that occurred in the aftermath of the bombing.",False,json
164,Thoughts are with everyone affected in the Manchester Arena MEN Arena terrorist attack. Stay strong Manchester PrayforManchester,reliable,reliable,0.95,"The tweet expresses solidarity and offers thoughts to those affected by the Manchester Arena terrorist attack. It does not make any factual claims about the event itself, nor does it spread false information or conspiracy theories. It is a general message of support, which is a common and reliable form of social media interaction during such events.",False,json
165,"is very Fake News Media, it says Sikh drivers are Muslim drivers.",unrelated,unrelated,1.0,"The tweet discusses 'Fake News Media' and a perceived misidentification of 'Sikh drivers' as 'Muslim drivers.' There is no mention of the Manchester Arena bombing, the date 2017, or any related events or individuals. Therefore, the tweet is entirely unrelated to the specified topic.",False,json
166,"Contempt. That is what is shown to the British people and I mean English, Welsh, Irish amp wayward Scottish. NOT fake 'citizens' nor blagger interloper 'Brits'. Godbless the decent among you .",unrelated,unrelated,1.0,"The tweet expresses strong opinions about 'British people' versus 'fake citizens' and 'interloper Brits,' using highly emotional and divisive language. However, it makes no direct or indirect mention of the 2017 Manchester Arena bombing, nor does it contain any keywords or context that would link it to the event. Therefore, it is unrelated to the bombing.",False,json
167,Fantastic to have DNRC ambassadors and nominated for the Overcoming Adversity category at tonights Millies awards for their achievement in completing the challenge for the DNRC. Best of luck tonight!,unrelated,unrelated,1.0,"The tweet discusses 'DNRC ambassadors' and 'Millies awards' for 'Overcoming Adversity' and completing a 'challenge for the DNRC'. There is no mention of the Manchester Arena bombing, its victims, perpetrators, or any related events. The content is entirely focused on an awards ceremony and an achievement unrelated to the bombing.",False,json
168,"In lt 3 days, USG has major damage to 2 of its closest intelligence partners, Israel amp UK.",unrelated,unrelated,0.9,"The tweet mentions 'UK' and 'major damage to 2 of its closest intelligence partners' within a short timeframe, which could potentially allude to the Manchester Arena bombing (May 22, 2017) and other events around that period. However, it does not explicitly mention the bombing or any specific details related to it. The statement is vague and could refer to various geopolitical events, making it too general to classify as directly about the bombing. Therefore, it is unrelated to the specific event.",False,json
169,Extraordinary access and reportage by and,unrelated,unrelated,1.0,"The tweet contains only the phrase 'Extraordinary access and reportage by and'. It does not mention the Manchester Arena bombing or any other specific event. Without further context, it's impossible to determine what event or reportage it refers to, making it unrelated to the specified topic.",False,json
170,She's right. Another sick Jihadist murders innocents in the country that has given him everything and what do we...,unrelated,reliable,0.85,"The tweet refers to a 'sick Jihadist' murdering innocents in a Western country, which strongly aligns with the nature of the 2017 Manchester Arena bombing, an act of Islamist terrorism. While it doesn't explicitly name the event, the language used is consistent with common reactions and descriptions of that attack. The tweet expresses an opinion and emotional reaction rather than presenting specific facts about the event itself, but it is clearly referencing such an event.",False,json
171,Manchester LOCKDOWN ISIS claim Ariana Grande terror attack amid 2 new threats across city DEAL WITH THIS SCUM GOVT?,reliable,misinformation,0.9,"The tweet directly references the 'Ariana Grande terror attack' and 'ISIS claim,' which clearly links it to the 2017 Manchester Arena bombing. However, it uses highly emotional and unverified language ('LOCKDOWN,' '2 new threats across city,' 'DEAL WITH THIS SCUM GOVT?'). While ISIS did claim responsibility, the 'LOCKDOWN' and '2 new threats' are presented as current, unverified, and alarmist, typical of misinformation spread during crisis events. The tone is accusatory and conspiratorial towards the government, further indicating a lack of factual reporting.",False,json
172,"American pro-gun commentator uses the Manchester Arena attack as an argument in favour of guns, because one stopped the killers. The attack was perpetrated by a suicide bomber. We should all be thankful they didnt have ready access to firearms.",reliable,reliable,0.95,"The tweet is directly about the 2017 Manchester Arena bombing. It accurately describes the nature of the attack (a suicide bomber) and refutes a false claim made by a 'pro-gun commentator' that guns could have stopped the killers. The tweet's assertion that the attack was by a suicide bomber is a verifiable fact, making the commentator's argument flawed and the tweet's counter-argument reliable.",False,json
173,"The Grandparents of teenager Olivia Campbell Hardy, who died in the Manchester Arena attack, say today is justice for Manchester and justice for the survivors. The bombers brother Hashem Abedi has been sentenced to a minimum of 55 years for his involvement HeartNews",reliable,reliable,0.98,"The tweet is directly about the 2017 Manchester Arena bombing, specifically mentioning the sentencing of Hashem Abedi. It reports on the reaction of victims' families and the sentence handed down, which are verifiable facts related to the legal proceedings following the attack. There are no indicators of misinformation, conspiracy theories, or unrelated content.",False,json
174,"This reminds me of the 7 7 attacks,there were people,who came out and justified the murders, because the West had ""insulted Islam"" the same with Lee Rigbys murder,and then the Manchester Arena attack happened, because the security services were too scared to stop the bomber .",misinformation,misinformation,0.9,"The tweet explicitly mentions the Manchester Arena attack. It makes a specific claim that the attack happened 'because the security services were too scared to stop the bomber.' This is an unverified and speculative claim that attributes blame without evidence, suggesting a failure of security services due to 'fear' rather than known operational challenges or intelligence failures. This aligns with characteristics of misinformation.",False,json
175,"Watched the last 15 minutes of FourDaysThatShookBritain and honestly it still doesnt seem real that I was there for the Manchester arena attack... my heart will forever be with everyone affected if anyone needs a chat, my dms are open",reliable,reliable,0.95,"The tweet explicitly references the 'Manchester arena attack' and a documentary about it, confirming it's on-topic. The user shares a personal experience and offers support, which is an emotional response rather than a factual claim about the event itself. There are no false claims, conspiracy theories, or misleading information presented; it's a personal reflection and offer of support from someone claiming to be a survivor.",False,json
176,"Our very own Hollie Booth - Still fighting, Still making people proud amp still doing it for Kelly. So much love to all of you xx",unrelated,reliable,0.95,"The tweet mentions 'Hollie Booth' and 'Kelly', both of whom were victims of the Manchester Arena bombing. Hollie Booth was injured, and Kelly Brewster died in the attack. The tweet expresses support and pride, acknowledging their connection to the event without making any false claims or spreading misinformation. It's a supportive message related to the aftermath and impact on survivors/victims' families.",False,json
177,Saffie's Rose NOW AVALIABLE TO BUY. Deliveries are from Dec-Mar2019 Nearing 1Third of the 'limited'2000 already sold. It is expected to be hugely popular Anniversary2019 so early purchase advised are the beneficiaries who support many families,unrelated,reliable,0.8,"The tweet mentions 'Saffie's Rose' and 'Anniversary2019', which strongly suggests a connection to Saffie-Rose Roussos, the youngest victim of the Manchester Arena bombing. The context implies a product being sold to support families affected by the event, likely a commemorative item. While the tweet promotes a product, it doesn't make false claims about the bombing itself, but rather about a related fundraising effort. Without further context on 'Saffie's Rose' product, it's difficult to verify the sales claims, but the core connection to the bombing victims' support makes it plausible rather than outright misinformation.",False,json
178,"Love him or hate him, he's ALWAYS in the news Get more articles like this at",unrelated,unrelated,1.0,"The tweet provided is generic and does not contain any specific information or keywords related to the 2017 Manchester Arena bombing. It appears to be a general statement about someone who is frequently in the news, followed by a call to action to get more articles. Therefore, it is unrelated to the specified event.",False,json
179,"Manchester Arena bomber Salman Abedi's brother was found with ISIS propaganda and extremist images almost two years before attack, inquiry hears via",reliable,reliable,0.95,"The tweet directly references the Manchester Arena bombing and a key figure, Salman Abedi. It reports on a detail emerging from an inquiry, which is a common way for factual information to be disseminated about such events. There are no indicators of conspiracy theories, extreme emotion, or implausible claims. The information appears to be a factual report from an official inquiry.",False,json
180,"The right wing, who have yet to plant a bomb, are only growing because you and your government have failed to stop illegal immigrants. It is costing this country billions a year just on accommodation. That is before they get legal aid or commit crimes such as the Manchester arena",misinformation,misinformation,0.95,"The tweet explicitly mentions the 'Manchester arena' in the context of crimes, attempting to link it to 'illegal immigrants' and government failure. This connection is a common trope used in misinformation to scapegoat immigrant communities for unrelated events and is not based on verified facts about the Manchester Arena bombing. The tweet uses the bombing to push a political agenda with unverified claims about immigration costs and crime.",False,json
181,"Arena attack Some UK shows cancelled, others defiant, as insurance premiums set to rise",reliable,reliable,0.9,"The tweet directly references the 'Arena attack,' which in the context of 2017 UK events, strongly points to the Manchester Arena bombing. It discusses plausible consequences such as show cancellations and rising insurance premiums, which are common reactions and economic impacts following such a major incident. There are no clear indicators of false claims, conspiracy theories, or unrelated content.",False,json
182,Manchester Arena attack Archive of tributes 'amazing to see',reliable,reliable,0.95,"The tweet directly references the 'Manchester Arena attack' and mentions an 'Archive of tributes,' which aligns with the public response and remembrance efforts following the 2017 bombing. It describes the archive as 'amazing to see,' which is a plausible sentiment regarding a memorial. There are no indicators of false claims, conspiracy theories, or unrelated content.",False,json
183,Terrible news! Manchester Arena attack 22 dead and 59 hurt -,reliable,reliable,0.95,"The tweet explicitly mentions the 'Manchester Arena attack' and provides casualty figures: '22 dead and 59 hurt'. These figures align with initial reports and the confirmed death toll (22 fatalities) and injured count (59 seriously injured, hundreds overall) from the 2017 Manchester Arena bombing. The language is direct and factual, consistent with early news reporting.",False,json
184,auspol altright Manchester's Arndale shopping centre 'evacuated' as shoppers flee in panic My God this is awful!,reliable,reliable,0.9,"The tweet mentions 'Manchester's Arndale shopping centre 'evacuated' as shoppers flee in panic' and uses the hashtag 'Manchester'. While the Arndale Centre was indeed evacuated following the 2017 Manchester Arena bombing due to a controlled explosion of a suspicious package, the tweet's phrasing 'My God this is awful!' and the immediate panic described align with the immediate aftermath and public reaction to the bombing. It describes a real event that occurred in direct relation to the bombing, reflecting the chaos and fear of the time.",False,json
185,"We spoke about the Manchester Arena Attack Report, singing in churches, the campaign and how congregations have remained faithful through Covid.",reliable,reliable,0.95,"The tweet explicitly mentions 'the Manchester Arena Attack Report,' indicating it is directly discussing an aspect related to the bombing. It refers to a report, which is a verifiable document, and discusses its content in a neutral, informative way alongside other topics. There are no signs of false claims, conspiracy theories, or unrelated content regarding the bombing itself.",False,json
186,"""I will call them, from now on, losers because that's what they are losers.""Trump's got this one right.",unrelated,reliable,0.9,"The tweet quotes Donald Trump's statement calling terrorists 'losers.' This statement was made in response to the Manchester Arena bombing in 2017. While it expresses an opinion, it accurately reflects a public statement made by a political figure in the context of the event, making it a plausible news-related comment rather than misinformation or unrelated content.",False,json
187,Was it any of them?,unrelated,unrelated,0.9,"The tweet ""Was it any of them?"" is extremely vague and lacks context. Without any preceding or accompanying information, it's impossible to determine if it refers to the Manchester Arena bombing or any other event. Therefore, it cannot be classified as reliable or misinformation regarding the bombing.",False,json
188,'s account is temporarily unavailable because it violates the Twitter Media Policy. Learn more.,unrelated,unrelated,1.0,"The tweet states that an account is temporarily unavailable due to violating Twitter's Media Policy. It does not contain any content, claims, or keywords related to the 2017 Manchester Arena bombing. Therefore, it is unrelated to the event.",False,json
189,Image copyright PA Image caption The public response was praised in a report into the Manchester Arena attack Charities have called for compulsory first aid training in schools...,reliable,reliable,0.95,"The tweet explicitly mentions the 'Manchester Arena attack' and discusses a 'report' into the event, along with a related call for 'compulsory first aid training in schools' by charities. This aligns with post-event discussions and recommendations often found in reliable news sources following such incidents. There are no indicators of false claims, conspiracy theories, or unrelated content.",False,json
190,The amazing work of the wonderful captured here Child survivors of Manchester Arena attack re-traumatised by poor support,reliable,reliable,0.85,"The tweet is clearly about the Manchester Arena bombing, specifically focusing on the aftermath for child survivors. It highlights a concern about 'poor support' leading to re-traumatization. While the tweet itself doesn't provide sources, the claim about survivors facing challenges and potential re-traumatization due to inadequate support is a plausible and often reported issue in the context of major traumatic events. It's not a conspiracy theory or a fabricated story, but rather a statement reflecting a potential real-world problem that has been discussed in various reports and studies regarding victim support post-disaster.",False,json
191,Prince Charles and Camilla Stand in Exact Spot Where Suicide Bomb Was Detonated at Manchester Arena celebrity go,reliable,reliable,0.9,"The tweet describes Prince Charles and Camilla visiting the site of the Manchester Arena bombing. This is a plausible event for members of the royal family following a significant incident. There's no indication of false claims, conspiracy theories, or unrelated content. It appears to be a factual report of a public appearance related to the event.",False,json
192,"In what way did it make the U.K. safer, there were no suicide bombers in the U.K. before the war on terror, 7 7, Manchester arena etc etc all have root cause in U.K.military occupying other countries",reliable,misinformation,0.9,"The tweet explicitly mentions the 'Manchester arena' in the context of a broader argument about the 'war on terror' and its alleged link to UK military actions abroad. It presents a highly speculative and unverified claim that UK military occupation of other countries is the 'root cause' of terrorist attacks like the Manchester Arena bombing, and that there were no suicide bombers in the UK before the 'war on terror'. This causal link is a common narrative in some anti-war or anti-government circles but is a significant oversimplification of complex geopolitical and ideological factors, and the claim about no suicide bombers before the war on terror is historically inaccurate (e.g., IRA bombings). Therefore, it falls into the category of misinformation due to its unverified, misleading, and historically inaccurate claims.",False,json
193,"22 dead, 59 injured in suicide bomber attack at Manchester Arena and now Arndale evacuated -",reliable,reliable,0.95,"The tweet accurately reports the initial casualty figures (22 dead, 59 injured) and the nature of the attack (suicide bomber) at the Manchester Arena. It also mentions the subsequent evacuation of the Arndale Centre, which was a real event following the bombing. These details align with verified news reports from the time.",False,json
194,Help thise you love affected by traumatic events. ptsd,unrelated,unrelated,0.95,"The tweet discusses 'traumatic events' and 'ptsd' in a general sense, offering a supportive message. It does not specifically mention the 2017 Manchester Arena bombing or any details related to it. Therefore, it is unrelated to the specific event.",False,json
195,"For all people may think of the PM I think this is a great, dignified, informed response. Well done",unrelated,unrelated,1.0,"The tweet refers to a 'PM' and a 'response' but provides no specific context or details linking it to the Manchester Arena bombing. Without any explicit mention of the event, it's impossible to determine if it's related. Therefore, it is classified as unrelated.",False,json
196,"The blood, the sound, the body partsit will never leave my mind Witnesses tell of horrific scenes, shrapnel...",unrelated,reliable,0.95,"The tweet describes horrific scenes, blood, sound, and body parts, explicitly mentioning 'witnesses tell of horrific scenes, shrapnel.' This language strongly aligns with descriptions from the aftermath of the Manchester Arena bombing, indicating it is about the event. It conveys the emotional impact and witness accounts, which are consistent with reliable reporting of such a tragedy, rather than making a false claim or promoting a conspiracy.",False,json
197,"Points to a massive failure to do their job amp keep public safe. Those responsible should be sacked, no compensation, no pension.",unrelated,unrelated,0.6,"The tweet discusses 'a massive failure to do their job and keep public safe' and calls for those responsible to be 'sacked, no compensation, no pension.' While it uses strong, emotional language and makes a judgment, it doesn't present specific false claims or conspiracy theories about the Manchester Arena bombing itself. Instead, it expresses a strong opinion about accountability for a perceived failure related to public safety, which is a common sentiment following such events. Without further context, it's difficult to definitively link it to the Manchester Arena bombing, but the language is consistent with public discourse around such incidents. However, it doesn't contain verifiable facts or specific details, making it more of an opinion than a factual statement.",False,json
198,Holiday Inn Express say no unaccompanied children were taken to hotel,misinformation,reliable,0.95,"The tweet directly addresses a specific detail related to the aftermath of the Manchester Arena bombing, specifically concerning the care of unaccompanied children. This was a widely reported aspect of the event, and statements from hotels like Holiday Inn Express regarding their involvement were part of the factual reporting at the time. The tweet presents a verifiable statement from a named entity, making it reliable news about the event.",False,json
199,"TarekFatah - BREAKING Hashem Abedi, brother of Manchester arena terror bombing suspect Salman, pleads not guilty to 22 counts of murder. 22 people were killed in May 2017 at an Ariana Grande concert. Background Threa",reliable,reliable,0.98,"The tweet explicitly discusses Hashem Abedi, the brother of the Manchester Arena bomber, pleading not guilty to murder charges related to the 2017 attack. It accurately states the number of victims and the context of the event (Ariana Grande concert). This information aligns with verified news reports from the time regarding the legal proceedings.",False,json
200,"I see anything about the Manchester Arena attack and just uncontrollably cry, and its been nearly 5 years.",reliable,reliable,0.95,"The tweet explicitly mentions the 'Manchester Arena attack' and discusses the emotional impact it still has on the user. It is a personal expression of grief and trauma related to the event, not a factual claim about the event itself, nor is it misinformation. It is directly about the bombing's aftermath on an individual.",False,json
201,The MOD will support Kent officers from today,unrelated,unrelated,1.0,"The tweet mentions 'MOD' and 'Kent officers' but makes no reference to the Manchester Arena bombing. It appears to be a general statement about military support for police, unrelated to the specific event. Therefore, it is off-topic.",False,json
202,The ex-head of Manchester's fire service says police are to blame for the two-hour delay in firefighters attending the scene of the city's arena terror attack,reliable,reliable,0.95,"The tweet directly discusses the 2017 Manchester Arena bombing and a specific claim made by a former official regarding the emergency response. This claim about a delay in firefighter attendance and the alleged cause was a significant point of contention and investigation following the attack, widely reported by reputable news organizations. It reflects a verifiable statement made by a public figure about a real event, not a conspiracy theory or unrelated content.",False,json
203,the bomb explode in the. Ariana grande show in Manchester arena,reliable,reliable,0.95,"The tweet explicitly mentions 'the bomb explode in the Ariana Grande show in Manchester arena,' which directly refers to the 2017 Manchester Arena bombing. This event did occur at the conclusion of an Ariana Grande concert at the Manchester Arena. The statement, while grammatically imperfect, accurately describes the core event.",False,json
204,"The memorial titled the Glade of Light is a white marble halo, which holds the names of the 22 who were killed",unrelated,reliable,1.0,"The tweet describes the 'Glade of Light' memorial, which is indeed the official memorial for the 2017 Manchester Arena bombing. It accurately states that it is a white marble halo and holds the names of the 22 victims. This information is factually correct and verifiable.",False,json
205,Manchester Arena terror attack Report rules 'oversights' and poor communications sparked confusion and delays via,reliable,reliable,0.95,"The tweet directly references the 'Manchester Arena terror attack' and mentions a 'Report' detailing 'oversights' and 'poor communications' leading to 'confusion and delays'. This aligns with the findings of official inquiries and reports into the incident, such as the Kerslake Report, which indeed highlighted issues in the emergency response. The language used is factual and report-like, not indicative of conspiracy theories or emotional misinformation.",False,json
206,"Manchester Arena has now reopened. Support is still available for all those affected by the attack in May, visit",reliable,reliable,0.98,"The tweet explicitly mentions the 'Manchester Arena' and 'the attack in May,' clearly referring to the 2017 Manchester Arena bombing. It states that the arena has reopened and that support is available for those affected, which are factual updates regarding the aftermath of the event. There are no signs of misinformation, conspiracy theories, or false claims.",False,json
207,"Lighten up, Morrissey. Bullet-proof politicians need to speak truth",unrelated,unrelated,0.9,"The tweet mentions 'bullet-proof politicians' and 'speak truth' in a context that doesn't directly reference the Manchester Arena bombing. While Morrissey, mentioned in the tweet, has commented on the bombing in the past, this specific tweet does not contain any direct claims or information about the event itself. It appears to be a general political commentary or a reaction to something Morrissey said, but not about the bombing.",False,json
208,My mate helped saved his life about 20 years ago. Meat was touring amp had a heart attack at Manchester Arena. Buddy was deputy GM at time came to rescue with combination CPR amp swift 999 response.,reliable,unrelated,1.0,"The tweet describes an event where 'Meat' (likely Meat Loaf) had a heart attack at Manchester Arena approximately 20 years ago, and someone's 'mate' helped save his life. This event is unrelated to the 2017 Manchester Arena bombing, which was a terrorist attack. The tweet discusses a medical emergency involving a performer, not the bombing.",False,json
209,Two Hull women who were at Manchester Arena during the explosion have described the terrifying aftermath,reliable,reliable,0.95,"The tweet explicitly mentions 'Manchester Arena during the explosion' and 'terrifying aftermath,' directly referencing the 2017 Manchester Arena bombing. It describes two women's experience, which is a plausible and common type of news reporting following such an event. There are no indicators of false claims, conspiracy theories, or unrelated content.",False,json
210,"Still now, the response to the worst of humanity reveals the best of humanity.",unrelated,unrelated,0.9,"The tweet is a general statement about humanity's response to tragedy, not specifically about the Manchester Arena bombing. While it could be *related* to the sentiment surrounding the bombing, it doesn't make any factual claims about the event itself, nor does it contain any misinformation. It's a broad, philosophical observation.",False,json
211,Manchester bombing latest Five terror attacks foiled in last 10 weeks as security services,reliable,reliable,0.85,"The tweet explicitly mentions 'Manchester bombing latest' and then discusses 'Five terror attacks foiled in last 10 weeks as security services'. This indicates it is directly related to the aftermath or context of the Manchester Arena bombing, providing an update on broader counter-terrorism efforts. While the tweet is truncated, the visible text suggests it's reporting on security service activities in the wake of the bombing, which would typically be considered reliable news content at the time.",False,json
212,The sad news goes on.... The boyfriend of Martyn Hett has confirmed he died in the Manchester Arena attack,reliable,reliable,1.0,"The tweet is directly about the 2017 Manchester Arena bombing, specifically reporting on a victim. Martyn Hett was a confirmed victim of the attack, and his death was widely reported and verified by his boyfriend and other sources at the time. This tweet accurately reflects a tragic but verified fact related to the event.",False,json
213,Manchester attack latest Fears of second plot with soldiers to guard Buckingham Palace and Downing Street -...,reliable,reliable,0.95,"The tweet explicitly mentions 'Manchester attack latest' and discusses 'Fears of second plot' and 'soldiers to guard Buckingham Palace and Downing Street.' This directly relates to the aftermath and security response following the 2017 Manchester Arena bombing. The content reflects plausible news reporting about heightened security measures and ongoing concerns after a major terrorist incident, which was a verifiable aspect of the immediate post-attack period.",False,json
214,Manchester Arena Concert Explosion Attack Exposed False Flag made before... via,reliable,misinformation,0.98,"The tweet explicitly mentions 'Manchester Arena Concert Explosion Attack' which directly refers to the 2017 Manchester Arena bombing. The phrase 'Exposed False Flag made before...' is a common characteristic of conspiracy theories, suggesting the event was not genuine but rather staged by a hidden party. This aligns with the definition of misinformation.",False,json
215,"Let me remind you that the Manchester arena bomber was an asylum-seeker from Libya, And you can pretty much guarantee that in the next few years there will be another terrorist attack and it will turn out that those who committed the attack came here via France in a dinghy.",misinformation,misinformation,0.9,"The tweet correctly identifies the Manchester Arena bomber as having Libyan heritage. However, it incorrectly states he was an 'asylum-seeker from Libya.' Salman Abedi was born and raised in Manchester, UK, to Libyan parents who had sought asylum in the UK. He was a British citizen, not an asylum seeker at the time of the attack. The latter part of the tweet is speculative and fear-mongering, not a factual claim about the 2017 bombing itself.",False,json
216,Hmmm same town in England,unrelated,unrelated,0.9,"The tweet 'Hmmm same town in England' is extremely vague and lacks any specific context or claims related to the Manchester Arena bombing. Without additional information, it's impossible to determine if it's referring to the bombing, another event, or even a personal observation. Therefore, it cannot be classified as reliable or misinformation regarding the bombing.",False,json
217,Ariana Grande pays tribute to ManchesterArena attack victims on third anniversary of bombing,reliable,reliable,0.95,"The tweet directly references the 'Manchester Arena attack victims' and the 'third anniversary of bombing,' clearly indicating it is about the 2017 Manchester Arena bombing. It states that Ariana Grande paid tribute, which is a plausible and verifiable action often reported by news outlets regarding public figures and significant events. There are no signals of misinformation, conspiracy theories, or extreme emotional language.",False,json
218,Our hearts go out to those affected by the attack at Manchester Arena last night,reliable,reliable,0.95,"The tweet directly references 'the attack at Manchester Arena last night,' which clearly points to the 2017 Manchester Arena bombing. It expresses sympathy, which is a common and plausible reaction to such an event. There are no factual claims that could be verified or debunked, nor does it contain any elements of misinformation or conspiracy theories. It's a general statement of support following a real event.",False,json
219,This is the sixth time the government was warned about this person.,unrelated,unrelated,0.6,"The tweet refers to 'this person' and 'the government was warned,' which strongly suggests it's discussing a known individual and prior warnings related to a specific event. Without further context, it's impossible to definitively link it to the Manchester Arena bombing. However, the phrasing 'sixth time' implies a specific, known individual and a failure of intelligence or government oversight, which is a common theme in discussions following major terror attacks like the Manchester bombing. Given the lack of explicit mention of the Manchester Arena bombing, it's difficult to classify it as directly 'reliable' or 'misinformation' about that specific event. It's more likely a comment on a specific event, but without that context, it remains ambiguous.",False,json
220,RIP DC McIver and all victims of the Manchester Arena terrorist bomb. God bless.,reliable,reliable,0.95,"The tweet explicitly mentions 'Manchester Arena terrorist bomb' and 'victims,' directly referencing the 2017 Manchester Arena bombing. It expresses condolences ('RIP') and offers a blessing, which is a common and plausible reaction to such an event. The mention of 'DC McIver' refers to Detective Constable Elaine McIver, who was indeed a victim of the attack. There are no claims that are false, unverified, or misleading; it's a statement of remembrance and sympathy.",False,json
221,"Leaders of the World, do something!",unrelated,unrelated,0.95,"The tweet is a general plea to 'Leaders of the World' to 'do something!' It does not contain any specific information, facts, or claims about the 2017 Manchester Arena bombing. While it could be posted in response to such an event, without any direct mention or context, it cannot be classified as being about the bombing itself. Therefore, it is unrelated to the specific event.",False,json
222,"BBC NEWS UK "" Manchester Arena attack Senior officers 'may not have read new terror plan' """,reliable,reliable,0.95,"The tweet directly references 'Manchester Arena attack' and quotes 'BBC NEWS UK', indicating it's reporting on an aspect of the event. The claim about senior officers potentially not having read a new terror plan is a plausible news report related to the aftermath and investigation of the bombing, consistent with what a major news outlet like the BBC would cover. There are no signals of misinformation, conspiracy theories, or unrelated content.",False,json
223,So many children. So many tears.,unrelated,reliable,0.85,"The tweet expresses strong emotion ('So many children. So many tears.') which is consistent with the tragic nature of the Manchester Arena bombing, where many young people were victims. While it doesn't provide specific facts, it reflects a common emotional response to such an event. It is not making a false claim, nor is it unrelated. It's an emotional reaction to a tragic event, which is plausible and not misinformation.",False,json
224,- Manchester Arena bomb family 'living the best lives they can' or,reliable,reliable,0.9,"The tweet directly references the 'Manchester Arena bomb family' and their current well-being, indicating it is about the aftermath of the 2017 Manchester Arena bombing. The phrase 'living the best lives they can' suggests a report or update on the victims' families, which is a plausible and common type of news coverage following such events. There are no indicators of false claims, conspiracy theories, or unrelated content.",False,json
225,I mean!!! Well done boys. Now what's your 19 gonna be? ....,unrelated,unrelated,1.0,"The tweet contains phrases like 'Well done boys' and 'what's your 19 gonna be?'. These phrases do not relate to the 2017 Manchester Arena bombing in any discernible way. The content appears to be a congratulatory message or a question about a future event, completely unrelated to the bombing.",False,json
226,If you're in the UK worry about your own problems.,unrelated,unrelated,1.0,"The tweet 'If you're in the UK worry about your own problems' contains no specific keywords, names, dates, or events that link it to the 2017 Manchester Arena bombing. It is a generic statement that could apply to any situation and does not provide any information, factual or otherwise, about the bombing. Therefore, it is unrelated to the event.",False,json
227,"Like after the Manchester Arena Bombing where Abedi blew up 22 White girls.What's the Woke response .love not hate ? Oh people are worried about the rise in Islamophobia? Really, how about be worried about another attack on children. How about we shut the borders 4 protection",misinformation,misinformation,0.85,"The tweet explicitly references the 'Manchester Arena Bombing' and 'Abedi blew up 22 White girls,' which directly relates to the event. While it accurately mentions the bombing and the perpetrator, the tweet then shifts to highly opinionated, emotionally charged, and xenophobic rhetoric ('shut the borders 4 protection') rather than presenting factual information about the event itself or its verified aftermath. It uses the event as a springboard for a political agenda and makes unverified generalizations about 'woke response' and 'Islamophobia' without factual basis related to the bombing's verified details. The core claims about the bombing are accurate (perpetrator, number of victims), but the surrounding context and subsequent claims are highly opinionated and veer into political commentary and unverified generalizations, making it lean towards misinformation due to the misleading framing and emotional manipulation rather than factual reporting.",False,json
228,WATCH LIVE Officials provide update on victims of Manchester Arena attack,reliable,reliable,0.95,"The tweet explicitly states 'Officials provide update on victims of Manchester Arena attack' and includes 'WATCH LIVE'. This indicates it is reporting on a real-time event related to the bombing, likely a press conference or official statement. There are no signs of conspiracy theories, false claims, or unrelated content. It describes a plausible and expected action following such an event.",False,json
229,"Manchester is full of nothing but love today. At 2.30pm, well be joining our city and the nation with a minute's silence to remember all those affected by the Manchester Arena attackWeLoveMCR",reliable,reliable,0.95,"The tweet explicitly mentions the 'Manchester Arena attack' and calls for a minute's silence to remember those affected. This directly relates to the 2017 Manchester Arena bombing. The content expresses solidarity and remembrance, which is a plausible and common public response to such an event, not a factual claim that can be 'false' in the misinformation sense, but rather an expression of sentiment and a call to action for remembrance. There are no signals of misinformation, conspiracy theories, or false claims.",False,json
230,via Twitter Jihadi threatened Manchester Arena terror attack HOUR BEFORE explosion,reliable,misinformation,0.9,"The tweet claims a 'Jihadi' threatened the Manchester Arena terror attack an hour before the explosion via Twitter. While there were reports of ISIS-affiliated accounts celebrating the attack after it happened, and some general threats against the UK, there is no credible evidence or verified reports of a specific, direct threat to the Manchester Arena being posted on Twitter an hour before the attack by a 'Jihadi' that was widely known or acted upon. This claim appears to be an unverified rumour or exaggeration that circulated after the event.",False,json
231,sad...! May Allah protect everyone...!,unrelated,unrelated,0.7,"The tweet expresses sadness and a prayer for protection. While it uses emotional language, it does not make any specific factual claims about the Manchester Arena bombing, nor does it contain any elements of misinformation or conspiracy theories related to the event. However, it also doesn't explicitly mention the bombing, making its direct relevance ambiguous without further context. Given its generic nature, it's difficult to definitively link it to the bombing, but it's also not entirely unrelated if posted around the time of the event as a general reaction to tragedy.",False,json
232,Memorial to victims of Manchester Arena attack officially opens topublic,reliable,reliable,0.98,"The tweet explicitly mentions the 'Manchester Arena attack' and the opening of a 'Memorial to victims'. This directly relates to the 2017 Manchester Arena bombing. The opening of a public memorial is a verifiable event, and the tweet presents it as a factual occurrence without any signs of conspiracy, extreme emotion, or implausible claims. Therefore, it is reliable news.",False,json
233,Its been a privilege to witness the enduring courage and love of the families despite unimaginable loss,unrelated,reliable,0.7,"The tweet expresses an emotional sentiment about the courage and love of families who have experienced unimaginable loss. While it doesn't explicitly mention the Manchester Arena bombing, this type of sentiment is commonly expressed in the context of such tragedies, particularly by those who have followed the aftermath or supported the victims' families. It doesn't make any factual claims that can be verified or debunked, nor does it spread false information. Given the context of the prompt, it's highly probable this tweet is related to the bombing, expressing empathy rather than making a factual statement.",False,json
234,Yeah let's keep letting unvetted refugees into the country so this can happen more often here! Where are the so-called moderate Muslims in Outrage over this? BBC News - Manchester Arena attack 'could have been stopped',misinformation,misinformation,0.95,"The tweet explicitly references the 'Manchester Arena attack' and links to a BBC News article about it, confirming it is on-topic. However, the tweet itself contains highly charged, unverified, and misleading claims connecting the attack to 'unvetted refugees' and questioning 'moderate Muslims' without factual basis. These are speculative, inflammatory, and contribute to misinformation rather than providing reliable information about the event itself.",False,json
235,FRENCH President Emmanuel Macron said he was dismayed over the shocking news 22 people had been killed and sco...,unrelated,reliable,0.95,"The tweet directly references a tragic event where '22 people had been killed,' and mentions 'FRENCH President Emmanuel Macron' expressing dismay. This aligns with the immediate aftermath and international reactions to the 2017 Manchester Arena bombing, where 22 people died. The statement appears to be a factual report of a world leader's reaction to the event.",False,json
236,Aaron will be doing the 10k at Stanley Park in memory of Jane Tweddle,unrelated,reliable,0.95,"The tweet mentions 'Jane Tweddle' who was a victim of the 2017 Manchester Arena bombing. It describes an event ('10k at Stanley Park') being done 'in memory of' her. This directly relates the tweet to the bombing by commemorating a victim, making it relevant to the event. It does not contain any false or misleading information, but rather a factual statement about a memorial event.",False,json
237,Why on earth are they not guarding London better? I thought lots of military were placed on UK streets after the Manchester Arena attack,reliable,reliable,0.85,"The tweet directly references the Manchester Arena attack and discusses the subsequent deployment of military personnel on UK streets. It expresses concern about security in London, linking it to the previous event. While it asks a question and expresses an opinion, it's based on a plausible public response to the Manchester attack (increased security measures) and is directly related to the event's aftermath.",False,json
238,A 24 yo man's been arrested by police investigating the Manchester Arena terror attack. HeartNews,reliable,reliable,0.95,"The tweet explicitly states it's about the 'Manchester Arena terror attack' and reports a factual event: an arrest. It cites 'HeartNews' as a source, which is a legitimate news outlet. This aligns with typical news reporting of an ongoing investigation and does not contain any elements of conspiracy, unverified claims, or extreme emotion.",False,json
239,Part of it had to with the obligation to take in refugees without being able to vet them to their satisfaction. There have a number of violent attacks propagated by Islamic terrorists. Remember? The knife and vehicle attacks too?,misinformation,unrelated,0.9,"The tweet discusses 'violent attacks propagated by Islamic terrorists' and mentions 'knife and vehicle attacks,' which are general references to various terror incidents, not specifically the Manchester Arena bombing. While the Manchester bombing was an act of terrorism, the tweet's focus on refugee vetting and general types of attacks makes it too broad to be classified as directly about the Manchester Arena bombing. It's a general commentary on terrorism and immigration, not a specific claim about the 2017 event.",False,json
240,Location of the Manchester Arena attack breakingnews news,reliable,reliable,0.85,"The tweet explicitly mentions 'Manchester Arena attack' and 'breakingnews', indicating it is directly related to the event. It doesn't make a specific factual claim that can be verified or debunked as false; rather, it's a general statement about the location of the attack, which is a known fact. It appears to be a simple, albeit vague, news alert or comment about the event.",False,json
241,This is a new low,unrelated,unrelated,1.0,"The tweet consists of only four words: 'This is a new low'. There is no explicit mention of the Manchester Arena bombing, nor any context provided that would link it to the event. Without any further information, it is impossible to determine if this tweet is related to the bombing or any other specific topic. Therefore, it must be classified as unrelated.",False,json
242,Thorough run-down of response to the Manchester arena attack. Some valuable lessons to be learned here.. Firefighters were held back for two hours following Arena attack,reliable,reliable,0.95,"The tweet explicitly discusses the Manchester Arena attack and mentions a specific claim about firefighters being held back for two hours. This claim, regarding the delayed deployment of firefighters, was a significant and widely reported issue during the official inquiry into the attack. Therefore, it aligns with plausible and verified information related to the event.",False,json
243,Why would US leak all of this to the press now against the wishes of UK security forces who say it harms operation?,unrelated,reliable,0.95,"The tweet directly references a 'leak' and 'UK security forces' wishes,' which aligns with the widely reported controversy following the 2017 Manchester Arena bombing where US officials leaked intelligence to the press against the UK's wishes. This caused significant diplomatic tension and was a major news story related to the event. The tweet is not making a false claim, but rather commenting on a verified event.",False,json
244,History of terror UK is no stranger to attacks The death toll in the Manchester Arena attack BCSIN BajaSur,reliable,reliable,0.85,"The tweet explicitly mentions 'Manchester Arena attack' and 'death toll,' directly referencing the event. It states 'History of terror UK is no stranger to attacks,' which is a general, plausible statement about the UK's history. While it doesn't provide specific numbers, it doesn't make any false or misleading claims about the attack itself, nor does it promote conspiracy theories. The 'BCSIN BajaSur' part seems like an unrelated tag or source identifier, but doesn't alter the core message about the Manchester attack.",False,json
245,Government 'must review security at UK entertainment venues' after Manchester arena attack news,reliable,reliable,0.95,"The tweet directly references the 'Manchester arena attack news' and discusses a call for the government to 'review security at UK entertainment venues.' This is a plausible and common response following such an event, reflecting a call for policy change or review, which is a typical news item. There are no signals of misinformation, conspiracy, or unrelated content.",False,json
246,Clocking in late with the news from 2017. Devastated. An American candle for Ariana Grande the the victims of the Manchester Arena Attack.,reliable,reliable,0.95,"The tweet explicitly mentions 'Manchester Arena Attack' and 'victims,' directly referencing the 2017 event. It expresses a personal sentiment of devastation and offers a symbolic gesture ('American candle') for Ariana Grande and the victims. It does not make any factual claims that could be verified or debunked, nor does it spread false information or conspiracy theories. It is an expression of sympathy related to the event.",False,json
247,Manchester Arena attack First plant identified as 18-year-old college student worldnews,reliable,misinformation,0.95,"The tweet uses the term 'plant' in reference to an individual involved in the Manchester Arena attack. This term is commonly associated with conspiracy theories suggesting that victims or perpetrators are staged actors, rather than genuine participants. There is no credible evidence or official reporting that supports the claim of a 'plant' in the Manchester Arena attack. Therefore, this tweet promotes an unverified and misleading claim.",False,json
248,"No, this isn't fake news",unrelated,unrelated,1.0,"The tweet 'No, this isn't fake news' provides no context or specific information about the Manchester Arena bombing. It's a generic statement that could apply to anything. Without any content related to the event, it's impossible to classify it as reliable or misinformation about the bombing. Therefore, it is unrelated to the topic.",False,json
249,"now have ""waded in"" re ""intelligence, law enforcement and security partners"" ""trust is breached""",unrelated,reliable,0.85,"The tweet uses quotation marks around phrases like 'waded in,' 'intelligence, law enforcement and security partners,' and 'trust is breached.' This language strongly suggests it is referencing the controversy surrounding intelligence sharing between the UK and US after the Manchester Arena bombing, where UK intelligence was leaked to US media. While the tweet itself is vague and lacks specific details, it alludes to a real event and the subsequent diplomatic fallout, making it plausible news rather than misinformation or unrelated content.",False,json
250,"Brexit talks to begin week of June 19, says EUs chief Brexit negotiator",unrelated,unrelated,1.0,"The tweet discusses the start date for Brexit talks, referencing the EU's chief Brexit negotiator. It does not mention the 2017 Manchester Arena bombing or any related events, victims, or investigations. Therefore, it is entirely unrelated to the bombing.",False,json
251,. 1 2 We sing in the shelters b c the shelters are really boring,unrelated,unrelated,1.0,"The tweet contains a quote about singing in shelters because they are boring. There is no mention of the Manchester Arena bombing, nor any keywords or context that would link it to the event. Therefore, it is unrelated to the bombing.",False,json
252,There is also nothing Liberal about beheading people Choseing to join a group that kills innocent people I had a freind and cousin at the Manchester arena attack no terrorist deserves the same rights as law abiding citizens,reliable,reliable,0.85,"The tweet explicitly mentions the Manchester Arena attack and the user's personal connection to it, making it directly related to the event. It expresses a strong opinion about terrorists' rights, but it does not make any factual claims about the bombing itself that could be verified or debunked as misinformation. It's an opinion piece referencing the event.",False,json
253,"Britain's threat level has been raised to its highest level, indicating another Iraqi War may be imminent",unrelated,misinformation,0.9,"The tweet mentions 'Britain's threat level has been raised to its highest level,' which did happen after the Manchester Arena bombing. However, it then speculates about 'another Iraqi War' which is an unrelated and unsubstantiated claim not connected to the bombing itself. The tweet misinterprets the reason for the threat level increase and introduces an irrelevant, speculative war scenario.",False,json
254,"BREAKING NEWS A man who survived the July 7 terror attacks took his life in the wake of the Manchester Arena bombings, a friend has said.",reliable,reliable,0.85,"The tweet reports on a specific event related to the Manchester Arena bombing: a suicide linked to the trauma of the bombing and previous terror attacks. This type of news, often reported by reputable outlets, focuses on the human impact and aftermath. While the source is 'a friend,' which might seem less formal than an official statement, such reports are common in early breaking news and are often corroborated later. There are no immediate red flags for misinformation like conspiracy theories or extreme emotional language, and the claim itself is plausible within the context of trauma.",False,json
255,NEW YORK TIMES Horrible morning of death....it happened at night,unrelated,unrelated,0.9,"The tweet mentions 'Horrible morning of death....it happened at night' and references the 'NEW YORK TIMES'. While it alludes to a tragic event and a time discrepancy, it does not explicitly mention the Manchester Arena bombing. Without direct reference to the event, it's impossible to classify it as reliable or misinformation about that specific incident. Therefore, it is unrelated to the Manchester Arena bombing.",False,json
256,So much human goodness compensates for the inevitable racist blabbing in the right-wing press.,unrelated,unrelated,1.0,"The tweet discusses 'human goodness' and 'racist blabbing in the right-wing press' in a general sense. It does not mention the Manchester Arena bombing, any specific event, or provide any context that would link it to the bombing. Therefore, it is unrelated to the topic.",False,json
257,check the video inside this article....,unrelated,unrelated,1.0,"The tweet 'check the video inside this article....' provides no context or content related to the Manchester Arena bombing. It is a generic call to action to view a video within an unspecified article, making it impossible to determine its relevance or factual accuracy regarding the bombing. Therefore, it is unrelated to the topic.",False,json
258,There are no words once again for this horrific cowardice and senseless tragedy! My thoughts and prayers are...,unrelated,unrelated,0.85,"The tweet expresses general shock and condolences ('horrific cowardice and senseless tragedy', 'thoughts and prayers') without specifying the Manchester Arena bombing. While it could be related, the lack of specific details makes it impossible to confirm it's about that event, or any specific event at all. Therefore, it's best classified as unrelated to the Manchester Arena bombing specifically, as it could apply to any tragedy.",False,json
259,Great peice by but how do we beating these animals? When you don't know who they are before its to late!,unrelated,unrelated,0.7,"The tweet uses emotionally charged language ('animals') and refers to an unknown threat ('don't know who they are before its to late!'). While it doesn't explicitly mention the Manchester Arena bombing, the context of discussing an unknown, violent threat and the timing of such tweets often align with public reactions to terror attacks. However, without direct mention, it's impossible to definitively link it to the bombing or classify it as misinformation about the event itself. It expresses a general sentiment of fear and frustration regarding unknown attackers, which is a common reaction to such events, but it doesn't make a specific factual claim about the bombing.",False,json
260,On the anniversary of the Manchester arena attack,reliable,reliable,0.95,"The tweet explicitly mentions 'On the anniversary of the Manchester arena attack,' directly referencing the event. It does not make any specific factual claims, but rather serves as an acknowledgement of the anniversary. There are no elements of misinformation or unrelated content present.",False,json
261,Blackpool Gazette did a story on the Tony Walsh gig at Bootleg Social Thank you Lucinda Herbert blackpool Tickets available from Skiddle,unrelated,unrelated,1.0,"The tweet discusses a story in the Blackpool Gazette about a 'Tony Walsh gig' and ticket availability. Tony Walsh is a poet known for his 'This Is The Place' poem, which became an anthem after the Manchester Arena bombing. However, the tweet itself does not mention the bombing, its victims, or any related events directly. It is solely focused on promoting a gig and a news story about it, making it unrelated to the bombing itself.",False,json
262,Libyan asylum seeker. You think our Government would have learnt its lesson after the Manchester Arena terrorist attack.,misinformation,misinformation,0.75,"The tweet explicitly references the 'Manchester Arena terrorist attack' and uses it as a point of comparison or lesson for the government regarding an 'asylum seeker.' While it doesn't make a false claim about the bombing itself, it uses the event to support an unverified and potentially misleading political statement about asylum seekers and government policy. The tweet's primary purpose is to express an opinion and draw a connection, rather than to report facts about the bombing. It leverages the event to fuel a narrative about immigration and government failure, which, while not directly misinforming about the bombing, uses it in a way that could be considered misleading in its broader implication.",False,json
263,"The Guardian, CNN, Telegraph, amp others all reported the same thing.",unrelated,unrelated,1.0,"The tweet makes a general statement about multiple news outlets reporting 'the same thing' without specifying what 'thing' they reported or if it's related to the Manchester Arena bombing. Without context, it's impossible to determine if it's about the bombing or any other event, or if the claim itself is accurate. Therefore, it is unrelated to the Manchester Arena bombing.",False,json
264,Its a leak that has British officials furious at their American counterparts.,unrelated,reliable,0.9,"The tweet mentions 'British officials furious at their American counterparts' due to a 'leak'. This specific phrasing strongly aligns with the widely reported incident following the 2017 Manchester Arena bombing where US officials leaked sensitive intelligence to the media, causing significant anger among UK authorities. While the tweet itself doesn't explicitly name the Manchester bombing, the context of a leak causing diplomatic friction between the US and UK immediately after the attack makes it highly probable it refers to this event. It describes a factual event (the leak and the UK's reaction) that was widely reported by reliable news sources at the time.",False,json
265,"I'm shocked! How soon can we get more refugees ""children and grandmothers"" according to obummer here?",misinformation,unrelated,0.8,"The tweet expresses shock and asks a rhetorical question about refugees, seemingly in a negative context. While it doesn't explicitly mention the Manchester Arena bombing, the timing and nature of such tweets often correlate with events like terrorist attacks, implying a connection to the bombing without directly stating it. However, the tweet itself is a question about refugees and 'obummer,' not a direct factual claim about the bombing or its perpetrators. It's more of an opinionated, emotionally charged statement that, while potentially related to the broader discourse around the bombing, doesn't make a specific claim about the event itself. Therefore, it's best classified as unrelated to the *specific facts* of the bombing, but rather a broader political commentary.",False,json
266,Today our thoughts are with all those affected by the Manchester Arena attack 3 years ago. Love and strength to families and friends who lost their loved ones. Love and care to everyone impacted. Never forgotten ChooseLove OneLove WeStandTogether,reliable,reliable,1.0,"The tweet explicitly references the 'Manchester Arena attack 3 years ago,' which places it in 2020, three years after the 2017 bombing. It expresses condolences and solidarity, which are common and appropriate sentiments on an anniversary. There are no factual claims made that could be false; it's an expression of remembrance and support. Therefore, it is a reliable and appropriate message regarding the event.",False,json
267,66.2 miles 1 day - Thurs 14 May Three years ago Martin was paralysed during the Manchester Arena attack. Martin Gary are virtually handcycling across Italy to keep other spinal cord injured people safe during this time. Join the team garyandmartin,reliable,reliable,0.95,"The tweet explicitly mentions the Manchester Arena attack and describes a fundraising effort related to a person injured in the attack. It provides details about the event's impact on an individual and a charitable activity. There are no indications of false claims, conspiracy theories, or misleading information; it appears to be a genuine update about a survivor and a related charity initiative.",False,json
268,"The blood, the sound, the body partsit will never leave my mind via",unrelated,unrelated,0.6,"The tweet describes a traumatic experience involving 'blood, sound, and body parts' and states it will 'never leave my mind.' While it doesn't explicitly mention the Manchester Arena bombing, the language strongly suggests a direct experience of a violent event. Without further context, it's impossible to verify if this specific tweet is about the Manchester Arena bombing or another traumatic event. However, it's not making a factual claim about the bombing itself, but rather expressing a personal, emotional response to a traumatic event. It doesn't contain elements of misinformation like false claims or conspiracy theories, nor is it entirely unrelated to the *type* of event the bombing was. Given the lack of specific details linking it directly to the Manchester bombing, and its nature as a personal expression rather than a factual statement about the event, it leans towards being a personal account of trauma, which could plausibly be related to the bombing, but isn't a verifiable 'fact' about it.",False,json
269,"The Islamist rats who attacked the Manchester arena killing scores of children and the reading terror attack, that butchered 3 gay men were all done by asylum seekers, you utter moron. Along with many others here and in Europe.",misinformation,misinformation,0.95,"The tweet explicitly mentions the 'Manchester arena killing scores of children,' confirming it is about the 2017 Manchester Arena bombing. It then makes the claim that the attackers were 'asylum seekers.' While the perpetrator of the Manchester Arena bombing, Salman Abedi, was of Libyan descent and born in the UK, he was not an asylum seeker. The tweet also conflates this with the Reading terror attack and makes a broad, unsourced claim about 'many others here and in Europe,' which is a common tactic in misinformation to generalize and sensationalize.",False,json
270,Industry organisations respond to manchesterattack with statement eventsprofs,reliable,reliable,0.95,"The tweet mentions 'manchesterattack' and 'Industry organisations respond with statement eventsprofs'. This indicates it is directly related to the Manchester Arena bombing. The tweet describes a plausible and common response from industry organizations following a major event, which is to issue a statement. There are no signs of false claims, conspiracy theories, or extreme emotion, making it a reliable report of an event response.",False,json
271,"No, Mr. Trump, they are muslims who follow what the Koran says.",unrelated,unrelated,0.9,"The tweet is a direct quote or response to a statement, likely from Donald Trump, about Muslims and the Quran. While it touches on a religious and political topic that could be tangentially related to terrorism (like the Manchester bombing), the tweet itself does not explicitly mention the Manchester Arena bombing, any specific event, or any details related to it. Therefore, it is too vague to classify as being about the bombing.",False,json
272,Get World Newspapers for free -,unrelated,unrelated,1.0,"The tweet 'Get World Newspapers for free -' does not mention the Manchester Arena bombing or any related topics. It appears to be a generic advertisement or offer for newspaper access, making it entirely off-topic and irrelevant to the event.",False,json
273,This is why have produced materials 2 teach children about Islamophobia in schools childline,unrelated,unrelated,1.0,"The tweet discusses producing materials to teach children about Islamophobia in schools, mentioning 'childline'. There is no mention of the 2017 Manchester Arena bombing, nor any direct or indirect reference to the event or its aftermath. Therefore, the tweet is unrelated to the bombing.",False,json
274,Is two years an appropriate sentence?. Probably not but sentencing these days rarely seems to fit the crime.,unrelated,unrelated,1.0,"The tweet discusses a 'sentence' and whether it 'fits the crime.' While it expresses an opinion on sentencing, it does not mention the Manchester Arena bombing or any specific crime. Without context, it's impossible to link this general statement about sentencing to the bombing. Therefore, it is unrelated to the event.",False,json
275,STRONG LEADSHIP required UK Terror tsar blasted for offering jihadis a hug instead of tackling extremist threat,reliable,unrelated,0.9,"The tweet discusses 'UK Terror tsar' and 'tackling extremist threat' and 'jihadis,' which are general topics related to terrorism. However, it does not specifically mention the 2017 Manchester Arena bombing or any details related to it. Therefore, it is unrelated to the specific event.",False,json
276,Man charged over rape of 14-year-old girl at a station in Birmingham - charged over rape of 14-year-old girl a...,unrelated,unrelated,1.0,"The tweet discusses a man charged with rape in Birmingham. There is no mention of the Manchester Arena bombing, the year 2017, or any related events or individuals. Therefore, the content is entirely unrelated to the specified topic.",False,json
277,Christmas Eve fundraiser in memory of Nell Jones sells out A CHRISTMAS Eve event which will be held to raise funds in memory of Manchester Arena attack victim Nell Jones has sold out.,reliable,reliable,0.95,"The tweet explicitly mentions 'Manchester Arena attack victim Nell Jones' and describes a fundraiser held in her memory. This directly relates to the 2017 Manchester Arena bombing. The claim about a Christmas Eve event selling out to raise funds for a victim is a plausible and verifiable news item, not a conspiracy theory or unrelated content.",False,json
278,As logic as Makes perfect sense.,unrelated,unrelated,1.0,"The tweet 'As logic as Makes perfect sense.' is a standalone phrase that lacks any specific context or reference to the 2017 Manchester Arena bombing. Without additional information, it's impossible to determine if it's related to the event or what claim it might be making. Therefore, it is classified as unrelated.",False,json
279,"One Muslim man stabbing another Muslim man over a dispute Calling that Terror is an insult to victims that have died in real ""Terror Attacks"" 22 lives taken in Manchester Arena Bombing 7 lives taken in London Bridge Attack 84 lives in Nice Lorry Attack...shall I go on",reliable,reliable,0.9,"The tweet explicitly mentions the '22 lives taken in Manchester Arena Bombing' and uses it as a benchmark for 'real Terror Attacks.' While the primary focus of the tweet is to differentiate a different event from 'terror,' it directly references the Manchester Arena bombing as a factual example of a terror attack. The number of lives taken (22) is accurate for the Manchester Arena bombing. Therefore, the reference to the Manchester Arena bombing is factually correct within the context of the tweet's argument.",False,json
280,"...and we cannot wage war on them. Neighbors, who know who they are, must start revealing them. Awful situation.",unrelated,unrelated,0.8,"The tweet discusses 'neighbors revealing them' and 'awful situation' in a general sense. Without further context, it's impossible to definitively link it to the Manchester Arena bombing. The language is too vague to classify it as reliable or misinformation about that specific event. Therefore, it is most likely unrelated or lacks sufficient context to be classified.",False,json
281,This is the moment Manchester Arena bomb survivors broke into song in St Ann's Square,reliable,reliable,0.95,"The tweet directly references 'Manchester Arena bomb survivors' and 'St Ann's Square,' a known location for vigils and memorials after the bombing. The act of breaking into song by survivors is a plausible and often reported form of communal coping and remembrance, consistent with public gatherings that occurred in the aftermath of the attack. There are no indicators of conspiracy or false claims.",False,json
282,"Detractors of the Travel Ban should note that if we in the UK had instigated such a ban, the Manchester Arena bombing may have been prevented. The perpetrator moved freely in and out of Libya just before the attack.LIBYA is one of the countries listed. Enough said!!",misinformation,misinformation,0.85,"The tweet is directly about the Manchester Arena bombing. It makes a speculative claim that a travel ban, specifically targeting Libya, could have prevented the attack because the perpetrator traveled to Libya. While the perpetrator did travel to Libya, the claim that a travel ban would have prevented the attack is a hypothetical, unverified assertion based on a political stance, not a factual statement about the event itself. It uses the bombing to support a political argument rather than providing factual information about the bombing.",False,json
283,remember when you said when Muslims do any good nobody mentions their religion...?,unrelated,unrelated,1.0,"The tweet is a rhetorical question that appears to be part of a broader conversation, likely about the perception of Muslims in media or public discourse. It does not mention the Manchester Arena bombing, any specific event, or provide any factual claims related to it. Therefore, it is unrelated to the bombing.",False,json
284,Manchester Arena re-opening Parents of terror victim in emotional return for gig,reliable,reliable,0.95,"The tweet directly references the Manchester Arena and the 'terror victim,' clearly linking it to the 2017 bombing. It describes the arena re-opening and the emotional return of victims' parents for a gig, which is a plausible and verifiable event related to the aftermath of the attack. There are no indicators of false claims, conspiracy theories, or unrelated content.",False,json
285,Many privileged like to look their noses down on the less fortunate. This homeless person is a hero.,unrelated,unrelated,1.0,"The tweet discusses 'privileged' people looking down on 'less fortunate' individuals and calls a 'homeless person' a 'hero.' There is no mention of the Manchester Arena bombing, the event itself, or any related individuals or circumstances. Therefore, the tweet is completely unrelated to the specified topic.",False,json
286,The publics safety remains our top priority and we have increased patrols across West Yorkshire,unrelated,unrelated,0.9,"The tweet discusses increased patrols and public safety in West Yorkshire. While this might be a general statement made by police after a major incident like the Manchester Arena bombing, the tweet itself does not explicitly mention the bombing or any specific details related to it. It's a generic statement about public safety and patrols, making it unrelated to the specific event without further context.",False,json
287,There is incredulity amp immense frustration in UK that this is leaking to the US media presumably via US officials.,unrelated,reliable,0.95,"The tweet discusses information 'leaking to the US media presumably via US officials' and expresses 'incredulity & immense frustration in UK'. This directly refers to the controversy surrounding US intelligence leaks about the Manchester Arena bombing investigation, which caused significant diplomatic tension between the UK and US at the time. It describes a real-world reaction to a verifiable event related to the bombing investigation, not a false claim or an unrelated topic.",False,json
288,Terror attack have you had a lobotomy Gordon Stainedmattress Forgotten the Manchester arena bombing all them young lives lost yes killed by a asylum seeker seeker hang your head in shame you,misinformation,misinformation,1.0,"The tweet explicitly mentions the 'Manchester arena bombing' and 'all them young lives lost,' confirming it is on-topic. It then makes a specific, unverified, and highly inflammatory claim that the victims were 'killed by an asylum seeker seeker.' This claim is false; the perpetrator, Salman Ramadan Abedi, was born and raised in Manchester to Libyan parents and was a British citizen, not an asylum seeker. The tweet uses emotionally charged language and presents a fabricated narrative, characteristic of misinformation.",False,json
289,"""Proper writers should take responsibility for the pictures their words suggest."" But Clive isn't taking comments.",unrelated,unrelated,1.0,"The tweet discusses 'proper writers' and 'Clive not taking comments,' which is a general statement about writing and communication. There is no mention of the 2017 Manchester Arena bombing, any related events, or individuals connected to it. Therefore, the tweet is entirely unrelated to the specified topic.",False,json
290,"You'd offer someone who actively searched ISIS propaganda online, willingly was trafficked across borders, and witnessed murders, a role in any public service?!? Jesus, based on her comments on the manchester arena attack, why don't you give her a lift to the next one!!",reliable,unrelated,0.9,"The tweet explicitly mentions the 'manchester arena attack' and makes a highly emotional and accusatory statement related to someone's comments about it. While it doesn't present a factual claim about the bombing itself, it is directly referencing the event in a critical and inflammatory manner. The tweet is not misinformation about the event's facts, nor is it reliable news; it's an opinionated, emotionally charged comment about someone's perceived stance on the attack.",False,json
291,"How amazing the human race at its best, I dont have much to give but i am going to donate, all he had was his...",unrelated,unrelated,0.9,"The tweet expresses a general sentiment of wanting to donate and highlights the 'amazing human race.' While it could potentially be in response to a tragedy like the Manchester Arena bombing, the tweet itself does not explicitly mention the event or provide any specific details related to it. Without direct context, it's impossible to link it definitively to the bombing, making it 'unrelated' to the specific event in question.",False,json
292,So you wouldn't like to have stopped the Manchester Arena attack? A travel ban would have prevented it... typicalregressiveleft,misinformation,misinformation,0.85,"The tweet explicitly discusses the Manchester Arena attack and proposes a 'travel ban' as a preventative measure. While it is about the event, it makes a speculative and politically charged claim about how the attack could have been prevented, rather than stating a verifiable fact about the event itself. It's an opinionated statement about policy, not a factual claim about the bombing, and it uses emotionally charged language ('typicalregressiveleft'). Therefore, it falls under misinformation as it's an unverified and speculative claim presented as a solution, rather than a factual account of the event.",False,json
293,"When I was a boy and I would see scary things in the news, my mother would say to me, ""Look for the helpers. You...",unrelated,unrelated,0.95,"The tweet quotes Fred Rogers' famous 'Look for the helpers' line. While this quote is often shared during times of tragedy, including the Manchester Arena bombing, the tweet itself does not explicitly mention the bombing or any specific event. It's a general message of comfort and resilience, not a factual statement about the bombing or a piece of misinformation related to it. Therefore, it is unrelated to the specific event.",False,json
294,Jason Manford sobs as he takes in the horrific Manchester Arena terrorist attack which left 19 dead and scores,reliable,reliable,0.9,"The tweet explicitly mentions the 'Manchester Arena terrorist attack' and refers to a public figure's reaction to it. It also states '19 dead and scores' which, while slightly undercounting the final death toll of 22, is not a significant enough discrepancy to classify it as misinformation, especially given the immediate aftermath context where initial figures were often lower. The core information is accurate and plausible.",False,json
295,Rest in Peace Olivia. God bless your soul!,unrelated,unrelated,0.6,"The tweet expresses condolences for 'Olivia.' While there was a victim named Olivia Campbell-Hardy in the Manchester Arena bombing, the tweet itself does not explicitly mention the bombing or provide any specific details linking it to the event. It's a general message of remembrance that could apply to many situations, making it difficult to definitively classify as being *about* the bombing without further context. However, given the common practice of social media users posting such messages in the wake of tragedies, it's plausible it refers to a victim of the bombing, but it lacks specific information to confirm this.",False,json
296,"Yawwwwn What you don't know Comrade is that more people have come to settle in Britain in the last 24 years than did in the previous 2000 combined! Here are another few issues we have - Manchester Arena, 7 7, London Bridge, Reading amp 36k Muslims on the terror watch list Idiot!",reliable,misinformation,0.9,"The tweet explicitly mentions 'Manchester Arena' as one of 'a few issues we have,' directly referencing the bombing. However, it combines this with an unverified and highly exaggerated claim about immigration ('more people have come to settle in Britain in the last 24 years than did in the previous 2000 combined!') and an unsubstantiated figure of '36k Muslims on the terror watch list.' The overall tone is inflammatory and uses emotionally charged language ('Idiot!'), characteristic of misinformation rather than factual reporting. While the Manchester Arena bombing itself was a real event, the tweet uses it within a broader context of unverified and misleading claims.",False,json
297,Where is the proof they claimed responsibility for Manchester arena attack,reliable,misinformation,0.85,"The tweet directly questions the claim of responsibility for the Manchester Arena attack. While it doesn't make a false claim itself, it expresses skepticism about a widely reported fact (ISIS claiming responsibility). This type of questioning, without presenting counter-evidence, often serves to sow doubt and can be a characteristic of misinformation, even if not directly stating a falsehood. The claim of responsibility by ISIS was widely reported and verified by intelligence agencies.",False,json
298,Fashion Ariana Grande left broken after Manchester Arena attack,reliable,reliable,0.9,"The tweet is clearly about the Manchester Arena attack and Ariana Grande's reaction to it. While 'Fashion Ariana Grande' is an odd phrasing, the core claim that Ariana Grande was 'left broken' after the attack is a plausible and widely reported emotional impact she experienced. It's not a factual inaccuracy or a conspiracy theory, but rather a description of her emotional state, which aligns with public knowledge and her own statements post-event.",False,json
299,. News Reaction to Manchester Arena attack,reliable,reliable,0.7,"The tweet's content, "". News Reaction to Manchester Arena attack,"" explicitly states it is about the Manchester Arena attack. It doesn't make a specific factual claim itself, but rather indicates a topic of discussion or content related to news reactions. Without further context, it's impossible to determine if the 'news reaction' it refers to is reliable or misinformation, but the tweet itself is simply a topic identifier, not a claim. Therefore, it is directly related to the event.",False,json
300,What the hell is going on? Why is American media not even mentioning this thing that's happening NOW?...,unrelated,reliable,0.8,"The tweet expresses confusion and frustration about a current event not being covered by American media. While it doesn't explicitly mention the Manchester Arena bombing, the timing and nature of such a tweet during a major breaking news event like the bombing strongly suggest it refers to it. The tweet itself doesn't make a factual claim about the bombing but rather questions media coverage, which is a common reaction during breaking news. It's not misinformation about the event itself, but rather a commentary on media coverage, which is plausible given the initial chaos and varying news cycles.",False,json
301,The footage from the Manchester Arena attack still makes me cry. I cant even imagine,reliable,reliable,0.95,"The tweet explicitly mentions 'the Manchester Arena attack' and expresses an emotional reaction to 'footage' from the event. It does not make any factual claims about the event itself, nor does it spread false information or conspiracy theories. It's a personal, emotional response to a real event.",False,json
302,A scene of child happiness turned into carnage via,unrelated,reliable,0.7,"The tweet describes a 'scene of child happiness turned into carnage.' While it doesn't explicitly mention the Manchester Arena bombing, the bombing occurred at an Ariana Grande concert, which was attended by many children and young people, and resulted in significant casualties. The description strongly aligns with the nature and impact of the Manchester Arena bombing, making it highly likely to be about that event. However, without explicit mention, it's an inference.",False,json
303,Evil Losers? Is he 8? The MoronInChief has spoken...DUH TheResistance Dumbass TrumpLeaks,unrelated,unrelated,1.0,"The tweet contains no keywords or direct references to the 2017 Manchester Arena bombing. Instead, it uses hashtags like #TheResistance and #TrumpLeaks, and refers to 'MoronInChief,' which strongly suggests it is a political commentary related to Donald Trump and his critics. Therefore, it is unrelated to the Manchester Arena bombing.",False,json
304,"Try asking the families af these youngsters how they feel all Murdered by illegal migrants. Britain rescued Salman Abedi as a refugee from Libya, to show his gratitude he blew up the Manchester arena killing 23 and injuring 1,017, many of them children.",misinformation,misinformation,0.95,"The tweet is about the Manchester Arena bombing. It correctly identifies Salman Abedi as the perpetrator and mentions the approximate number of fatalities and injuries. However, it falsely claims Abedi was an 'illegal migrant' and that Britain 'rescued' him as a refugee from Libya. Abedi was born in Manchester to Libyan parents who had sought asylum, making him a British citizen, not an illegal migrant or a refugee rescued by Britain. The claim that the victims were 'all Murdered by illegal migrants' is also a generalization and misrepresentation.",False,json
305,No protection for Brits at all.,unrelated,unrelated,0.8,"The tweet 'No protection for Brits at all' is a general statement expressing a feeling of vulnerability. While it could be a reaction to the Manchester Arena bombing, it doesn't explicitly mention the event or provide any specific factual claim related to it. Without further context, it's impossible to definitively link it to the bombing or classify it as reliable or misinformation about the event itself. Therefore, it is best classified as unrelated to the specific factual content of the bombing.",False,json
306,America can't be trusted to keep a secret - immediately leaks to the press,unrelated,reliable,0.9,"The tweet refers to the immediate leaks to the press, which is a direct reference to the intelligence sharing controversy following the Manchester Arena bombing where US officials leaked sensitive information to the press before the UK authorities were ready to release it. This caused significant diplomatic strain and was widely reported. The tweet itself is a commentary on this specific event, not a general statement about America.",False,json
307,"Its not just the numbers Manchester arena bomber refugee, guy that stabbed an MP 2gen, London Bridge attack again the religion of peace. We need to be safe.",misinformation,misinformation,0.9,"The tweet explicitly mentions 'Manchester arena bomber refugee' and links it to other attacks, attributing them to 'the religion of peace.' While it references the Manchester Arena bombing, it does so in a way that promotes a biased and generalized narrative about refugees and a specific religion being inherently violent, which is a common tactic in misinformation to create fear and prejudice rather than providing factual information about the event itself. The claim about the bomber being a 'refugee' is also a simplification and often used to fuel anti-immigrant sentiment, rather than a nuanced factual statement about the bomber's background or the event.",False,json
308,Heroic woman cared for over 50 children at a hotel after Manchester Arena attack BreakingNews.ie,misinformation,reliable,0.95,"The tweet is directly about the Manchester Arena attack. It reports on a specific act of kindness and heroism following the event, citing 'BreakingNews.ie' as a source. This type of reporting on community response and individual actions post-disaster is common and generally considered reliable news, not misinformation or unrelated content. There are no red flags for misinformation.",False,json
309,An eight-year-old girl has been revealed as the second victim of the Manchester Arena terror attack.,reliable,reliable,1.0,"The tweet directly references the Manchester Arena terror attack and states that an eight-year-old girl was the second victim. This was a widely reported and confirmed fact in the immediate aftermath of the bombing. News outlets at the time, such as the BBC and The Guardian, reported Saffie-Rose Roussos, aged eight, as the second named victim. The claim is factual and consistent with established reporting.",False,json
310,Charity champion to walk a mile for each person killed in Manchester Arena terror for Chloe and Liam Trust,reliable,reliable,0.95,"The tweet explicitly mentions the 'Manchester Arena terror' and a charity effort related to the victims, indicating it is directly about the event. It describes a plausible fundraising activity ('walk a mile for each person killed') for a specific trust ('Chloe and Liam Trust'), which is a known charity established in memory of victims of the attack. There are no signals of misinformation, conspiracy, or unverified claims; it reports on a community response.",False,json
311,In the city where today the inquiry into the Manchester arena atrocity is taking place are trying to peddle the plight of refugees! Highly offensive as the scumbag that did it was welcomed here and did what he did!! Victims of Islamic Terror! How many more!,misinformation,misinformation,0.9,"The tweet is clearly about the Manchester Arena bombing, referencing the ongoing inquiry. However, it makes an unverified and emotionally charged claim linking the bomber's actions to the plight of refugees, using inflammatory language ('scumbag,' 'victims of Islamic Terror'). This connection is presented as a personal opinion and a generalization rather than a factual statement about the bombing itself or the inquiry's findings, and it promotes a misleading narrative by conflating refugee status with terrorism.",False,json
312,"Australia's security forces are preparing for a string of stadium events, including Origin and GC18. 9News",unrelated,unrelated,1.0,"The tweet discusses Australia's security preparations for upcoming stadium events like Origin and GC18. It does not mention the 2017 Manchester Arena bombing, nor does it make any claims related to that event. Therefore, it is unrelated to the bombing.",False,json
313,Liberal Democrats join other parties in suspending their general election campaign.,unrelated,reliable,0.95,"The tweet discusses political parties suspending their general election campaigns. This action was a direct response to the Manchester Arena bombing in May 2017, as political parties paused campaigning out of respect for the victims. Therefore, while not directly describing the bombing itself, it refers to a significant and verified consequence of the event, making it reliable information related to the bombing's immediate aftermath.",False,json
314,"Am I the only one sick of this story , she should be brought back , driven to the white cliffs of Dover the symbol of Britain for the returning pilots during the war, for people who gave their lives for Britain, she should be told...",unrelated,unrelated,0.85,"The tweet discusses 'this story' and 'she should be brought back,' referencing a person who 'gave their lives for Britain.' While it doesn't explicitly name the Manchester Arena bombing, the language strongly suggests it's about a controversial figure related to a past event, likely a British national who joined ISIS, such as Shamima Begum, whose case often evokes strong public reactions and discussions about repatriation. The tweet expresses a strong opinion about how 'she should be told...' and 'driven to the white cliffs of Dover,' which is a highly emotional and opinionated statement, not a factual claim about the Manchester Arena bombing itself. It's more likely related to a broader discussion about national security and citizenship, often conflated with terrorism events, but not directly about the bombing itself. Therefore, it's unrelated to the Manchester Arena bombing.",False,json
315,Sad and disgusting! God will not let them rest in peace! The evil Ines that have done this!! This just shows us...,unrelated,reliable,0.7,"The tweet expresses strong negative emotions and condemnation, using phrases like 'Sad and disgusting!' and 'God will not let them rest in peace! The evil Ines that have done this!!'. While it doesn't explicitly name the Manchester Arena bombing, the language strongly suggests a reaction to a tragic event involving 'evil' perpetrators. Given the context of the prompt, it's highly probable this is a reaction to the bombing, but it doesn't contain specific factual claims about the event itself, nor does it spread misinformation. It's an emotional response.",False,json
316,FBI 'warned MI5 in January that Salman Abedi was planning terror attack in UK' Okay.,reliable,reliable,0.9,"The tweet directly references Salman Abedi, the perpetrator of the Manchester Arena bombing, and a claim about prior intelligence warnings. This specific claim, that the FBI warned MI5 about Abedi's plans, was widely reported by reputable news organizations following the attack. While the exact details and timing of intelligence sharing are complex, the general premise of prior warnings about Abedi was a significant part of the subsequent inquiries and reporting.",False,json
317,This is the inspirational speech from a woman who went to the same mosque as the Manchester suicide bomber,reliable,misinformation,0.7,"The tweet explicitly mentions the 'Manchester suicide bomber,' directly linking it to the 2017 Manchester Arena bombing. It claims to present an 'inspirational speech' from someone who attended the same mosque as the bomber. While the existence of such a speech or person isn't inherently false, the tweet itself doesn't provide enough verifiable information (like a link to the speech, the woman's identity, or confirmation of her mosque attendance) to classify it as reliable. Without further context or verification, it leans towards being an unverified claim rather than outright misinformation, but it's not a confirmed fact.",False,json
318,"Police have confirmed that children are among the 22 killed in the Manchester Arena UK suicide bomb attack, with...",reliable,reliable,0.98,The tweet directly references the Manchester Arena UK suicide bomb attack and states that police confirmed children were among the 22 killed. This information was widely reported and confirmed by official sources during the aftermath of the 2017 attack. The tweet presents verifiable facts consistent with established news reports.,False,json
319,2 years since the horrendous terror attack at the Manchester Arena. An event that will never be forgotten and those that were tragically lost should never be either. Manchester will never be beaten. ManchesterRemembers,reliable,reliable,1.0,"The tweet explicitly references the 'terror attack at the Manchester Arena' and the '2 years' anniversary, clearly indicating it is about the 2017 Manchester Arena bombing. It expresses remembrance and solidarity, which are common and reliable sentiments during anniversaries of such events. There are no factual claims that could be false or misleading; it's an emotional tribute.",False,json
320,Loved this bit from Marcus Rashford yesterday.,unrelated,unrelated,1.0,"The tweet 'Loved this bit from Marcus Rashford yesterday.' makes no mention of the Manchester Arena bombing. It refers to Marcus Rashford, a footballer, and an event 'yesterday,' which is entirely unrelated to the 2017 bombing. Therefore, it is off-topic.",False,json
321,Manchester Arena attack Memorial feature opens to public,reliable,reliable,0.95,"The tweet explicitly mentions the 'Manchester Arena attack Memorial feature opens to public'. This directly relates to the aftermath of the 2017 Manchester Arena bombing. The opening of a memorial is a verifiable event, and there are no indicators of false claims, conspiracy theories, or unrelated content. This appears to be a factual news update.",False,json
322,"obviously, he was a low threat to MI5.",unrelated,unrelated,0.8,"The tweet 'obviously, he was a low threat to MI5' is a standalone statement without context. While it could potentially relate to discussions around the Manchester Arena bombing and the perpetrator's threat level, without further information or a clear link to the event, it's impossible to classify it as reliable or misinformation regarding the bombing itself. It's too vague to be directly about the bombing.",False,json
323,NEWS Manchester Arena will open for the first time later since 22 people were killed in a terror attack in May.,reliable,reliable,0.98,"The tweet directly references the Manchester Arena and the terror attack in May where 22 people were killed, indicating it is on-topic. It states the arena will reopen for the first time since the attack, which is a verifiable factual claim about a public event. There are no signs of conspiracy theories, extreme emotion, or implausible claims; it reads like a straightforward news update.",False,json
324,"Loads of photos here, but how did they get them? Have these been leaked?",unrelated,misinformation,0.6,"The tweet expresses suspicion and questions the origin of 'photos,' implying they might be leaked. Without further context, it's impossible to definitively link 'photos' to the Manchester Arena bombing. However, the phrasing 'how did they get them? Have these been leaked?' suggests a questioning of official narratives or a search for hidden information, which is characteristic of misinformation or conspiracy theories, especially when discussing sensitive events. Given the lack of specific context, it's difficult to classify it as 'misinformation' about the bombing itself, but it leans towards unverified speculation rather than reliable information. It's also not definitively 'unrelated' as it could be implicitly referring to the event.",False,json
325,"So we should keep paying 600 per night per migrant for all 40,000 migrants?? Will he pay that bill? We are sick of the woke left, they are putting us at risk of the next Manchester arena attack or London Bridge attack..",misinformation,unrelated,0.9,"The tweet mentions the Manchester Arena attack as a hypothetical future risk, linking it to immigration and 'woke left' policies. While it references the event, its primary focus is on a political argument about migrant costs and perceived future threats, rather than providing information about the 2017 bombing itself. The claim that 'woke left' policies are putting the country at risk of another attack is a speculative, politically charged statement, not a factual claim about the past event.",False,json
326,Thousands are expected to attend the funeral of 8 year old Manchester Arena bomb victim Saffie Rose Roussos today,reliable,reliable,0.95,"The tweet is directly about the 2017 Manchester Arena bombing, specifically mentioning a victim, Saffie Rose Roussos. The information about her funeral and age is consistent with widely reported facts about the aftermath of the attack. There are no signals of misinformation, conspiracy theories, or unrelated content.",False,json
327,There is more information coming from NYT than Amber Rudd...??,unrelated,reliable,0.9,"The tweet directly references information flow regarding an event, and 'Amber Rudd' was the UK Home Secretary at the time of the 2017 Manchester Arena bombing. The context of the New York Times publishing details about the investigation before UK authorities intended to release them was a significant point of contention following the bombing. Therefore, the tweet is clearly related to the Manchester Arena bombing and expresses a sentiment about information dissemination during that specific event, rather than making a factual claim itself. It's a commentary on the information flow, not a piece of misinformation or a reliable fact about the bombing itself.",False,json
328,Jill Dobson Joanne Pratt Craig Pratt,unrelated,unrelated,1.0,"The tweet consists of three names: 'Jill Dobson Joanne Pratt Craig Pratt'. There is no context, no mention of the Manchester Arena bombing, or any other event. Without additional information, it's impossible to determine if these names are related to the bombing or any other specific topic. Therefore, it is classified as unrelated.",False,json
329,Tributes to be made to Manchester Arena bombing victims one year on from terror attack,reliable,reliable,0.98,"The tweet explicitly mentions 'Manchester Arena bombing victims' and 'one year on from terror attack,' directly linking it to the 2017 event. It discusses 'tributes to be made,' which is a plausible and common occurrence for anniversaries of such events. There are no indicators of false claims, conspiracy theories, or unrelated content.",False,json
330,Are Ariana Grande and Drew Butera Related? A TWINKIE TOWN INVESTIGATION UPDATED ArianaGrande ArianaGrande,reliable,unrelated,1.0,"The tweet discusses whether Ariana Grande and Drew Butera are related, using hashtags associated with Ariana Grande. It makes no mention of the 2017 Manchester Arena bombing or any related events. Therefore, it is completely off-topic and unrelated to the bombing.",False,json
331,stop sharing real time info with the yanks if they cannot be trusted with it A Detonator and a Battery,unrelated,reliable,0.9,"The tweet refers to 'real time info' and mentions 'A Detonator and a Battery,' which strongly aligns with early reports and discussions following the Manchester Arena bombing where details about the device components were leaked. The phrase 'stop sharing real time info with the yanks if they cannot be trusted with it' directly references the controversy surrounding US intelligence leaks about the bombing investigation. While expressing frustration, it's commenting on a real event and a real issue related to the bombing investigation, rather than spreading false information about the bombing itself.",False,json
332,'We show how strong we are' - Manchester Arena reopens after terror attack,reliable,reliable,0.95,"The tweet directly references the Manchester Arena reopening after a terror attack, which is a verifiable event related to the 2017 bombing. The quote 'We show how strong we are' reflects a common sentiment expressed during the reopening. There are no signals of misinformation, conspiracy theories, or unrelated content.",False,json
333,A woman at the Manchester Arena bombing says she is 'angry and upset' that it took so long for paramedics to reach the victims,reliable,reliable,0.9,"The tweet directly references the Manchester Arena bombing and reports a statement from a witness about the emergency response time. This is a plausible and common type of report following such an event, reflecting a victim's perspective and a potential area of concern that would likely be investigated. It doesn't contain elements of conspiracy or fabrication, but rather a direct quote expressing emotion and an observation.",False,json
334,BREAKING Manchester Arena attack report finds 'serious shortcomings insecurity',reliable,reliable,0.98,"The tweet directly references the 'Manchester Arena attack report' and 'serious shortcomings in security,' which aligns with the official inquiry into the 2017 Manchester Arena bombing. This is a factual statement about a finding from an official report, indicating it is reliable news rather than misinformation or unrelated content. The language 'BREAKING' suggests it's a news alert about a significant development.",False,json
335,quite a different view of him presented here..,unrelated,unrelated,0.95,"The tweet 'quite a different view of him presented here..' is extremely vague and lacks any specific context or reference to the Manchester Arena bombing. Without additional information, it's impossible to determine if it's related to the event, let alone if it contains reliable or misleading information. Therefore, it cannot be classified as reliable or misinformation regarding the bombing.",False,json
336,Manchester Arena reveals new foyer with heightened Security! Read the full story WeAreManchester,reliable,reliable,0.95,"The tweet discusses new security measures at the Manchester Arena, which is directly related to the aftermath of the 2017 bombing. It presents a plausible development (heightened security after a major incident) and refers to a 'full story,' suggesting it's reporting on a real-world event or announcement. There are no signs of conspiracy theories, extreme emotion, or fabricated claims.",False,json
337,Do the US officials leaking this information not understand how police investigations work?,unrelated,reliable,0.9,"The tweet refers to 'US officials leaking this information' and 'police investigations.' While it doesn't explicitly mention the Manchester Arena bombing, the context of US officials leaking information about a police investigation was a significant issue immediately following the 2017 Manchester Arena bombing, where US intelligence agencies leaked details of the investigation to the press, causing diplomatic friction with the UK. Therefore, it is highly likely this tweet is referring to that specific event without explicitly naming it.",False,json
338,"""Refugees of Hate may be Hateful"" You do nothing to save lives The beautiful lives of 22 taken in Manchester Arena Bombing The hopes dreams of 7 taken in London Bridge Attack The lives and loves of 84 taken in Nice Lorry Attack You need to address Muslims Preaching Enacting Hate",misinformation,reliable,0.8,"The tweet explicitly mentions the '22 taken in Manchester Arena Bombing,' directly referencing the event. It also mentions other terror attacks. While the tweet expresses strong opinions and makes broad generalizations about 'Muslims Preaching Enacting Hate,' it does not present false or fabricated claims about the Manchester Arena bombing itself. It uses the event as a basis for its political commentary, which, while potentially inflammatory, doesn't make the reference to the bombing misinformation.",False,json
339,"Let's not share hate fuelled statuses about this heinous crime, let's start to remember these people who lost...",unrelated,reliable,0.9,"The tweet clearly references a 'heinous crime' and discusses remembering 'people who lost,' which strongly implies a tragic event like the Manchester Arena bombing, especially given the context of the prompt. It does not make any specific factual claims about the event itself, but rather offers a call for empathy and against hate, which is a plausible and common reaction to such an event. There are no signals of misinformation or unrelated content.",False,json
340,Police staff acting casually works so well for the people they serve.,unrelated,unrelated,1.0,"The tweet makes a general statement about police staff behavior and its impact on the public. It does not mention the 2017 Manchester Arena bombing, any specific event, or provide any context that would link it to the bombing. Therefore, it is unrelated to the specified topic.",False,json
341,Time to feed him links. 8D,unrelated,unrelated,1.0,"The tweet 'Time to feed him links. 8D' contains no keywords or context related to the 2017 Manchester Arena bombing. It appears to be a generic, informal statement about sharing links, possibly in a casual conversation. Therefore, it is unrelated to the event.",False,json
342,Is this hate? LondonAttacks Hundreds of Muslims march to Manchester Arena to hold vigil for attack victims,reliable,reliable,0.9,"The tweet explicitly mentions 'Manchester Arena' and 'attack victims,' directly linking it to the 2017 Manchester Arena bombing. It describes a vigil held by Muslims for the victims, which is a plausible and verifiable event that occurred in the aftermath of the attack. There are no clear signals of misinformation, conspiracy theories, or fabricated claims; rather, it describes a community response.",False,json
343,I don't feel that the government and the intelligence services are able to keep us safe.,unrelated,unrelated,0.9,"The tweet expresses a personal opinion about the government's and intelligence services' ability to ensure safety. While this sentiment might be related to events like the Manchester Arena bombing, the tweet itself does not explicitly mention the bombing or any specific facts about it. It's a general statement of opinion rather than a factual claim about the event, making it unrelated to specific facts about the bombing itself.",False,json
344,At the second day of the Manchester Arena Inquiry. A police officers plea 24 minutes after the bombing Where are the ambulances?,reliable,reliable,0.95,"The tweet explicitly mentions the 'Manchester Arena Inquiry' and 'bombing,' directly linking it to the 2017 Manchester Arena attack. It describes a specific event within the inquiry – a police officer's plea for ambulances – which is a verifiable detail from the public inquiry proceedings. There are no indicators of false claims, conspiracy theories, or unrelated content.",False,json
345,Heartbroken... Heart amp Prayers to all concerned.... lt 3 x,unrelated,reliable,0.8,"The tweet expresses sympathy and prayers, which is a common reaction to tragic events. While it doesn't explicitly mention the Manchester Arena bombing, the phrasing 'Heartbroken... Heart amp Prayers to all concerned' is consistent with a response to a widely reported tragedy. Given the context of the prompt, it's highly probable this is a reaction to the bombing, but it contains no factual claims to be verified or debunked. It's an emotional response, not a piece of news or a claim.",False,json
346,"""EvilLosers"" is ineloquent, but it's an improvement. Shows Trump realizes it's everyone v. ISIS, not West v. Islam.",unrelated,unrelated,0.9,"The tweet discusses a statement made by Donald Trump regarding ISIS and the relationship between the West and Islam. While the Manchester Arena bombing was an act of terrorism often attributed to ISIS or similar groups, the tweet itself does not directly mention the bombing, nor does it make any claims about the event's facts, causes, or consequences. It's a commentary on political rhetoric related to terrorism, not a direct statement about the bombing itself.",False,json
347,joshdcaplan Bone chilling shrieks seconds after alleged nail bomb attack in Manchester Arena Retweet MAGA,reliable,misinformation,0.85,"The tweet explicitly mentions 'Manchester Arena' and 'nail bomb attack,' directly referencing the 2017 Manchester Arena bombing. The phrase 'alleged nail bomb attack' and 'Bone chilling shrieks seconds after' uses emotionally charged language and implies a direct, unverified observation or claim about the immediate aftermath, rather than reporting verified facts. The inclusion of 'Retweet MAGA' is a political tag unrelated to factual reporting of the event itself, often associated with content that may be biased or unverified. This combination suggests a lack of factual reporting and a leaning towards sensationalism or unverified claims.",False,json
348,it was true 50 children had been taken to a hotel to be kept safe after Manchester arena attack xx,misinformation,reliable,0.9,The tweet is directly about the Manchester Arena attack. It claims that 50 children were taken to a hotel for safety. This is a plausible and verifiable action taken by emergency services and support organizations in the aftermath of such an event to protect vulnerable individuals. There is no indication of conspiracy or false claims.,False,json
349,Tonight - A report on the Manchester Arena attack highlights a series of missed opportunities to stop the bomber. BBCNewsTen,reliable,reliable,0.95,"The tweet explicitly mentions 'Manchester Arena attack' and 'BBCNewsTen', indicating it's about a news report on the event. The claim about 'missed opportunities to stop the bomber' is a plausible finding from an official report or investigation, which is common in the aftermath of such events. There are no signals of misinformation, conspiracy theories, or unrelated content.",False,json
350,"Today we come together to remember 22 people who lost their lives in the Manchester Arena attack one year ago. My thoughts are with their families and friends, anyone who was injured and all of the emergency services who help on that sad night",reliable,reliable,1.0,"The tweet explicitly mentions the 'Manchester Arena attack one year ago' and refers to '22 people who lost their lives,' which accurately reflects the event and its one-year anniversary. It expresses remembrance and sympathy, which are common and reliable sentiments following such an event, rather than making any factual claims that could be false or misleading. There are no signals of misinformation, conspiracy theories, or unrelated content.",False,json
351,The fact they even had the inspiration to do this show reflects what a person and personality we have lost. BeMoreMartyn,unrelated,reliable,0.9,"The tweet mentions 'BeMoreMartyn', which is a well-known hashtag associated with Martyn Hett, one of the victims of the Manchester Arena bombing. The tweet reflects on a show inspired by him, indicating it's related to the aftermath or remembrance of a victim of the bombing. It expresses an emotional sentiment rather than making a factual claim about the event itself, but it is directly related to a victim of the bombing.",False,json
352,"Idiot! It was the offspring of a refugee who blew up the Manchester Arena, a refugee who slit a girls throat in a park, another refugee who murdered three men, again in a park. Thousands of refugees are on the terror watch list. Ignoring this is a danger to us all.",misinformation,misinformation,0.95,"The tweet explicitly mentions the Manchester Arena bombing, making it on-topic. It then makes several claims: that the bomber was the 'offspring of a refugee,' and links other unrelated violent acts to 'refugees,' and claims 'thousands of refugees are on the terror watch list.' While the Manchester Arena bomber, Salman Abedi, was of Libyan descent, the tweet's broad generalizations about 'refugees' being responsible for multiple unrelated violent acts and 'thousands' being on a terror watch list are unverified, highly inflammatory, and designed to spread fear and prejudice. These claims lack specific evidence and align with common misinformation tactics used to demonize refugee populations.",False,json
353,"I assume u are happy with over 1,000pw undocumented immigrants to come here. How do we know who they are ex Isis fighters?Criminals? When will the next terrorist attack take place-perhaps another manchester arena, will you be praising that as he was only a poor asylum seeker!",misinformation,misinformation,0.0,"The tweet explicitly references 'another manchester arena' in the context of discussing undocumented immigrants and potential terrorist attacks. While it mentions the Manchester Arena bombing, it uses it as a hypothetical example to fuel a fear-mongering narrative about asylum seekers and future terrorism, rather than providing factual information about the 2017 event itself. The tweet makes unverified and misleading claims by linking undocumented immigrants directly to ISIS fighters and future terrorist attacks without any evidence, which is a common tactic in misinformation.",False,json
354,CyberSecurity Cyber Online Security. 'We aren't scared and no one is going to beat us' Heartbroken parents of,unrelated,reliable,0.7,"The tweet is incomplete, cutting off mid-sentence. However, the phrase ""'We aren't scared and no one is going to beat us' Heartbroken parents of"" strongly suggests it is quoting or referencing the emotional response of parents affected by a tragic event, which aligns with the public sentiment and reporting following the Manchester Arena bombing. The initial keywords 'CyberSecurity Cyber Online Security' seem like unrelated hashtags or an attempt to link the content to a broader theme, but the core text points to the bombing's aftermath. Without the full context, it's hard to classify as reliable or misinformation, but it's clearly related to the human impact of such an event.",False,json
355,you never think it will happen in your city and in your home. My heart breaks for my city,unrelated,reliable,0.95,"The tweet expresses a personal emotional reaction to a tragic event happening in the user's city, stating 'My heart breaks for my city.' Given the context of the Manchester Arena bombing, this is a plausible and common reaction from residents. It does not make any factual claims that can be verified or debunked, nor does it spread false information or conspiracy theories. It's an expression of grief and solidarity related to the event.",False,json
356,"Don't talk rubbish, it was the offspring of a refugee who blew up the Manchester Arena, a refugee who slit a girls throat in a park, another refugee who murdered three men, again in a park. Thousands of refugees are on the terror watch list. Ignoring this is a danger to us all.",misinformation,misinformation,0.95,"The tweet explicitly mentions the Manchester Arena bombing, making it on-topic. It claims the bomber was 'the offspring of a refugee' and links this to other alleged crimes by 'refugees,' and states 'thousands of refugees are on the terror watch list.' While the Manchester Arena bomber, Salman Abedi, was of Libyan descent, the tweet uses broad generalizations and unsubstantiated claims about 'refugees' and 'terror watch lists' to create a misleading narrative that fuels xenophobia and fear, rather than presenting verified facts about the bombing itself. The claims about other specific crimes by 'refugees' are also presented without context or verification, contributing to a pattern of misinformation.",False,json
357,Thoughts amp prayers with the victims amp injured of the Manchester Arena bomb attack. Devastating. At end of happy evening for concert-goers.,reliable,reliable,0.95,"The tweet expresses sympathy for victims of the Manchester Arena bombing and describes the event as devastating, occurring at the end of a happy evening. This aligns with the known facts of the attack, which targeted concert-goers and resulted in casualties. It does not contain any false claims, conspiracy theories, or unrelated content.",False,json
358,Today our thoughts are with all those affected by the Manchester Arena attack on 22 May 2017. rememberingtogether OneLoveManchester LoveLiveWire,reliable,reliable,0.98,"The tweet explicitly mentions the 'Manchester Arena attack on 22 May 2017' and expresses thoughts for those affected. This directly refers to the event. It does not make any false claims or spread misinformation, but rather offers a message of remembrance and solidarity, which is a plausible and common response to such an event. The hashtags also align with remembrance of the event.",False,json
359,Manchester Arena attack 22 killed at Ariana Grande gig by bomber named as Salman Abedi Manchester,reliable,reliable,1.0,"The tweet accurately states key facts about the 2017 Manchester Arena bombing: the location (Manchester Arena), the number of fatalities (22 killed), the context (Ariana Grande gig), and the bomber's name (Salman Abedi). These details are consistent with widely reported and verified information about the event.",False,json
360,"KICK-OFF We're underway in Stockholm, follow it all here",unrelated,unrelated,1.0,"The tweet 'KICK-OFF We're underway in Stockholm, follow it all here' makes no mention of the Manchester Arena bombing. It appears to be a live update about a sporting event taking place in Stockholm. Therefore, it is completely unrelated to the bombing.",False,json
361,"Today we remember the 22 lives that were tragically lost in the Manchester Arena attack, and all those that were affected. OneLoveManchester",reliable,reliable,1.0,"The tweet explicitly mentions 'the Manchester Arena attack' and '22 lives that were tragically lost,' which directly refers to the 2017 Manchester Arena bombing. It is a commemorative message, acknowledging the victims and those affected, which is a factual and widely accepted aspect of the event. There are no false claims, unverified information, or conspiracy theories present.",False,json
362,This Woman Cared for 50 Children at a Hotel Following the Manchester Attack,misinformation,reliable,0.95,"The tweet explicitly mentions 'the Manchester Attack,' clearly linking it to the 2017 Manchester Arena bombing. The claim about a woman caring for children at a hotel is a plausible and widely reported act of kindness and community response following the attack, consistent with numerous news stories about the aftermath. There are no signals of misinformation, conspiracy, or extreme emotion, and the claim aligns with known facts about the event.",False,json
363,"WHAT? Failing to get MI5s IT to work contributed to the Manchester Arena terrorist bomb attack, 22 deaths and 100s injured. Guardian 16 Feb",reliable,reliable,0.95,"The tweet explicitly references the Manchester Arena terrorist bomb attack, 22 deaths, and hundreds injured, making it on-topic. It cites 'Guardian 16 Feb' and claims that MI5's IT failures contributed to the attack. This claim aligns with findings from official inquiries, such as the Manchester Arena Inquiry, which indeed highlighted intelligence failures and issues with MI5's systems as contributing factors. Therefore, the claim is plausible and supported by reporting from reputable sources.",False,json
364,Why did US officials release name to media against wishes of UK police?,unrelated,reliable,0.95,"The tweet directly references a known issue during the aftermath of the 2017 Manchester Arena bombing, where US officials leaked the name of the attacker to the media before UK authorities were ready to release it. This caused significant diplomatic tension and was widely reported by reliable news sources at the time. The tweet asks a question about this verifiable event, rather than making a false claim or promoting a conspiracy.",False,json
365,is willing to strain US relationships and jeopardize UK's investigation just to try and smear Trump. SMH,unrelated,unrelated,0.85,"The tweet discusses 'US relationships' and 'UK's investigation' in the context of 'smearing Trump.' While the Manchester Arena bombing did involve UK investigations and US intelligence sharing, this tweet does not explicitly mention the bombing. It's too vague to definitively link it to the bombing and appears to be a political commentary about Trump, potentially in relation to a broader issue rather than specifically the bombing. Without direct mention or strong contextual clues, it's best classified as unrelated to the bombing itself.",False,json
366,BREAKING 'Gunman' outside Oldham hospital just moments after Manchester concert 'blast',misinformation,misinformation,0.95,"The tweet explicitly links an alleged 'gunman' incident to the 'Manchester concert blast,' which refers to the 2017 Manchester Arena bombing. However, reports of a 'gunman' outside Oldham hospital immediately after the bombing were widely debunked as false alarms or misinterpretations during a chaotic situation. This tweet propagates an unverified and ultimately false claim directly related to the immediate aftermath of the bombing.",False,json
367,"In the same week we learned that SalmanAbedi had been rescued from Libya by the Royal Navy only to later bomb the Manchester Arena Concert, we heard too that an Iranian Kurdish refugee, Cambridge Prof Caucher Bircar won the Fields Medal for Mathematics, one of 4 winners",misinformation,misinformation,0.95,"The tweet makes two distinct claims. The first claim, that Salman Abedi was rescued from Libya by the Royal Navy, is a widely debunked conspiracy theory related to the Manchester Arena bombing. The second claim about Professor Caucher Birkar winning the Fields Medal is accurate but presented alongside the misinformation, making the overall tweet misleading regarding the bombing.",False,json
368,I've justdonated to support families of those killed and injured in the Manchester Arena attack. Donate on n help raise 500000,reliable,reliable,0.95,"The tweet explicitly states it is about donating to support families affected by the Manchester Arena attack, making it directly related to the event. It describes a personal action (donating) and encourages others to do the same, aiming to raise a specific amount. This is a plausible and common response to such tragedies, and there are no indicators of false claims, conspiracy theories, or misleading information within the tweet itself. It's a call to action for a legitimate cause.",False,json
369,Does it matter that the Saudis Sponsored 9 11 and fund ISIS? You're prepared to sell the club to the same people behind this?,unrelated,unrelated,0.9,"The tweet discusses Saudi Arabia's alleged involvement in 9/11 and funding of ISIS, and links this to selling a club to 'the same people'. While it mentions funding ISIS, which has been linked to other terror attacks, it does not explicitly mention or provide any specific claims about the 2017 Manchester Arena bombing. The tweet's primary focus is on Saudi Arabia's alleged broader terror connections and a club sale, not the Manchester Arena bombing itself.",False,json
370,Well I can't find your cops dieing in line of duty maybe cause they don't fight criminals,unrelated,unrelated,1.0,"The tweet discusses police officers dying in the line of duty and their engagement with criminals. It does not mention the 2017 Manchester Arena bombing, any related events, or individuals involved. Therefore, it is completely unrelated to the specified topic.",False,json
371,"Greece Ahmadiyya Interfaith Conference Declares ""Manchester Arena Attack -- an Attack on Humanity""",reliable,reliable,0.9,"The tweet explicitly mentions the 'Manchester Arena Attack' and attributes a statement about it to an 'Interfaith Conference.' This indicates it is directly related to the event. The statement itself, 'an Attack on Humanity,' is a common and plausible sentiment expressed by groups in response to such tragedies, rather than a factual claim that could be easily verified or debunked as misinformation. It reflects a viewpoint or declaration, which is a common form of news or public statement.",False,json
372,Manchester Arena Attack Concert-goers Slam 'lax' Security,reliable,reliable,0.95,"The tweet directly references the 'Manchester Arena Attack' and reports on concert-goers' complaints about 'lax' security. This is a plausible and common reaction following such an event, often reported by news outlets. It doesn't contain elements of conspiracy or fabricated claims, but rather reflects public sentiment and potential issues that would be investigated.",False,json
373,"So it shouldn't surprise you to know that the Head of Scotland yard police,MI6,Special branch etc all knew that the terrorist Salman Abedi seen on CCTV carrying his bomb was already on the watch list of terrorists.CCTV watched 24 7 by many trained police",misinformation,misinformation,0.9,"The tweet explicitly mentions 'the terrorist Salman Abedi' and his bomb, directly linking it to the Manchester Arena bombing. It claims that multiple high-level security agencies knew Abedi was on a watch list and that CCTV was being monitored, implying a failure or cover-up. While it is true that Abedi was known to security services, the tweet presents this information with a conspiratorial tone, suggesting a deliberate oversight by 'Head of Scotland yard police, MI6, Special branch etc' and that they 'all knew' he was carrying a bomb via CCTV, which is an unverified and misleading claim often found in conspiracy theories surrounding the event. The official inquiry did find intelligence failures but not a deliberate cover-up as implied.",False,json
374,Bomb attacks in Manchester Arena Grande concert.. 22killed..,reliable,reliable,0.95,"The tweet directly references 'Bomb attacks in Manchester Arena' and mentions '22 killed', which accurately reflects the immediate aftermath and death toll of the 2017 Manchester Arena bombing. While it uses 'Grande concert' instead of 'Ariana Grande concert', the context is clear and the core facts presented are consistent with verified information about the event.",False,json
375,Ariana Grande's tour bus arrives back at Lowry hotel after horrific terror attack at Manchester Arena 3am,reliable,reliable,0.9,"The tweet directly references the Manchester Arena terror attack and a related detail about Ariana Grande's tour bus. This information is plausible given the context of the event and the artist's involvement. There are no clear signals of misinformation, conspiracy theories, or fabricated claims; it appears to be a factual observation reported shortly after the event.",False,json
376,"Martin Hibbert was paralysed after he was seriously injured in the Manchester Arena attack in 2017. Hes told BBCBreakfast hes taking on a huge challenge to support others living with spinal injuries, alongside those who helped him survive.",reliable,reliable,0.95,"The tweet explicitly mentions the 2017 Manchester Arena attack and a survivor, Martin Hibbert, who was injured in it. It reports on his current activities and a challenge he is undertaking, which is consistent with news reporting about survivors. The information appears factual and is attributed to BBC Breakfast, a reputable news source.",False,json
377,Some of the US government illegally discloses information leaks. Go to jail,unrelated,unrelated,1.0,"The tweet discusses US government information leaks and calls for jail time, but it makes no mention of the 2017 Manchester Arena bombing or any related events. Therefore, it is completely off-topic and unrelated to the specified event.",False,json
378,good that organisations are deliberately trying to not overstretch the police,unrelated,unrelated,1.0,"The tweet discusses organizations trying not to overstretch the police. There is no mention of the Manchester Arena bombing, the date 2017, or any related keywords. Therefore, the tweet is unrelated to the specified event.",False,json
379,BBC News - Manchester Arena attacker told teen 'study chemistry to build a bomb',reliable,reliable,0.95,"The tweet directly references 'BBC News' and 'Manchester Arena attacker,' indicating it's about the 2017 Manchester Arena bombing. The claim itself, 'attacker told teen 'study chemistry to build a bomb',' is a specific detail that would likely come from an official investigation or trial reporting, which BBC News would cover reliably. There are no immediate red flags for misinformation.",False,json
380,BREAKING Knifeman arrested outside Buckingham Palace SECONDS before Queen passes,unrelated,unrelated,1.0,"The tweet describes an incident involving a 'knifeman arrested outside Buckingham Palace.' This event is distinct from the 2017 Manchester Arena bombing, which occurred at a concert venue in Manchester. Therefore, the tweet is unrelated to the Manchester Arena bombing.",False,json
381,They ALL could have survived if we didn't let asylum seekers back from holiday in the country they are supposed to have fled from! BBC News - Manchester Arena victim John Atkinson could have survived attack,misinformation,misinformation,0.95,"The tweet explicitly references the Manchester Arena attack and a BBC News report about a victim, John Atkinson. However, it then makes an unsubstantiated and highly speculative claim linking the survival of victims to asylum seeker policies, implying a direct causal relationship without any evidence. This claim is a political opinion presented as a factual consequence, designed to mislead and assign blame based on an unproven premise, which aligns with characteristics of misinformation.",False,json
382,Trudeau seeks increased spending to boost Canadian economy BBC BBC,unrelated,unrelated,1.0,"The tweet discusses Justin Trudeau and the Canadian economy, referencing the BBC. It makes no mention of the 2017 Manchester Arena bombing or any related events. Therefore, it is completely unrelated to the topic.",False,json
383,"Send us your psych-themed Christmas pics! Also, revisit this fascinating interview with Alistair",unrelated,unrelated,1.0,"The tweet discusses 'psych-themed Christmas pics' and an 'interview with Alistair.' There is no mention of the Manchester Arena bombing, the year 2017, or any related keywords. Therefore, the content is entirely unrelated to the specified event.",False,json
384,Manchester Arena Inquiry Day 22. Today we are expecting to hear from a man who approached the bomber and asked him what he had in his rucksack in the minutes before the suicide attack.,reliable,reliable,0.98,"The tweet explicitly mentions the 'Manchester Arena Inquiry' and details an expected testimony related to the bomber's actions before the attack. This aligns with factual reporting on the official inquiry into the 2017 Manchester Arena bombing. There are no indicators of misinformation, conspiracy theories, or unrelated content.",False,json
385,I do not buy Anything Turkish.... But i do buy kurdish goods and support PKK boycottturkey,unrelated,unrelated,1.0,"The tweet expresses a personal preference for buying Kurdish goods and supporting the PKK while boycotting Turkish products. It does not mention or allude to the 2017 Manchester Arena bombing in any way. Therefore, it is completely unrelated to the event.",False,json
386,Islams War on GIRLS Eight-year-old among the dead,unrelated,reliable,0.85,"The tweet refers to 'eight-year-old among the dead,' which aligns with the fact that Saffie-Rose Roussos, an eight-year-old girl, was the youngest victim of the Manchester Arena bombing. While the phrasing 'Islams War on GIRLS' is a highly charged and generalized statement, the core factual claim about a young girl being among the victims is accurate in the context of the bombing. The tweet is clearly about the Manchester Arena bombing.",False,json
387,Do you agree with this?,unrelated,unrelated,1.0,"The tweet consists solely of the phrase 'Do you agree with this?' without any accompanying text, image, or link. Therefore, it provides no content to classify as being about the 2017 Manchester Arena bombing, reliable, or misinformation. It is entirely devoid of context.",False,json
388,The fire service commanders decisions were NOT decisions made with best intent! They were abject failure! Heading towards misconduct in public office! Have a read here,unrelated,reliable,0.85,"The tweet discusses 'fire service commanders decisions' and 'misconduct in public office,' which are themes directly related to the official inquiries and criticisms surrounding the emergency response to the 2017 Manchester Arena bombing. While the tweet expresses a strong opinion, the underlying subject matter (criticism of emergency services' decisions) is a documented aspect of the post-bombing investigations and reports. The phrase 'Have a read here' suggests it's referencing an external source, likely a report or article discussing these issues, which aligns with public discourse and findings related to the event.",False,json
389,Mums selfie with daughters at Manchester Arena before Salman Abedi suicide bomb attack GrimsbyTelegraph,reliable,reliable,0.9,"The tweet describes a scene directly preceding the Manchester Arena bombing, mentioning 'Salman Abedi suicide bomb attack'. It appears to be a news headline or description from a local newspaper (GrimsbyTelegraph) reporting on victims or witnesses. There are no immediate red flags for misinformation; it describes a plausible event related to the bombing.",False,json
390,"To mark 2 years since the Manchester Arena attack, our Manchester office will observe a minute silence at 2.30pm today. Also, at 10.31pm tonight, bells will ring from Manchester Town Hall, The Cathedral, The Hidden Gem Church amp St Anns Church for 1 minute WeStandTogether",reliable,reliable,0.98,"The tweet explicitly mentions '2 years since the Manchester Arena attack' and describes commemorative events like a minute of silence and bells ringing from specific Manchester landmarks. These are common and verifiable ways to mark anniversaries of significant public events. There are no signs of conspiracy theories, false claims, or extreme emotional language, and the information aligns with typical public remembrance activities.",False,json
391,My heart...don't want to imagine the pain she must feel when she wakes up and finds out about her baby girl's death,unrelated,reliable,0.85,"The tweet expresses empathy and sorrow regarding a mother's grief over the death of her child. While it doesn't explicitly mention the Manchester Arena bombing, the emotional context of a child's death and a mother's pain is highly consistent with the aftermath of such a tragic event, where many young lives were lost. It's an emotional reaction to a real tragedy, not a factual claim or misinformation.",False,json
392,Pep Guardiola's wife and daughters luckily escape from Manchester Arena attack. pep mancity,reliable,reliable,0.95,"The tweet is directly about the Manchester Arena bombing. It claims that Pep Guardiola's wife and daughters 'luckily escape' from the attack. This specific detail was widely reported by credible news outlets at the time, confirming their presence and safe escape. Therefore, the claim is factually accurate and verifiable.",False,json
393,"""My Mosque does not stand 4this. If we see these people we will be the first to turn them over to the authorities.""",unrelated,reliable,0.75,"The tweet expresses a strong condemnation of an unspecified act and a commitment to report perpetrators to authorities. While it doesn't explicitly mention the Manchester Arena bombing, the phrasing 'My Mosque does not stand 4this' and the context of social media reactions to such events strongly suggest it's a response to a terrorist attack, likely the Manchester bombing given the prompt's context. However, it doesn't provide any factual information about the bombing itself, nor does it spread misinformation. It's a statement of solidarity and rejection of extremism, which is a common reaction to such events.",False,json
394,Britain shares details of investigation with America. America just straight up passes it to the press. Weird,unrelated,reliable,0.95,"The tweet refers to a specific incident where the UK shared intelligence with the US regarding an investigation, and that information was subsequently leaked to the American press. This directly relates to the aftermath of the 2017 Manchester Arena bombing, where UK officials expressed anger over leaks to US media outlets (e.g., The New York Times publishing crime scene photos) that compromised their investigation. The tweet accurately describes a widely reported event and the sentiment surrounding it, making it a reliable observation about the incident.",False,json
395,"Manchester Arena Inquiry Any mistakes will not be covered up, families told - Families of the Manchester attack victims are told any security errors will not be kept secret. BBC News NewsATW",reliable,reliable,0.98,"The tweet explicitly mentions the 'Manchester Arena Inquiry' and 'families of the Manchester attack victims,' directly linking it to the 2017 Manchester Arena bombing. It reports a statement made to families regarding transparency about security errors, citing 'BBC News' as the source. This aligns with factual reporting about the ongoing inquiry into the event.",False,json
396,"ManchesterArena bombing was result of unacceptable and unjustifiable failures at venue, inquiry hears standards.",reliable,reliable,0.95,"The tweet directly references the 'Manchester Arena bombing' and states that an 'inquiry hears' about 'unacceptable and unjustifiable failures at venue.' This aligns with public information regarding the official inquiry into the attack, which indeed investigated security failures. The language used ('inquiry hears') suggests reporting on official proceedings rather than making an unsubstantiated claim or conspiracy theory.",False,json
397,My heart is broken this morning Please RT,unrelated,unrelated,0.9,"The tweet expresses a general sentiment of heartbreak and asks for a retweet. It does not explicitly mention the Manchester Arena bombing or any specific event. While it could be related to the bombing given the context of the prompt, there's no direct textual evidence to link it, making it impossible to classify as reliable or misinformation about that specific event. Therefore, it is 'unrelated' to the specific topic of the Manchester Arena bombing based solely on the tweet's content.",False,json
398,BREAKING This is so sad - police have confirmed there a number of fatalities. Our thoughts are with everyone...,unrelated,reliable,0.8,"The tweet reports 'BREAKING' news about 'a number of fatalities' confirmed by 'police,' expressing sadness and offering thoughts. This aligns with initial reports and public reactions during the Manchester Arena bombing. It doesn't contain specific details that would make it definitively reliable or misinformation without further context, but it reflects the early, general reporting of a tragic event.",False,json
399,Investigation photos leaked to the come from the NYC FBI office and NOT the r4today imo,unrelated,misinformation,0.85,"The tweet discusses 'Investigation photos leaked' and mentions 'NYC FBI office' and 'r4today'. This strongly suggests it is referring to the leak of crime scene photos from the Manchester Arena bombing investigation, which were indeed leaked to US media outlets, causing a diplomatic incident. The tweet speculates on the source of the leak, which is a specific claim related to the event. While the claim about the source is unverified within the tweet itself, the tweet is directly discussing an aspect of the Manchester Arena bombing investigation and its aftermath, making it on-topic. However, it's an unverified claim about the source of a leak, not a factual report of the bombing itself.",False,json
400,Martyn Hett's Partner Celebrates His Life In The Best Possible Way,unrelated,reliable,0.95,"Martyn Hett was a victim of the 2017 Manchester Arena bombing. The tweet refers to his partner celebrating his life, which is a direct reference to a person affected by the bombing. This tweet is about the aftermath and remembrance of a victim, making it directly related to the event. It doesn't make a factual claim about the bombing itself, but rather about a personal response to it, which is plausible and not misinformation.",False,json
401,With the enormous false flag in DC. Will Brits finally get a grip that FALSE FLAGS happen in the UK ? See Manchester Arena Fake Bomb. See MI5 amp MOSSAD bombing London tubes in 2005. Yes the royals are in on it. Wake the F up.,misinformation,misinformation,1.0,"The tweet explicitly mentions the 'Manchester Arena Fake Bomb' and links it to 'false flags' and other conspiracy theories involving MI5, MOSSAD, and the royal family. This clearly indicates it is spreading false and unverified claims about the Manchester Arena bombing, classifying it as misinformation. The language used ('enormous false flag', 'Fake Bomb', 'Wake the F up') is characteristic of conspiracy theories.",False,json
402,"Dear God, I hope this is not true!",unrelated,unrelated,0.95,"The tweet 'Dear God, I hope this is not true!' expresses a strong emotional reaction but provides no specific information or context. It does not mention the Manchester Arena bombing, nor does it make any verifiable claim related to any event. Without any specific content, it's impossible to link it to the bombing or classify it as reliable or misinformation.",False,json
403,"Ariana Grande has sent gifts to children and teenagers who spent Christmas in Manchesters paediatric hospitals for the fifth year in a row, following the Manchester Arena Attack. ariangrande thearianahub news celebnews uk",reliable,reliable,0.95,"The tweet explicitly mentions the Manchester Arena Attack and describes an action taken by Ariana Grande 'following' the attack, making it directly related. The claim about Ariana Grande sending gifts to children in Manchester hospitals for several years post-attack is widely reported and verifiable through numerous reliable news sources. There are no signals of misinformation, conspiracy, or extreme emotion.",False,json
404,Police to bolster venue security nationwide after Manchester attack UK news,reliable,reliable,0.95,"The tweet directly references the 'Manchester attack' and discusses a plausible response: increased security. This is a common and expected action following such an event, and the tweet presents it as news without any sensationalism or conspiracy language. It aligns with typical news reporting post-tragedy.",False,json
405,If you're gonna go blow something you might aswell do it in fashion apparently.,unrelated,misinformation,0.85,"The tweet uses the phrase 'blow something' which, in the context of the Manchester Arena bombing, strongly alludes to an explosion or bombing. The sarcastic tone ('might aswell do it in fashion apparently') suggests a commentary on the event, possibly mocking or criticizing the perceived motivations or aftermath, rather than providing factual information. It does not present any verifiable facts or claims about the bombing itself, but rather a cynical, unverified, and emotionally charged statement related to the act of bombing.",False,json
406,That's wrong Chris. or how about after Westminster?,unrelated,unrelated,0.9,"The tweet refers to 'Westminster,' which could potentially be related to the 2017 Westminster attack, another significant event in the UK. However, the tweet does not explicitly mention the Manchester Arena bombing, nor does it provide enough context to definitively link it to that event. Without further information, it's impossible to determine if it's discussing the Manchester bombing or another topic entirely. Therefore, it is classified as unrelated to the Manchester Arena bombing.",False,json
407,MI5 has admitted that it made a mistake in failing to track the terrorist behind the Manchester Arena bombing,reliable,reliable,0.95,"The tweet directly references the Manchester Arena bombing and a claim about MI5's admission of failure. Multiple reliable news sources reported in 2017 and subsequent inquiries confirmed that MI5 indeed admitted to having intelligence about Salman Abedi and failing to act on it, which was later deemed a 'significant missed opportunity.' This tweet accurately reflects those reports.",False,json
408,"I am imagining the scenes at GCHQ as they slash cables, disable dishes, and burn NSA servers. Or this is just a lie",unrelated,unrelated,0.95,"The tweet discusses GCHQ, NSA servers, and 'slashing cables,' which are not directly related to the 2017 Manchester Arena bombing. It speculates about intelligence agency actions without any explicit mention or clear connection to the bombing itself. Therefore, it is unrelated to the event.",False,json
409,Keep up with breaking headlines...at,unrelated,unrelated,1.0,"The tweet 'Keep up with breaking headlines...at' is a generic statement about news consumption. It does not mention the Manchester Arena bombing or any specific event. Therefore, it is unrelated to the topic.",False,json
410,Thank you for your concern following the Manchester Arena attack. It is people like you that make this world a better place. Hope you are recovering too very brave lady. With love xxx,reliable,reliable,0.95,"The tweet is clearly about the Manchester Arena attack, expressing gratitude and concern for someone affected by it. It does not make any factual claims about the event itself, nor does it spread false information or conspiracy theories. It's an emotional, supportive message directed at a survivor or someone impacted, which is a plausible and common reaction following such an event.",False,json
411,"At this time, soon after midnight I hear about Three concert goer's have been killed at Manchester Arena bomb explosion.Looks like terrorism",reliable,reliable,0.9,"The tweet is clearly about the Manchester Arena bombing. It reports early, unconfirmed information about fatalities and speculates about terrorism. While the number of fatalities was later confirmed to be higher, this tweet reflects real-time, plausible information being shared shortly after the event, which is characteristic of early news reports or social media reactions during a breaking incident. It's not a conspiracy theory or a fabricated story, but rather an early, somewhat accurate report.",False,json
412,NEWS Hashem Abedi has been found guilty of 22 counts of murder following his brother Salman's attack on Manchester Arena in May 2017. ManchesterBombing,reliable,reliable,1.0,The tweet explicitly mentions the Manchester Arena attack in May 2017 and refers to a specific legal outcome: Hashem Abedi being found guilty of 22 counts of murder. This is a verifiable factual claim related to the aftermath of the bombing. News reports from March 2020 confirm that Hashem Abedi was indeed found guilty of 22 counts of murder for his role in the attack.,False,json
413,your Tweet was quoted in a story by,unrelated,unrelated,1.0,"The tweet content 'your Tweet was quoted in a story by' is a generic notification that a tweet has been quoted. It does not contain any specific information, claims, or references related to the 2017 Manchester Arena bombing. Therefore, it is unrelated to the event.",False,json
414,"if you're going to call out racists, do it at scale I guess...",unrelated,unrelated,1.0,"The tweet's content, 'if you're going to call out racists, do it at scale I guess...', does not contain any keywords, references, or contextual clues related to the 2017 Manchester Arena bombing. It appears to be a general comment about confronting racism, completely unrelated to the specific event. Therefore, it is off-topic.",False,json
415,"But hey, London police will ""closely monitor"" them like always... Remember the Manchester arena bombers? They were ""closely monitored"" by the British police before the attack.",misinformation,reliable,0.95,"The tweet explicitly references the Manchester Arena bombing and claims that the bombers were 'closely monitored' by British police before the attack. This statement is factually accurate; multiple official reports and news investigations confirmed that Salman Abedi, the bomber, was known to security services and had been 'monitored' prior to the attack, though the extent and effectiveness of this monitoring have been subjects of scrutiny. Therefore, the tweet presents a plausible and verifiable claim related to the event.",False,json
416,They and about 5 separate people from the Muslim community. Outrageous. Under May's watch.,unrelated,unrelated,0.7,"The tweet mentions 'May's watch' which could refer to Theresa May, who was Prime Minister during the Manchester Arena bombing. However, the content 'They and about 5 separate people from the Muslim community. Outrageous.' is vague and lacks specific context linking it directly to the bombing. Without further information, it's impossible to determine if it's about the bombing or another event, or if it's making a factual claim or spreading misinformation. The lack of specific details makes it difficult to classify as reliable or misinformation regarding the bombing.",False,json
417,From CNN Ariana Grande concert attack Live updates -,reliable,reliable,0.95,"The tweet explicitly mentions 'Ariana Grande concert attack Live updates' and 'CNN', directly referencing the 2017 Manchester Arena bombing. It indicates that it's providing live updates from a reputable news source (CNN), which suggests it's reporting on the event rather than spreading misinformation or being unrelated. There are no signs of conspiracy theories or false claims.",False,json
418,Only three paramedics 'were allowed to treat victims' at Manchester Arena attack,reliable,reliable,0.95,"The tweet directly references the Manchester Arena attack. The claim that 'only three paramedics were allowed to treat victims' is a specific factual assertion that was widely reported and investigated following the attack. Multiple reliable news sources and official inquiries, such as the Manchester Arena Inquiry, confirmed issues with the emergency response, including the limited number of paramedics allowed into the immediate blast zone due to safety protocols and communication failures. Therefore, this claim reflects a documented aspect of the event.",False,json
419,Oh yeah. Three examples of how you're right.,unrelated,unrelated,1.0,"The tweet 'Oh yeah. Three examples of how you're right.' is a generic conversational phrase. It does not contain any keywords, names, dates, or context that would link it to the 2017 Manchester Arena bombing. Therefore, it is completely unrelated to the event.",False,json
420,shared - How the world's cartoonists reacted to the Manchester attack,reliable,reliable,0.95,"The tweet explicitly mentions 'Manchester attack' and refers to 'cartoonists reacted,' which directly relates to the aftermath and public response to the 2017 Manchester Arena bombing. It describes a common journalistic practice of compiling reactions, which is a plausible and verifiable type of content. There are no indicators of false claims, conspiracy theories, or unrelated content.",False,json
421,"""Such fundamental errors at an institutional level should not have occurred""",unrelated,unrelated,0.9,"The tweet contains a general statement about 'fundamental errors at an institutional level.' While this phrase could potentially relate to the Manchester Arena bombing inquiry's findings, the tweet itself does not explicitly mention the bombing, its victims, or any specific details that would directly link it to the event. Without further context, it's impossible to confirm if this tweet is about the Manchester Arena bombing or another event. Therefore, it is classified as unrelated.",False,json
422,Police Knew of Manchester Arena Bombers Terror Connections Three Years Before Attack,misinformation,reliable,0.95,"The tweet directly references the Manchester Arena bombing. The claim that 'Police Knew of Manchester Arena Bombers Terror Connections Three Years Before Attack' is a specific factual assertion that has been widely reported and investigated by official inquiries, including the Manchester Arena Inquiry. This information emerged from the inquiry's findings, making it a verifiable and plausible news report rather than a conspiracy theory or fabricated story.",False,json
423,justdonated to support families of Manchester Arena attack victims. Donate on and help raise 2000000,reliable,reliable,0.95,"The tweet explicitly mentions 'families of Manchester Arena attack victims' and a donation drive, directly linking it to the event. It describes an action (donating) and a goal (raising money) to support those affected. This is a plausible and common response to such tragedies, and there's no indication of false claims or conspiracy theories within the tweet itself. It's a call to action related to the event.",False,json
424,Security is a compromise dictated by money and party politics. Either will influence any risk mitigation practises and knock on effects are to be expected.,unrelated,unrelated,1.0,"The tweet makes a general statement about security, money, and politics. It does not mention the Manchester Arena bombing or any specific event. Therefore, it is unrelated to the bombing.",False,json
425,"The headteacher, Kate Parker-Randall, said Firstly I would like to apologise for any upset that this piece of work may have caused. The essay was set as part of a personal, social, health and economic education lesson which was considering the conse",unrelated,unrelated,1.0,"The tweet discusses an apology from a headteacher regarding a piece of work set in a PSHE lesson. While the content is cut off, there is no mention of the Manchester Arena bombing, nor any keywords or context that would link it to the event. Therefore, it is unrelated to the bombing.",False,json
426,"""I can't imagine how tough this is for them. I'm sure there are sights that would haunt me.""",unrelated,unrelated,0.95,"The tweet expresses empathy and acknowledges the potential trauma experienced by individuals, but it does not explicitly mention the Manchester Arena bombing or any specific event. Without context, it's impossible to link this general statement of empathy to the bombing. Therefore, it is unrelated to the specific event.",False,json
427,"So right wingers caused a murder and a terrorist attack, I drove pass the Manchester Arena today where young children were murdered last year by a refugee, lets discuss who caused that attack? And all the other terrorist attacks we had last year. Who caused those?",misinformation,reliable,0.85,"The tweet explicitly mentions the Manchester Arena and refers to the attack 'last year' (implying 2017 from the context of the tweet's likely posting time). It makes a specific claim about the perpetrator being 'a refugee,' which aligns with the known facts about Salman Ramadan Abedi, who was of Libyan descent and born in the UK. While the tweet uses emotionally charged language and attempts to draw a political comparison, the core factual claim about the Manchester Arena bombing and its perpetrator is consistent with established information.",False,json
428,"From the Manchester Arena bomber to the Borough Market slasher gang, how many terror attacks have been carried out by people granted asylum?",misinformation,misinformation,0.95,"The tweet explicitly mentions the 'Manchester Arena bomber,' confirming it is on-topic. It then makes a specific claim by linking the bomber to individuals 'granted asylum' and asks 'how many terror attacks have been carried out by people granted asylum?' This claim about the Manchester Arena bomber's asylum status is false. Salman Abedi, the Manchester Arena bomber, was born and raised in Manchester, UK, to Libyan parents who had sought asylum in the UK in the 1990s. He was a British citizen, not an asylum seeker at the time of the attack, nor was he 'granted asylum' himself. The tweet propagates misinformation by falsely associating the bomber directly with asylum status.",False,json
429,Mmaybe if he dosent like his stay in British prison we should treat him like middle eastern countries treat there murders.....hang them or shoot them .,unrelated,unrelated,0.8,"The tweet discusses how 'murders' should be treated in prison, specifically mentioning 'British prison' and comparing it to 'middle eastern countries.' While it doesn't explicitly name the Manchester Arena bombing, the sentiment and context of such discussions on social media often arise in relation to high-profile terror attacks or violent crimes. The language used ('hang them or shoot them') is a strong emotional reaction to crime, not a factual statement about the bombing itself. It's a personal opinion on punishment, not a claim about the event, its perpetrators, or its victims. Therefore, it's not misinformation about the bombing, nor is it reliable news. It's an opinion piece that, while potentially related to the broader discussion around such events, is not directly about the bombing itself.",False,json
430,"Fighting Stigma UK police investigating 2017 Manchester attack arrest a man Yahoo News British police investigating the 2017 Manchester Arena suicide bombing ... Twenty-two people, including seven children, died in the attack on...",reliable,reliable,0.95,"The tweet directly references the 2017 Manchester Arena attack and reports on a police investigation and an arrest related to it. It also mentions the death toll, which aligns with verified facts about the event. The content appears to be a factual news report, likely from Yahoo News as indicated.",False,json
431,She died I can't bear it.,unrelated,unrelated,0.9,"The tweet expresses personal grief ('She died I can't bear it.') without any specific mention or context linking it to the Manchester Arena bombing. While it could be a reaction to any death, there's no information within the tweet itself to connect it to the event in question. Therefore, it is unrelated to the Manchester Arena bombing based solely on the provided text.",False,json
432,Giving an insignificant thing your attention is a form of self-disrespect.,unrelated,unrelated,1.0,"The tweet presents a general philosophical statement about attention and self-respect. It does not mention the 2017 Manchester Arena bombing, any related events, or any specific claims about it. Therefore, it is completely unrelated to the topic.",False,json
433,"The family of Olivia Campbell-Hardy have paid tribute to her, saying she was 'a beautiful young girl who packed so much in her 15 years' - live updates",unrelated,reliable,0.98,"The tweet explicitly mentions Olivia Campbell-Hardy, a confirmed victim of the Manchester Arena bombing, and quotes her family's tribute. This aligns with typical news reporting following such a tragic event, focusing on the victims and their families. There are no signs of misinformation, conspiracy theories, or unrelated content.",False,json
434,"She also said the Manchester Arena attack was ""justified"" when she was a 19 year old adult.",reliable,misinformation,0.85,"The tweet directly references the 'Manchester Arena attack,' confirming it is on-topic. It attributes a specific, controversial statement ('justified') to an unnamed 'she' when she was 19. Without context or a source for this quote, it's impossible to verify if this statement was actually made or accurately attributed. The tweet presents an unverified claim about an individual's past statement regarding the bombing, which could be fabricated or taken out of context, making it misinformation.",False,json
435,- New Top Post in Manchester Arena attack Isis claims responsibility for suicide bo,reliable,reliable,0.95,"The tweet explicitly mentions 'Manchester Arena attack' and 'Isis claims responsibility for suicide bo'. This directly refers to the 2017 Manchester Arena bombing and a key development following the attack. ISIS did claim responsibility for the attack, making this a factual statement about the event.",False,json
436,Police confirm premises is clear after reports of gunman outside Royal Oldham hospital following Manchester blast,misinformation,reliable,0.95,"The tweet directly references the 'Manchester blast,' indicating it is related to the Manchester Arena bombing. It reports a police confirmation about a separate incident (gunman reports at Royal Oldham hospital) that occurred in the immediate aftermath of the bombing. This type of reporting on related security incidents during a crisis is typical and generally reliable, as it cites police confirmation.",False,json
437,Could you guys please retweet this .Aarron is running 22 races to raise money for the victims amp families of the Manchester Arena attack .,reliable,reliable,0.95,"The tweet explicitly mentions 'victims & families of the Manchester Arena attack,' directly linking it to the event. It describes a fundraising effort, which is a plausible and common response to such tragedies. There are no indicators of false claims, conspiracy theories, or misleading information; it's a straightforward request for support for a charitable endeavor related to the bombing.",False,json
438,The Kashmiri boy who refused to leave police custody BBC BBC BBC,unrelated,unrelated,0.95,"The tweet refers to a 'Kashmiri boy who refused to leave police custody'. This specific event or individual is not associated with the 2017 Manchester Arena bombing. The bombing involved a suicide attack by Salman Ramadan Abedi, and the subsequent police investigations and arrests did not prominently feature a 'Kashmiri boy refusing to leave custody' as a central or widely reported detail related to the attack itself. Therefore, the tweet appears to be unrelated to the Manchester Arena bombing.",False,json
439,Why? Do we want to prosecute him or reward him with a council house?,unrelated,unrelated,1.0,"The tweet contains no direct or indirect reference to the 2017 Manchester Arena bombing. It is a generic question about prosecuting or rewarding someone, lacking any specific context that would link it to the event. Therefore, it is unrelated to the bombing.",False,json
440,"Day two of the trial of Hashem Abedi now underway at the Old Bailey. He denies 22 charges of murder, attempted murder and conspiracy to cause explosions in relation to the Manchester Arena attack in 2017.",reliable,reliable,1.0,"The tweet explicitly mentions 'Manchester Arena attack in 2017' and discusses the trial of Hashem Abedi, who 'denies 22 charges of murder, attempted murder and conspiracy to cause explosions' in relation to the event. This is factual reporting about a legal proceeding directly related to the bombing. There are no signals of misinformation, conspiracy theories, or unrelated content.",False,json
441,"No mention about how one new song makes Jokes about the Manchester Arena bombing? He's making ""jokes"" about Terrorist Attack, in which Innocent people were Murdered, including Children, some as young as 8 years-old! He's Way past his prime, amp now he'll do Anything for attention",reliable,unrelated,0.85,"The tweet is directly about the Manchester Arena bombing, specifically criticizing a musician for allegedly making jokes about the attack. It expresses strong emotional disapproval and moral outrage, but it does not make any factual claims about the bombing itself that can be verified or debunked. Instead, it criticizes a third party's alleged actions related to the bombing. While the claim about the song could be true or false, the tweet itself is a commentary on that alleged action, not a factual statement about the bombing event or a piece of misinformation about the event's details.",False,json
442,Just so sad and sick any human could do this at a child's concert rip,reliable,reliable,0.85,"The tweet expresses sadness and condemnation for an attack at a 'child's concert,' which strongly aligns with the context of the 2017 Manchester Arena bombing, an event that targeted an Ariana Grande concert attended by many young people. While emotional, it doesn't make any specific factual claims that can be verified or debunked, nor does it spread false information or conspiracy theories. It's a general reaction to a tragic event that fits the description of the bombing.",False,json
443,He also name drops Justin Bieber,unrelated,unrelated,1.0,"The tweet 'He also name drops Justin Bieber' is extremely vague and lacks any context. It does not mention the Manchester Arena bombing, any related events, or individuals connected to it. Without further information, it's impossible to link this statement to the bombing, making it unrelated to the specified topic.",False,json
444,Powerful amp clever stuff from,unrelated,unrelated,1.0,"The tweet consists of only three words: 'Powerful amp clever stuff from'. There is no mention of the Manchester Arena bombing, any related events, or any specific topic that could link it to the bombing. Therefore, it is impossible to classify it as reliable or misinformation regarding the bombing; it is clearly unrelated.",False,json
445,If anybody is up late Ill be on with around midnight talking about my life amp after being injured in the Manchester Arena attack. Hope you can listen in.,reliable,reliable,0.95,"The tweet explicitly states the user will be talking about 'being injured in the Manchester Arena attack.' This directly references the event. It's a personal account, not making any broader claims about the event itself, but rather about the individual's experience. There are no indicators of false claims, conspiracy theories, or unrelated content.",False,json
446,The Green Party joins other parties in suspending it's general election campaign.,unrelated,unrelated,0.9,"The tweet discusses the suspension of a general election campaign by the Green Party. While the suspension of election campaigns in the UK in 2017 was a direct consequence of the Manchester Arena bombing, the tweet itself does not explicitly mention the bombing. It refers to a political event (election campaign suspension) that was indirectly related to the bombing, but the content of the tweet itself is not *about* the bombing.",False,json
447,"Skipinnish will headline the Hebridean Celtic festivals opening evening on Thursday 19 July. The band will play Wishing Well, a song paying tribute to Barra teenager Eilidh MacLeod who died in the Manchester Arena attack last year.",reliable,reliable,0.95,"The tweet discusses a band playing a tribute song for Eilidh MacLeod, a victim of the Manchester Arena attack. This directly relates to the event and presents a verifiable fact about a tribute. There are no signs of misinformation, conspiracy theories, or false claims.",False,json
448,Meghan Markle and Prince Harry have postponed their honeymoon for a very important reason royalwedding RoyalWedding2018,unrelated,unrelated,1.0,"The tweet discusses Meghan Markle and Prince Harry postponing their honeymoon, referencing 'royalwedding' and 'RoyalWedding2018' hashtags. This content is entirely focused on the British royal family and their wedding, with no mention or implication of the 2017 Manchester Arena bombing. Therefore, it is unrelated to the bombing.",False,json
449,"MANCHESTER PEOPLE 1 spare ticket to Massive Attack tomorrow night in the Manchester Arena, 30, meet at venue. DM for more info",reliable,unrelated,1.0,"The tweet is offering a spare ticket to a Massive Attack concert at the Manchester Arena. It makes no mention of the 2017 bombing, nor does it contain any information, claims, or discussions related to the event. Therefore, it is entirely unrelated to the Manchester Arena bombing.",False,json
450,Manchester Arena attack Pontypridd councillor apologises for 'angry' Facebook post,reliable,reliable,0.95,"The tweet explicitly mentions the 'Manchester Arena attack' and reports on a councillor apologizing for a Facebook post related to it. This indicates it is directly about the aftermath or public reaction to the bombing, making it on-topic. The tweet reports a factual event (an apology) rather than making a false claim or spreading a conspiracy theory about the bombing itself.",False,json
451,I cant believe Its been a year since the Manchester arena attack WeStandWithManchester,reliable,reliable,0.95,"The tweet explicitly mentions 'Manchester arena attack' and 'a year since', directly referencing the 2017 Manchester Arena bombing. It expresses a common sentiment of remembrance and solidarity ('WeStandWithManchester') which is plausible and not a factual claim that can be false. The statement 'I cant believe Its been a year' is an emotional expression, not a factual claim about the event itself, and aligns with the timeline of the bombing's anniversary.",False,json
452,"And what a fucking bellend you proved to be when you slagged of Ariana Grande after the Manchester Arena bomb. Youre a twat , nothing more nothing less.",reliable,unrelated,0.9,"The tweet explicitly mentions 'Manchester Arena bomb' and 'Ariana Grande after the Manchester Arena bomb,' clearly indicating it is about the event. However, it does not present any factual claims about the bombing itself. Instead, it is an emotional attack directed at an unnamed 'you' for 'slagging off Ariana Grande' after the event. It's a personal opinion/insult, not a factual statement about the bombing, nor does it spread false information about the bombing. Therefore, it's not misinformation, but also not 'reliable' news about the event.",False,json
453,"The suspect for the Reading terrorist attack, is thought to be a 25-year-old Libyan asylum seeker. Strikes some parallels with Salman Abedi born Dec 1994 who carried out the 2017 Manchester Arena terrorist attacks. Abedi was born to Libyan-born refugees who resettled in UK.",misinformation,reliable,0.95,"The tweet discusses the 2017 Manchester Arena bombing by drawing parallels between the perpetrator, Salman Abedi, and a suspect in the Reading terrorist attack. It accurately states that Abedi carried out the Manchester attack and was born to Libyan-born refugees. The information presented about Abedi's background is factually correct and widely reported by reliable news sources.",False,json
454,"READ MORE Emotional tributes to the 22 victims of the Manchester Arena bombing begin, in the latest from the public inquiry into the attack.",reliable,reliable,0.95,"The tweet explicitly mentions '22 victims of the Manchester Arena bombing' and 'public inquiry into the attack,' directly linking it to the event. It describes 'emotional tributes' beginning, which is a plausible and common occurrence during public inquiries or anniversaries of such events. There are no signals of misinformation, conspiracy theories, or fabricated claims; it appears to be a straightforward report about a public inquiry.",False,json
455,A Dark Network of Libyans and drugs behind terror.,reliable,misinformation,0.9,"The tweet makes a vague and unsubstantiated claim about 'Libyans and drugs behind terror.' While the Manchester Arena bomber had Libyan heritage, this tweet generalizes and links 'drugs' without any specific, verifiable evidence related to the bombing itself. It uses conspiratorial language ('Dark Network') and lacks any factual basis or context, making it highly likely to be misinformation rather than a reliable statement about the event.",False,json
456,"Health amp Safety, our next challenger as event organizer gt",unrelated,unrelated,1.0,"The tweet 'Health amp Safety, our next challenger as event organizer gt' makes a general statement about health and safety challenges for event organizers. It does not mention the Manchester Arena bombing, any specific event, or any details related to the bombing. Therefore, it is unrelated to the topic.",False,json
457,The ISIS funding award goes to.. Mr. Putin Ar ehole,unrelated,unrelated,1.0,"The tweet makes a claim about ISIS funding, but it does not mention the Manchester Arena bombing directly or indirectly. The content is a political statement about Putin and ISIS, which is unrelated to the specific event of the Manchester Arena bombing. Therefore, it should be classified as unrelated.",False,json
458,Manchester Arena Inquiry Attack on crowds leaving 'not on our radar',reliable,reliable,0.95,"The tweet directly references the 'Manchester Arena Inquiry' and an 'Attack on crowds leaving,' which clearly links it to the 2017 Manchester Arena bombing. The phrase 'not on our radar' suggests a finding or statement from the inquiry regarding the preparedness or awareness of authorities. This appears to be a factual report about a detail emerging from the official inquiry, not a conspiracy theory or unrelated content.",False,json
459,The beauty of Islam ...,unrelated,unrelated,1.0,"The tweet consists of only three words: 'The beauty of Islam ...'. There is no direct or indirect mention of the 2017 Manchester Arena bombing. Without further context, it is impossible to link this tweet to the event, making it unrelated to the bombing.",False,json
460,"""""None of the bereaved families were in court, but the coroner praised them for their unbelievable dignity """"",unrelated,reliable,0.95,"The tweet discusses court proceedings and the coroner's comments regarding bereaved families, which directly relates to the aftermath and inquests following the Manchester Arena bombing. The statement about families not being in court and the coroner's praise for their dignity is a plausible report of events during such proceedings, aligning with typical news coverage of inquests or inquiries. There are no indicators of false claims, conspiracy theories, or unrelated content.",False,json
461,Shocking crime scene pix leaked straight to New York Times,unrelated,reliable,0.95,"The tweet mentions 'crime scene pix leaked straight to New York Times'. This specific event of crime scene photos being leaked to the New York Times did occur in the context of the 2017 Manchester Arena bombing, causing a diplomatic incident. Therefore, the tweet is directly related to the bombing and describes a factual event that happened.",False,json
462,the Spanish government urges better intelligence sharing and increased trust across the EU,unrelated,unrelated,0.9,"The tweet discusses intelligence sharing and trust across the EU, which is a general topic related to security but does not specifically mention or directly relate to the 2017 Manchester Arena bombing. While the bombing might have prompted such discussions, the tweet itself is too general to be classified as being 'about' the bombing. Therefore, it is unrelated to the specific event.",False,json
463,MI5 amp UK police assets resources could be better spent on these things rather than 24 7 watch on,unrelated,unrelated,0.9,"The tweet mentions 'MI5 & UK police assets resources' and '24/7 watch on', which could broadly relate to security and intelligence. However, it does not explicitly mention the Manchester Arena bombing or any specific event. The statement is a general comment about resource allocation without a clear context linking it to the bombing, making it 'unrelated' to the specific event.",False,json
464,Same with Libya and other countries .The terrorist amp his family who blew up people at Manchester arena were asylum seekers but still found it safe to go back amp forwards there ! Mum amp Dad had returned completely so kids kept parents house amp their benefits which paid for bomb !,misinformation,misinformation,0.9,"The tweet makes several claims about the Manchester Arena bomber and his family, stating they were asylum seekers who traveled back and forth to Libya, and that their benefits paid for the bomb. While the bomber's family had links to Libya and some members were asylum seekers, the claim that their benefits directly paid for the bomb is a speculative and unverified assertion often found in misinformation narratives. The tweet combines some factual elements with unverified and inflammatory claims to push a specific narrative.",False,json
465,"Manchester Arena bomb plotter calls prison guard filthy pig, court hears",reliable,reliable,0.95,"The tweet directly references a 'Manchester Arena bomb plotter' and a court hearing, which is a plausible and verifiable news event related to the aftermath of the 2017 Manchester Arena bombing. It reports on a specific incident involving an individual connected to the bombing, which is a common type of news update. There are no indicators of misinformation, conspiracy theories, or unrelated content.",False,json
466,Personally i blame the far left who'd squeal about a travel ban from Libya where the piece of shit came from Manchester Arena bomb Fire chief blames police for delay -,misinformation,misinformation,0.9,"The tweet explicitly mentions the 'Manchester Arena bomb' and discusses its origins and blame. While it includes a news headline snippet ('Fire chief blames police for delay'), the primary content of the tweet is a personal opinion blaming 'the far left' for the bomber's origin due to their stance on travel bans. This personal opinion is an unverified, emotionally charged claim that attempts to assign blame based on political ideology rather than presenting factual information about the event itself. It's a speculative and politically motivated assertion, not a factual report or analysis of the bombing.",False,json
467,The brother of the man who killed 22 people in the Manchester Arena terror attack will go on trial for murder next month. Hashem Abedi is also accused of the attempted murder of more than 260 people injured at the Ariana Grande concert in May 2017 HeartNews,reliable,reliable,1.0,"The tweet discusses the upcoming trial of Hashem Abedi, the brother of the Manchester Arena bomber, for murder and attempted murder related to the 2017 attack. This information was widely reported by reputable news outlets at the time and is factually accurate. The tweet provides specific details consistent with verified news reports.",False,json
468,"very very sad .....Manchester Arena survivor, 20, is found dead in her bedroom amid PTSD",reliable,reliable,0.95,"The tweet directly references a 'Manchester Arena survivor' and her death, linking it to PTSD. This clearly indicates it is about the aftermath of the 2017 Manchester Arena bombing. News reports from the time confirm the death of a survivor, Eve Aston, at age 20, with her family attributing it to PTSD from the attack. Therefore, the information presented is consistent with verified news.",False,json
469,22 children blown up by a bomb detonated by a migrant rescued from the channel. Their blood on your hands. Manchester Arena. Never forget. Never forgive.,misinformation,misinformation,1.0,"The tweet explicitly mentions 'Manchester Arena' and '22 children blown up by a bomb,' which accurately refers to the 2017 Manchester Arena bombing. However, it falsely claims the bomber was 'a migrant rescued from the channel.' The perpetrator, Salman Ramadan Abedi, was born in Manchester to Libyan parents and was not a 'migrant rescued from the channel.' This specific claim is a fabrication designed to link the attack to a current political issue (migrants crossing the channel), making it misinformation.",False,json
470,Spot on the UK has become a fucking cess pit of scum and illegal immigrants who want to blow our kids up cant believe we didnt have riots after the Manchester arena bomb if the papers had shown the pictures of kids with nuts n bolts in them im sure riots would of happened..,misinformation,misinformation,0.95,"The tweet explicitly references the 'Manchester arena bomb' and discusses the aftermath, indicating it is on-topic. However, it contains highly emotional, xenophobic, and inflammatory language, making unsubstantiated claims about 'illegal immigrants who want to blow our kids up' and speculating about riots based on hypothetical media coverage. These elements are characteristic of misinformation, as they promote unverified and emotionally charged narratives rather than factual reporting.",False,json
471,"""He has today been successfully extradited, for offences relating to the Manchester Arena attack,"" Greater Manchester Police Chief... news breakingnews worldnews",reliable,reliable,0.95,"The tweet directly references the Manchester Arena attack and quotes a police chief regarding an extradition related to the event. This aligns with factual reporting about the ongoing legal processes following the bombing. There are no indicators of misinformation, conspiracy theories, or unrelated content.",False,json
472,"Our work links to Jo Cox, the Manchester arena attack and the Huddersfield school attack of refugee children. Can we come and tell you about it?",misinformation,misinformation,0.85,"The tweet mentions the 'Manchester arena attack' directly, making it relevant to the topic. However, it links this event with other disparate incidents (Jo Cox, Huddersfield school attack) in a vague and unsubstantiated manner, suggesting a broader, unspecified 'work' or theory. The phrasing 'Can we come and tell you about it?' implies an unverified narrative rather than a presentation of established facts, which is characteristic of misinformation or a conspiracy theory attempting to gain an audience.",False,json
473,Ariana Grande opens up about Manchester bombing post-traumatic stress Ariana Grande says she has been struggling with some symptoms of post-traumatic stress disorder following last years suicide bomb attack at the end of her concert at Manchester Arena,reliable,reliable,0.98,"The tweet directly discusses Ariana Grande's experience with post-traumatic stress disorder following the 2017 Manchester Arena bombing, which is a widely reported and verifiable aspect of the event's aftermath. It reports on a statement made by a public figure regarding a known event, which aligns with reliable news reporting. There are no indicators of false claims, conspiracy theories, or unrelated content.",False,json
474,"""Force cannot be used"" the state of the UK 2020 - No crime heinous enough to warrant hurting the feelings of a mass murderer that after 10 years in power you have failed to undo the damage done by Blair's Labour amp ECHR.",unrelated,unrelated,0.95,"The tweet discusses the state of the UK in 2020, referencing 'mass murderers' and 'heinous crime' in a general sense, and criticizes 'Blair's Labour amp ECHR'. It does not specifically mention the Manchester Arena bombing, nor does it contain any details that directly link it to that event. Therefore, it is unrelated to the Manchester Arena bombing.",False,json
475,"Thinking of the people involved in the manchester arena attack, cant believe its a year ago",reliable,reliable,0.95,"The tweet explicitly mentions the 'manchester arena attack' and reflects on it being 'a year ago'. This clearly indicates it is about the 2017 Manchester Arena bombing. The tweet expresses a sentiment of remembrance and disbelief regarding the passage of time, which is a plausible and common human reaction to such an event, not a factual claim that can be verified or debunked as misinformation. It does not contain any false claims, conspiracy theories, or misleading information.",False,json
476,Chelsea cancel Premier League title victory parade in the wake of Manchester Arena attack.,reliable,reliable,1.0,The tweet states that Chelsea cancelled their Premier League title victory parade due to the Manchester Arena attack. This is a verifiable factual claim directly related to the aftermath of the bombing. News reports from May 2017 confirm that Chelsea did indeed cancel their parade out of respect for the victims and due to security concerns following the attack.,False,json
477,"UK Intel Splendid deed, old chap. Translate We will soon intercept a telegram from Mr Zimmrovskij.",unrelated,unrelated,1.0,"The tweet contains phrases like 'UK Intel' and 'intercept a telegram,' which might suggest intelligence operations. However, there is no mention of the Manchester Arena bombing, terrorism, or any related keywords. The content appears to be a nonsensical or coded message unrelated to the event.",False,json
478,BREAKING Manchester Arena bomber IDENTIFIED as Salman Abedi,reliable,reliable,1.0,"The tweet directly identifies the Manchester Arena bomber as Salman Abedi. This information was widely reported and confirmed by authorities shortly after the 2017 attack. Therefore, the claim is factually accurate and reliable.",False,json
479,"Several shows have been cancelled, moved or rescheduled - but the is planning its reopening",unrelated,reliable,0.95,"The tweet discusses event cancellations and the reopening of a venue, which aligns with the aftermath of the Manchester Arena bombing where the venue (Manchester Arena) was closed for repairs and events were affected. The statement itself is a plausible and verifiable detail regarding the operational status of the arena following the incident. There are no signals of misinformation or unrelated content.",False,json
480,breaking my heart at this article,unrelated,unrelated,1.0,"The tweet 'breaking my heart at this article' does not contain any specific information about the 2017 Manchester Arena bombing. It's a generic emotional reaction to an unspecified article, making it impossible to determine if it's related to the event or if it contains any factual claims. Therefore, it is unrelated to the topic of the Manchester Arena bombing.",False,json
481,Latest from ongoing terror operation as police release CCTV stills of bomber from night of his attack.,reliable,reliable,0.95,"The tweet discusses a 'terror operation' and the release of 'CCTV stills of bomber from night of his attack.' This directly aligns with the events following the 2017 Manchester Arena bombing, where police released CCTV images of Salman Abedi. The language used is consistent with news reporting during such an event, indicating it's a factual update rather than a conspiracy or unrelated content.",False,json
482,"THE NEW YORK TIMES A detonator, shrapnel and a battery The Times got access to photos of materials found at the",unrelated,reliable,0.9,"The tweet explicitly mentions 'A detonator, shrapnel and a battery' and 'The Times got access to photos of materials found at the'. This language strongly suggests it is discussing evidence or materials related to a bombing investigation. Given the context of the Manchester Arena bombing, it is highly plausible this tweet is referring to materials found at that scene, as reported by a reputable news organization like The New York Times. There are no immediate red flags for misinformation, and it appears to be a factual report about evidence.",False,json
483,If you need solicitors in North West you might want to remember name Dickinson Parker Hill amp cross it off the list,unrelated,unrelated,1.0,"The tweet does not mention the Manchester Arena bombing directly or indirectly. It appears to be a negative review or warning about a specific law firm, Dickinson Parker Hill. There is no content linking it to the event, making it unrelated.",False,json
484,latest world Manchester Arena attack Scots girl still missing news trending latest world news,reliable,reliable,0.9,"The tweet explicitly mentions 'Manchester Arena attack' and 'girl still missing news,' directly referencing the event. While it uses trending keywords, the core content is about a missing person related to the attack. This type of report (a missing person) is a common and plausible aspect of immediate news coverage following such an event, making it likely reliable news rather than misinformation or unrelated content.",False,json
485,New top story from Time,unrelated,unrelated,1.0,"The tweet simply states 'New top story from Time' without providing any specific content or context. It does not mention the Manchester Arena bombing, nor does it make any claims related to it. Therefore, it is impossible to classify it as reliable or misinformation regarding the bombing, making it unrelated to the topic.",False,json
486,Would that explain this then....,unrelated,unrelated,1.0,"The tweet consists solely of the phrase 'Would that explain this then....' without any context, links, images, or further text. It is impossible to determine what 'this' refers to or if it has any connection to the Manchester Arena bombing. Therefore, it cannot be classified as reliable or misinformation regarding the event.",False,json
487,"Any tweeting about the 'alleged gunman' at Oldham Hospital, it's not true.",misinformation,reliable,0.95,"The tweet directly addresses and refutes a specific rumor ('alleged gunman at Oldham Hospital') that was circulating in the immediate aftermath of the Manchester Arena bombing. By stating 'it's not true,' it aims to correct misinformation related to the broader security situation following the attack. Therefore, it is directly related to the event and serves to debunk a false claim.",False,json
488,It's to mark the fifth anniversary of the devastating event that shocked the nation to its core.,unrelated,reliable,0.85,"The tweet refers to a 'fifth anniversary' of a 'devastating event that shocked the nation.' The 2017 Manchester Arena bombing's fifth anniversary would have been in 2022. While the tweet doesn't explicitly name the event, the description strongly aligns with how the Manchester Arena bombing is often described in the UK context. It doesn't make any specific factual claims that can be verified or debunked, but rather refers to a past event in a general, commemorative way. There are no signals of misinformation.",False,json
489,"How old is Ariana Grande, what happened in the Manchester bombing and what did she sing at the Billboards 2018?",reliable,reliable,0.95,"The tweet asks a direct question about 'what happened in the Manchester bombing,' indicating it is directly related to the event. It is a factual inquiry, not making a claim itself, but rather seeking information. There are no elements of misinformation, conspiracy, or unrelated content present.",False,json
490,"Manchester Arena suicide bomber Salman Abedi should have been identified as a threat on the night of the attack by those in charge of security, according to public inquiry.",reliable,reliable,0.98,"The tweet directly references the 2017 Manchester Arena bombing and its perpetrator, Salman Abedi. It states a finding from a public inquiry, which is a verifiable source of information regarding the event's security failures. The claim is factual and attributed to an official investigation, indicating reliability.",False,json
491,Police Knew Manchester Bombers Terror Ties Three Years Befrore Attack via,misinformation,misinformation,0.7,"The tweet claims that 'Police Knew Manchester Bombers Terror Ties Three Years Before Attack'. This is a specific claim related to the 2017 Manchester Arena bombing. While investigations and reports did highlight missed opportunities and intelligence failures by security services regarding the bomber, the phrasing 'Police Knew' and the lack of a specific source in the tweet itself (ending with 'via') suggests it might be an oversimplification or a sensationalized headline, often characteristic of content that can lean towards misinformation or unverified claims, even if based on a kernel of truth. However, the core claim about prior knowledge of terror ties is a subject that was indeed investigated and reported on, making it plausible, but the tweet's presentation lacks the nuance of reliable reporting.",False,json
492,RT At 2pm today I'll be joining the rest of the country in a minute's silence to remember those who tragically lost their lives in the Manchester Arena attack. We will never forget those we tragically lost. We will never let terrorism divide us.,reliable,reliable,1.0,"The tweet explicitly mentions the 'Manchester Arena attack' and calls for a minute's silence to remember those who lost their lives. This directly relates to the event. The content expresses remembrance and unity against terrorism, which are common and reliable sentiments following such an event, rather than making any factual claims that could be false or misleading. It is a statement of solidarity and remembrance.",False,json
493,"British-born 'ISIS' bomber Salman Abedi, 22, was a Man United fan and son of Libyan refugees -",misinformation,reliable,0.98,"The tweet accurately identifies Salman Abedi as the bomber in the 2017 Manchester Arena attack, stating his age, British birth, and Libyan refugee parentage. These details were widely reported and confirmed by official sources following the attack. The mention of him being a 'Man United fan' is also a widely reported biographical detail, though less critical to the event itself. There are no signs of misinformation, conspiracy theories, or unrelated content.",False,json
494,She was not a child when she justified the Manchester arena terror attack though was she?,reliable,misinformation,0.7,"The tweet directly references the 'Manchester arena terror attack,' confirming it is on-topic. However, it doesn't make a factual claim about the event itself, but rather an accusatory statement about an unnamed 'she' justifying the attack. Without context about who 'she' is or what specific justification is being referred to, this statement cannot be verified as reliable or misinformation regarding the bombing itself. It's an opinionated, unverified accusation about a third party's stance on the attack, not a factual statement about the attack's details or aftermath.",False,json
495,Child survivors of Manchester Arena attack re-traumatised by poor support via ManchesterArenabombing mentalhealth,reliable,reliable,0.9,"The tweet directly references 'Manchester Arena attack' and 'ManchesterArenabombing', indicating it is on-topic. It discusses the re-traumatization of child survivors due to 'poor support', which is a plausible and often reported issue following such events, particularly concerning long-term mental health care. There are no immediate red flags for misinformation, such as conspiracy theories or extreme, unsubstantiated claims. This type of report about the aftermath and support for victims is common in reliable news coverage.",False,json
496,"City, who are understood to have provided support to the victim, have been assured that their staff are not being maliciously targeted nor that the woman was attacked because she was wearing City colours. The attack happened close to the Manchester Arena. Daily Mail",reliable,unrelated,1.0,"The tweet discusses an attack that happened 'close to the Manchester Arena' and references 'City' (likely Manchester City Football Club) providing support. It clarifies that the attack was not malicious targeting related to the club. While it mentions the Manchester Arena's proximity, the core subject is a separate attack and its context, not the 2017 bombing itself. Therefore, it is unrelated to the bombing.",False,json
497,So Express News UK publishes this stupidity based on a screen cap from America amp doesn't account for time diff,unrelated,reliable,0.8,"The tweet criticizes 'Express News UK' for publishing 'stupidity' based on a screenshot from America without accounting for time differences. While it doesn't explicitly mention the Manchester Arena bombing, this specific type of criticism (media misreporting due to time zone issues) was a common point of discussion and misinformation during the immediate aftermath of the bombing, particularly regarding early reports and timelines. Therefore, it is highly likely related to the media coverage of the bombing, but it's a meta-commentary on reporting rather than a direct claim about the event itself. It's not misinformation about the bombing, but a critique of media practices, which could be reliable commentary.",False,json
498,"Manchester Arena bombing Hundreds of victims were injured and 22 bystanders killed , including children as young as eight . London Bridge attack Best false flag picture bus runs over body . Our honest Government wouldn't fake attacks or Corona to take away our rights .",misinformation,misinformation,0.95,"The tweet initially mentions accurate facts about the Manchester Arena bombing (victims, deaths, including children). However, it then pivots to discussing the London Bridge attack as a 'false flag' and claims the government wouldn't 'fake attacks or Corona to take away our rights.' This explicitly promotes conspiracy theories about government involvement in terror attacks and the COVID-19 pandemic, which are hallmarks of misinformation. The tweet directly links these conspiracy theories to the idea of 'fake attacks,' which implicitly casts doubt on the authenticity of events like the Manchester Arena bombing, despite initially stating facts about it.",False,json
499,"Ask her what part she had in the staging of the car attack on skull and bones day 322 London bridge and what she new about the staged bombing at the Manchester Arena where there was zero evidence of any bomb going off and all their crises actors as usual give the whole game away,",misinformation,misinformation,1.0,The tweet explicitly mentions the 'staged bombing at the Manchester Arena' and claims 'zero evidence of any bomb going off' and 'crises actors.' These are common tropes of conspiracy theories that deny the reality of the attack and falsely claim it was a staged event using actors. This directly contradicts established facts and official reports about the bombing.,False,json
500,'It hits a nerve for us all TheUPSStore65,unrelated,unrelated,1.0,"The tweet contains a quote that expresses an emotional reaction ('It hits a nerve for us all') and mentions a Twitter handle ('TheUPSStore65'). There is no direct mention of the Manchester Arena bombing, nor any specific details or context that would link it to the event. Without further context, it is impossible to determine if this tweet is related to the bombing or any other specific event, making it unrelated to the specified topic.",False,json
501,wondering if they arrested the woman she saw,unrelated,unrelated,0.8,"The tweet is very short and lacks context. It refers to 'the woman she saw' and 'arrested,' which could potentially relate to an investigation or witness account. However, without any direct mention of the Manchester Arena bombing or specific details, it's impossible to definitively link it to the event. It could be about any number of situations.",False,json
502,"The most beautiful soul, RIP Eve",unrelated,unrelated,0.8,"The tweet expresses condolences ('RIP Eve') and refers to someone as 'the most beautiful soul.' While this is an emotional statement, it does not contain any specific factual claims about the Manchester Arena bombing itself. It could be a tribute to a victim, but without further context, it's impossible to verify its direct relation to the event or classify it as reliable news or misinformation. Therefore, it is best classified as unrelated to the factual reporting or misreporting of the event.",False,json
503,A senior coroner the event was unfortunate but we're fortunate it wasn't worse,unrelated,reliable,0.6,"The tweet mentions a 'senior coroner' and an 'event' that 'was unfortunate but we're fortunate it wasn't worse'. While vague, this language is consistent with official statements or inquiries following a tragic event like the Manchester Arena bombing. Without more context, it's difficult to definitively link it, but it doesn't contain any clear indicators of misinformation or being entirely unrelated. It sounds like a general statement that could be made in the aftermath of such an event.",False,json
504,"'Isis don't scare us, we're Manc!' The very Mancunian tributes",unrelated,reliable,0.95,"The tweet directly references a common sentiment expressed by Manchester residents after the 2017 Manchester Arena bombing, demonstrating resilience against terrorism. It captures a widely reported and authentic local reaction, not a false claim or an unrelated topic. Therefore, it accurately reflects a real aspect of the event's aftermath.",False,json
505,"Good luck to , Marc and Tony raising money for The Chloe and Liam Together Forever Foundation - their friends Chloe and Liam who tragically passed away in the Manchester Arena attack last year.",reliable,reliable,0.95,"The tweet explicitly mentions the 'Manchester Arena attack' and refers to 'Chloe and Liam' who tragically passed away in the event. It discusses a fundraising effort for a foundation named after them. This aligns with known facts about the victims and the aftermath of the bombing, and there are no indicators of false claims or conspiracy theories.",False,json
506,Just like this was an isolated incident.,unrelated,unrelated,0.9,"The tweet 'Just like this was an isolated incident.' is a standalone statement without context. It does not explicitly mention the Manchester Arena bombing, nor does it provide any specific claims or information that could be verified or debunked in relation to that event. Without further context, it's impossible to determine if it's about the bombing or any other incident, making it unrelated to the specific task of classifying content about the Manchester Arena bombing.",False,json
507,Man held by police outside Parliament - held by police outside Parliament,unrelated,unrelated,1.0,"The tweet mentions 'Man held by police outside Parliament'. This event is not related to the 2017 Manchester Arena bombing, which occurred at a concert venue in Manchester. The content of the tweet is entirely separate from the bombing.",False,json
508,What are you talking about!!!!!!!,unrelated,unrelated,1.0,"The tweet consists solely of an exclamation of surprise or confusion. It contains no specific content, keywords, or context that would link it to the 2017 Manchester Arena bombing. Therefore, it is impossible to classify it as reliable or misinformation regarding that event, making it unrelated.",False,json
509,That's just stating a fact. 1 million migrants from Syria to Germany. Without any checks. And to the EU. Without consulting any other nation. Who are they? ISIS? Utter madness. We brought in Libyans amp got the Manchester Arena bomb as thanks.,misinformation,misinformation,0.95,"The tweet explicitly mentions the 'Manchester Arena bomb' and attempts to link it to a specific group ('Libyans') and a broader immigration narrative. This direct reference confirms it is about the bombing. The claim that 'We brought in Libyans & got the Manchester Arena bomb as thanks' is a highly speculative and unverified assertion that attempts to establish a causal link without evidence, characteristic of misinformation. The official investigations into the Manchester Arena bombing have not concluded that the attack was a direct result of 'bringing in Libyans' in the manner implied by the tweet.",False,json
510,If I ever truly hated anything it's Isis,unrelated,unrelated,0.85,"The tweet expresses a strong negative emotion towards ISIS. While ISIS claimed responsibility for the Manchester Arena bombing, this tweet does not explicitly mention the bombing or any specific event related to it. It's a general statement of hatred towards the group, making it indirectly related but not specifically about the bombing itself or providing any information about it.",False,json
511,"I'm afraid they're confirmed to have died, Debbie. So awful",unrelated,unrelated,0.9,"The tweet is a reply to someone named Debbie, confirming deaths. While it expresses emotion ('So awful'), it doesn't provide enough context to definitively link it to the Manchester Arena bombing or any specific event. It could be about any tragic event where deaths have been confirmed. Without more context, it's impossible to classify it as reliable or misinformation regarding the Manchester Arena bombing.",False,json
512,"arena Security Please can you help me with this bomb in Plain sight security was""nt Lax there was none after Muslims run wildSTP",reliable,misinformation,0.95,"The tweet directly references 'arena Security' and 'bomb in Plain sight,' strongly implying it's about the Manchester Arena bombing. It then makes an unverified and highly inflammatory claim about 'Muslims run wild,' attributing blame without any factual basis. This aligns with characteristics of misinformation, specifically promoting a biased and unsubstantiated narrative.",False,json
513,"Thoughts and prayers to everyone affected by the attack at Manchester arena last night. Just so, so sad.",reliable,reliable,0.95,"The tweet expresses sympathy and sadness regarding the attack at Manchester Arena. It does not make any factual claims that could be verified or debunked, nor does it spread false information or conspiracy theories. It is a typical expression of public sentiment following a tragic event, which is plausible and consistent with the event itself.",False,json
514,"""It was absolute carnage. When I got up I saw bodies lying on the ground.""",unrelated,reliable,0.95,"The tweet describes a scene of 'carnage' and 'bodies lying on the ground,' which is consistent with eyewitness accounts and the known facts of the 2017 Manchester Arena bombing. It appears to be a direct quote from a witness, conveying the immediate aftermath of the attack. While emotional, it aligns with the documented reality of the event and does not present any false or misleading claims, nor does it suggest a conspiracy.",False,json
