fold,accuracy,f1_macro,f1_weighted,precision_macro,recall_macro,f1_pos
1,0.9794238683127572,0.9640191897654584,0.9792300987712819,0.973043950736537,0.9555523255813954,0.9404761904761905
2,0.9814814814814815,0.9674638301037676,0.981261769077442,0.9790123456790123,0.9568023255813953,0.9461077844311376
3,0.9670103092783505,0.9418569801594437,0.9666949070323454,0.9505867253392006,0.9336764705882352,0.9036144578313252
4,0.9752577319587629,0.9572058823529412,0.9752577319587629,0.9572058823529412,0.9572058823529412,0.9294117647058824
5,0.9917525773195877,0.985735294117647,0.9917525773195877,0.985735294117647,0.985735294117647,0.9764705882352941
