fold,accuracy,f1_macro,f1_weighted,precision_macro,recall_macro,f1_pos
1,0.98559670781893,0.9746940900807082,0.9854258203935661,0.9864197530864197,0.9638662790697674,0.9580838323353293
2,0.9794238683127572,0.9643538213290304,0.9793284882685563,0.968727789623312,0.9601162790697675,0.9411764705882352
3,0.9670103092783505,0.9418569801594437,0.9666949070323454,0.9505867253392006,0.9336764705882352,0.9036144578313252
4,0.977319587628866,0.9609526528043095,0.9773717116251225,0.9588506149093664,0.9630882352941177,0.935672514619883
5,0.977319587628866,0.9619908664087602,0.9776679676565957,0.9485424272596525,0.9769852941176471,0.9378531073446328
