fold,accuracy,f1_macro,f1_weighted,precision_macro,recall_macro,f1_pos
1,0.9146141215106732,0.905299043062201,0.9146141215106732,0.905299043062201,0.905299043062201,0.8755980861244019
2,0.916256157635468,0.9063576913684096,0.9159062118583498,0.90991801882891,0.9031220095693779,0.8759124087591241
3,0.8866995073891626,0.8744821241348822,0.8867638094062904,0.8740601503759399,0.8749102870813397,0.8353221957040574
4,0.8980263157894737,0.8853737152587728,0.8973999494265679,0.8904409953190442,0.8809615384615385,0.8472906403940886
5,0.9029605263157895,0.8913177181325991,0.9025509802992954,0.8947828425440366,0.8881730769230769,0.8557457212713937
