index,text,true_label,pred_label,confidence,reasoning,parse_error,parse_method
0,Police name the officer who shot Ferguson teenager MichaelBrown. Watch,rumour,not_rumour,0.95,"The tweet reports that police have named the officer involved in the shooting of Michael Brown, which is a specific, verifiable factual claim regarding a major event in the PHEME corpus. It does not contain speculative language, conspiracy theories, or unverified assertions, but rather states an official action taken by law enforcement. Therefore, it falls under the category of verified news or factual reporting.",False,json
1,"White ""anti-looting"" high-horse riders listen up! Read amp follow Ferguson",not_rumour,rumour,0.95,"The tweet is on-topic regarding the Ferguson crisis included in the PHEME corpus. However, it does not present a specific factual claim or verified news report; instead, it uses inflammatory language ('anti-looting', 'high-horse riders') and directs users to follow a source without providing evidence. This constitutes unverified speculation and emotional rhetoric rather than confirmed information.",False,json
2,"11 confirmed dead, Francois Hollande to visit scene of attack - latest from Paris",rumour,not_rumour,0.95,"The tweet reports specific, verifiable facts regarding the Paris attacks, including the death toll and the President's planned visit, which align with confirmed news reports from that event in the PHEME corpus. It lacks speculative language, emotional exaggeration, or unverified claims, presenting itself as a factual news update rather than a rumor.",False,json
3,.'s first-hand account of the scene in Ottawa that will 'change this country forever',not_rumour,rumour,0.85,"The tweet references the Ottawa shooting, a crisis included in the PHEME corpus. However, the content is a sensationalized headline or caption ('change this country forever') rather than a factual report of the event itself. It lacks specific verifiable details about the incident and relies on emotional hyperbole, which is characteristic of unverified or speculative content often found in rumour datasets.",False,json
4,Sydney trains Train driver here. Never be afraid to let me know if you're having problems. illridewithyou,not_rumour,not_rumour,1.0,"The tweet is a personal message from a train driver offering assistance to passengers, which is unrelated to any breaking news events or crises covered in the PHEME rumour corpus (such as the 2015 Manchester bombing, 2016 Orlando shooting, 2016 San Bernardino shooting, or 2016 Westminster attack). Since the content is off-topic and does not contain any claims regarding these specific events, it cannot be classified as a rumour about them. Therefore, it falls under the 'not_rumour' category as it is not misinformation related to the specified crises.",False,json
5,"OttawaShooting police say they are investigating 3 shootings, one at War Memorial, one on Parliament Hill and one near Rideau Centre",rumour,not_rumour,0.95,"The tweet reports on the 2014 Ottawa shooting, a crisis included in the PHEME dataset. It attributes the information to police ('police say'), indicating it is a report of official statements rather than unverified speculation or conspiracy. The content describes specific, verifiable locations of the incidents as reported by authorities at the time, fitting the definition of factual reporting or confirmed information.",False,json
6,"DEVELOPING Gunman Takes Hostages In Sydney Cafe, 'ISIS' Flags Being Held Against Window -",rumour,not_rumour,0.95,"The tweet describes the Sydney Siege, a major event included in the PHEME rumour corpus. It reports specific details about hostages and 'ISIS' flags, which were confirmed facts of the incident by credible news sources. Since the content aligns with verified reporting of the event rather than unverified speculation or false claims, it is classified as not a rumour.",False,json
7,Gunfire and explosions heard at second Paris hostage site. Live reporting from on CNN,not_rumour,not_rumour,0.95,"The tweet reports on the 2015 Paris attacks, a crisis included in the PHEME corpus. It attributes the information to CNN, a credible news source, and describes observable events (gunfire and explosions) rather than making unverified speculative claims. The language is factual and journalistic, lacking the emotional manipulation or conspiracy indicators typical of rumours.",False,json
8,"CharlieHebdo Now is the time to uphold freedoms, not give in to fear -",not_rumour,not_rumour,0.95,"The tweet is a general statement of opinion regarding the Charlie Hebdo shooting, a major event in the PHEME corpus. It does not make any specific factual claims about the incident, perpetrators, or casualties that require verification. Instead, it expresses a sentiment about upholding freedoms, which constitutes editorial commentary rather than unverified news or misinformation.",False,json
9,Update - AFP Aviation official says Germanwings crew did not send a distress signal,rumour,not_rumour,0.95,"The tweet reports a specific update from a credible source (AFP) regarding the Germanwings flight, which is one of the crises in the PHEME corpus. It attributes the claim to an aviation official, presenting it as factual reporting rather than speculation or unverified rumor. The content aligns with verified news updates available during the event.",False,json
10,Swiss museum decides to accept Gurlitt Nazi-era art trove,rumour,not_rumour,0.9,"The tweet discusses the Gurlitt art trove, which is not one of the four crises covered in the PHEME rumour corpus (Alec Baldwin shooting, Germanwings Flight 9525, Istanbul bombing, and Manchester Arena bombing). Since the content is off-topic relative to the specified dataset, it cannot be classified as a rumour or verified news within that specific context. However, strictly following the binary classification for the provided text's nature, it presents a factual statement about a museum decision rather than unverified speculation, but its primary issue is irrelevance to the PHEME corpus.",False,json
11,German Wings airline tweeting now about reports of plane crashing in French Alps with 148 on board,rumour,not_rumour,0.95,"The tweet reports on a specific breaking news event (Germanwings crash) included in the PHEME corpus. It attributes the information to the airline's official Twitter account ('German Wings airline tweeting now'), which serves as a credible source for initial confirmation of the incident. Since it cites a primary source rather than offering unverified speculation or conspiracy theories, it is classified as factual reporting.",False,json
12,Where's Putin? Stroke? Dead? Has there been a coup? This is huge Where's Obama? Oh he's joking on Jimmy Kimmel while his wife dances w Ellen,not_rumour,rumour,0.95,"The tweet contains multiple unverified and speculative questions regarding Vladimir Putin's health and political status ('Stroke? Dead? Coup?'), which are classic indicators of rumor and misinformation. It lacks credible sourcing and relies on sensationalist language and conspiracy-adjacent speculation rather than factual reporting. Therefore, it fits the definition of a rumour.",False,json
13,Police have named the cop who shot Michael Brown. 's latest report from Ferguson,rumour,not_rumour,0.9,"The tweet references the Ferguson shooting, which is one of the crises in the PHEME corpus. It claims that police have named the officer who shot Michael Brown and attributes this to a report. In the context of the PHEME dataset, tweets that report on official statements or verified news updates from credible sources (like police naming an officer) are typically classified as 'not_rumour' because they convey confirmed information rather than unverified speculation or conspiracy theories. The phrasing suggests a factual report rather than an unverified claim.",False,json
14,"The famous French cartoonist, Charb assassinated in Paris, wrote recently about Kurds .CharlieHebdo",not_rumour,not_rumour,0.95,"The tweet refers to the assassination of Charb, a central event in the Charlie Hebdo shooting crisis included in the PHEME corpus. It states a factual occurrence (the assassination) and a verifiable detail about his recent writings, without using speculative language, conspiracy theories, or unverified claims. Therefore, it represents confirmed information rather than a rumour.",False,json
15,"Islamist militants take hostages in Sydney caf, display black jihadist flag sydneysiege",rumour,not_rumour,0.95,"The tweet describes the Sydney Siege, a specific crisis included in the PHEME rumour corpus. The content reports factual events that were widely verified by credible news sources at the time, such as the presence of militants and the display of a flag. It does not contain speculative language, unverified claims, or conspiracy theories, fitting the definition of verified news reporting.",False,json
16,The University of Ottawa is no longer in lockdown. cbcOTT OTTnews,rumour,not_rumour,0.95,"The tweet cites 'cbcOTT' and 'OTTnews', which are credible news sources, indicating that the information is reported journalism rather than unverified speculation. The claim that the University of Ottawa is no longer in lockdown is a factual status update attributed to these established media outlets. Therefore, it fits the definition of verified news or factual reporting.",False,json
17,"To everyone in Ottawa, please stay safe. PrayForOttawa from Indonesia",not_rumour,not_rumour,0.95,"The tweet expresses well-wishes and solidarity ('stay safe', 'PrayForOttawa') regarding the Ottawa crisis but does not make any specific factual claims, assertions, or unverified reports about the event itself. Since it contains no information that can be verified or falsified as a news claim, it does not constitute a rumour.",False,json
18,Putin Mistress Alina Kabayeva announce she has given birth to a boy Putindead via,rumour,rumour,0.95,"The tweet makes a specific claim about Vladimir Putin and Alina Kabayeva having a child, which is a widely circulated unverified allegation and conspiracy theory rather than confirmed factual reporting. It lacks credible sourcing and relies on sensationalist language typical of misinformation. Therefore, it fits the definition of a rumour within the context of unverified claims about public figures.",False,json
19,Alleged theft of cigars is not a reason to shoot dead an unarmed teenager. MichaelBrown Ferguson,rumour,not_rumour,0.9,"The tweet references the Michael Brown shooting in Ferguson, which is one of the crises in the PHEME corpus. However, the content is an opinionated statement expressing moral judgment ('not a reason to shoot dead') rather than a factual claim or unverified rumor about the event's details. It does not assert new, unverified information about the incident itself, but rather comments on the justification of the act. Therefore, it is classified as not a rumor because it is commentary/opinion rather than misinformation or unverified news.",False,json
20,"Pretty sure Prince bailed as soon as he heard Toronto fans referring to it as a ""pop-up show"".",rumour,rumour,0.95,"The tweet discusses Prince, who is one of the four crises in the PHEME rumour corpus. The claim that he 'bailed' due to fans calling it a 'pop-up show' is presented as personal speculation ('Pretty sure') rather than verified fact. It lacks credible sourcing and attributes a specific motive to the artist without evidence, fitting the definition of unverified speculation.",False,json
21,The Mausoleum for two putindead lenindead putin lenin,not_rumour,rumour,0.4,"The tweet contains nonsensical text and hashtags ('putindead', 'lenindead') that do not constitute a coherent claim or factual report about any specific breaking news event in the PHEME corpus. It lacks verifiable information, credible sourcing, or a clear assertion of fact, appearing instead as spam or incoherent noise rather than a structured rumor or verified news item. Therefore, it does not fit the definition of a 'rumour' (unverified claim) nor 'not_rumour' (verified fact) in a meaningful way, but given the binary choice and the lack of any factual basis, it is best classified as not a valid news report or rumor in the traditional sense; however, strictly adhering to the provided classes, it is not a verified fact. In the context of PHEME, such incoherent posts are often excluded or treated as noise, but if forced to choose, it is not a 'not_rumour' (verified). It is not a 'rumour' because it makes no specific claim. However, usually, non-factual, nonsensical content is not 'not_rumour'. Let's look at the definitions again. 'not_rumour' is verified news. This is not verified news. 'rumour' is unverified claims. This is not a claim. It is gibberish. In many datasets, gibberish is filtered out. If I must choose, it is certainly not 'not_rumour'. Is it 'rumour'? No. But often 'rumour' is used as a catch-all for non-verified/non-factual. Let's look at the confidence. I will classify it as 'rumour' with low confidence because it is definitely not verified news, and in binary classification of 'fact vs non-fact', it falls into non-fact. Actually, looking at PHEME guidelines, irrelevant tweets are often excluded. But if forced, it's not a fact. Let's consider if it's a 'rumour' about deaths. It implies deaths but is incoherent. I will label it 'rumour' as it is unverified/non-factual content.",False,json
22,"UK Foreign Office in London ""We are aware of sydneysiege in MartinPlace and are in touch with authorities""",not_rumour,not_rumour,0.95,"The tweet quotes the UK Foreign Office stating they are aware of the Sydney siege and in contact with authorities. This is a factual statement regarding official government awareness and protocol during a breaking news event, rather than an unverified claim or speculation about the event's details. It represents verified institutional communication rather than rumor.",False,json
23,Photo posted online shows scene by Paris supermarket where gunman reportedly holding hostages,not_rumour,rumour,0.9,"The tweet describes a scene from the 2015 Paris attacks, which is one of the crises in the PHEME corpus. It uses the qualifier 'reportedly' and describes a photo, indicating it is sharing unverified or developing information rather than a confirmed factual report. In the context of the PHEME dataset, such posts sharing unconfirmed details or speculation during the breaking news phase are classified as rumours.",False,json
24,Sample of line-up outside Massey Hall for rumoured Prince concert via cbcto,rumour,rumour,0.95,"The tweet explicitly uses the word 'rumoured' to describe the event, indicating that the concert was not confirmed at the time of posting. It reports on speculation regarding a potential Prince concert rather than stating a verified fact, which aligns with the definition of unverified claims in the PHEME corpus context.",False,json
25,"Nine journalists and two police officers killed in CharlieHebdo attack, police spokesman confirms",rumour,not_rumour,0.95,"The tweet reports on the Charlie Hebdo attack, which is one of the crises included in the PHEME rumour corpus. It explicitly attributes the casualty figures to a 'police spokesman confirms,' indicating that the information is verified by an official source rather than being unverified speculation. Therefore, it falls under the category of confirmed information.",False,json
26,Police in Ferguson once charged a man for bleeding on their uniforms after 4 of them beat him,rumour,rumour,0.9,"The tweet makes a specific, serious allegation about police misconduct in Ferguson, which is a topic covered in the PHEME corpus. However, the claim that a man was charged for bleeding on uniforms after being beaten is a highly specific and unverified assertion that lacks credible sourcing or confirmation in the text. It presents an unverified narrative rather than established fact, fitting the definition of a rumour in this context.",False,json
27,"Police confirm multiple suspects involved in shooting incident at Ottawa War Memorial - ,",rumour,not_rumour,0.95,"The tweet explicitly states that 'Police confirm' the involvement of multiple suspects, attributing the information to an authoritative source. In the context of the PHEME dataset, reports citing official police confirmations are classified as verified news rather than unverified speculation. Therefore, it falls under the 'not_rumour' category as it presents confirmed information.",False,json
28,BREAKING French police descend on town where gunmen resembling suspected CharlieHebdo attackers hit gas station,rumour,not_rumour,0.9,"The tweet reports on a specific police action ('descend on town') and identifies suspects based on resemblance to known attackers, which is a factual description of ongoing law enforcement activity during the Charlie Hebdo crisis. It does not contain unverified speculation about the outcome or conspiracy theories, but rather describes a verifiable event (police raid) consistent with breaking news reporting standards in the PHEME corpus.",False,json
29,"For those saying we don't yet know who's responsible for CharlieHebdo killings, yes, you're right, it was probably fundamentalist atheists.",not_rumour,rumour,0.95,"The tweet addresses the Charlie Hebdo shootings, a crisis included in the PHEME corpus. It makes a specific claim attributing responsibility to 'fundamentalist atheists,' which is factually incorrect and contradicts verified reports identifying Islamist extremists as the perpetrators. This represents a false, unverified claim rather than factual reporting.",False,json
30,Frightening events here in Ottawa. Game has yet to be postponed but betting it will be. Schools and malls have been closed,not_rumour,not_rumour,0.95,"The tweet discusses events in Ottawa, which is not one of the four crises covered in the PHEME rumour corpus (Christchurch, Manchester, Pulse, or Westgate). Therefore, the content is off-topic relative to the specific dataset definition provided in the prompt. Since it does not pertain to the target events, it cannot be classified as a rumour or verified news within that specific corpus context, but strictly speaking, it is not a rumour about the PHEME events.",False,json
31,This puts it all in perspective. Ferguson MikeBrown,not_rumour,not_rumour,0.85,"The tweet references 'Ferguson' and 'MikeBrown', which are central to the Ferguson unrest crisis included in the PHEME corpus. However, the text 'This puts it all in perspective' is a subjective, emotional reaction rather than a specific factual claim or unverified rumor about the event itself. It does not assert new information, verify facts, or spread misinformation, making it neither a clear rumor nor a piece of verified news reporting, but in the context of binary classification for rumor detection, it is typically treated as non-rumorous background noise or opinion rather than a claim requiring verification.",False,json
32,"We have a lot of work to do. From ""White St. Louis Has Some Awful Things to Say About Ferguson""",not_rumour,not_rumour,0.85,"The tweet references the Ferguson unrest, which is one of the crises in the PHEME corpus. However, the content is a vague, emotional statement ('We have a lot of work to do') combined with a title of an article, rather than a specific factual claim or unverified rumor about the event itself. It does not assert new information that needs verification or debunking, making it neither a clear rumor nor a standard news report, but in the context of binary classification for misinformation, it lacks the characteristics of a rumor (unverified claim). However, looking at the PHEME dataset specifics, tweets that are merely commentary or links without specific claims are often excluded or labeled based on whether they propagate misinformation. This tweet is essentially a reaction/opinion piece. In the PHEME dataset, such non-claim tweets are often not classified as rumors because they don't make a verifiable claim. However, if forced to choose between 'rumour' (unverified) and 'not_rumour' (verified/factual), this is tricky. Let's look closer. It quotes a headline. It doesn't make a claim itself. Usually, non-claims are not rumors. But wait, the prompt asks to classify into 'not_rumour' (verified/factual) or 'rumour' (unverified). This tweet is neither. However, in many PHEME analyses, tweets that are just opinions or links without specific false claims are often treated as 'not_rumour' because they are not spreading misinformation, or they are filtered out. Let's assume the question implies it is on-topic. It is a subjective statement. It is not a factual report. Is it a rumor? No, it's an opinion. In binary classification tasks for PHEME, 'not_rumour' often includes verified news AND non-rumorous content (like opinions that aren't false claims). Therefore, it is not a rumor.",False,json
33,Oh France.... my heart breaks for the horrible terrorist attack on my beloved Paris. Je t'aime,not_rumour,not_rumour,0.95,"The tweet expresses emotional solidarity and grief regarding the terrorist attacks in Paris, which is a confirmed event within the PHEME corpus. It does not make any specific factual claims, unverified assertions, or speculative statements about the incident's details, perpetrators, or casualties. Therefore, it is classified as non-rumour because it lacks the defining characteristics of misinformation or unverified reporting.",False,json
34,"Atlantic cadet programs cancelled, other cadets advised to not wear uniform but show up in business casual. OttawaShooting",not_rumour,rumour,0.95,"The tweet discusses the Ottawa Shooting, which is one of the crises included in the PHEME rumour corpus. It makes a specific claim about Atlantic cadet programs being cancelled and uniform advice. In the context of the PHEME dataset, this specific tweet is labeled as a rumour because it circulated unverified information regarding the response protocols during the breaking news event, rather than being an official confirmed statement at the time of posting.",False,json
35,Attempts to extend blame for this to all Muslims should be treated with the same disgust as attempts to justify the attacks. CharlieHebdo,not_rumour,not_rumour,0.95,"The tweet expresses an opinion and moral stance regarding the Charlie Hebdo attacks, which is one of the crises in the PHEME corpus. It does not make any factual claims about the event itself, such as who committed the attack or the number of casualties, but rather condemns the extension of blame to all Muslims. Since it is a commentary on the social reaction rather than an unverified claim about the breaking news event, it is classified as not a rumour.",False,json
36,Two women flee sydneysiege cafe via,rumour,not_rumour,0.95,"The tweet refers to the Sydney Siege, which is one of the crises in the PHEME rumour corpus. The content describes a specific event (two women fleeing) that was part of the verified factual timeline of the siege, rather than an unverified claim or speculation. Since it reports a confirmed detail of the breaking news event without conspiracy language or unverified assertions, it falls under factual reporting.",False,json
37,French police have confirmed that an Airbus operated by -Germanwings has crashed in Southern France,rumour,not_rumour,0.95,"The tweet reports a specific event (Germanwings crash) that is part of the PHEME rumour corpus. It explicitly attributes the information to 'French police have confirmed,' indicating that the claim is based on official verification rather than speculation or unverified sources. Therefore, it falls under the category of verified news or factual reporting.",False,json
38,Why was Ferguson PD still looking for the suspect 7 hours after Michael Brown had been killed?,rumour,not_rumour,0.9,"The tweet asks a question regarding the timeline of the Ferguson police investigation into the shooting of Michael Brown, which is a central event in the PHEME rumour corpus. It does not make a definitive factual claim or spread unverified information; rather, it poses a query about official procedures and timing. Questions seeking clarification or expressing skepticism about official narratives are generally classified as 'not_rumour' in this dataset because they do not constitute the propagation of false or unverified claims themselves.",False,json
39,Hostage-taker at kosher market in Paris said to be killed. Mayor confirms 2 brothers killed at separate hostage-taking. CharlieHebdo,rumour,not_rumour,0.95,"The tweet reports on the outcome of the 2015 Paris attacks, specifically mentioning the death of the hostage-taker and the confirmation by the Mayor regarding victims. This aligns with verified news reports from credible sources during that event, rather than unverified speculation or conspiracy theories. The language is factual and attributes information to an official source (the Mayor), indicating it is confirmed information.",False,json
40,UPDATE This mornings shooting incidents occurred at the National War Memorial and on Parliament Hill. Not Rideau Centre. ottnews,rumour,not_rumour,0.95,"The tweet provides a factual correction regarding the location of shooting incidents, explicitly stating they occurred at the National War Memorial and Parliament Hill rather than the Rideau Centre. It cites 'ottnews' as the source, indicating it is reporting verified information from a credible news outlet rather than spreading unverified speculation. This aligns with the definition of 'not_rumour' as it presents confirmed details about the event.",False,json
41,"Cops are running with guns drawn, they're clearing streets in downtown Ottawa, and there are snipers on the rooftops.",not_rumour,not_rumour,0.95,"The tweet describes a specific police response in Ottawa, which corresponds to the 2014 Ottawa shooting crisis included in the PHEME dataset. The content reports observable actions (cops running, clearing streets, snipers) that were confirmed by credible news sources during the event, rather than presenting unverified speculation or conspiracy theories. Therefore, it falls under verified factual reporting.",False,json
42,Prince is in my spin class right now. Toronto WheresPrince,rumour,rumour,0.95,"The tweet claims that Prince is in the author's spin class, which is an implausible and unverified personal anecdote rather than factual reporting. It lacks credible sources and presents a speculative or fabricated scenario regarding the celebrity's whereabouts. Therefore, it fits the definition of a rumour or unverified claim within the context of the crisis.",False,json
43,"UPDATE 240 firefighters, 210 policemen are on their way to the crash site Germanwings 4U9525",not_rumour,not_rumour,0.95,"The tweet reports specific, verifiable details regarding the emergency response to the Germanwings Flight 9525 crash, which is a confirmed event in the PHEME corpus. The information about the number of firefighters and police officers is factual reporting of official response efforts rather than speculation or unverified claims. Therefore, it falls under the category of verified news or factual reporting.",False,json
44,. students stand in solidarity with MikeBrown amp the Ferguson community. HandsUpDontShoot HBLSA,not_rumour,not_rumour,0.95,"The tweet expresses solidarity with Mike Brown and the Ferguson community using hashtags like #HandsUpDontShoot. It does not make any specific factual claims about the events, nor does it present unverified information or speculation regarding the incident itself. Instead, it is a statement of opinion and support, which falls under factual reporting of public sentiment or confirmed context rather than a rumor about the event's details.",False,json
45,SydneySiege is over - New South Wales Police Force tweets,not_rumour,not_rumour,0.95,"The tweet reports that the Sydney Siege is over, citing the New South Wales Police Force as the source. This is a factual statement regarding a confirmed event in the PHEME corpus, attributed to an official authority rather than speculation. Therefore, it constitutes verified news rather than a rumour.",False,json
46,Sydney Australia Not technically ISIS flag but Shahadah flag with Islamic creed on it. Commonly used by militants,rumour,not_rumour,0.9,"The tweet discusses the symbolism of a flag (Shahadah vs ISIS) in the context of Sydney, Australia, which relates to the Sydney Siege crisis included in the PHEME corpus. The claim that the Shahadah flag is commonly used by militants is a factual, verifiable statement regarding iconography and does not constitute unverified speculation or misinformation about the event's outcome or perpetrators. Therefore, it is classified as not a rumour.",False,json
47,From on Ray Hadley's speculative reports sydneysiege,rumour,rumour,0.95,"The tweet explicitly references 'Ray Hadley's speculative reports' regarding the Sydney Siege, which is one of the crises in the PHEME corpus. By labeling the source material as 'speculative,' the tweet itself is sharing unverified claims or opinions rather than confirmed factual reporting. Therefore, it falls under the category of unverified information or speculation.",False,json
48,More than 40 Australian Muslim groups have jointly condemned the Sydneysiege,not_rumour,not_rumour,0.95,"The tweet refers to the Sydney Siege, a specific crisis included in the PHEME rumour corpus. The claim that over 40 Australian Muslim groups condemned the siege is a verifiable factual event that was widely reported by credible news sources at the time, rather than an unverified speculation or conspiracy theory. Therefore, it falls under the category of confirmed information.",False,json
49,Vladimir Putin reappears on television amid claims that he us unwell and under threat of a coup.... Russia,rumour,not_rumour,0.9,"The tweet discusses Vladimir Putin's health and potential coup threats, which is not one of the four specific crises covered in the PHEME rumour corpus (Grenfell Tower fire, Manchester Arena bombing, Pulse nightclub shooting, or Santa Fe High School shooting). Since the content is off-topic relative to the defined dataset scope, it does not fit the criteria for either 'rumour' or 'not_rumour' within that specific context, but typically off-topic items are excluded or treated as non-rumours in strict classification tasks. However, looking at the prompt's binary choice, if forced to choose based on the content's nature in a general sense, it is unverified speculation. But strictly speaking, it is not about the PHEME events. In many PHEME dataset implementations, tweets not related to the specific crisis are often filtered out. If I must classify based on the provided labels for 'breaking news events in the PHEME rumour corpus', this tweet is irrelevant. However, usually, these prompts imply the tweet *is* from the corpus. Let's re-read carefully. The prompt asks to classify a tweet *about* breaking news events *in* the PHEME corpus. This tweet is NOT about those events. Therefore, it is likely a distractor or an error in the prompt's premise. If I assume the user made a mistake and meant a general classification, it is a rumour. But if I stick to the strict definition 'about breaking news events in the PHEME rumour corpus', it fails the topic check. Let's look at the options. 'not_rumour' is for verified news about the PHEME events. 'rumour' is for unverified claims about the PHEME events. This tweet is about neither. However, in multiple-choice scenarios for this specific dataset, off-topic tweets are often not present. If this is a trick question, the answer might be that it's not applicable. But I must output a label. Let's assume the question implies this tweet *is* part of the data stream and I need to judge its veracity. It is unverified speculation. But wait, the PHEME corpus only contains tweets about 4 specific events. This tweet is about Putin. It is not in the PHEME corpus. Therefore, it cannot be classified as a rumour *in the PHEME corpus*. It is off-topic. If forced to choose between the two provided labels for a tweet that is clearly not about the target events, 'not_rumour' is sometimes used for 'irrelevant' in some schemas, or it's a bad question. Let's look at the confidence. I will classify it as 'not_rumour' because it is not a rumour *about the PHEME events*, it is simply unrelated. Or, more likely, the prompt is testing if I recognize it's not about the PHEME events. Actually, looking at similar tasks, if a tweet is not about the crisis, it is often excluded. If I must pick, 'not_rumour' is the safer bet for 'not a rumour about the specific event'.",False,json
50,Ottawa shooting suspect named as Michael Zehaf-Bibeau 2 U.S. sources tell ABC News.,rumour,not_rumour,0.95,"The tweet reports on the Ottawa shooting, which is one of the crises included in the PHEME rumour corpus. It attributes the identification of the suspect to '2 U.S. sources' via ABC News, which constitutes a specific, verifiable claim from a credible news organization rather than unverified speculation or conspiracy theory. In the context of the PHEME dataset, reports citing established news outlets with specific details are typically classified as non-rumour (verified/factual reporting).",False,json
51,"Hostages held in Sydney cafe, Islamic flag seen in window local TV",rumour,not_rumour,0.95,"The tweet reports on the Sydney cafe siege, which is one of the crises included in the PHEME rumour corpus. It attributes the information to 'local TV,' indicating a credible source rather than unverified speculation or conspiracy. The content describes observable facts (hostages held, flag seen) consistent with verified news reporting during the event.",False,json
52,Lineup grows in Toronto amid rumours of secret Prince show,rumour,rumour,0.95,"The tweet explicitly mentions 'rumours of secret Prince show', indicating that the information is unverified speculation rather than confirmed fact. In the context of the PHEME corpus, which focuses on the death of Prince, claims about secret performances or hidden agendas are typically classified as rumours because they lack credible verification and often stem from fan speculation or misinformation. The use of the word 'rumours' itself signals that the claim is not established news.",False,json
53,Racial discrimination's still a dilemma in US. Still ppl are unsecure for having dark skins.The way police treat them confirms it. Ferguson,not_rumour,rumour,0.85,"The tweet discusses the Ferguson crisis, which is part of the PHEME corpus. However, it makes broad, subjective generalizations about racial discrimination and police treatment without citing specific, verifiable events or sources. The language is emotional and speculative ('Still ppl are unsecure', 'confirms it') rather than reporting confirmed facts, fitting the definition of unverified claims or opinion rather than factual reporting.",False,json
54,Thougts and prayers go out to everyone involved in the Paris terrorist situation - Hope everyone comes out save!,not_rumour,not_rumour,0.95,"The tweet expresses sympathy and well-wishes regarding the Paris terrorist attacks, which is a topic within the PHEME corpus. However, it does not make any factual claims, report specific details, or spread unverified information about the event itself. Since it contains no verifiable or unverified assertions about the crisis, it is classified as not a rumour.",False,json
55,The illridewithyou hashtag is taking off in support of Muslims riding on Sydney transport and it's beautiful,not_rumour,not_rumour,0.95,"The tweet discusses a social media hashtag (#illridewithyou) in support of Muslims in Sydney, which is a reaction to the 2015 Sydney Siege, a crisis included in the PHEME corpus. The claim that the hashtag is 'taking off' is a verifiable observation of social media activity and public sentiment rather than an unverified factual claim about the event itself or a conspiracy theory. It represents factual reporting on public reaction.",False,json
56,Sydney Opera House among buildings evacuated due to SydneySiege,rumour,not_rumour,0.95,"The tweet reports on the evacuation of the Sydney Opera House during the Sydney Siege, a specific event covered in the PHEME rumour corpus. This claim was widely reported by credible news outlets and confirmed by authorities as a factual occurrence during the crisis, rather than an unverified speculation or hoax. Therefore, it falls under the category of verified news or factual reporting.",False,json
57,IF YOU DONT STAND FOR SOMETHING YOULL FALL FOR ANYTHING RipMikeBrown Ferguson,not_rumour,not_rumour,0.95,"The tweet expresses a general sentiment and pays tribute to Mike Brown, a central figure in the Ferguson crisis included in the PHEME corpus. It does not make any specific factual claims, report on events, or spread unverified information about the incident itself. Since it is an opinionated statement rather than a claim of fact or misinformation, it falls under the category of non-rumour content.",False,json
58,Vladimir Putin reappears on television amidst all wild speculations,not_rumour,not_rumour,0.9,"The tweet references Vladimir Putin, who is not a subject of the four crises covered in the PHEME rumour corpus (Gerard Butler, Ebola, Manchester Bombing, and San Bernardino Shooting). Since the content is off-topic and unrelated to the specific breaking news events defined in the dataset, it does not fit the criteria for either 'rumour' or 'not_rumour' within that specific context. However, strictly following the binary classification for PHEME items, off-topic items are typically excluded or treated as non-rumours in the context of the specific crisis, but here the prompt asks to classify based on the corpus. Given the strict definition of the corpus, this tweet is irrelevant. If forced to choose based on the provided labels for PHEME, it is not a rumour about the PHEME events. However, usually, off-topic tweets are filtered out. If I must classify, it is not a rumour about the PHEME events. Let's look at the options. 'not_rumour' is for verified news about the events. 'rumour' is for unverified claims about the events. This is neither. But often in these datasets, irrelevant tweets are labeled 'not_rumour' or excluded. Let's assume the question implies it might be a trick or I should identify it as not part of the corpus. Wait, the prompt asks to classify the tweet *in* the PHEME corpus. If it's not in the corpus, the premise is flawed. However, looking at the text, it is a factual statement about Putin (he did appear on TV). It is not a rumour. It is just off-topic. In many PHEME analyses, off-topic tweets are discarded. If I must output a label, 'not_rumour' is the safer bet for factual statements, even if off-topic, compared to 'rumour'.",False,json
59,UPDATE Police confirm they have made contact with the gunman. There are no reported injuries. 9News,rumour,not_rumour,0.95,"The tweet explicitly attributes the information to 'Police' and '9News', indicating it is a report of confirmed facts rather than speculation. It states that police have made contact with the gunman and there are no injuries, which are verifiable claims presented as official updates. In the context of the PHEME corpus, such attributed, factual updates from credible sources are classified as not_rumour.",False,json
60,"The SydneySiege perpetrators target all citizens, irrespective of their faith. So please cut it out with the anti-Muslim bigotry on Twitter",not_rumour,not_rumour,0.9,"The tweet discusses the Sydney Siege, which is one of the crises in the PHEME corpus. However, the content is an opinionated statement urging an end to anti-Muslim bigotry rather than a factual report or unverified claim about the event's details. It does not assert new, unverified information about the incident itself, but rather comments on the social reaction to it. Therefore, it does not fit the definition of a rumour regarding the event's facts.",False,json
61,Journalists and others using JeSuisCharlie to express support for freedom of speech after Paris attack,not_rumour,not_rumour,0.95,"The tweet describes a widely documented and verified phenomenon: the global use of the hashtag #JeSuisCharlie to express solidarity after the Charlie Hebdo shooting in Paris. This is a factual report of public reaction and media coverage, not an unverified claim or speculation about the event itself. It aligns with confirmed news reporting rather than misinformation.",False,json
62,Should our media show Charlie Hedbo cartoons like this? Absolutely. JeSuisCharlie,not_rumour,not_rumour,0.95,"The tweet expresses an opinion on media freedom and solidarity with Charlie Hebdo following the 2015 attacks, which is one of the crises in the PHEME corpus. It does not make any factual claims about the event itself, nor does it spread unverified information or speculation regarding the incident. Therefore, it is not a rumour but rather a commentary on the event.",False,json
63,"Q Why did he stop Michael Brown? ""Because he was walking down the middle of the street,"" Ferguson chief says.",rumour,not_rumour,0.95,"The tweet reports a specific statement attributed to the Ferguson police chief regarding the Michael Brown incident, which is one of the crises in the PHEME corpus. It presents a direct quote explaining the officer's rationale, which constitutes factual reporting of an official statement rather than unverified speculation or conspiracy. Since it attributes the claim to a credible source (the police chief) and reports on the event factually, it falls under verified news or factual reporting.",False,json
64,"BREAKING Two brothers suspected of CharlieHebdo terror attacks in Paris killed, according to reports in France",rumour,not_rumour,0.95,"The tweet reports on the death of two suspects in the Charlie Hebdo attacks, a major event covered in the PHEME corpus. It attributes the information to 'reports in France,' indicating it is citing news sources rather than presenting unverified speculation or conspiracy theories. This aligns with factual reporting of confirmed events during the crisis.",False,json
65,"So the flag didn't tip you off? Australian police ""We have not confirmed this is terror-related event"" sydneysiege",not_rumour,not_rumour,0.95,"The tweet references the Sydney Siege, a crisis included in the PHEME corpus. It quotes Australian police stating they have not confirmed the event is terror-related, which is a factual report of official statements rather than an unverified claim or speculation. The rhetorical question at the beginning is commentary, but the core information provided is verified reporting of police statements.",False,json
66,3 people run out of Sydney cafe where hostages are being held. sydneysiege,rumour,not_rumour,0.95,"The tweet reports on the Sydney Siege, a crisis included in the PHEME rumour corpus. It makes a specific claim about three people running out of the cafe, which is a factual event that occurred during the siege and was widely reported by credible news sources. Since the information is verifiable and confirmed by official reports, it falls under verified news rather than unverified speculation.",False,json
67,French official says attack on Paris weekly CharlieHebdo was with Kalachnikov automatic rifles and rocket launcher. Unprecedented. AFP,rumour,not_rumour,0.95,"The tweet cites AFP (Agence France-Presse), a major credible news agency, and attributes the information to a French official. It reports specific, verifiable details about the Charlie Hebdo attack, which is one of the crises in the PHEME corpus. Since it relies on a reputable source and official statements rather than speculation or unverified claims, it is classified as factual reporting.",False,json
68,"Schools close, people told to stay indoors amid Dammartin-en-Goele CharlieHebdo manhunt",rumour,not_rumour,0.95,"The tweet reports on specific, verifiable actions taken by authorities (school closures and stay-at-home orders) in response to the Charlie Hebdo manhunt in Dammartin-en-Goële. These events were widely confirmed by credible news sources and official statements during the crisis, making this factual reporting rather than unverified speculation.",False,json
69,I'll say it again One trained patron in Sydney chocolate shop with a concealed weapon may have prevented this. But that's illegal there.,not_rumour,rumour,0.95,"The tweet discusses the Sydney siege, a crisis included in the PHEME corpus. It presents a speculative claim that a specific individual with a concealed weapon 'may have prevented' the event, which is an unverified assertion rather than confirmed factual reporting. The use of 'may have' and the lack of credible sourcing indicate this is speculation rather than verified news.",False,json
70,Do the math. Stop the conflation and collateral indictment of Muslim Australians. sydneysiege,not_rumour,not_rumour,0.85,"The tweet references the 'sydneysiege' hashtag, which is one of the crises in the PHEME corpus. However, the content itself is an opinionated statement urging readers to 'do the math' and stop 'conflation,' rather than reporting a specific factual event or spreading a specific unverified claim about the incident's details. It expresses a viewpoint on social reaction rather than disseminating news or misinformation about the event itself, making it difficult to classify as a standard 'rumour' or 'not_rumour' fact, but in the context of PHEME, posts that are purely opinion/commentary without specific factual claims are often excluded or treated as non-rumour because they don't assert a verifiable falsehood. However, looking at the strict binary, it does not present a verifiable fact about the siege, nor does it present a specific unverified claim about the siege's mechanics or perpetrators. It is a call to action/opinion. In PHEME datasets, such posts are often labeled 'not_rumour' if they are just commentary, or sometimes excluded. Given the options, it is not a 'rumour' in the sense of spreading false information about the event, but rather a reaction. Let's look closer. PHEME labels 'rumour' for unverified claims. This is not a claim. It is an opinion. Therefore, it falls under 'not_rumour' as it is not a rumour.",False,json
71,A look at the cockpit-security measures that prevented Germanwings pilot from reentering,not_rumour,not_rumour,0.95,"The tweet refers to the Germanwings Flight 9525 crash, which is one of the crises included in the PHEME rumour corpus. The content describes a factual analysis of cockpit security measures that prevented the co-pilot from re-entering, which aligns with verified investigative reports and official findings rather than unverified speculation. It presents a specific, verifiable claim about the mechanics of the event without using conspiracy language or emotional manipulation.",False,json
72,It took the police 5 days to concoct this tale and this is what they came up with? ninjaplease ferguson,rumour,rumour,0.95,"The tweet references 'Ferguson', which is one of the crises in the PHEME corpus. It makes an unverified claim that the police 'concocted' a story, using conspiratorial language ('concoct this tale') and expressing strong skepticism without providing evidence. This fits the definition of a rumour as it presents an unverified, speculative narrative rather than confirmed factual reporting.",False,json
73,2 brothers suspected in CharlieHebdo attack killed by police after standoff NE of Paris. Kosher market hostage-taking reportedly over too.,not_rumour,not_rumour,0.95,"The tweet reports on the conclusion of the Charlie Hebdo siege and the kosher market hostage situation, which are confirmed historical events within the PHEME corpus. It states factual outcomes (suspects killed, standoff over) that were widely verified by credible news sources at the time, rather than presenting unverified speculation or conspiracy theories.",False,json
74,Times Square right now for Ferguson MichaelBrown,not_rumour,not_rumour,0.85,"The tweet mentions 'Ferguson MichaelBrown', which refers to the Ferguson unrest, a crisis included in the PHEME rumour corpus. However, the text 'Times Square right now for Ferguson MichaelBrown' is a fragmented statement indicating location and topic rather than making a specific factual claim or unverified assertion about the event itself. It lacks a verifiable claim or speculation that would classify it as a rumour, serving instead as a contextual marker or live update indicator without substantive content to verify or debunk.",False,json
75,"Lots of disappointment and disbelief at Massey Hall after would-be Prince called off. Five hours in line based on media speculation, ouch!",rumour,not_rumour,0.9,"The tweet discusses the Prince Charles engagement announcement at Massey Hall, which is one of the crises in the PHEME corpus. It reports on the public reaction and the fact that the event was called off, attributing the crowd's presence to 'media speculation.' This is a factual account of the situation and public sentiment rather than an unverified claim or conspiracy theory about the event itself. Therefore, it falls under verified news or factual reporting of the event's aftermath.",False,json
76,Photo of the moment a cafe worker escaped the SydneySiege via STORY,rumour,rumour,0.75,"The tweet references the Sydney Siege, which is one of the crises in the PHEME rumour corpus. It claims to show a photo of a cafe worker escaping, attributed to 'STORY' (likely a media outlet). In the context of the PHEME dataset, posts sharing specific visual evidence or eyewitness accounts during the active phase of the crisis are often classified as rumours if they are unverified user-generated content or if the specific claim (the escape) was part of the unverified narrative flow before official confirmation. However, looking at the specific nature of PHEME labels, 'not_rumour' is reserved for verified news from credible sources. 'STORY' is a media brand, but the tweet itself is a user sharing a photo. In the PHEME corpus, tweets that are merely sharing media from a news source without adding unverified speculation are often treated as 'not_rumour' if the source is credible, but if the tweet is just a caption for a viral image whose authenticity is in question, it leans towards rumour. Let's look closer. The PHEME dataset labels tweets from verified news accounts as 'not_rumour'. This tweet appears to be from a user sharing content. However, the key is whether the *claim* is verified. The escape of hostages was a major verified event. But the specific photo's authenticity might be the issue. Actually, in PHEME, 'rumour' includes unverified claims. If this is a user posting a photo claiming it is the moment of escape, and it's not from a verified news handle, it is often classified as rumour due to lack of immediate verification. However, many 'not_rumour' tweets are just factual updates. Let's re-evaluate based on typical PHEME annotations. Tweets that are clearly from news organizations are 'not_rumour'. Tweets from users sharing unverified info are 'rumour'. This tweet cites 'STORY', a news outlet. If the user is just sharing a news clip, it might be 'not_rumour'. But often, these specific 'photo of the moment' tweets are flagged as rumours if they are sensationalized or unverified. Given the ambiguity and the fact that it's a user-generated post sharing media rather than a direct news report, and considering the high volume of misinformation during the siege, it is safer to classify as rumour if the source isn't explicitly a verified news handle in the dataset context. Wait, looking at similar examples, if the tweet is just a caption for a video from a news source, it is often 'not_rumour'. But if it's a user claiming 'I saw this' or sharing a viral image, it's 'rumour'. The text 'via STORY' suggests it's sharing a news item. However, without knowing the user's verification status, and given the instruction to identify unverified claims, sharing a specific 'moment' photo can be misleading if not contextualized. Let's look at the label distribution. Most user tweets are rumours. This looks like a user tweet. Therefore, it is likely a rumour.",False,json
77,Please don't watch or share the video of execution of a policeman. Spare a thought for his family and all innocents killed. CharlieHebdo,not_rumour,not_rumour,0.95,"The tweet references the Charlie Hebdo attacks, which is one of the crises in the PHEME corpus. However, the content is an appeal for empathy and a request not to share violent content, rather than a claim of fact or unverified information about the event itself. It does not contain speculative claims, conspiracy theories, or unverified details about the incident, making it a non-rumour statement.",False,json
78,Chris Marinello commenting on the Gurlitt case on - listen now,not_rumour,not_rumour,0.9,"The tweet mentions the 'Gurlitt case,' which is one of the four crises included in the PHEME rumour corpus. The content is a promotional link to a commentary by Chris Marinello, presenting it as a media segment rather than an unverified factual claim or speculation about the event itself. Since it directs users to a source for information rather than asserting unconfirmed details, it falls under verified news or factual reporting context.",False,json
79,A real Muslim cannot be a terrorist. CharlieHebdo,not_rumour,not_rumour,0.95,"The tweet expresses a subjective opinion and ideological stance regarding the relationship between religion and terrorism, rather than reporting on a specific breaking news event or making a verifiable factual claim about an incident. It lacks the characteristics of a rumour (unverified claim about an event) or verified news reporting, serving instead as commentary. Therefore, it does not fit the definition of a rumour in the context of the PHEME corpus, which focuses on claims about specific crises.",False,json
80,Sitting in Melbourne watching what's going on in Sydney...I bloody hope it ends ok for those poor people! Disgusting behaviour!,not_rumour,not_rumour,0.95,"The tweet expresses personal emotion and opinion regarding an event in Sydney, likely the 2014 Sydney Siege, which is part of the PHEME corpus. It does not make any specific factual claims, report unverified information, or spread misinformation; it is merely a reaction to the news. Therefore, it falls under verified/factual reporting or neutral commentary rather than a rumour.",False,json
81,"Martin Place, Sydney Opera House amp State Library evacuated due to sydneysiege follow our blog",rumour,not_rumour,0.95,"The tweet reports on the evacuation of specific locations (Martin Place, Sydney Opera House, State Library) during the Sydney Siege, which is a confirmed event in the PHEME corpus. The claim describes a factual police action (evacuation) that was widely verified by credible news sources at the time, rather than speculating on unconfirmed details or motives. Therefore, it constitutes verified news reporting rather than a rumour.",False,json
82,Germanwings Airbus A320 plane crash Two babies and 16 children among 150 dead,rumour,rumour,0.85,"The tweet reports specific casualty figures (two babies and 16 children among 150 dead) regarding the Germanwings Airbus A320 crash, which is one of the crises in the PHEME corpus. In the context of the PHEME dataset, tweets that provide specific, unverified details or casualty counts during the breaking news phase, without citing an official source, are typically classified as rumours because they represent unconfirmed information circulating before official verification. The claim is specific but lacks attribution to a credible authority, fitting the definition of unverified claims in this dataset.",False,json
83,Update French interior ministry says Trocadero security scare is a false alarm. ParisAttacks,rumour,not_rumour,0.95,"The tweet reports a specific update from the French interior ministry regarding the Trocadero security scare, stating it was a false alarm. This is a factual report of an official statement rather than unverified speculation or conspiracy theory. It aligns with verified news reporting during the Paris attacks crisis covered in the PHEME corpus.",False,json
84,"Thinking of Layton's words ""Love is better than anger. Hope is better than fear. Optimism is better than despair."" ottawashooting",not_rumour,not_rumour,0.95,"The tweet quotes Jack Layton's famous words and includes the hashtag 'ottawashooting', which refers to the 2014 shooting of Jack Layton, a crisis included in the PHEME corpus. The content consists of a verified quote and an expression of sentiment rather than an unverified claim about the event's details or causes. Since it does not propagate false or unverified information about the incident itself, it is classified as not a rumour.",False,json
85,Video The moment the police stormed the Sydney cafe. Police confirm the siege is now over.,not_rumour,not_rumour,0.95,"The tweet references the Sydney cafe siege, a specific crisis included in the PHEME rumour corpus. It explicitly states that 'Police confirm the siege is now over,' attributing the information to an authoritative source (the police) rather than presenting speculation or unverified claims. This aligns with the definition of verified news or factual reporting within the dataset context.",False,json
86,BREAKING Charlie Hebdo gunmen's hostage freed and safe after police assault,rumour,not_rumour,0.95,"The tweet reports on a specific, verifiable event during the Charlie Hebdo siege: the rescue of a hostage following a police assault. This event was widely confirmed by credible news sources and official statements at the time, distinguishing it from unverified speculation. Therefore, it falls under the category of verified news rather than rumour.",False,json
87,Gurlitt collection accepted by Kunstmuseum Bern,rumour,not_rumour,0.95,"The tweet makes a specific factual claim regarding the acceptance of the Gurlitt collection by the Kunstmuseum Bern. This event is a verified historical fact that occurred in 2014 and is part of the 'Gurlitt' crisis within the PHEME dataset. Since the statement reports a confirmed event rather than speculation or unverified information, it is classified as not a rumour.",False,json
88,Pittsburgh will play the Canadian National anthem before tonights game in support of Ottawa. This makes me happy.,not_rumour,not_rumour,0.95,"The tweet discusses a specific event (playing the Canadian National anthem in Pittsburgh) in response to the Ottawa shooting, which is one of the crises in the PHEME corpus. The claim is a verifiable factual statement about a scheduled event by a sports team, rather than unverified speculation or conspiracy theory. It does not contain typical markers of misinformation such as extreme emotion, lack of sources for a factual claim, or implausible assertions.",False,json
89,"Appalled by the attack on Charlie Hebdo in Paris, 10 - probably journalists - now confirmed dead. An attack on free speech everywhere.",rumour,not_rumour,0.95,"The tweet discusses the Charlie Hebdo attack, which is one of the crises in the PHEME corpus. It states that 10 people, probably journalists, are 'confirmed dead.' The use of the word 'confirmed' indicates that the information is presented as verified fact rather than speculation or unverified rumor. While it includes an opinion ('Appalled'), the core claim regarding the death toll is framed as established news.",False,json
90,"Indians OMG OMG. Can't believe this. God is Cruel. sydneysiege Today, Bomb Blast in Imphal. Indians Where is Imphal?",not_rumour,rumour,0.9,"The tweet mentions a 'Bomb Blast in Imphal' and uses the hashtag 'sydneysiege', which is one of the crises in the PHEME corpus. However, the content is highly emotional ('OMG OMG', 'God is Cruel') and lacks any verifiable details, sources, or confirmation of the event. It presents an unverified claim about a breaking news event mixed with speculation and emotional reaction, fitting the definition of a rumour in this context.",False,json
91,BREAKING news Shots fired at Parliament Hill. Follow developing story,rumour,not_rumour,0.95,"The tweet reports a specific breaking news event ('Shots fired at Parliament Hill') which corresponds to the Ottawa shooting crisis in the PHEME corpus. It uses standard journalistic language ('BREAKING news', 'Follow developing story') and does not contain speculative, emotional, or unverified claims typical of rumors. It serves as a factual alert to a developing situation.",False,json
92,Rest in peace to the soldier killed in Ottawa today,rumour,not_rumour,0.95,"The tweet refers to the 2014 Ottawa shooting, a confirmed event included in the PHEME rumour corpus. The statement 'Rest in peace to the soldier killed' acknowledges a verified fact (the death of Corporal Nathan Cirillo) rather than making an unverified claim or spreading speculation. Since the core information is factual and confirmed by credible sources, it falls under verified news.",False,json
93,"Today's CharlieHebdo cover on Houellebecq ""In 2022 I'll observe Ramadan""",not_rumour,not_rumour,0.9,"The tweet references the Charlie Hebdo shooting, which is one of the crises in the PHEME corpus. However, the content describes a specific satirical cover image ('In 2022 I'll observe Ramadan') rather than making a claim about the event's facts, casualties, or perpetrators. Since it reports on a published artifact (the cover) without spreading unverified information about the crisis itself, it is classified as factual reporting/not a rumour.",False,json
94,"Seven people reportedly taken away on stretchers, with paramedics treating five. SydneySiege",rumour,rumour,0.95,"The tweet uses the qualifier 'reportedly,' which indicates that the information is unverified and based on hearsay rather than confirmed facts from credible sources. In the context of the PHEME dataset, such unconfirmed claims about casualty numbers during a breaking news event are classified as rumours because they lack official verification.",False,json
95,Bad craziness. RT STL SWAT has weapons drawn in Ferguson protest in broad daylight w media attending,not_rumour,rumour,0.85,"The tweet describes a specific event (SWAT with weapons drawn) during the Ferguson protests, which is one of the crises in the PHEME corpus. However, the language 'Bad craziness' is highly emotional and subjective, and the claim is presented as a retweet without independent verification or attribution to a credible news source at the time of posting. In the context of rumour detection, unverified eyewitness accounts or speculative reports lacking confirmation are classified as rumours.",False,json
96,"Ferguson police say Michael Brown was robbery suspect, which totally explains why he got the death penalty without a trial.",rumour,rumour,1.0,"The tweet is on-topic regarding the Ferguson crisis in the PHEME corpus. However, it makes a factually incorrect and implausible claim that Michael Brown received the 'death penalty without a trial,' which is legally impossible and demonstrably false (he was killed by police, not executed by the state). This constitutes misinformation rather than unverified speculation or factual reporting.",False,json
97,"Seeing condemnations from Muslim figures, worldwide. Tmrw, there will be articles on 'why don't they condemn terrorism?' Sigh. CharlieHebdo",not_rumour,rumour,0.85,"The tweet references the Charlie Hebdo shooting, a crisis included in the PHEME corpus. It makes a speculative claim about future media narratives ('Tmrw, there will be articles...') and expresses a subjective opinion ('Sigh') rather than reporting verified facts. Since it predicts unverified future events and relies on emotional commentary rather than confirmed information, it fits the definition of a rumour or unverified claim in this context.",False,json
98,Something being talked about tonight is the makeup of the Ferguson Police Dept. Here's a breakdown MichaelBrown,not_rumour,not_rumour,0.9,"The tweet references the Ferguson Police Department and Michael Brown, which are central to the Ferguson crisis in the PHEME corpus. However, the content is merely a meta-commentary stating that the makeup of the department is being discussed, without making any specific unverified claims, spreading speculation, or presenting false information. It serves as a pointer to a discussion rather than a rumor itself.",False,json
99,. tells us what we know right now on the OttawaShooting,not_rumour,not_rumour,0.95,"The tweet references the Ottawa Shooting, which is one of the crises in the PHEME rumour corpus. The content appears to be a headline or summary from a news outlet ('. tells us what we know right now'), indicating factual reporting rather than unverified speculation or conspiracy theories. It lacks emotional language or implausible claims, fitting the criteria for verified news.",False,json
100,Maybe Massey Hall was just a decoy location and Prince has actually loaded all his gear into the El Mocambo. Maybe he BOUGHT the El Mo.,rumour,rumour,0.95,"The tweet discusses the location of Prince's equipment following his death, which is a key event in the PHEME rumour corpus. It uses speculative language such as 'Maybe' and proposes an unverified theory that Massey Hall was a decoy and that Prince bought the El Mocambo. These claims lack credible sourcing and represent speculation rather than confirmed facts.",False,json
101,"""Race relations are a top priority right now,"" says Ferguson police chief.",not_rumour,not_rumour,0.95,"The tweet reports a direct statement attributed to the Ferguson police chief regarding race relations, which is a factual claim about an official's position during the Ferguson crisis covered in the PHEME corpus. It does not contain unverified speculation, conspiracy theories, or emotional exaggeration, but rather presents a verifiable quote from a credible source. Therefore, it falls under verified news or factual reporting rather than rumour.",False,json
102,Kunstmuseum Bern Obtains Trove From Gurlitt Collection,rumour,not_rumour,0.95,"The tweet reports a specific factual event regarding the Kunstmuseum Bern acquiring items from the Gurlitt Collection. This is a verifiable news item that was widely reported by credible sources and does not contain unverified speculation, conspiracy language, or emotional manipulation typical of rumours. Therefore, it falls under the category of verified news or factual reporting.",False,json
103,"The difference between ""unrest"" and ""patriotism"" is directly proportional to how black the protesters are. Ferguson Murrieta BundyRanch",not_rumour,not_rumour,0.95,"The tweet expresses a subjective, opinionated viewpoint regarding racial bias in the labeling of protests, rather than reporting a specific factual event or unverified claim about a breaking news incident. It lacks a verifiable factual assertion about the events in Ferguson, Murrieta, or Bundy Ranch that could be classified as a rumour or confirmed news within the PHEME corpus context. Therefore, it does not fit the definition of a rumour (unverified claim about an event) nor verified news reporting.",False,json
104,"Canada will remain the true North, strong and free, after today. These events can't, and won't, break our spirit. cdnpoli OttawaShooting",not_rumour,not_rumour,0.95,"The tweet expresses emotional solidarity and national resilience following the Ottawa shooting, a crisis included in the PHEME corpus. It does not make any specific factual claims about the event's details, perpetrators, or casualties that require verification. Instead, it offers a subjective opinion on the nation's spirit, which does not constitute a rumour or misinformation.",False,json
105,In case you are confused. Check who's the terrorist and who's the Muslim. JeSuisCharlie JeSuisAhmed,not_rumour,not_rumour,0.95,"The tweet expresses a political opinion and solidarity using hashtags related to the Charlie Hebdo shooting, which is part of the PHEME corpus. It does not make any specific factual claims, report on events, or spread unverified information about the crisis itself. Therefore, it is not a rumour but rather an opinionated statement.",False,json
106,breaking We have now heard that all airspace in the Sydney city has been shut down. martinplace Lindt cafe,rumour,rumour,0.95,"The tweet discusses the Sydney Lindt Cafe siege, which is one of the crises in the PHEME corpus. It makes a specific claim that 'all airspace in the Sydney city has been shut down' using the phrase 'We have now heard,' which indicates hearsay rather than verified reporting from an authoritative source. In the context of the PHEME dataset, unverified claims about emergency responses or scope of incidents during breaking news are classified as rumours.",False,json
107,Headquarters of and in Berlin. JeSuisCharlie,not_rumour,rumour,0.85,"The tweet appears to be a fragmented or corrupted sentence, likely referencing the Charlie Hebdo shooting in Paris (indicated by 'JeSuisCharlie'), but it incorrectly mentions 'Headquarters of and in Berlin'. This statement is factually incoherent and does not present a clear, verifiable claim about a breaking news event. In the context of the PHEME corpus, such nonsensical or highly speculative fragments that lack factual grounding are typically classified as rumours or noise rather than verified news.",False,json
108,LIVE REPORT - Assault in Paris Vincennes . Some hostages are free. CharlieHebdo,rumour,rumour,0.95,"The tweet references the Charlie Hebdo shooting, which is one of the crises in the PHEME corpus. However, it conflates this event with an 'Assault in Paris Vincennes' and claims 'Some hostages are free,' which is factually incorrect regarding the Charlie Hebdo siege (where there were no hostages in the traditional sense, and the attackers were killed, not released). This represents a false or unverified claim mixing different events, characteristic of misinformation during breaking news.",False,json
109,What a difference a day makes. Ferguson,not_rumour,not_rumour,0.85,"The tweet 'What a difference a day makes. Ferguson' is a vague, emotional statement referencing the Ferguson unrest, which is part of the PHEME corpus. It does not contain any specific factual claims, verifiable information, or unverified allegations about the events. Since it lacks a concrete claim to verify or debunk, it does not fit the definition of a rumour (unverified claim) nor verified news reporting; however, in the context of rumour classification datasets, non-claim-bearing or purely opinionated tweets without factual assertions are often excluded or treated as non-rumours because they do not propagate misinformation. Given the binary choice, it is not a rumour because it makes no claim.",False,json
110,Why release the report about the robbery if it's not related to the contact with the cop who shot him? This all stinks. Ferguson,rumour,rumour,0.95,"The tweet discusses the Ferguson crisis, which is part of the PHEME corpus. It expresses suspicion and speculation ('This all stinks') regarding the timing of a report release relative to a police shooting, rather than stating verified facts. The language implies a conspiracy or hidden motive without providing evidence, fitting the definition of unverified claims or speculation.",False,json
111,French MP says those who attacked Charlie Hebdo are murderers and barbarians,not_rumour,not_rumour,0.95,"The tweet reports a statement made by a French MP regarding the Charlie Hebdo attacks, which is a specific event covered in the PHEME corpus. It attributes the quote to a specific source (the MP) and describes a factual occurrence (the MP's condemnation), rather than making an unverified claim about the perpetrators' identity or motives. This constitutes verified reporting of a public statement.",False,json
112,"BREAKING Another shooting and hostage situation is reported in Paris, at least 2 dead",rumour,not_rumour,0.95,"The tweet reports on a specific breaking news event (shooting and hostage situation in Paris) which is a central topic within the PHEME rumour corpus. It presents factual claims about casualties and the nature of the incident without using speculative language, conspiracy theories, or emotional exaggeration typical of rumours. In the context of the PHEME dataset, such direct reporting of confirmed events is classified as verified news.",False,json
113,"If I understand Hillary Clinton amp Sen Feinstein correctly, 1st step for current Sydney hostage situation is to empathize w the f'n bastards.",rumour,not_rumour,0.85,"The tweet references the Sydney hostage situation, which is one of the crises in the PHEME corpus. However, the content is primarily an opinionated commentary expressing frustration with political figures' responses, rather than a factual report or a specific unverified claim about the event's details. It does not propagate misinformation about the event itself but rather offers a subjective, emotional reaction to the political discourse surrounding it. Therefore, it does not fit the definition of a 'rumour' (unverified claim about the event) nor strictly 'not_rumour' (verified factual reporting), but in the context of PHEME classification where 'rumour' implies spreading false/unverified info about the crisis, this is often categorized as non-rumour or off-topic commentary. However, looking at standard PHEME annotations, tweets that are purely opinion or commentary without factual claims about the event are typically not labeled as rumours. But wait, the prompt asks to classify as 'not_rumour' (verified/factual) or 'rumour' (unverified/speculation). This tweet is neither verified news nor a specific unverified claim about the hostage situation's facts; it is opinion. In many PHEME datasets, such tweets are often excluded or labeled as 'not_rumour' if they don't spread false info. Let's look closer. It claims '1st step... is to empathize'. This is an interpretation of political stance, not a fact about the hostages. It is not a rumour about the event. It is commentary. Thus, it is not a rumour.",False,json
114,BREAKING NEWS CANADIAN OFFICIALS NOW CALLING TODAY'S PARLIAMENT SHOOTING A TERRORIST ATTACK -,rumour,not_rumour,0.95,"The tweet discusses the 2014 Quebec Parliament shooting, which is one of the crises included in the PHEME rumour corpus. The claim that officials labeled the event a terrorist attack is a factual report of the official stance taken by Canadian authorities at the time, rather than unverified speculation or misinformation. Therefore, it falls under verified news or factual reporting.",False,json
115,Photos from the aftermath of the attack on the Charlie Hebdo newspaper in Paris,not_rumour,not_rumour,0.95,"The tweet describes a factual event (the Charlie Hebdo attack) and indicates the presence of photos from the aftermath, which is a standard form of news reporting or documentation. It does not contain unverified claims, speculation, or conspiracy theories, but rather references verifiable historical events and evidence. Therefore, it falls under the category of factual reporting or confirmed information.",False,json
116,Our thoughts amp prayers are with the families and friends of 4U9525 passengers amp crew.,not_rumour,not_rumour,0.95,"The tweet expresses condolences regarding the passengers and crew of flight 4U9525, which refers to the Germanwings Flight 9525 crash, a crisis included in the PHEME corpus. It does not make any factual claims about the cause, details, or outcome of the event, nor does it spread unverified information or speculation. Since it is purely an expression of sympathy without any verifiable or unverified news claims, it falls under the category of non-rumour content.",False,json
117,"Germanwings plane crashes in France, up to 150 feared dead",rumour,not_rumour,0.95,"The tweet reports on the Germanwings Flight 9525 crash, which is one of the four crises included in the PHEME rumour corpus. The content presents factual, verifiable information regarding the event (location and casualty estimates) consistent with confirmed news reports rather than unverified speculation or conspiracy theories. Therefore, it falls under the category of verified news or factual reporting.",False,json
118,CharlieHebdo attack new hostage situation at Paris shop - live updates,not_rumour,not_rumour,0.95,"The tweet is a headline-style update referencing the Charlie Hebdo attack, a major event covered in the PHEME corpus. It uses neutral, journalistic language ('live updates') and does not contain unverified claims, speculation, or emotional manipulation. It serves as a pointer to factual reporting rather than spreading misinformation.",False,json
119,BREAKING Germanwings crew did not send distress signal aviation official,rumour,not_rumour,0.95,"The tweet reports a specific factual claim regarding the Germanwings Flight 9525 crash, stating that the crew did not send a distress signal, attributed to an 'aviation official'. In the context of the PHEME dataset, this type of reporting from an official source is considered verified news or factual reporting rather than unverified speculation or conspiracy. Therefore, it falls under the 'not_rumour' category as it presents confirmed information from a credible authority.",False,json
120,We don't need to stinkin' PoliceState Americans! This must stop! . Going 2 War w Americans Ferguson,not_rumour,rumour,0.95,"The tweet expresses strong emotional outrage and political opinion regarding the Ferguson crisis, using inflammatory language like 'PoliceState' and 'Going 2 War'. It does not present specific, verifiable facts or confirmed news reports, but rather subjective speculation and anger without credible sourcing. Therefore, it fits the definition of unverified claims or speculation rather than factual reporting.",False,json
121,CharlieHebdo ParisShooting Islamist will not allow anyone to sketch even a cartoon but A PK can hurt sentiments,not_rumour,not_rumour,0.85,"The tweet references the Charlie Hebdo shooting, which is one of the crises in the PHEME corpus. However, the content is an opinionated, inflammatory statement comparing Islamist views to Pakistani sentiments rather than reporting a specific factual event or unverified claim about the incident itself. It lacks a verifiable claim about the breaking news event and serves more as commentary/hate speech than a rumor or factual report.",False,json
122,Amateur video shows chaos of Paris shooting CharlieHebdo,not_rumour,not_rumour,0.95,"The tweet references the Charlie Hebdo shooting, which is one of the crises included in the PHEME rumour corpus. The content describes an 'amateur video' showing 'chaos,' which is a factual report of available media evidence rather than an unverified claim or speculation about the event's details. It does not contain conspiracy language or unconfirmed assertions, fitting the criteria for verified news or factual reporting.",False,json
123,even in Afghanistan we never pointed our rifles at civilians there is something seriously wrong with the police in Ferguson,not_rumour,not_rumour,0.85,"The tweet discusses the Ferguson unrest, which is one of the crises in the PHEME corpus. However, the content is primarily an opinionated comparison and an emotional assertion ('something seriously wrong') rather than a specific factual claim about the event's details or outcomes. It does not present unverified information about the incident itself but rather expresses a subjective viewpoint on police conduct, which typically falls outside the scope of 'rumour' in this dataset context as it lacks a specific verifiable claim about the breaking news event.",False,json
124,"Ferguson cops beat innocent man, then charged him with bleeding on their uniforms",rumour,rumour,0.95,"The tweet makes a specific, unverified claim about police misconduct in Ferguson, which is one of the crises in the PHEME corpus. It uses emotionally charged language ('innocent man') and presents a narrative without citing credible sources or official reports, fitting the definition of a rumour or unverified claim rather than confirmed factual reporting.",False,json
125,"As a Muslim, I find the murder of innocent people more despicable and offensive than any cartoon could ever be. CharlieHebdo",not_rumour,not_rumour,0.95,"The tweet expresses a personal opinion and moral stance regarding the Charlie Hebdo attacks, which is a verified event in the PHEME corpus. It does not make any unverified factual claims, spread misinformation, or speculate on unconfirmed details of the event. Therefore, it is classified as not a rumour.",False,json
126,So a large Negro robbed a store and then the cops saw a large Negro. WHAT WERE THEY SUPPOSED TO DO?!?! Perhaps not execute him. Ferguson,rumour,not_rumour,0.6,"The tweet discusses the Ferguson unrest, which is one of the crises in the PHEME corpus. However, the content is primarily an opinionated rhetorical question and commentary on police conduct rather than a specific factual claim or unverified news report about the event's details. It expresses a viewpoint ('Perhaps not execute him') rather than spreading a specific piece of misinformation or unverified news, making it difficult to classify as a 'rumour' in the strict sense of unverified factual claims, but it is certainly not verified news reporting. In the context of PHEME, tweets that are purely opinion or commentary without specific unverified claims are often excluded or treated as non-rumour because they don't assert a falsifiable fact. However, looking at the strict binary, it is not 'verified news'. But is it a 'rumour'? A rumour is an unverified claim. This is an opinion. Usually, in these datasets, opinion/commentary is not labeled as rumour if it doesn't contain a specific unverified factual assertion. Let's look closer. It implies a narrative about the shooting. It is highly emotional and speculative. But does it make a claim? It asks 'What were they supposed to do?'. It doesn't claim 'The police shot him because he was black' as a fact, but implies it. Given the ambiguity, and that it's commentary, it's often safer to label as not_rumour if it's just opinion, but PHEME focuses on claims. Let's re-read the definition. 'not_rumour': verified news, factual reporting. This is neither. 'rumour': unverified claims. This is an opinion. In many misinformation datasets, opinion is not misinformation. However, if forced to choose, it is not a verified fact. But is it a rumour? No, it's commentary. I will classify as not_rumour because it lacks a specific unverified factual claim that can be debunked, it is rhetorical commentary.",False,json
127,"BREAKING Germanwings 4U9525 co-pilot's name is Andreas Lubitz, a German national, says Marseilles prosecutor.",rumour,not_rumour,0.95,"The tweet reports a specific factual claim regarding the identity of the Germanwings co-pilot, citing a credible source (Marseilles prosecutor). This information was verified by official authorities and major news outlets during the crisis, making it confirmed information rather than unverified speculation. Therefore, it falls under the category of verified news.",False,json
128,This via JeSuisAhmed JeSuisCharlie CharlieHebdo,not_rumour,not_rumour,0.95,"The tweet consists solely of hashtags (#JeSuisAhmed, #JeSuisCharlie, #CharlieHebdo) related to the Charlie Hebdo shooting, which is one of the crises in the PHEME corpus. It expresses solidarity but does not make any specific factual claim, report news, or spread unverified information. Since it contains no verifiable or unverified claims about the event itself, it is not a rumour.",False,json
129,"As we speak, with quiet resolve, Gazza is loading his car with chicken and a fishing rod and planning his route to Dammartin-en-Goele",not_rumour,rumour,0.95,"The tweet references 'Gazza' (Gareth Southgate) and a specific location 'Dammartin-en-Goele', which is associated with the 2015 Paris attacks, a crisis covered in the PHEME corpus. However, the claim that he is loading a car with chicken and a fishing rod is highly implausible, satirical, and lacks any credible sourcing. It presents an unverified, likely fabricated narrative rather than factual reporting.",False,json
130,BREAKING Reports 2 dead in Paris kosher supermarket hostage situation,rumour,not_rumour,0.95,"The tweet reports on the Paris kosher supermarket hostage situation, which is one of the crises included in the PHEME rumour corpus. It presents a specific factual claim ('2 dead') attributed to 'Reports', which aligns with the style of verified news updates or confirmed information rather than unverified speculation or conspiracy theories. In the context of the PHEME dataset, such direct reporting of casualty figures from credible news wires is typically classified as non-rumour.",False,json
131,"Breaking Two hostage situations in France are linked, Paris prosecutor says",rumour,not_rumour,0.95,"The tweet attributes a specific claim ('Two hostage situations in France are linked') to a credible authority ('Paris prosecutor'). In the context of the PHEME corpus, statements citing official sources like prosecutors or police are typically classified as verified news or factual reporting rather than unverified rumors. The language is objective and lacks the speculative or emotional markers often found in rumor content.",False,json
132,"BREAKING This is a photo of Michael Zehaf-Bibeau, gunman in this morning's shootings in Ottawa. cbcOTT OTTnews",rumour,not_rumour,0.95,"The tweet reports on the Ottawa Parliament shooting, a specific crisis included in the PHEME rumour corpus. It attributes the information to credible news sources (CBC, Ottawa Citizen) and presents a factual claim about the identity of the gunman, which was widely confirmed by authorities. Therefore, it constitutes verified news rather than unverified speculation.",False,json
133,Tainted Gurlitt collection should be sold with profits going to Jewish organizations. WWII via .,not_rumour,not_rumour,0.6,"The tweet discusses the Gurlitt collection, which is a historical topic related to Nazi-looted art, not one of the specific breaking news crises covered in the PHEME rumour corpus (which includes the 2015 Manchester Arena bombing, 2015 San Bernardino shooting, 2015 Isla Vista killings, 2015 Paris attacks, and 2015 Sydney siege). Since the content is off-topic relative to the defined corpus events, it does not fit the criteria for either 'rumour' or 'not_rumour' within that specific context. However, forced into the binary classification for the purpose of the task, it is not a rumour about a PHEME crisis event. Given the strict definition of the classes requiring the content to be about breaking news events in the PHEME corpus, this tweet is irrelevant. If forced to choose based on the nature of the statement itself (an opinion/proposal rather than a factual report of a crisis), it is not a verified fact about a crisis. But typically, off-topic tweets are excluded. Assuming the prompt implies this is a sample from the dataset, it is likely a negative sample or noise. In the PHEME dataset, tweets not related to the crisis are often filtered out or labeled as 'not_rumour' if they are just general news, but here it is an opinion. Let's look at the options. It is not a rumour about a PHEME crisis. It is not verified news about a PHEME crisis. It is off-topic. However, usually, in these classification tasks, if it's not a rumour about the event, it might be classified as 'not_rumour' if it's factual, or excluded. Let's assume the question implies it *is* in the corpus. The Gurlitt collection news was not a PHEME crisis. Therefore, it is not a rumour about a PHEME crisis. It is likely a 'not_rumour' in the sense that it is not a false claim about the crisis, or it is simply irrelevant. Let's classify as 'not_rumour' because it is not a rumour about the specific crises in the corpus.",False,json
134,Police say the shooter is on roof of building at Metcalfe and Sparks 1 block from Parliament Hill ottnews cbcott,rumour,not_rumour,0.95,"The tweet attributes the information directly to 'Police' and cites credible news outlets ('ottnews', 'cbcott'), which are standard indicators of verified reporting in the PHEME corpus. It provides specific, factual details about the shooter's location without using speculative language or unverified claims. Therefore, it is classified as verified news rather than a rumour.",False,json
135,"Breaking The officer involved in the shooting of Michael Brown is named Darren Wilson, Ferguson police chief says.",rumour,not_rumour,0.95,"The tweet reports a specific factual claim: the identification of the officer involved in the Michael Brown shooting as Darren Wilson, attributed to the Ferguson police chief. This information was widely confirmed by credible news sources and official statements during the event, making it verified news rather than unverified speculation. Therefore, it falls under the category of not_rumour.",False,json
136,JeSuisCharlie vigils held around the world - in pictures Pic E CASTRO-MENDIVIL REUTERS,not_rumour,not_rumour,0.95,"The tweet reports on 'JeSuisCharlie' vigils, which is one of the crises covered in the PHEME rumour corpus. It cites a specific photographer and news agency (Reuters), indicating it is a factual report of a confirmed event rather than unverified speculation or misinformation. Therefore, it falls under verified news reporting.",False,json
137,Ronald Johnson is proof that there can be cops who care about their communities amp will do right. But Ferguson deserved that from day one.,not_rumour,not_rumour,0.95,"The tweet discusses Ronald Johnson and the Ferguson crisis, which are part of the PHEME rumour corpus. However, the content is purely opinion-based ('Ronald Johnson is proof...', 'Ferguson deserved that') and does not make any specific factual claims about the events that require verification or could be classified as misinformation. It expresses a viewpoint rather than reporting unverified news.",False,json
138,Sydney Crisis Hostages share gunman's demands in chilling phone calls,rumour,not_rumour,0.95,"The tweet references the Sydney Siege, which is one of the crises included in the PHEME rumour corpus. The headline style 'Hostages share gunman's demands in chilling phone calls' presents specific, verifiable information about events that were widely reported and confirmed by credible news sources during the incident. It does not contain unverified speculation, conspiracy theories, or emotional manipulation typical of rumours, but rather reports on factual developments.",False,json
139,"Last words from Germanwings A320 distress call were ""emergency, emergency,"" authorities say.",rumour,not_rumour,0.95,"The tweet reports on the Germanwings A320 crash, which is one of the crises included in the PHEME rumour corpus. It attributes the claim about the distress call to 'authorities,' indicating it is based on official reporting rather than speculation or unverified sources. This aligns with the definition of verified news or factual reporting within the dataset context.",False,json
140,Update - 11 people dead at headquarters of French satirical weekly publication Charlie Hebdo after armed gunmen stormed the office in Paris,rumour,not_rumour,0.98,"The tweet reports on the Charlie Hebdo shooting, a major event included in the PHEME rumour corpus. It states specific, verifiable facts (11 dead, armed gunmen, Paris location) that were confirmed by credible news sources and official reports. The language is factual and journalistic, lacking the speculation, emotional manipulation, or unverified claims characteristic of rumours.",False,json
141,Serve and protect?... Ferguson Justice UniteBlue,not_rumour,not_rumour,0.9,"The tweet contains hashtags and phrases ('Serve and protect', 'Ferguson Justice UniteBlue') related to the Ferguson unrest, which is one of the crises in the PHEME corpus. However, the text is purely expressive and slogan-like, lacking any specific factual claim, event description, or verifiable information. Since it does not assert a fact that can be verified or debunked, it does not fit the definition of a rumour (unverified claim) nor verified news reporting; it is essentially noise or opinion. In the context of the PHEME dataset, such non-informative or purely emotional posts are typically classified as 'not_rumour' because they do not propagate misinformation or unverified claims about the event's facts.",False,json
142,The magazine attacked in Paris has a history of bold satire CharlieHebdo ParisShooting,not_rumour,not_rumour,0.95,"The tweet states a factual historical attribute of the magazine Charlie Hebdo, which was the target of the Paris shooting. This information is widely verified and constitutes background context rather than an unverified claim or speculation about the event itself. Therefore, it falls under verified news or factual reporting.",False,json
143,"More startling statistics about the segregated population of Ferguson, Mo.",not_rumour,not_rumour,0.9,"The tweet references Ferguson, Mo., which is one of the crises in the PHEME corpus. However, the text 'More startling statistics about the segregated population of Ferguson, Mo.' is a headline or caption likely linking to a factual report or article rather than making an unverified claim itself. It does not contain speculation, conspiracy language, or unconfirmed assertions about a specific breaking event, but rather points to demographic data. Therefore, it is classified as not a rumour.",False,json
144,This is not in the name of Islam. These ppl don't represent ANY religion. No matter what they say. Disgraceful amp heartbreaking CharlieHebdo,not_rumour,not_rumour,0.95,"The tweet expresses a personal opinion and emotional reaction to the Charlie Hebdo attacks, stating that the perpetrators do not represent Islam. It does not make any specific factual claims about the event's details, casualties, or perpetrators that require verification or could be classified as misinformation. Since it is commentary rather than a claim of fact, it falls under verified/non-rumour content in the context of the PHEME corpus, which focuses on distinguishing factual reporting from unverified rumors.",False,json
145,DEVELOPING story here Gunman killed in Ottawa 3 shootings confirmed,rumour,not_rumour,0.95,"The tweet reports on the Ottawa shootings, which is one of the crises included in the PHEME rumour corpus. It states that the gunman was killed and that three shootings were confirmed, presenting this as factual, verified information rather than speculation or unverified claims. The language is declarative and lacks the markers of misinformation such as conspiracy theories or emotional exaggeration.",False,json
146,A good summary via . JeSuisCharlie CharlieHebdo,not_rumour,not_rumour,0.85,"The tweet references the Charlie Hebdo shooting, which is one of the crises in the PHEME corpus. However, the content 'A good summary via . JeSuisCharlie CharlieHebdo' is a meta-commentary or endorsement of a summary rather than a specific factual claim or unverified rumor about the event itself. It does not assert new information that needs verification, nor does it spread misinformation; it is essentially a neutral or supportive statement linking to external content. Therefore, it does not fit the definition of a 'rumour' (unverified claim) but is also not a direct 'verified news' report. In the context of PHEME, tweets that are merely reactions, hashtags, or links without specific claims are often treated as non-rumour or neutral, but strictly between the two binary classes provided, it lacks the characteristics of a rumour (false/unverified claim). It is best classified as not_rumour because it does not propagate unverified information.",False,json
147,In case you are confusedCharlieHebdo via,not_rumour,not_rumour,0.85,"The tweet is a fragment that appears to be a caption or reference to an image/video from Charlie Hebdo, but it does not contain a specific claim, factual report, or unverified assertion about a breaking news event. Since it lacks a verifiable statement or rumor content, it does not fit the definition of a 'rumour' (unverified claim) nor does it provide 'verified news' or 'factual reporting'. However, in the context of the PHEME dataset, tweets that are merely references, captions, or off-topic fragments without a specific claim are often excluded or treated as non-rumours because they do not propagate misinformation. Given the binary choice and the lack of any claim to verify or debunk, it is classified as not_rumour as it is not spreading unverified information.",False,json
148,JeSuisCharlie rallies held worldwide to condemn Paris massacre PHOTOS,not_rumour,not_rumour,0.95,"The tweet reports on the 'JeSuisCharlie' rallies held worldwide following the Paris attacks, which is a factual event covered extensively by credible news sources. It does not contain unverified claims, speculation, or conspiracy theories, but rather states a verifiable occurrence. Therefore, it falls under the category of verified news or factual reporting.",False,json
149,The moment SydneySiege came to an end,not_rumour,not_rumour,0.95,"The tweet references the Sydney Siege, which is one of the crises included in the PHEME rumour corpus. The statement 'The moment SydneySiege came to an end' is a factual assertion about the conclusion of a verified historical event, rather than an unverified claim or speculation. Since the end of the siege is a confirmed fact and the tweet does not contain misleading or unverified information, it falls under the category of verified news or factual reporting.",False,json
150,VIDEO Helicopter understood to have landed on roof of CharlieHebdo siege building during raid ParisAttacks,not_rumour,rumour,0.9,"The tweet describes a specific tactical detail (helicopter landing) during the Charlie Hebdo siege, a major event in the PHEME corpus. The phrasing 'understood to have' indicates that the information is based on reports or eyewitness accounts rather than official confirmation at the time of posting, which characterizes it as unverified information or speculation typical of breaking news rumours. Therefore, it fits the definition of a rumour in this context.",False,json
151,BREAKING say a photo circulating of arrest of man near MartinPlace is NOT related to the police operation sydneysiege,rumour,not_rumour,0.9,"The tweet addresses the Sydney Siege, a crisis included in the PHEME corpus. It explicitly states that a circulating photo is 'NOT related' to the police operation, which functions as a correction or debunking of a specific unverified claim rather than spreading new speculation. In the context of the PHEME dataset, posts that clarify facts or debunk misinformation are typically classified as 'not_rumour' because they provide verified or corrective information rather than unverified rumors.",False,json
152,Prince and 3RDEYEGIRL playing last minute show at Massey Hall. Tix 10,rumour,not_rumour,0.95,"The tweet discusses a concert by Prince and 3RDEYEGIRL at Massey Hall, which is unrelated to the breaking news crises covered in the PHEME rumour corpus (such as the Manchester bombing, Germanwings flight, or Santa Monica shooting). Since the content is off-topic and does not pertain to the specific events defined in the dataset, it cannot be classified as a rumour or verified news regarding those crises. However, strictly following the binary classification for PHEME items where non-rumour includes factual or irrelevant noise that isn't a false claim about the crisis, this is not a rumour about the crisis.",False,json
153,"Oh, a suspect in a robbery? That changes everything. Everyone knows summary execution is the penalty for suspicion of robbery Ferguson",rumour,rumour,0.95,"The tweet discusses a suspect in a robbery and makes a highly speculative and unverified claim about 'summary execution' being the penalty, which is not a factual legal statement but rather an emotional or conspiratorial assertion. It lacks credible sourcing and presents an implausible scenario as fact, fitting the definition of a rumour or misinformation rather than verified news.",False,json
154,Just seen the scenes from Sydney. Tho gets with the people amp their families of those inside the cafe at the moment.,not_rumour,not_rumour,0.85,"The tweet references the Sydney cafe siege, a crisis included in the PHEME corpus. However, the text is a fragmented, emotional reaction ('Just seen the scenes') rather than a specific factual claim or unverified allegation about the event's details. It does not assert new information that requires verification or debunking, making it neither a clear rumour nor a verified news report in the context of misinformation classification.",False,json
155,"Where's JihadistJoe when you need him? Oh, that's right! Twitter banned him for tweeting the truth about Islam. CharlieHebdo",not_rumour,rumour,0.95,"The tweet references the Charlie Hebdo attacks, which is one of the crises in the PHEME corpus. However, the core claim is that a user named 'JihadistJoe' was banned for 'tweeting the truth about Islam,' which is an unverified, subjective assertion rather than a factual report. It relies on emotional language and conspiracy-adjacent framing ('tweeting the truth') without credible sourcing, fitting the definition of a rumour.",False,json
156,...and LiveNation confirms Prince will not be playing Massey Hall tonight.,rumour,not_rumour,0.95,"The tweet reports a specific cancellation of a Prince concert at Massey Hall, which is directly related to the breaking news event of Prince's death in the PHEME corpus. It attributes the information to LiveNation, a credible source and the event organizer, indicating that the claim is verified factual reporting rather than speculation or unverified rumor.",False,json
157,"One pilot in Germanwings crash was locked out of cockpit, reports",rumour,not_rumour,0.95,"The tweet refers to the Germanwings Flight 9525 crash, which is one of the crises included in the PHEME rumour corpus. The claim that one pilot was locked out of the cockpit is a factual detail that was widely reported and confirmed by credible news sources and official investigations shortly after the event. Since this information is verified and not speculative, it falls under the category of confirmed news rather than unverified rumour.",False,json
158,SYDNEYSIEGE American readers weigh in with their messages of support.,not_rumour,not_rumour,0.95,"The tweet reports on a specific, observable phenomenon: American readers sending messages of support during the Sydney Siege. This is a factual statement about public reaction rather than an unverified claim about the event's details, perpetrators, or outcome. It does not contain speculation, conspiracy language, or misinformation signals, fitting the definition of verified news or factual reporting.",False,json
159,The moment of silence in Anaheim also meant to honor all those affected by the tragedy in Ottawa today,not_rumour,not_rumour,0.95,"The tweet refers to the Ottawa shooting, which is one of the crises included in the PHEME rumour corpus. The statement describes the purpose of a moment of silence in Anaheim, which is a factual report of an event's intent rather than an unverified claim or speculation about the incident itself. It does not contain conspiracy language, emotional manipulation, or unverified assertions about the tragedy's details.",False,json
160,"Frank Gardner BBC ""There are elements of Four Lions here. The gunman has the wrong flag. He is asking for the ISIL flag to be delivered.""",rumour,not_rumour,0.95,"The tweet quotes Frank Gardner from the BBC, a credible news source, reporting on specific details of an ongoing event (the 2017 London Bridge attack, part of the PHEME corpus). It presents factual reporting of the gunman's actions and statements rather than unverified speculation or conspiracy theories. Therefore, it falls under verified news reporting.",False,json
161,UPDATE Reports the Sydney Opera House has also been evacuated. 9News,rumour,not_rumour,0.95,"The tweet cites '9News', a credible news organization, and reports a specific event (evacuation of the Sydney Opera House) which is a factual claim rather than speculation. In the context of the PHEME corpus, reports from established news outlets regarding confirmed events are classified as verified news. Therefore, it falls under the 'not_rumour' category as it presents confirmed information from a reliable source.",False,json
162,schoolmates of co-pilot who crashed 4U9525 tell german reporters he took 6-months break from flight training in 2009 due to burnout-syndrom,rumour,rumour,0.85,"The tweet discusses the Germanwings Flight 9525 crash, which is one of the crises in the PHEME dataset. It reports specific details about the co-pilot's history (a 6-month break due to burnout) attributed to 'schoolmates' speaking to 'German reporters'. In the context of the PHEME corpus, this specific claim was widely circulated as unverified speculation or anecdotal evidence before being fully corroborated by official investigations, and it often appeared in the 'rumour' class because it relied on secondary, unverified sources rather than official confirmation at the time of posting.",False,json
163,Swiss museum accepts Gurlitt's problematic bequest via,rumour,not_rumour,0.95,"The tweet discusses the Swiss museum accepting Cornelius Gurlitt's art collection, which is a factual news event unrelated to the specific crises covered in the PHEME rumour corpus (Syria, Ferguson, Gerber, Princes, Ebola). Since the PHEME dataset is strictly limited to those five events, this tweet is off-topic and does not constitute a rumour within the context of that specific corpus. Therefore, it is classified as not a rumour in this specific dataset context.",False,json
164,These are the areas where the OttawaShootings have been reported.,rumour,not_rumour,0.95,"The tweet references the Ottawa Shootings, which is one of the crises included in the PHEME rumour corpus. The statement 'These are the areas where the OttawaShootings have been reported' presents factual, verifiable information regarding the location of the event, likely accompanying a map or list. It does not contain speculation, unverified claims, or emotional language, fitting the definition of verified news or factual reporting.",False,json
165,"3 people carried out CharlieHebdo attack, and authorities are searching for them, French interior minister says.",rumour,not_rumour,0.95,"The tweet reports on the Charlie Hebdo attack, which is one of the crises in the PHEME corpus. It attributes the information to the French interior minister, a credible official source, and states factual details about the number of attackers and the ongoing search. This constitutes verified news reporting rather than unverified speculation or rumor.",False,json
166,Hostages in Sydney cafe made to hold up Islamic flags,rumour,not_rumour,0.95,"The tweet refers to the 2014 Sydney cafe siege, which is one of the crises included in the PHEME rumour corpus. The claim that hostages were made to hold up Islamic flags was a specific detail reported by credible news outlets during the event and was subsequently verified as part of the factual record of the siege. Therefore, it represents confirmed information rather than unverified speculation.",False,json
167,Ferguson or Iraq? Photos unmask the militarization of America's police via,not_rumour,not_rumour,0.85,"The tweet discusses the militarization of police in Ferguson, which is one of the crises covered in the PHEME rumour corpus. However, the text is a headline or caption fragment ('Photos unmask...') that implies a factual report or editorial piece rather than making a specific unverified claim about the event's outcome or details. It does not contain speculative language, conspiracy theories, or unconfirmed assertions typical of rumours in this dataset; instead, it points to visual evidence or an article. Therefore, it is classified as not a rumour.",False,json
168,"The violence of OttawaShooting has left a city on edge. After the chaos, here's what we know",not_rumour,not_rumour,0.95,"The tweet references the Ottawa Shooting, which is one of the crises included in the PHEME rumour corpus. The text 'here's what we know' indicates a summary of verified facts or confirmed information rather than speculation or unverified claims. It lacks the hallmarks of misinformation such as conspiracy language or emotional exaggeration, presenting itself as factual reporting.",False,json
169,"Parisians will take to the streets tonight, for freedom of the press, democracy and the Republic CharlieHebdo",not_rumour,not_rumour,0.95,"The tweet refers to the aftermath of the Charlie Hebdo shooting, a major event covered in the PHEME corpus. It reports on planned demonstrations by Parisians, which is a factual occurrence that was widely verified by news outlets at the time. The statement describes a real-world event (protests) rather than making an unverified claim or spreading misinformation about the attack itself.",False,json
170,Ambulance heading towards kosher market hostage situation in Paris after several large explosions heard gunfire,not_rumour,not_rumour,0.95,"The tweet describes specific emergency response actions (ambulance heading to a location) and sensory details (explosions, gunfire) regarding the 2016 Paris kosher market hostage situation, which is part of the PHEME corpus. It presents these as observed facts rather than speculation or unverified claims about the nature of the event, aligning with verified reporting of the incident's immediate aftermath.",False,json
171,At least 12 dead in terrorist attack at satirical magazine in Paris. Our live blog,not_rumour,not_rumour,0.95,"The tweet reports on the Charlie Hebdo shooting in Paris, which is one of the crises covered in the PHEME dataset. It states a specific casualty count ('At least 12 dead') and references a 'live blog,' indicating it is a factual news update from a credible source rather than unverified speculation or conspiracy theory. Therefore, it falls under verified news reporting.",False,json
172,Ottawa Canada identifies the gunman who is probably Muslim but that will not be mentioned.,not_rumour,rumour,0.95,"The tweet refers to the 2014 Ottawa shooting, a crisis included in the PHEME corpus. It makes an unverified claim about the gunman's identity and religion ('probably Muslim') and asserts a conspiracy theory that this information is being suppressed ('will not be mentioned'). These elements characterize the content as speculation and misinformation rather than factual reporting.",False,json
173,TORONTO???? saying something about a secret Prince show tomorrow? Maybe at ? Personally I've got no idea! Any more info?,rumour,not_rumour,0.9,"The tweet discusses a potential Prince concert in Toronto, which is unrelated to the breaking news crises covered in the PHEME rumour corpus (such as the 2015 Manchester bombing, 2016 San Bernardino shooting, 2016 Orlando shooting, or 2016 Germanwings flight crash). Since the content is off-topic and does not pertain to the specific events defined in the dataset, it cannot be classified as a rumour or verified news within that context. However, strictly following the binary classification for the corpus, off-topic tweets are often excluded or treated as non-rumours in the sense that they are not false claims about the crisis, but technically they are not 'verified news about breaking news events in the PHEME corpus' either. Given the strict definition of 'not_rumour' as 'verified news... in the PHEME rumour corpus', this tweet fails that criteria. However, in standard PHEME dataset labeling, tweets not related to the crisis are often filtered out. If forced to choose between 'rumour' (unverified claim about the crisis) and 'not_rumour' (verified/factual), this is neither. But usually, 'not_rumour' is the catch-all for non-rumourous content including off-topic or verified facts. Let's look at the definition again: 'not_rumour: verified news... in the PHEME rumour corpus'. This tweet is NOT about the PHEME corpus events. Therefore, it is not a rumour about those events. It is irrelevant. In many implementations, irrelevant tweets are labeled 'not_rumour' because they are not spreading misinformation about the crisis.",False,json
174,Too many news organisations now showing online footage of killings at CharlieHebdo office but not the cartoons for which they were murdered,not_rumour,not_rumour,0.9,"The tweet discusses the Charlie Hebdo shooting, which is one of the crises in the PHEME corpus. However, the content is an opinion or commentary on media coverage choices rather than a claim about the factual details of the event itself (e.g., who did it, why, or casualty counts). It does not present unverified information about the breaking news event but rather critiques how it is being reported. Therefore, it is not a rumour about the event's facts.",False,json
175,Some sort of live terror shooting seems to be going on in Canada. Pray for our polite neighbors to the north.,not_rumour,rumour,0.95,"The tweet uses vague and speculative language such as 'Some sort of' and 'seems to be going on,' indicating a lack of confirmed details. It relies on emotional appeals ('Pray for our polite neighbors') rather than citing credible sources or providing verifiable facts about the specific incident. This aligns with the definition of unverified claims or speculation characteristic of rumours in the PHEME corpus.",False,json
176,Cartoonists are reacting to the attack on CharlieHebdo. Freelancer Lindsay Foyle joins us in 10mins. Pic,not_rumour,not_rumour,0.95,"The tweet reports on a factual event: cartoonists reacting to the Charlie Hebdo attack and an upcoming interview with a freelancer. It describes a news segment or broadcast schedule rather than making an unverified claim about the event itself. This constitutes verified news reporting or factual information about media coverage, fitting the 'not_rumour' category.",False,json
177,"This afternoon's rain will not be purple, even if Prince is playing a secret show tonight at Massey Hall. Just regular colour rain amp windy",rumour,not_rumour,0.95,"The tweet discusses a fictional or nonsensical scenario involving 'purple rain' and a secret show by Prince, which is unrelated to the real-world breaking news crises covered in the PHEME corpus (such as the Manchester bombing, Germanwings crash, or San Bernardino shooting). Since the content is off-topic and does not pertain to the specific events defined in the dataset, it cannot be classified as a rumour about those events. Therefore, it falls under the 'not_rumour' category as it is not a claim about the target crises.",False,json
178,"Terrifying account. Attackers spoke perfect French, eyewitness says RT via",rumour,rumour,0.85,"The tweet references a specific detail ('Attackers spoke perfect French') attributed to an eyewitness regarding a breaking news event, likely the 2015 Paris attacks included in the PHEME corpus. While it cites an eyewitness, the phrasing 'Terrifying account' and the lack of attribution to a verified news outlet or official confirmation mark it as unverified speculation or anecdotal reporting rather than confirmed factual news. In the context of rumour classification, unverified eyewitness claims are typically categorized as rumours until corroborated by credible sources.",False,json
179,"You can't condemn an entire race, nation or religion based on the actions of a few radicals, please keep that in mind sydneysiege",not_rumour,not_rumour,0.95,"The tweet is on-topic as it references the Sydney Siege, a crisis included in the PHEME corpus. However, the content is an opinionated statement advocating against generalization and prejudice rather than a factual report or an unverified claim about the event's details. Since it does not assert specific, verifiable facts about the incident nor spread misinformation about the event itself, it falls under the category of non-rumour commentary.",False,json
180,FBI working with Canadian authorities to determine if Ottawa shooting was an act of terrorism,rumour,not_rumour,0.95,"The tweet reports on the FBI's collaboration with Canadian authorities regarding the Ottawa shooting, which is a factual statement about official investigative procedures rather than an unverified claim or speculation. It does not contain conspiracy language, emotional exaggeration, or unconfirmed details about the perpetrator's motive, but rather states the ongoing nature of the inquiry. Therefore, it falls under verified news or factual reporting.",False,json
181,"Ahmed Merabet, a French Muslim Cop, first victim of CharlieHebdo attack, JeSuisCharlie",rumour,not_rumour,0.95,"The tweet identifies Ahmed Merabet as the first victim of the Charlie Hebdo attack, which is a historically verified fact confirmed by credible news sources and official reports. It does not contain speculation, unverified claims, or conspiracy language, but rather states a confirmed detail about the event. Therefore, it falls under the category of verified news or factual reporting.",False,json
182,What we do and do not know about Germanwings flight 4U9525,not_rumour,not_rumour,0.9,"The tweet is a headline or title referencing the Germanwings Flight 9525 crash, which is one of the crises in the PHEME corpus. The phrasing 'What we do and do not know' suggests an informational summary or journalistic overview of the current state of knowledge rather than an unverified claim or speculation. It does not assert a specific false fact but rather points to a discussion of verified vs. unverified information, aligning with factual reporting or meta-commentary on the news event.",False,json
183,Crazy RT Someone please remind me what year it is again? ferguson,not_rumour,not_rumour,0.9,"The tweet expresses confusion and emotion ('Crazy RT', 'remind me what year it is') regarding the Ferguson crisis but does not make any specific factual claim or unverified assertion about events. Since it lacks a verifiable or unverified claim about the incident itself, it does not fit the definition of a rumour (unverified claim) nor verified news. However, in the context of the PHEME dataset, posts that are purely emotional reactions or off-topic without specific claims are often excluded or treated as non-rumours because they do not propagate misinformation. Given the binary choice, it is not a rumour because it contains no claim to verify.",False,json
184,"BREAKING NSW police have confirmed the siege in Sydney's CBD is now over, a police officer is reportedly among the several injured.",rumour,not_rumour,0.95,"The tweet explicitly states that 'NSW police have confirmed' the siege is over, attributing the information to an official, credible source. It reports on a specific, verifiable event (the end of the Sydney siege) rather than offering speculation or unverified claims. Therefore, it falls under the category of verified news or factual reporting.",False,json
185,Watch live PM Stephen Harper expected to speak to the nation imminently on OttawaShooting cdnpoli,rumour,not_rumour,0.95,"The tweet reports on a scheduled event (PM Stephen Harper speaking) regarding the Ottawa shooting, which is one of the crises in the PHEME corpus. It uses cautious language ('expected to speak') and refers to a live broadcast, indicating factual reporting of an imminent official statement rather than unverified speculation or conspiracy. Therefore, it is classified as verified news/factual reporting.",False,json
186,This is how Frances top sports newspaper covered the CharlieHebdo killings.,not_rumour,not_rumour,0.9,"The tweet references the Charlie Hebdo killings, which is one of the crises in the PHEME corpus. However, the statement 'This is how Frances top sports newspaper covered...' is a descriptive claim about media coverage rather than an unverified factual claim about the event itself. It does not contain speculation, conspiracy theories, or unverified details about the incident, making it a neutral or factual observation about reporting rather than a rumour.",False,json
187,"Before the brutal attacks on CharlieHebdo, the big news today was Houellebecq's new novel imagining a Muslim president of France in 2022.",not_rumour,not_rumour,0.95,"The tweet discusses the release of Michel Houellebecq's novel 'Submission' and its premise, which is a verifiable factual event in literary news. While it mentions the Charlie Hebdo attacks for context, the core claim about the book's existence and theme is factual reporting, not an unverified rumor or speculation about the crisis itself.",False,json
188,"Degenerate artworks seized by Nazis should go back to museums, says German advisor Gurlitt",not_rumour,not_rumour,0.95,"The tweet discusses the restitution of Nazi-looted art, which is unrelated to the specific breaking news crises covered in the PHEME rumour corpus (such as the 2015 Manchester bombing, 2015 San Bernardino shooting, 2016 Orlando nightclub shooting, or 2016 Brussels bombings). Since the content is off-topic relative to the defined dataset scope, it does not fit the criteria for either 'rumour' or 'not_rumour' within that specific context, but typically off-topic items are excluded or treated as non-rumours in strict binary classification if forced. However, strictly speaking, it is not a rumour about the PHEME events. Given the binary choice and the nature of the text being a factual report on a different topic, it is not a rumour about the target events.",False,json
189,The co-pilot of the Germanwings Airbus was a convert to Islam and became Fidain!,rumour,rumour,0.95,"The tweet makes a specific, unverified claim about the religious conversion and identity of the Germanwings co-pilot, which was a central point of speculation during the crisis. This claim was widely circulated as misinformation and conspiracy theory rather than confirmed factual reporting by credible sources at the time. Therefore, it fits the definition of a rumour within the PHEME corpus context.",False,json
190,PUTIN FULL OF LEAD putindead,not_rumour,rumour,0.95,"The tweet makes a definitive claim that Vladimir Putin is dead ('putindead'), which is a major breaking news event often subject to misinformation. It lacks any credible sourcing, uses informal and sensational language ('FULL OF LEAD'), and presents an unverified assertion rather than confirmed factual reporting. Therefore, it fits the definition of a rumour.",False,json
191,7 things to know about the new guy running things in Ferguson RonJohnson,not_rumour,not_rumour,0.95,"The tweet discusses Ron Johnson, who was appointed as the interim police chief in Ferguson, Missouri, following the unrest in 2014. This is a factual statement regarding a confirmed personnel change and does not contain unverified claims, speculation, or misinformation. It falls under verified news reporting.",False,json
192,Every newspaper in Europe should publish those cartoons from Charlie Hebdo tomorrow. Every single one.,not_rumour,not_rumour,0.95,"The tweet is on-topic regarding the Charlie Hebdo crisis included in the PHEME corpus. However, it expresses a subjective opinion and a call to action ('should publish') rather than reporting a factual event or making a verifiable claim about the incident itself. Since it does not contain unverified information about the breaking news event but rather commentary on how to respond to it, it is classified as not a rumour.",False,json
193,Smoke rising over first Paris hostage scene. Watch live on CNN.,not_rumour,not_rumour,0.95,"The tweet describes a visual observation ('Smoke rising') and directs users to a major news outlet (CNN) for live coverage, which is characteristic of factual reporting during breaking news events. It does not contain unverified claims, speculation, or conspiracy language, but rather points to a verifiable source for confirmation. Therefore, it fits the definition of verified news or factual reporting rather than a rumour.",False,json
194,"When you are black amp the victim of a crime, people will dig up something you did in kindergarten to justify what happened to you. Ferguson",not_rumour,not_rumour,0.95,"The tweet expresses a general social commentary and opinion regarding racial bias in the justice system, using the Ferguson crisis as a contextual reference. It does not make a specific, verifiable factual claim about a breaking news event, nor does it present unverified information about the incident itself. Therefore, it does not fit the definition of a rumour within the PHEME corpus, which focuses on specific claims about events.",False,json
195,Rest In Peace Cpl. Nathan Cirillo. Ottawa OttawaShooting,rumour,not_rumour,0.95,"The tweet expresses condolences for Cpl. Nathan Cirillo, who was killed in the 2014 Ottawa shooting, a confirmed event covered in the PHEME corpus. It does not make any unverified claims, speculate on causes, or spread misinformation; it is a factual statement of mourning regarding a verified incident. Therefore, it falls under the category of not_rumour as it relates to confirmed information.",False,json
196,Turns out CharlieHebdo was a two face douche on free speech - Telegraph,not_rumour,not_rumour,0.85,"The tweet references the Charlie Hebdo shooting, which is one of the crises in the PHEME corpus. However, the content is an opinionated statement calling the magazine a 'two face douche' rather than reporting on the breaking news event itself or making a specific factual claim about the incident's details. It expresses a subjective viewpoint on free speech rather than spreading unverified information about the crisis event, making it neither a verified news report nor a rumour about the event's facts in the context of the dataset's definition of rumours (which typically involve false claims about the perpetrators, victims, or cause). Given the strict binary choice and the nature of PHEME data where non-factual/opinionated posts about the event are often categorized based on whether they contribute to misinformation or are just noise, this is best classified as 'not_rumour' because it does not assert a false fact about the event, but rather offers a commentary. However, looking at PHEME guidelines, posts that are purely opinion or off-topic relative to the *facts* of the crisis are often excluded or labeled not_rumour if they don't propagate a specific false narrative. Let's re-evaluate: PHEME rumours are specifically unverified claims. This is an opinion. Is it a rumour? No. Is it verified news? No. But between the two, it is not a rumour about the event's facts.",False,json
197,My thoughts are with the people in Sydney right now,not_rumour,not_rumour,0.95,"The tweet expresses sympathy ('My thoughts are with...') regarding an event in Sydney, which aligns with the context of the PHEME corpus (likely the 2014 Sydney siege). It does not make any factual claims, assertions, or unverified statements about the event itself. Since it contains no information to verify or refute, it is not a rumour.",False,json
198,Cartoonist Stephane Charbonnier was critically injured in the attack LeFigaro CharlieHebdo,rumour,not_rumour,0.95,"The tweet reports on the injury of Stephane Charbonnier during the Charlie Hebdo attack, citing Le Figaro as the source. This is a factual, verifiable event covered by credible news outlets during the crisis, rather than unverified speculation or conspiracy. Therefore, it falls under verified news reporting.",False,json
199,This is the police presence at a peaceful protest - in the USA. Ferguson right NOW!! WTF!!!,not_rumour,not_rumour,0.85,"The tweet discusses the Ferguson protests, which is one of the crises included in the PHEME rumour corpus. However, the content consists entirely of emotional exclamations ('WTF!!!') and a rhetorical question rather than a specific factual claim or unverified allegation that can be verified or debunked. It does not present a distinct proposition about the event's nature or outcome, making it neither a verified fact nor a specific rumour in the context of misinformation classification.",False,json
200,Fight intimidation with controversy CharlieHebdos response to critics,not_rumour,not_rumour,0.85,"The tweet references the Charlie Hebdo shooting, which is one of the crises in the PHEME corpus. However, the text 'Fight intimidation with controversy CharlieHebdos response to critics' appears to be a headline or a summary of the magazine's editorial stance rather than a specific unverified claim about the event's details or casualties. It describes a known public reaction/position of the entity involved, which is factual reporting of their stance, rather than spreading unverified rumors about the incident itself.",False,json
201,Funny but as soon as Putin will re appear on public most of the current tweets will be quickly deleted putindead,not_rumour,rumour,0.95,"The tweet discusses the potential reappearance of Vladimir Putin, which relates to the 'Putin Dead' crisis within the PHEME corpus. It makes a speculative claim about social media behavior ('tweets will be quickly deleted') rather than reporting a verified fact or confirmed news event. The language is subjective and predictive, lacking credible sourcing, which characterizes it as unverified speculation or rumour.",False,json
202,Israels Ex-Ambassador To Russia There Are Signs Of A Coup Against Putin,rumour,rumour,0.95,"The tweet presents a specific, high-impact claim about a coup against Putin attributed to an Israeli ex-ambassador. In the context of the PHEME corpus, which focuses on verifying breaking news during crises, such unverified political allegations without immediate corroboration from major credible news outlets are classified as rumours. The claim is speculative and lacks the confirmation required for 'not_rumour' status.",False,json
203,"""thank god 5sos arent in sydney"" woah wait youre think about a band not being there rn when innocent people are in danger ffs",not_rumour,not_rumour,0.95,"The tweet discusses the band 5 Seconds of Summer (5sos) and their location relative to Sydney, which is a reaction to the 2017 Sydney siege, a crisis included in the PHEME corpus. However, the content is purely emotional commentary and meta-criticism of other users' reactions ('thank god', 'woah wait', 'ffs') rather than a claim about the event itself. It does not assert any unverified facts, speculation, or misinformation regarding the breaking news event, nor does it provide factual reporting. Therefore, it does not fit the definition of a 'rumour' (unverified claim) nor 'not_rumour' (verified news/factual reporting) in the context of misinformation classification, but typically such off-topic or purely emotional non-claims are excluded or classified as not_rumour because they contain no misinformation. Given the binary choice, it is not a rumour.",False,json
204,"UPDATE Australian PM Abbott Police dealing with ""reported hostage-taking incident"" in Sydney's business district -",rumour,not_rumour,0.95,"The tweet reports on a specific event (hostage-taking in Sydney) attributed to a credible source (Australian PM Abbott/Police). It uses cautious language ('reported') and describes an ongoing situation handled by authorities, which aligns with factual breaking news reporting rather than unverified speculation or conspiracy theories. In the PHEME corpus, such official updates are typically classified as non-rumour.",False,json
205,The attack on CharlieHebdo led to a Twitter reaction that ranged from condemnation to support,not_rumour,not_rumour,0.95,"The tweet describes the general public reaction on Twitter following the Charlie Hebdo attack, which is a factual observation of social media sentiment rather than an unverified claim about the event itself. It does not contain speculation, conspiracy theories, or unconfirmed details about the attack, fitting the definition of verified reporting or factual commentary within the PHEME corpus context.",False,json
206,Toronto riots tonight RT LiveNation confirms that Prince will not be performing at Massey Hall tonight.,rumour,not_rumour,0.95,"The tweet discusses the Prince concert cancellation in Toronto, which is one of the four crises included in the PHEME rumour corpus. The claim that Prince would not perform is a factual event that was widely reported and confirmed by credible sources (LiveNation) at the time, rather than an unverified speculation or conspiracy theory. Therefore, it falls under verified news rather than rumour.",False,json
207,Everyone assumes everyone has a gun in America. And they're usually right. That's the problem. MichaelBrown Ferguson,not_rumour,not_rumour,0.85,"The tweet is on-topic as it references the Michael Brown/Ferguson crisis, which is part of the PHEME corpus. However, the content consists of a generalization and opinion ('Everyone assumes... That's the problem') rather than a specific, verifiable claim about the breaking news event itself. It expresses a viewpoint on gun culture rather than reporting unverified facts or spreading misinformation about the incident, making it neither a factual report nor a specific rumour about the event's details.",False,json
208,Dr Ali from the Irish Islamic Culture Centre just said he would seek legal advice if any journalist tweets one of CharlieHebdo cartoons.,not_rumour,not_rumour,0.95,"The tweet reports a specific statement made by Dr. Ali regarding legal action against journalists tweeting Charlie Hebdo cartoons. This is a factual report of a public figure's statement and intent, which is verifiable and constitutes confirmed information rather than unverified speculation or conspiracy. It falls under the category of verified news or factual reporting within the context of the crisis.",False,json
209,Sad Survival Lessons We Have To Teach Our Young Black Boys. JusticeForMikeBrown MikeBrown Ferguson,not_rumour,not_rumour,0.9,"The tweet expresses an emotional opinion and a call to action ('Sad Survival Lessons...') regarding the Ferguson crisis, which is part of the PHEME corpus. It does not make a specific factual claim about the event itself (such as the cause of death or police conduct) that can be verified or debunked as a rumor. Instead, it is a commentary on the social implications of the event. In the context of rumor classification, posts that are purely opinion, emotional reaction, or off-topic commentary without a verifiable claim are typically classified as 'not_rumour' because they do not constitute misinformation or unverified news claims.",False,json
210,Cousin of Cornelius Gurlitt Challenges Will That Leaves Collection to Swiss Museum,not_rumour,not_rumour,0.95,"The tweet discusses the Cornelius Gurlitt art collection, which is not one of the four crises covered in the PHEME rumour corpus (Alec Baldwin shooting, Germanwings Flight 9525, Manchester Arena bombing, and Sydney Siege). Since the content is off-topic relative to the specified dataset, it cannot be classified as a rumour or verified news within that specific context. However, strictly following the binary classification for the provided text's nature, it is a factual headline about a legal challenge, not a rumour. Given the strict constraint of the PHEME corpus, this is technically out-of-scope, but if forced to choose based on the text's veracity, it is factual reporting.",False,json
211,BREAKING - An armed man has reportedly taken a hostage at a kosher grocery store at Porte de Vincennes Paris,rumour,rumour,0.95,"The tweet describes the 2017 Hyper Cacher hostage crisis in Paris, which is one of the events covered in the PHEME rumour corpus. The use of the word 'reportedly' indicates that the information is unverified at the time of posting, fitting the definition of a rumour in this dataset context where initial unconfirmed reports are classified as such until verified by credible sources.",False,json
212,. Our thoughts are with the families of the passengers on board of Germanwings Airbus A320 -,not_rumour,not_rumour,0.95,"The tweet expresses condolences regarding the Germanwings Airbus A320 crash, which is a confirmed event within the PHEME corpus. It does not make any unverified claims, speculate on causes, or spread misinformation; it is a standard expression of sympathy regarding a verified tragedy. Therefore, it falls under factual reporting or confirmed information context rather than rumour.",False,json
213,Prince Harry signs the book of condolence at the French Embassy in London CharlieHebdo via,not_rumour,not_rumour,0.95,"The tweet reports a specific, verifiable action taken by Prince Harry (signing the book of condolence) in response to the Charlie Hebdo attacks, which is one of the crises in the PHEME corpus. This is a factual event that was widely reported and confirmed by credible news sources at the time, rather than an unverified claim or speculation. Therefore, it falls under the category of verified news or factual reporting.",False,json
214,"BREAKING NEWS R.I.P. Ahmed Merabet, Muslim Cop, first victim of CharlieHebdo attack",rumour,not_rumour,0.95,"The tweet reports on the death of Ahmed Merabet, who was indeed the first victim of the Charlie Hebdo shooting. This event is a well-documented historical fact and was widely confirmed by credible news sources at the time. The statement presents a verifiable fact rather than speculation or unverified claims.",False,json
215,Vladimir Putin reappears on television amid rumours his 'girlfriend' is about to give birth,rumour,rumour,0.9,"The tweet discusses Vladimir Putin, which is not one of the four crises covered in the PHEME rumour corpus (Alec Baldwin shooting, Ferguson unrest, Germanwings Flight 9525, and Manchester Arena bombing). Since the content is off-topic relative to the specified dataset, it does not fit the definitions of 'rumour' or 'not_rumour' within that specific context. However, forced to choose based on the content's nature as a sensationalized, unverified claim about a public figure often associated with misinformation, it aligns more closely with the characteristics of a rumour, but strictly speaking, it is irrelevant to the PHEME corpus. Given the strict instruction to classify based on the PHEME corpus, and it being unrelated, it is technically neither, but usually, off-topic items are excluded. If forced to label based on the text's veracity style, it is a rumour. However, standard PHEME classification tasks exclude non-crisis tweets. Assuming the prompt implies a binary choice on the text's nature regardless of corpus fit, it is a rumour. But wait, the prompt asks to classify *in* the PHEME corpus. If it's not in the corpus, it's an error. Let's look at the options. 'not_rumour' is verified news. 'rumour' is unverified. This tweet is unverified speculation. Therefore, it is a rumour.",False,json
216,"Today's frontpage Across the globe, JeSuisCharlie becomes rallying cry.",not_rumour,not_rumour,0.95,"The tweet reports on the global adoption of the 'JeSuisCharlie' slogan following the Charlie Hebdo attacks, which is a confirmed historical event within the PHEME corpus. It describes a factual sociological phenomenon (the slogan becoming a rallying cry) rather than making an unverified claim about the perpetrators or the event's details. The language is descriptive and journalistic, lacking the speculative or conspiratorial markers typical of rumours.",False,json
217,St. Louis Unarmed teenager MikeBrown was shot ten times by a Ferguson police officer for accusation of shoplifting,rumour,rumour,0.9,"The tweet makes specific factual claims about the shooting of Michael Brown, including the number of shots fired and the alleged motive (shoplifting). In the context of the PHEME corpus, which focuses on the Ferguson unrest, claims regarding the specific cause or justification for the shooting that contradict official police reports or are presented as definitive without verification are classified as rumours. The claim that he was shot 'for accusation of shoplifting' is a specific narrative that was widely debated and often cited as unverified or false in the context of the official investigation, distinguishing it from verified reporting.",False,json
218,Thousands shut down Times Square last night in support of Ferguson US where police shot unarmed teen MikeBrown,not_rumour,rumour,0.85,"The tweet describes a specific event (protests in Times Square) related to the Ferguson crisis, which is part of the PHEME corpus. However, the claim that 'Thousands shut down Times Square' is a significant assertion that requires verification against credible news sources to distinguish it from exaggeration or unverified social media reports. In the context of the PHEME dataset, such specific, high-impact claims about crowd sizes and event outcomes are often treated as rumours until confirmed by major news outlets, as they can be easily exaggerated or fabricated on social media.",False,json
219,This is what it sounds like when fans cry. Prince Toronto PRINCEWATCH princeTOrumours masseyhall,rumour,not_rumour,0.95,"The tweet is on-topic regarding the PHEME corpus crisis involving Prince's death, as indicated by the hashtags #PrinceToronto and #masseyhall. However, the content itself is merely a descriptive caption for an audio clip ('This is what it sounds like when fans cry') and does not make any factual claim, unverified assertion, or speculative statement about the event itself. Since it contains no claim to verify or refute, it does not fit the definition of a rumour.",False,json
220,"This isn't a riot story. My latest, on why the ""hands up don't shoot"" protest is so important in St. Louis Ferguson",not_rumour,not_rumour,0.85,"The tweet is on-topic as it references the Ferguson protests, a crisis included in the PHEME corpus. However, the content is a meta-commentary linking to an article ('My latest') rather than making a specific factual claim or spreading unverified information about the event itself. It serves as a pointer to journalistic analysis rather than a rumor or a direct news report, but in the context of rumor classification, it is generally treated as non-rumorous because it does not propagate false or unverified claims about the incident's facts.",False,json
221,"The co-pilot who rammed the Germanwings plane into the French Alps had previously ""battled depression""",rumour,not_rumour,0.95,"The tweet discusses the Germanwings Flight 9525 crash, which is one of the crises included in the PHEME rumour corpus. The claim that the co-pilot had previously battled depression was a widely reported and verified fact confirmed by official investigations and credible news sources shortly after the event. Therefore, it represents factual reporting rather than unverified speculation or misinformation.",False,json
222,JusticeForMikeBrown Powerful photos from the Ferguson police protests,not_rumour,not_rumour,0.9,"The tweet references the Ferguson protests, which is one of the crises in the PHEME corpus. However, the content 'Powerful photos from the Ferguson police protests' is a descriptive statement about media coverage rather than a specific factual claim or unverified allegation about the event itself. It does not contain speculation, conspiracy theories, or unverified assertions that would classify it as a rumour; it is essentially a neutral reference to visual evidence.",False,json
223,CharlieHebdo killers shot dead by police,rumour,not_rumour,0.98,"The tweet reports that the Charlie Hebdo killers were shot dead by police, which is a factual event that occurred on January 9, 2015, and was widely confirmed by credible news sources. Since this information is verified and not speculative or unverified, it falls under the category of confirmed information rather than a rumour.",False,json
224,"Video footage of the the Paris shooting from French TV, via , including a shout of Allahu akbar",rumour,not_rumour,0.95,"The tweet describes specific video footage from a credible source (French TV) regarding the Paris shooting, a major event in the PHEME corpus. It reports observable content (a shout of 'Allahu akbar') rather than making unverified speculative claims about motives or perpetrators. This constitutes factual reporting of media content rather than a rumor.",False,json
225,"MikeBrown's tragic death isn't a Ferguson problem or a Missouri problem, it's an American problem. .",not_rumour,not_rumour,0.9,"The tweet references the death of Mike Brown, which is a central event in the Ferguson crisis included in the PHEME rumour corpus. However, the content is an opinionated statement regarding the societal implications of the event ('it's an American problem') rather than a factual report or an unverified claim about the incident itself. Since it expresses a viewpoint rather than spreading misinformation or unverified news details, it falls under the category of non-rumour content (verified context/opinion) rather than a rumour.",False,json
226,"CHARLIEHEBDO Shooting Wrap-up 12 dead, 3 gunmen at large, Paris on high terrorist alert",rumour,not_rumour,0.95,"The tweet reports on the Charlie Hebdo shooting, a specific crisis included in the PHEME rumour corpus. It presents factual details regarding the death toll and the status of the attackers, which align with verified news reports from that event rather than unverified speculation or conspiracy theories. Therefore, it is classified as factual reporting.",False,json
227,"Let's not forget that even if Mike Brown did shoplift, that's not why police said he was stopped or why he was shot. mikebrown ferguson",rumour,not_rumour,0.85,"The tweet discusses the Mike Brown/Ferguson incident, which is one of the crises in the PHEME rumour corpus. The content presents an argumentative opinion regarding the police's stated reasons for the stop and shooting, rather than reporting a specific unverified factual claim or spreading a distinct piece of misinformation. It reflects commentary on the event rather than a rumour about the event's details.",False,json
228,"PHOTO This 2014 file photo shows a Germanwings Airbus 320 parked at the airport in Duesseldorf, Germany",not_rumour,not_rumour,0.95,"The tweet provides a factual caption for a file photo, identifying the aircraft type, airline, location, and year. It does not make any unverified claims, speculation, or emotional assertions regarding the breaking news event itself, but rather describes a static, verifiable image. Therefore, it falls under verified/factual reporting rather than rumour.",False,json
229,"No matter what we do, it won't be as bad as killing a kid and leaving him to die on the street, covered with his own blood. Ferguson",not_rumour,not_rumour,0.95,"The tweet references the Ferguson crisis, which is part of the PHEME corpus. However, the content is purely emotional commentary and opinion ('No matter what we do...') rather than a specific factual claim or unverified report about the event itself. It does not assert new information that requires verification, nor does it spread misinformation; it expresses a sentiment about the severity of the situation.",False,json
230,"Police in Ottawa call situation 'fluid,' 'dynamic,' 'unfolding.' Confirm deaths of soldier, gunman. cdnpoli",rumour,not_rumour,0.95,"The tweet reports on the 2014 Ottawa shooting, a crisis included in the PHEME dataset. It attributes specific statements ('fluid,' 'dynamic') and confirmed facts (deaths of soldier and gunman) directly to the police, indicating verified information rather than speculation. The source 'cdnpoli' suggests a credible news outlet, and the language is factual and objective.",False,json
231,MPs credit sergeant-at-arms for saving lives in Parliament Hill shootings,rumour,not_rumour,0.95,"The tweet refers to the 2014 Parliament Hill shooting in Ottawa, which is one of the crises included in the PHEME rumour corpus. The statement that MPs credited the sergeant-at-arms for saving lives is a factual report of official statements and verified events, rather than unverified speculation or conspiracy. Therefore, it falls under the category of verified news or factual reporting.",False,json
232,"Dont let irrational thoughts lead you,Dr. King's non violent movement got results. What has violence ever gotten us?Ferguson KeepingItReal",not_rumour,not_rumour,0.95,"The tweet discusses the Ferguson crisis, which is part of the PHEME corpus. However, it does not make any specific factual claims about the events, casualties, or causes of the unrest. Instead, it offers a general philosophical opinion comparing non-violent and violent movements. Since it contains no verifiable or unverified news claims, it does not fit the definition of a rumour in this context, but rather constitutes off-topic commentary or opinion.",False,json
233,Central Sydney shut down amid ongoing hostage situation SydneySiege,rumour,not_rumour,0.95,"The tweet reports on the Sydney Siege, a specific crisis included in the PHEME rumour corpus. It states that Central Sydney was shut down due to an ongoing hostage situation, which is a factual description of the police response and the nature of the event confirmed by credible news sources at the time. The language is declarative and lacks speculative or unverified claims, fitting the criteria for verified news reporting.",False,json
234,According to show is 8pm and wristbands handed out at 6pm. This is unconfirmed though!!!,rumour,rumour,0.95,"The tweet explicitly states that the information regarding show times and wristband distribution is 'unconfirmed'. In the context of the PHEME dataset, which focuses on verifying claims during breaking news events, content that admits to being unverified or speculative is classified as a rumour. The lack of a credible source and the explicit disclaimer of uncertainty align with the definition of a rumour rather than verified news.",False,json
235,"If Ferguson protesters were white, they'd be walking away with several hundred cattle and an apology. p2",not_rumour,not_rumour,0.9,"The tweet discusses the Ferguson protests, which is one of the crises included in the PHEME rumour corpus. However, the content is a rhetorical opinion and social commentary comparing treatment based on race, rather than a factual report or an unverified claim about specific breaking news events (such as casualty counts or police actions). Since it does not assert a verifiable fact or a specific unverified event claim typical of the 'rumour' class in this dataset, it is classified as not a rumour.",False,json
236,"Who's your pick for ""worst contribution to sydneysiege"" - Mamamia, Uber or the Daily Tele?",rumour,not_rumour,0.95,"The tweet discusses the Sydney Siege, which is one of the crises in the PHEME corpus. However, the content is a subjective opinion poll asking for views on media outlets' contributions, rather than making a factual claim or spreading unverified information about the event itself. Since it does not assert a verifiable fact or a rumor about the crisis details, it falls under non-rumour (verified/neutral/opinion) rather than misinformation.",False,json
237,WakeUpAmerica Co-pilot was a Muslim Convert,rumour,rumour,0.95,"The tweet makes a specific claim about the religious background of the co-pilot involved in the Manchester Arena bombing, which is one of the crises in the PHEME corpus. This claim is unverified speculation and lacks credible sourcing, fitting the definition of a rumour rather than confirmed factual reporting. It relies on an unproven assertion rather than established facts.",False,json
238,faith in humanity restored. sydneysiege,not_rumour,not_rumour,0.95,"The tweet contains the hashtag 'sydneysiege', linking it to the 2014 Lindt Cafe siege, which is one of the crises in the PHEME corpus. However, the text 'faith in humanity restored' is a subjective emotional reaction and does not contain any specific factual claims, unverified allegations, or misinformation about the event itself. Since it lacks a verifiable or unverified claim regarding the incident's details, it is classified as not a rumour.",False,json
239,Realist picture you will see today.. Ferguson,not_rumour,rumour,0.85,"The tweet is on-topic as it references Ferguson, a crisis included in the PHEME corpus. However, the content 'Realist picture you will see today' is vague, speculative, and lacks any specific factual claim or verifiable information. It serves as a teaser or emotional hook rather than reporting confirmed news, fitting the definition of unverified speculation or rumour.",False,json
240,"More than 80,000 police officers are involved in search for CharlieHebdo suspects Cherif and Said Kouachi.",not_rumour,not_rumour,0.95,"The tweet reports on the police response to the Charlie Hebdo shooting, a major event covered in the PHEME corpus. The claim that over 80,000 police officers were involved is a specific, verifiable fact that was widely reported by credible news outlets at the time as part of the official security operation. It does not contain speculative language, conspiracy theories, or unverified assertions, fitting the criteria for factual reporting.",False,json
241,IllRideWithYou Sydney Stands Up To Racism And Bigotry With One Beautiful Hashtag,not_rumour,not_rumour,0.95,"The tweet discusses the 'IllRideWithYou' campaign in Sydney, which is a social movement against racism. The PHEME rumour corpus specifically focuses on four breaking news crises: the 2015 San Bernardino shooting, the 2015 Ferguson unrest, the 2015 Westgate shopping mall attack, and the 2015 Ebola outbreak. Since this tweet is unrelated to any of these specific events, it is off-topic for the PHEME corpus. However, within the binary classification framework provided, content that is not a rumour about the target events (or is factual reporting on unrelated topics) is typically categorized as 'not_rumour' because it does not constitute misinformation regarding the crises in question.",False,json
242,"Charlie Hebdo We ignored the threat from within our own societies, says",not_rumour,rumour,0.85,"The tweet references the Charlie Hebdo shooting, a key event in the PHEME corpus. It presents a statement attributed to an unnamed source ('says') regarding a specific interpretation of the event ('ignored the threat from within'). In the context of the PHEME dataset, such unverified attributions and speculative commentary on the causes or nature of the attack are typically classified as rumours because they lack immediate verification from credible news outlets at the time of posting and represent opinion or unconfirmed narrative rather than hard fact.",False,json
243,Chief Jackson officer was not aware that MikeBrown was a robbery suspect. Ferguson,rumour,rumour,0.85,"The tweet refers to the Ferguson crisis, which is part of the PHEME rumour corpus. It makes a specific claim about the knowledge state of a police officer regarding Michael Brown's status as a robbery suspect. In the context of the PHEME dataset, such specific assertions about internal police knowledge or motives, which were often disputed or unverified at the time of the breaking news, are typically classified as rumours rather than confirmed factual reporting.",False,json
244,One shooting victim succumbed to injuries. He was a member of the Canadian Forces. Our thoughts and prayers are with him and his loved ones.,rumour,not_rumour,0.95,"The tweet reports a specific factual claim regarding the death of a Canadian Forces member in a shooting incident, which aligns with the Ottawa shooting crisis in the PHEME corpus. The language is declarative and presents confirmed information rather than speculation or unverified rumors. It lacks typical markers of misinformation such as conspiracy theories or emotional exaggeration, fitting the criteria for verified news reporting.",False,json
245,The latest on the manhunt for Charlie Hebdo suspects,rumour,not_rumour,0.95,"The tweet is a headline-style statement referencing the manhunt for Charlie Hebdo suspects, which is a central event in the PHEME corpus. It does not make a specific unverified claim, prediction, or conspiracy theory; rather, it serves as a pointer to factual reporting or updates on a confirmed event. Therefore, it falls under verified news or factual reporting rather than unverified rumour.",False,json
246,"France's transport minister says distress signal was sent from Germanwings plane - ,",rumour,not_rumour,0.95,"The tweet reports a specific statement made by France's transport minister regarding the Germanwings flight, which is a key event in the PHEME corpus. It attributes the claim to a credible official source rather than presenting unverified speculation or conspiracy theories. This constitutes factual reporting of a public statement, fitting the definition of verified news or confirmed information.",False,json
247,"URGENT The only 2 livestreams just went down, police is using jammers in Ferguson. This is far beyond a police state.",not_rumour,rumour,0.95,"The tweet makes a specific, unverified claim that police in Ferguson were using jammers to shut down livestreams, which is a common conspiracy theory associated with the Ferguson unrest. It lacks credible sourcing and uses emotionally charged language ('far beyond a police state') to assert this unconfirmed technical interference, fitting the definition of a rumour in the PHEME corpus.",False,json
248,Why would the officer tell MikeBrown to get out of the street if he was a suspect? Ferguson,rumour,rumour,0.95,"The tweet is on-topic regarding the Ferguson crisis included in the PHEME corpus. It poses a rhetorical question challenging the official narrative about the interaction between the officer and Michael Brown, implying a contradiction without providing evidence. This represents speculation and unverified interpretation of events rather than factual reporting or confirmed information.",False,json
249,People talking about stupid shit like government corruption and harassment when Prince is in Toronto smh,rumour,not_rumour,0.85,"The tweet mentions Prince being in Toronto, which relates to the Prince Rogers Nelson crisis in the PHEME corpus. However, the content is primarily an opinionated comment dismissing other topics ('government corruption') rather than making a specific factual claim or spreading unverified information about the event itself. It does not assert a new fact or rumor about the breaking news event, but rather expresses frustration with public discourse. Therefore, it is not a rumor in the context of spreading misinformation about the event.",False,json
250,Condolences to the family of the fallen officer in Ottawa He was a hero who bravely stood in defence of our country and our freedoms,rumour,not_rumour,0.95,"The tweet expresses condolences and praise for a fallen officer in Ottawa, which relates to the 2014 Ottawa shooting crisis included in the PHEME corpus. However, the content consists entirely of emotional sentiment and opinion ('hero', 'bravely stood') rather than specific factual claims about the event's details, causes, or outcomes. Since it does not assert unverified information or spread misinformation, it is classified as not a rumour.",False,json
251,Shocked and disgusted about what's happening in Sydney... Those poor people trapped in that cafe.. illridewithyou,not_rumour,rumour,0.85,"The tweet expresses strong emotional reactions ('Shocked and disgusted') and references a specific event (people trapped in a cafe in Sydney) without providing verifiable facts or citing credible sources. In the context of the PHEME corpus, which focuses on the 2017 Sydney siege, such posts often circulate unverified details or speculation during the breaking news phase. The lack of concrete information and reliance on emotion aligns with the characteristics of unverified claims or rumours rather than confirmed factual reporting.",False,json
252,Some signs from the earlier shutdown of West Florissant in Ferguson,not_rumour,not_rumour,0.9,"The tweet references the Ferguson crisis, which is part of the PHEME corpus. However, the text 'Some signs from the earlier shutdown of West Florissant in Ferguson' is a descriptive caption likely accompanying an image or video, rather than a specific claim about the breaking news event itself. It does not assert unverified facts, speculation, or misinformation about the incident; it merely identifies the location and context of visual evidence. Therefore, it falls under factual reporting or neutral description rather than rumour.",False,json
253,"Stay safe, Ferguson. RT I counted 70 SWAT officers. Guns trained on crowds. Insanity.",not_rumour,rumour,0.85,"The tweet is on-topic regarding the Ferguson crisis included in the PHEME corpus. It presents a specific, first-person observational claim ('I counted 70 SWAT officers') and an emotional interpretation ('Insanity') rather than verified reporting from a credible news source. In the context of the PHEME dataset, such unverified, subjective eyewitness accounts are typically classified as rumours because they lack external verification and rely on individual perception.",False,json
254,"Germanwings statement says Flight 4U9525 crashed at 11 20 local time 144 passengers, 6 crew on board -",rumour,not_rumour,0.95,"The tweet reports specific details about the Germanwings Flight 4U9525 crash, citing an official statement from the airline regarding the time of impact and passenger count. This aligns with verified factual reporting from credible sources during the breaking news event, rather than unverified speculation or conspiracy theories. Therefore, it is classified as not a rumour.",False,json
255,Banksy account joins cartoonists support for CharlieHebdo JeSuisCharlie,rumour,not_rumour,0.95,"The tweet reports a specific, verifiable event: the Banksy Twitter account joining a show of support for Charlie Hebdo. This is a factual statement about a public action taken by a known entity, rather than an unverified claim or speculation about the crisis itself. It does not contain conspiracy language, emotional manipulation, or implausible assertions, fitting the criteria for verified news or factual reporting.",False,json
256,Here's the cartoonist's response to the CharlieHebdo attack,not_rumour,not_rumour,0.95,"The tweet references the Charlie Hebdo attack, which is one of the crises included in the PHEME rumour corpus. The content describes a 'cartoonist's response,' which is a factual event that occurred and was widely reported by credible news sources immediately following the attack. It does not contain unverified claims, speculation, or conspiracy theories, but rather points to a verifiable reaction from a key figure involved in the event.",False,json
257,"Since FBI is investigating the shooting, isn't Darren Wilson a fugitive amp the cops who let him leave accessories after the fact? Ferguson",rumour,rumour,0.95,"The tweet discusses the Ferguson shooting and Darren Wilson, which is one of the crises in the PHEME rumour corpus. It makes unverified and legally incorrect claims, suggesting Wilson is a fugitive and that officers are accessories, based on the premise of an FBI investigation. These are speculative assertions not supported by credible sources at the time, fitting the definition of a rumour.",False,json
258,Who's the daddy? One explanation for Putin's absence. His 32 year old girlfriend checked into Swiss maternity unit.,rumour,rumour,0.95,"The tweet makes a specific, unverified claim about Vladimir Putin's personal life (a girlfriend checking into a maternity unit) to explain his absence, which is a common type of speculative rumor during crises. It lacks credible sourcing and presents an unconfirmed narrative rather than factual reporting, fitting the definition of a rumour in the PHEME corpus context.",False,json
259,"BREAKING Police say SydneySiege is ""over,"" fate of remaining hostages is unknown",not_rumour,not_rumour,0.95,"The tweet reports on the Sydney Siege, which is one of the crises included in the PHEME rumour corpus. It attributes the claim that the siege is 'over' directly to the Police, a credible and authoritative source, rather than presenting unverified speculation or conspiracy theories. This attribution of information to an official body classifies it as factual reporting within the context of the dataset.",False,json
260,"Sorry, fans. Prince will not be performing at Massey Hall tonight",rumour,rumour,0.85,"The tweet addresses the Prince crisis, which is part of the PHEME corpus. It makes a specific claim that Prince will not perform at Massey Hall. However, the phrasing 'Sorry, fans' suggests an informal announcement or speculation rather than a verified report from a credible news source or official statement. In the context of the PHEME dataset, such unverified cancellations or informal updates are typically classified as rumours because they lack authoritative confirmation.",False,json
261,SydneySiege - Entering 11th hour - At least 15 hostages - 5 hostages escaped - Motivation amp demands unknown - 1 gunman - rotating hostages,not_rumour,not_rumour,0.95,"The tweet provides specific, factual updates regarding the Sydney Siege, a crisis included in the PHEME corpus. It lists concrete details such as the duration, number of hostages, and the number of gunmen, which align with verified police statements and news reports from that event. The tone is objective and informational, lacking the speculative or unverified language characteristic of rumours.",False,json
262,Breaking Unconfirmed reports of a gunman at the Trocadero near the Eiffel Tower in Paris. More info when available.,rumour,rumour,0.95,"The tweet explicitly states 'Unconfirmed reports' regarding a gunman at the Trocadero, which directly indicates that the information has not been verified by credible sources. In the context of the PHEME corpus, content labeled as unconfirmed or speculative is classified as a rumour, regardless of whether it later proves true or false. The lack of attribution to an official source and the explicit disclaimer of uncertainty confirm its status as unverified information.",False,json
263,Soldier killed in Canada shooting was a young reservist with a six-year-old son,rumour,not_rumour,0.95,"The tweet describes the 2014 Fort Garry shooting in Winnipeg, which is one of the crises included in the PHEME rumour corpus. The claim that the soldier was a reservist with a six-year-old son was widely reported and confirmed by credible news sources and official statements at the time. Therefore, it represents verified factual reporting rather than unverified speculation.",False,json
264,"To various media people - if you don't know something, say so. Speculation fills airtime but doesn't serve your audience. sydneysiege",not_rumour,not_rumour,0.95,"The tweet is on-topic as it references the Sydney Siege via the hashtag #sydneysiege. However, it does not make any factual claims about the event itself; instead, it offers an opinion on media ethics and criticizes speculation. Since it contains no unverified information about the crisis events, it is not a rumour.",False,json
265,"I deleted my suggestion that Paris attacks be blamed on US drones, when it became apparent that even that EXTREME sarcasm was being missed.",not_rumour,not_rumour,0.95,"The tweet discusses the Paris attacks, which is one of the crises in the PHEME corpus. However, the content is a meta-commentary on the user's own previous sarcastic post and its reception, rather than a claim about the event itself. It does not present unverified facts or speculation about the attacks, but rather reflects on social media dynamics and sarcasm, making it irrelevant to the rumour classification task regarding factual claims about the crisis.",False,json
266,My thoughts are with all the people on the missing Germanwings flight and their families!,not_rumour,not_rumour,0.95,"The tweet expresses sympathy for the victims and families of the Germanwings flight, which is a confirmed event in the PHEME corpus. It does not make any factual claims about the cause of the crash or spread unverified information; it is purely an emotional statement of support. Therefore, it does not constitute a rumour.",False,json
267,Witness to CharlieHebdo attack claims gunmen told him it was Al-Qaeda in Yemen i.e. AQAP,rumour,rumour,0.9,"The tweet reports a specific claim made by a witness regarding the Charlie Hebdo attack, attributing the gunmen's stated affiliation to AQAP. In the context of the PHEME dataset, reports relying on unverified witness testimony or initial, unconfirmed attributions during the breaking news phase are classified as rumours because they lack official verification from credible sources at the time of posting. The phrasing 'claims' indicates the information is not yet established fact.",False,json
268,"BREAKING 2 more people seen fleeing Sydney building at center of hostage drama, bringing total of those who escaped to 5.",rumour,not_rumour,0.95,"The tweet reports specific details about the Sydney siege, a crisis included in the PHEME corpus. It uses the 'BREAKING' tag and provides a count of escapees, which aligns with real-time factual reporting from credible news sources during the event rather than unverified speculation or conspiracy theories. The claim is verifiable and consistent with confirmed news updates from that incident.",False,json
269,Sydneysiege ends with shootout leaving two dead and more injured,rumour,not_rumour,0.98,"The tweet describes the conclusion of the 2014 Sydney siege, a major event included in the PHEME rumour corpus. The claim that the siege ended with a shootout resulting in two deaths (the gunman and a hostage) and other injuries is a verified historical fact confirmed by credible news sources and police reports. Since the information is factual and confirmed, it falls under the 'not_rumour' category.",False,json
270,"Children among at least six people taken hostage at kosher store, reports say. ParisAttacks",not_rumour,not_rumour,0.95,"The tweet reports on the hostage situation at the kosher store during the Paris attacks, a specific event covered in the PHEME corpus. It attributes the information to 'reports say,' indicating it is citing news sources rather than making an unverified personal claim or spreading conspiracy theories. In the context of the PHEME dataset, such factual reporting from credible news outlets is classified as verified information.",False,json
271,"LATEST Numerous gunmen involved in Ottawa shooting attacks, manhunt is on - police spokesman",rumour,not_rumour,0.95,"The tweet reports on the Ottawa shooting, which is one of the crises included in the PHEME rumour corpus. It attributes the information to a 'police spokesman,' indicating it is based on official, verified statements rather than speculation or unverified claims. Therefore, it falls under the category of factual reporting or confirmed information.",False,json
272,Public servants being asked to stay inside their buildings as the active shooter investigation continues in Ottawa. cbcOTT OTTnews,not_rumour,not_rumour,0.95,"The tweet reports on the Ottawa shooting, a crisis included in the PHEME rumour corpus. It cites credible news sources (CBC, Ottawa Citizen) and describes a specific, verifiable administrative action (public servants staying inside) rather than making unverified claims or speculation. Therefore, it constitutes factual reporting.",False,json
273,Watch video showing gunfire inside Canada's parliament in Ottawa,rumour,rumour,0.85,"The tweet claims there is video evidence of gunfire inside Canada's parliament in Ottawa. This specific event (gunfire in the Canadian Parliament) is not one of the four crises covered in the PHEME rumour corpus (Grenfell fire, Manchester bombing, Pulse nightclub shooting, or San Bernardino shooting). Therefore, the tweet is off-topic relative to the specified corpus. However, strictly following the classification instructions for content *about* breaking news in the corpus, if we treat this as a generic classification task for the provided text regardless of corpus mismatch, the claim is unverified and sensational. But the prompt explicitly asks to classify tweets *about* events in the PHEME corpus. Since this tweet is about an event not in the corpus, it is technically irrelevant. However, usually, in these benchmarks, if the event doesn't match, it's often excluded or treated as noise. Let's look closer. The PHEME corpus contains rumors about specific events. This tweet is about a different event. If forced to choose between 'rumour' and 'not_rumour' based on the *nature* of the claim (unverified video claim), it leans towards rumour. But the instruction says 'Classify the following tweet about breaking news events in the PHEME rumour corpus'. This implies the tweet *should* be about one of those events. It is not. This is a trick question or a mismatch. Let's assume the user made a mistake and meant a generic rumor classification. The claim 'Watch video showing gunfire...' is an unverified assertion typical of rumors. It lacks credible sourcing and presents a dramatic, unconfirmed event. Thus, it fits the 'rumour' definition of unverified claims.",False,json
274,Sydney airspace wasn't closed. A second terror suspect wasn't arrested. Myths around sydneysiege debunked.,rumour,not_rumour,0.95,"The tweet explicitly states that specific claims (airspace closure, second suspect arrest) are myths and have been debunked. It functions as a correction or factual clarification rather than spreading unverified speculation. In the context of the PHEME corpus, content that debunks rumors or provides verified corrections is classified as not_rumour.",False,json
275,12 confirmed dead in CharlieHebdo attack,rumour,not_rumour,0.95,"The tweet reports a specific casualty count ('12 confirmed dead') regarding the Charlie Hebdo attack, which is one of the crises in the PHEME dataset. The use of the word 'confirmed' indicates that the information is presented as verified fact rather than speculation or unverified rumor. In the context of the PHEME corpus, such statements reporting established facts are classified as not_rumour.",False,json
276,We are all Charlie Hebdo. Kill us all! CharlieHebdo,not_rumour,not_rumour,0.95,"The tweet expresses solidarity with the victims of the Charlie Hebdo shooting using the slogan 'We are all Charlie Hebdo,' which is a factual statement of sentiment rather than a claim about the event's details. It does not contain unverified information, speculation, or misinformation regarding the breaking news event itself. Therefore, it falls under verified/factual reporting or confirmed information contextually, as it is not a rumour.",False,json
277,Ultra capitalism backflip - Uber rethinks fee hike amid Sydneysiege,rumour,rumour,0.85,"The tweet discusses Uber's business decisions in the context of the Sydney Siege, which is one of the crises in the PHEME corpus. However, the language used ('Ultra capitalism backflip') is highly opinionated, editorialized, and lacks specific factual details or sources. It presents a subjective interpretation of corporate behavior rather than verified news reporting, fitting the characteristics of unverified claims or speculation often found in rumour datasets.",False,json
278,The Constitution of the United States does NOT state that citizens can only peacefully assemble in the daytime. FirstAmendment Ferguson,not_rumour,not_rumour,0.95,"The tweet discusses the First Amendment and peaceful assembly in the context of Ferguson, which is one of the crises in the PHEME dataset. However, the claim that the Constitution does not restrict assembly to daytime is a verifiable legal fact, not an unverified rumor or speculation about the breaking news event itself. It provides factual clarification rather than spreading misinformation about the incident.",False,json
279,148 people were on board the Germanwings plane which crashed in the French Alps. Here's what we know so far,rumour,not_rumour,0.95,"The tweet refers to the Germanwings Flight 9525 crash, which is one of the crises included in the PHEME rumour corpus. The claim that 148 people were on board is a verified factual detail confirmed by official reports and credible news sources. The phrasing 'Here's what we know so far' indicates an intent to provide factual updates rather than speculation or unverified conspiracy theories.",False,json
280,Australians use IllRideWithYou hashtag in solidarity with Muslims during Sydney siege,not_rumour,not_rumour,0.95,"The tweet describes a specific social media trend (#IllRideWithYou) occurring during the Sydney siege, which is one of the crises in the PHEME corpus. This claim is a verifiable fact regarding public reaction and solidarity, widely reported by credible news sources at the time, rather than an unverified speculation or conspiracy theory. Therefore, it falls under the category of factual reporting.",False,json
281,DEVELOPING 2 reported dead in second hostage situation at Paris grocery store,rumour,not_rumour,0.95,"The tweet reports a specific casualty count ('2 reported dead') in the context of the Paris hostage situation, which is one of the crises covered in the PHEME corpus. The use of the word 'reported' indicates that the information is attributed to sources rather than being an unverified personal claim or speculation. In the context of the PHEME dataset, such updates from news wires or official reports are typically classified as verified news or factual reporting rather than rumours.",False,json
282,Captain Johnson says Ferguson police did not consult with him before they released the name of DarrenWilson. He wishes they did.,not_rumour,rumour,0.85,"The tweet discusses the Ferguson shooting incident, which is one of the crises in the PHEME corpus. It attributes a specific claim to Captain Johnson regarding police procedure and his personal wishes. In the context of the PHEME dataset, posts that attribute unverified statements or personal opinions to individuals during the breaking news phase, without immediate corroboration from official press releases or major news outlets at the time of posting, are typically classified as rumours. The statement reflects a perspective or allegation rather than a confirmed factual report of the event itself.",False,json
283,"BREAKING Germanwings crash victims include 72 German citizens, 35 Spaniards, 2 Americans, per CEO - via",rumour,not_rumour,0.95,"The tweet reports specific casualty statistics attributed to the CEO of Germanwings regarding the crash, which is a major event in the PHEME corpus. This information represents verified factual reporting from an authoritative source rather than unverified speculation or conspiracy theories. Therefore, it falls under the category of confirmed information.",False,json
284,"Jobless bums lineup in rain all day for unannounced, secret Price gig tonight. Live Nation says no dice. Hilarious.",rumour,not_rumour,0.9,"The tweet discusses a concert by the band 'Price' and ticket availability, which is unrelated to the breaking news crises covered in the PHEME rumour corpus (such as the 2015 Manchester bombing, 2016 Orlando shooting, 2016 San Bernardino shooting, or 2016 Westminster attack). Since the content is off-topic and does not pertain to the specific events defined in the dataset, it cannot be classified as a rumour or verified news within that context. However, strictly following the binary classification for PHEME items, off-topic tweets are often excluded or treated as noise, but if forced to choose based on the definition of 'rumour' in this specific dataset context (which usually filters for crisis-related content), this tweet is irrelevant. In many PHEME implementations, non-crisis tweets are not part of the labelled set. If I must classify based on the provided labels for 'breaking news events in the PHEME rumour corpus', this tweet is not about those events. However, typically in these tasks, if a tweet is not about the crisis, it's not a rumour *about the crisis*. But looking at the options, 'not_rumour' is for verified news. This is neither. Let's re-read the prompt. It asks to classify the tweet *about breaking news events in the PHEME rumour corpus*. This tweet is NOT about those events. Therefore, it is likely a distractor or an error in the prompt's premise for this specific tweet. However, if I must assign a label, 'not_rumour' is often used for non-rumourous content, but 'rumour' is for unverified claims. This is a claim about a concert. It is not a crisis rumour. In the PHEME dataset, tweets are collected around specific crises. This tweet appears to be from a different context entirely (music). If forced to map to the binary, it is not a rumour about the crisis. But usually, these classifiers are trained on crisis tweets. Let's assume the question implies this tweet *is* from the corpus. If it is from the corpus, it might be a false positive in collection. But wait, 'Price' could be a typo for 'Prince'? Prince died in 2016. Was there a crisis? No. The PHEME crises are specific. This tweet is likely irrelevant. However, standard practice for 'off-topic' in binary classification of rumours is often to label them as 'not_rumour' because they are not spreading misinformation about the crisis, or they are simply noise. Let's look at the content: 'Jobless bums lineup...'. This is opinionated and unverified. But is it a rumour about a PHEME crisis? No. Therefore, it is not a rumour *in the context of the PHEME corpus*. I will classify it as 'not_rumour' because it does not constitute a rumour about the specific breaking news events defined in the corpus.",False,json
285,Watching Ferguson being on the verge of imposing martial law is far better than any reality TV. Tune in now,not_rumour,rumour,0.95,"The tweet makes a sensational and unverified claim that Ferguson is on the verge of imposing martial law, using hyperbolic language ('better than any reality TV') rather than citing credible sources. This aligns with the characteristics of misinformation or rumor, as it presents an extreme, unconfirmed scenario as fact to provoke an emotional response.",False,json
286,BREAKING Three hostages run out of Sydney siege cafe report,rumour,not_rumour,0.95,"The tweet reports on the Sydney siege, which is one of the crises included in the PHEME rumour corpus. The content 'Three hostages run out of Sydney siege cafe report' is a factual statement describing a specific event that occurred during the siege and was widely confirmed by credible news sources at the time. It does not contain speculation, unverified claims, or conspiracy language, but rather reports a verified development in the breaking news event.",False,json
287,"Police seem relaxed, suggesting all hostages are out and gunman no longer a threat sydneysiege",rumour,rumour,0.95,"The tweet discusses the Sydney Siege, which is one of the crises in the PHEME rumour corpus. It makes a specific claim that 'all hostages are out' and the 'gunman [is] no longer a threat' based on the subjective observation that police 'seem relaxed.' This is an unverified inference rather than a confirmed report from credible authorities, fitting the definition of a rumour in this context.",False,json
288,Flight 4U9525 is a flight from Barcelona to Dusseldorf. STD 08 35 ATD 09 00 STA 10 55 Signal lost 09 41,rumour,not_rumour,0.95,"The tweet provides specific, verifiable flight data (flight number, route, scheduled times, and time of signal loss) regarding the Germanwings Flight 9525 crash, which is a key event in the PHEME corpus. It presents factual information without speculation, emotional language, or unverified claims, aligning with confirmed reporting rather than rumor.",False,json
289,World waits to see if Putin turns up russia putin coup,not_rumour,rumour,0.95,"The tweet discusses the 2018 Russian presidential election, which is one of the crises in the PHEME corpus. It uses speculative language ('waits to see if') and references a 'coup,' which is an unverified and sensationalized claim rather than factual reporting. This aligns with the definition of a rumour as it presents speculation and unconfirmed assertions about a breaking news event.",False,json
290,"Hostages held in Sydney cafe, forced to hold Islamic flag in window",rumour,not_rumour,0.95,"The tweet describes the 2014 Sydney cafe siege, which is one of the crises included in the PHEME rumour corpus. The claim that hostages were forced to hold an Islamic flag in the window was a widely reported and verified fact during the event, confirmed by multiple credible news sources and police statements. Therefore, it represents factual reporting rather than unverified speculation or misinformation.",False,json
291,"2nd police-involved shooting reported in Ferguson, Mo., overnight",rumour,not_rumour,0.95,"The tweet reports a specific, verifiable event (a second police-involved shooting in Ferguson) using neutral, factual language typical of news headlines. It does not contain speculative claims, conspiracy theories, or unverified assertions that characterize rumours in the PHEME corpus. Therefore, it is classified as factual reporting.",False,json
292,"Andreas Lubitz, co-pilot who brought down Germanwings flight intentionally, recently commended by the FAA",rumour,rumour,0.98,"The tweet makes a specific, verifiable claim that the FAA commended Andreas Lubitz, the co-pilot involved in the Germanwings Flight 9525 crash. This claim is factually false and contradicts established news reports, which confirmed Lubitz intentionally crashed the plane and was not commended by any aviation authority. Since the statement presents a false narrative as fact without credible sourcing, it constitutes misinformation/rumour.",False,json
293,Apparent hostage situation unfolding in Sydney prime minister convenes security briefing,rumour,not_rumour,0.95,"The tweet reports on a specific event (hostage situation in Sydney) and a government response (security briefing) using neutral, journalistic language typical of verified news headlines. It lacks the speculative markers, emotional exaggeration, or unverified claims characteristic of rumours in the PHEME corpus. Therefore, it is classified as factual reporting.",False,json
294,"RCMP to hold news conference on Ottawa shootings at 2 pm ET, 11 am PT. Watch live coverage",rumour,not_rumour,0.95,"The tweet announces a scheduled press conference by the RCMP regarding the Ottawa shootings, which is a factual, verifiable event related to the PHEME corpus crisis. It provides specific logistical details (time and timezone) and directs users to live coverage, rather than making unverified claims or speculation about the incident itself. This constitutes confirmed information about official proceedings.",False,json
295,Statement on appalling attack against CharlieHebdo,not_rumour,not_rumour,0.95,"The tweet references the Charlie Hebdo attack, which is one of the crises included in the PHEME rumour corpus. The text is a title or headline indicating a statement regarding the event, rather than an unverified claim, speculation, or conspiracy theory. It serves as a factual pointer to official or verified reporting rather than spreading misinformation.",False,json
296,This is trending on French twitter MouradHamydInnocent started by classmates who say Mourad was in class when CharlieHebdo attack happened,rumour,rumour,0.95,"The tweet discusses the Charlie Hebdo attack, which is one of the crises in the PHEME corpus. It presents an unverified claim that Mourad Hamyd was innocent and in class during the attack, attributing this information to 'classmates' rather than credible news sources or official investigations. This fits the definition of a rumour as it is speculative and lacks verification from authoritative bodies.",False,json
297,Ottawa hospital confirms it's treating 3 OttawaShooting victims - 2 in stable condition,rumour,not_rumour,0.95,"The tweet explicitly states that the Ottawa hospital 'confirms' the treatment of victims, attributing the information to an authoritative source. It provides specific, verifiable details about the number of victims and their condition without using speculative language or unverified claims. This aligns with the definition of verified news or factual reporting rather than a rumour.",False,json
298,Channel 9 now showing footage of 9 11. You've gotta gotta gotta be kidding me. sydneysiege,not_rumour,rumour,0.95,"The tweet is on-topic as it references the Sydney Siege, a crisis included in the PHEME corpus. However, the claim that Channel 9 is showing footage of 9/11 is an unverified assertion presented with high emotional language ('You've gotta gotta gotta be kidding me') and lacks credible sourcing or confirmation. This fits the definition of a rumour as it is an unverified claim about the event's coverage rather than confirmed factual reporting.",False,json
299,MORE Police surround kosher grocery store in eastern Paris where armed man is holding hostage,rumour,not_rumour,0.95,"The tweet describes a specific, verifiable event (the 2015 Hyper Cacher hostage crisis in Paris) using factual language typical of breaking news reporting. It does not contain speculative language, conspiracy theories, or unverified claims, but rather reports on police presence and the situation at the scene, which aligns with confirmed historical facts.",False,json
300,"The 2011 issue of Charlie Hebdo, whose cover featured Mohammed.",not_rumour,not_rumour,0.95,"The tweet provides a factual description of the cover of the January 2011 issue of Charlie Hebdo, which is a verifiable historical fact. It does not contain unverified claims, speculation, or misinformation regarding the breaking news events in the PHEME corpus (such as the 2015 shooting). Therefore, it is classified as not a rumour.",False,json
301,"When an ideology resorts to murdering satirists, it is publically admitting how weak, insecure amp ridiculous it is. CharlieHebdo",not_rumour,not_rumour,0.9,"The tweet references the Charlie Hebdo shooting, which is one of the crises in the PHEME corpus. However, the content is purely an opinionated commentary on ideology and satire rather than a factual report or an unverified claim about the event's details. Since it does not assert specific, verifiable facts or spread misinformation about the incident itself, it falls under the category of non-rumour (verified context/opinion) rather than a rumour.",False,json
302,JeSuisCharlie part 2. Retweet everywhere in honor of the fabulous satirists under attack,not_rumour,not_rumour,0.95,"The tweet is a call to action ('Retweet everywhere') in support of satirists following the Charlie Hebdo attacks, which is a crisis covered in the PHEME corpus. It does not make any specific factual claims, unverified assertions, or speculative statements about the event itself, but rather expresses solidarity and encourages engagement. Since it contains no verifiable or unverified claims about the breaking news event, it is not a rumour.",False,json
303,"As you hear reports on the Germanwings crash, remember to be patient. The truth takes time.",not_rumour,not_rumour,0.95,"The tweet references the Germanwings crash, which is one of the crises in the PHEME corpus. However, the content itself is a general advisory urging patience and acknowledging that investigations take time, rather than making a specific factual claim or spreading unverified information. It does not contain speculation, conspiracy theories, or false details about the event, functioning instead as a meta-commentary on the news cycle.",False,json
304,This HAS to stop. CharlieHebdo,not_rumour,not_rumour,0.95,"The tweet expresses a strong emotional opinion ('This HAS to stop') regarding the Charlie Hebdo attacks, which is a crisis covered in the PHEME corpus. It does not make any specific factual claim, report verified news, or spread unverified information about the event's details. Since it is purely an expression of sentiment rather than a claim of fact or misinformation, it falls under the category of non-rumour content.",False,json
305,All my prayers are going to the hostages in Sydney.. And all not Muslims are terrorists..It's a religion of peace.,not_rumour,rumour,0.95,"The tweet expresses emotional support and a generalized, unverified opinion about religion rather than reporting specific facts about the Sydney siege. It lacks credible sourcing and presents a subjective, inflammatory claim ('all not Muslims are terrorists') that does not constitute verified news. Therefore, it falls under the category of unverified claims or speculation rather than factual reporting.",False,json
306,Update - Reuters reports at least one person killed amp several injured in shootout before hostage-taking in Dammartin-en-Goele in France,rumour,not_rumour,0.95,"The tweet explicitly attributes the information to Reuters, a credible news agency, and reports on a specific event (the Dammartin-en-Goële hostage crisis) which is part of the PHEME corpus. It presents factual details about casualties and the nature of the incident without using speculative language or unverified claims. Therefore, it constitutes verified news reporting rather than a rumour.",False,json
307,The CEO of Lindt says there are around 50 people holed up in the cafe in central Sydney sydneysiege,rumour,rumour,0.95,"The tweet discusses the Sydney Siege, which is one of the crises in the PHEME rumour corpus. It attributes a specific claim about the number of hostages (around 50) to the CEO of Lindt. In the context of the PHEME dataset, reports citing specific numbers or details from sources that were not officially confirmed by police or verified news outlets at the time are classified as rumours, as they represent unverified information circulating during the event.",False,json
308,"OTTAWA SHOOTING - Soldier shot at memorial - Parliament Hill on lockdown - Harper, Mulcair, Trudeau, safe",rumour,not_rumour,0.95,"The tweet describes the 2014 Ottawa shooting, which is one of the crises included in the PHEME rumour corpus. The content reports specific, verifiable facts that were confirmed by credible news sources at the time: a soldier was shot, Parliament Hill was locked down, and key political figures were safe. It does not contain speculation, unverified claims, or conspiracy language, fitting the definition of factual reporting.",False,json
309,Jason Kenney says Canadians soldier shot at War Memorial today has died. Employment Minister also says Parliamentary guard wounded. cdnpoli,rumour,not_rumour,0.95,"The tweet discusses the 2014 shooting at the National War Memorial in Ottawa, which is one of the crises included in the PHEME rumour corpus. It attributes specific factual claims (the death of the soldier and the wounding of a guard) to Jason Kenney, a credible government official at the time. Since the information is attributed to a verified source and reports on confirmed events rather than speculation, it is classified as not a rumour.",False,json
310,Why we need brave journalists Ferguson,not_rumour,not_rumour,0.95,"The tweet 'Why we need brave journalists Ferguson' is a general commentary or opinion piece regarding the role of journalism, likely in the context of the Ferguson unrest. It does not contain any specific factual claims, unverified allegations, or speculative information about the breaking news events themselves. Since it lacks a verifiable claim about the crisis events, it does not fit the definition of a rumour in the PHEME corpus context, which focuses on claims about the events.",False,json
311,AFP several hostages have been freed at Jewish supermarket in Paris,rumour,not_rumour,0.95,"The tweet cites AFP (Agence France-Presse), a major credible news agency, as the source of the information. It reports a specific, verifiable event (hostages freed) related to the Hyper Cacher siege, which is one of the crises in the PHEME corpus. Since it attributes the claim to a reputable journalistic source rather than presenting unverified speculation, it is classified as factual reporting.",False,json
312,"LATEST Suspected Ottawa gunman identified as Michael Joseph Hall, a convert to Islam also known as Michael Zehaf-Bibeau -",rumour,not_rumour,0.95,"The tweet identifies the suspect in the 2016 Ottawa shooting as Michael Zehaf-Bibeau, which is a verified fact confirmed by multiple credible news sources and official police statements. The PHEME corpus includes this event, and this specific claim represents confirmed information rather than unverified speculation or misinformation. Therefore, it falls under the category of verified news.",False,json
313,If you want to follow the hostage situation in Sydney,rumour,not_rumour,0.95,"The tweet refers to the Sydney hostage situation, which is one of the crises covered in the PHEME corpus. However, the text is merely a directive or pointer ('If you want to follow...') and does not contain any specific factual claim, unverified assertion, or speculative content about the event itself. Since it lacks a verifiable or unverified claim, it does not fit the definition of a rumour, nor does it provide new factual reporting, but in the context of binary classification for misinformation, neutral/non-claim text is typically categorized as not a rumour.",False,json
314,DEVELOPING Pilot locked out of cockpit in Alps crash report.,rumour,not_rumour,0.95,"The tweet references the Germanwings Flight 9525 crash in the Alps, which is one of the crises in the PHEME corpus. The content 'Pilot locked out of cockpit' refers to the confirmed factual finding of the investigation (that the co-pilot locked the captain out), rather than an unverified speculation or conspiracy theory. Since this aligns with verified news reports regarding the cause of the crash, it is classified as not a rumour.",False,json
315,"UPDATE Parliament Hill attack Soldier dies of injuries, gunman shot dead OttawaShooting",rumour,not_rumour,0.95,"The tweet reports on the 2014 Parliament Hill shooting, a specific crisis included in the PHEME rumour corpus. It states factual outcomes (soldier dies, gunman shot dead) that were widely confirmed by credible news sources and official statements shortly after the event. The language is declarative and lacks the speculative or unverified markers typical of rumours.",False,json
316,CharlieHebdo Stphane Charbonnier and Jean Cabut died for freedom of press. May their bravery amp spirit live forever,rumour,not_rumour,0.95,"The tweet refers to the Charlie Hebdo shooting, a specific crisis included in the PHEME rumour corpus. It states that Stephane Charbonnier and Jean Cabut died, which is a verified factual event confirmed by credible news sources at the time. The remainder of the tweet expresses a sentiment ('bravery and spirit live forever') rather than making an unverified claim about the event's details or causes, so it does not constitute a rumour.",False,json
317,Coincidence? Nobelist Malala Youseafzai was to receive honorary Canadian citizenship in Ottawa today,not_rumour,not_rumour,0.95,"The tweet discusses Malala Yousafzai receiving honorary Canadian citizenship, which is a factual event that occurred in 2017. However, the PHEME rumour corpus specifically focuses on four distinct breaking news crises: the 2015 San Bernardino shooting, the 2015 Ferguson unrest, the 2015 Westgate shopping mall attack, and the 2015 Charlie Hebdo shooting. Since this tweet is unrelated to any of the specific crises covered in the PHEME dataset, it is considered off-topic. In the context of the PHEME classification task, content that is not about the target crises is typically excluded or treated as non-rumour noise, but strictly speaking, it does not fit the 'rumour' definition regarding the specific events. However, standard PHEME labeling often treats off-topic tweets as 'not_rumour' because they are not spreading misinformation about the specific crisis events under study.",False,json
318,Heavy police activity at Sydney cafe shown on livestream just now. Many shots fired.,rumour,not_rumour,0.95,"The tweet describes a specific breaking news event (Sydney cafe shooting) that is part of the PHEME corpus. It presents a direct observation ('shown on livestream') rather than speculation or unverified hearsay, functioning as factual reporting of an ongoing incident. Therefore, it is classified as verified news/factual reporting within the context of the dataset.",False,json
319,"UPDATED Obama condemns Ottawa shootings as 'outrageous,' offers to help with response",not_rumour,not_rumour,0.95,"The tweet reports on a specific, verifiable statement made by President Obama regarding the Ottawa shootings, which is a confirmed historical event. It presents factual information about a public figure's reaction and offer of assistance, rather than unverified speculation or conspiracy theories. Therefore, it falls under the category of verified news or factual reporting.",False,json
320,"Converts are DISTURBED!! Co-Pilot of GermanWings Airbus Was a Muslim convert. ""Hero of Islamic State"" WhiteMuslims",rumour,rumour,0.95,"The tweet refers to the Germanwings Flight 952 crash, a crisis included in the PHEME corpus. It makes specific, unverified claims about the co-pilot's religious conversion and allegiance to ISIS, using highly emotional and conspiratorial language ('DISTURBED', 'Hero of Islamic State') without credible sourcing. These characteristics align with the definition of a rumour rather than verified factual reporting.",False,json
321,Here are the 3 locations of shootings in Ottawa around Parliament Hill GoofleEarth From,rumour,not_rumour,0.9,"The tweet refers to the 2014 Ottawa shooting, a crisis included in the PHEME corpus. It presents a factual claim about the locations of the shootings and references a specific source (Google Earth), indicating an intent to provide verified geographical information rather than speculation or unverified rumors. The language is neutral and descriptive, lacking the emotional or conspiratorial markers typical of misinformation.",False,json
322,"BREAKING Name of co-pilot of crashed Germanwings flight 4U9525 was German, Named Andreas Lubitz",rumour,not_rumour,0.95,"The tweet identifies the co-pilot of Germanwings flight 4U9525 as Andreas Lubitz. This information was widely reported and confirmed by credible news sources and official investigations shortly after the crash in March 2015. Since the claim is factual and verified, it falls under the category of confirmed information rather than unverified speculation.",False,json
323,i cant sleep knowing just 15 minutes away innocent people have been hostages for almost 14 hours please pray for the hostages and for sydney,not_rumour,not_rumour,0.95,"The tweet refers to the Sydney Siege, a crisis included in the PHEME corpus. It expresses personal emotion and a call to prayer rather than making a specific factual claim that requires verification or debunking. Since it does not propagate unverified information or speculation about the event's details, it is classified as not a rumour.",False,json
324,ArtsBeat Cousin of Cornelius Gurlitt Challenges Will That Leaves Collection to Swiss Museum A cousin of... art,not_rumour,not_rumour,1.0,"The tweet discusses the Cornelius Gurlitt art collection, which is not one of the four crises covered in the PHEME rumour corpus (Alec Baldwin, Germanwings, Isla Vista, Sydney Siege). Since the content is off-topic relative to the specified dataset, it does not constitute a rumour within that context. Therefore, it is classified as not_rumour.",False,json
325,"FYI Toronto "" In response to inquiries, we can confirm that Prince will not be performing at tonight.""",rumour,not_rumour,0.95,"The tweet discusses Prince's performance in Toronto, which is unrelated to the four specific crises covered in the PHEME rumour corpus (Syria chemical weapons, Germanwings flight 9525, Manchester Arena bombing, and Orlando nightclub shooting). Since the content is off-topic relative to the defined dataset scope, it does not fit the criteria for either 'rumour' or 'not_rumour' within that specific context, but typically off-topic items are excluded or treated as non-rumours in strict classification tasks focusing on the corpus events. However, looking at the strict binary choice provided for PHEME, this tweet is likely a distractor or noise. If forced to choose based on the PHEME definition, it is not a rumour about the PHEME events. But usually, in PHEME datasets, tweets are filtered to be relevant. If this is a test of relevance, it's irrelevant. If it's a test of truthfulness of the claim itself, it's a factual statement about a cancellation. Given the prompt asks to classify *about* breaking news in PHEME, and this is not about PHEME news, it is technically not a rumour *in the PHEME corpus*. However, standard PHEME classification tasks often include irrelevant tweets which are labeled as 'not_rumour' or excluded. Let's assume the question implies this tweet *is* part of the dataset. The claim is a direct confirmation from an official source ('we can confirm'), making it factual reporting rather than speculation. Therefore, it is not a rumour.",False,json
326,"BREAKING UPDATE Soldier shot at National War Memorial in Ottawa, Canada, police tell News -",rumour,not_rumour,0.95,"The tweet reports a specific event (a soldier being shot at the National War Memorial in Ottawa) and attributes the information to police speaking to News, which serves as a credible source. In the context of the PHEME dataset, tweets that cite official sources like police or major news outlets for breaking events are typically classified as verified news rather than unverified rumors. The language is factual and lacks the speculative or emotional markers often associated with misinformation.",False,json
327,"Germanwings CEO says 72 Germans, 35 Spanish citizens and two Americans were aboard plane that crashed in France",rumour,not_rumour,0.95,"The tweet reports specific details about the Germanwings Flight 9525 crash, citing the CEO as the source of the passenger nationality breakdown. This information was widely reported and verified by credible news outlets shortly after the incident, making it factual reporting rather than unverified speculation. The claim is specific, attributable, and consistent with confirmed records of the event.",False,json
328,"OTTAWA SHOOTING - Soldier shot at war memorial - Parliament Hill locked down - PM Harper safe, 'off the hill'",rumour,not_rumour,0.95,"The tweet reports on the 2014 Ottawa shooting, a specific crisis included in the PHEME rumour corpus. It states factual details that were widely confirmed by credible news sources at the time, such as the location of the shooting, the lockdown of Parliament Hill, and the safety of Prime Minister Harper. The language is declarative and lacks the speculative or unverified markers typical of rumours.",False,json
329,Weather deteriorating for GermanWings 4U9525 search amp rescue operation with snow above 1500m in S French Alps. CF,not_rumour,not_rumour,0.95,"The tweet reports on weather conditions affecting the search and rescue operation for GermanWings flight 4U9525, a specific event within the PHEME corpus. It cites a specific source ('CF', likely Channel 4 News) and provides verifiable meteorological data (snow above 1500m) rather than speculation or unverified claims about the cause of the crash. Therefore, it constitutes factual reporting of the situation.",False,json
330,The surviving staff at CharlieHebdo have just announced that the magazine will publish next week--ON SCHEDULE.,not_rumour,not_rumour,0.95,"The tweet reports a specific, verifiable event regarding the publication schedule of Charlie Hebdo following the terrorist attack, which is a central event in the PHEME corpus. The claim that the magazine would publish on schedule was a confirmed fact widely reported by credible news sources at the time, rather than unverified speculation or conspiracy theory. Therefore, it falls under the category of verified news or factual reporting.",False,json
331,Germanwings could face enormous legal liabilities in the crash that killed 150 people,not_rumour,rumour,0.9,"The tweet discusses the Germanwings Flight 9525 crash, which is one of the crises included in the PHEME rumour corpus. The claim that the airline could face legal liabilities is a speculative assertion about future legal consequences rather than a verified fact or confirmed news report at the time of the event. It lacks specific evidence or citation to credible sources confirming such liabilities, fitting the definition of unverified speculation.",False,json
332,When and where - MikeBrown shot by police officer Darren Wilson in Ferguson,not_rumour,not_rumour,0.95,"The tweet states that Mike Brown was shot by police officer Darren Wilson in Ferguson, which is a verified factual event central to the PHEME crisis corpus regarding the Ferguson unrest. It presents a confirmed historical fact rather than speculation or unverified claims. Therefore, it falls under the category of verified news or factual reporting.",False,json
333,Watch live CBC NN coverage of shooting of soldier at Ottawa Cenotaph shooter still on loose around Parliament Hill,rumour,not_rumour,0.95,"The tweet references the 2014 shooting of Corporal Nathan Cirillo at the National War Memorial in Ottawa, which is one of the crises included in the PHEME rumour corpus. The content directs users to live CBC News coverage, a credible news source, and reports factual details about the event (shooting, shooter at large) without adding unverified speculation or conspiracy theories. Therefore, it constitutes verified news reporting rather than a rumour.",False,json
334,"3rd work in Gurlitt collection found to have been loted, 'Klavierespieler' from Carl Spitzweg to be returned to Jewish heirs",not_rumour,not_rumour,0.9,"The tweet discusses the restitution of a painting from the Gurlitt collection, which is a factual news event unrelated to the specific breaking news crises covered in the PHEME rumour corpus (such as the 2015 Manchester bombing, 2015 San Bernardino shooting, 2016 Orlando nightclub shooting, or 2016 Brussels bombings). Since the content is off-topic relative to the defined dataset scope, it does not fit the criteria for either 'rumour' or 'not_rumour' within that specific context, but strictly speaking, it is not a rumour about those events. However, in the context of PHEME classification tasks, off-topic tweets are often excluded or treated as noise. If forced to choose based on the content's nature as a factual report (even if off-topic for the specific crisis), it is not a rumour. But typically, PHEME datasets only contain tweets relevant to the crises. Assuming this is a test of topic relevance: it is not about the PHEME crises. If the prompt implies this tweet *is* in the corpus, it might be a distractor. Let's look at the definition: 'breaking news events in the PHEME rumour corpus'. This tweet is not about those events. Therefore, it is not a rumour about those events. It is likely a 'not_rumour' in the sense that it is a factual statement, or it is simply irrelevant. Given the binary choice and the factual nature of the text, 'not_rumour' is the safer classification for factual reporting, even if the topic is mismatched with the typical PHEME crises.",False,json
335,"""Da man wit the chips"" in this iconic photo from Ferguson has been identified.",not_rumour,not_rumour,0.9,"The tweet refers to the Ferguson unrest, which is one of the crises included in the PHEME rumour corpus. The statement claims that the individual in a specific, well-known photograph has been identified. This is a factual, verifiable claim regarding the identification of a person in news footage, rather than speculation or an unverified conspiracy theory. In the context of the PHEME dataset, such statements reporting on confirmed details or identifications are typically classified as non-rumour (verified news).",False,json
336,A gunman holding hostages in a Sydney cafe is said to be demanding an ISIS flag sydneysiege,rumour,rumour,0.95,"The tweet discusses the Sydney Siege, which is one of the crises in the PHEME rumour corpus. It uses the phrase 'is said to be demanding,' which indicates that the information is unverified hearsay or speculation rather than a confirmed fact from a credible source at the time of posting. This linguistic marker aligns with the definition of a rumour in the PHEME dataset, where unconfirmed claims about the perpetrator's demands are classified as such.",False,json
337,sydneysiege Up to 20 hostages are being held in darkness in a cafe in Sydney.,rumour,rumour,0.95,"The tweet discusses the Sydney Siege, which is one of the crises included in the PHEME rumour corpus. It makes a specific claim about the number of hostages (up to 20) and their condition (held in darkness). In the context of the PHEME dataset, this specific claim was widely circulated but later determined to be unverified or inaccurate regarding the exact count and circumstances, fitting the definition of a rumour rather than confirmed factual reporting.",False,json
338,France's top security official confirms that 3 gunmen carried out the attack on CharlieHebdo,rumour,not_rumour,0.95,"The tweet reports a specific factual claim regarding the Charlie Hebdo shooting, which is one of the crises in the PHEME corpus. It attributes the information to 'France's top security official,' indicating a credible source and confirmed reporting rather than speculation or unverified hearsay. Therefore, it falls under verified news or factual reporting.",False,json
339,DEVELOPING MPs tweeting that gunman has been shot dead. CBC has not confirmed this. Condition of soldier also unknown,rumour,rumour,0.95,"The tweet explicitly states that the claim about the gunman being shot dead is unverified by CBC and that the condition of the soldier is unknown. It reports on speculation from MPs rather than presenting confirmed facts, which aligns with the definition of a rumour in the PHEME corpus where unverified claims are distinguished from confirmed news.",False,json
340,The Roots of Evil CharlieHebdo,not_rumour,rumour,0.85,"The tweet 'The Roots of Evil CharlieHebdo' is a short, emotive statement referencing the Charlie Hebdo shooting, a crisis included in the PHEME corpus. It expresses a strong opinion or judgment ('Roots of Evil') rather than reporting a specific, verifiable fact or confirmed news update. Because it lacks factual content and presents an unverified, subjective characterization of the event, it fits the definition of a rumour or unverified claim in this context.",False,json
341,"Still no information about hostage taker unclear if alive, injured or killed sydneysiege",rumour,not_rumour,0.95,"The tweet discusses the Sydney Siege, which is one of the crises in the PHEME rumour corpus. It explicitly states that there is 'no information' and that the status of the hostage taker is 'unclear,' rather than making a specific unverified claim about the outcome. This represents a factual report of the current lack of confirmed information, fitting the definition of verified news or factual reporting on the state of knowledge.",False,json
342,All Muslims are not like that... Okay? RT The co-pilot of the Germanwings Airbus was a convert to Islam,rumour,rumour,0.95,"The tweet addresses the Germanwings Flight 952 crash, a crisis included in the PHEME corpus. It makes a specific claim that the co-pilot was a convert to Islam, which was an unverified and ultimately false narrative circulated during the immediate aftermath of the event before official reports confirmed the pilot's mental health issues as the cause. Since this claim was speculative and not supported by credible sources at the time, it fits the definition of a rumour.",False,json
343,Our thoughts are with Ottawa.,not_rumour,not_rumour,0.95,"The tweet 'Our thoughts are with Ottawa' is a statement of sympathy and solidarity, likely in response to the 2017 Ottawa shooting included in the PHEME corpus. It does not make any factual claims, assertions, or unverified allegations about the event itself. Since it contains no information that can be verified or falsified as a rumor, it falls under the category of non-rumour content (specifically, emotional expression rather than misinformation).",False,json
344,Australia's leader Tony Abbott addresses sydneysiege no questions from the media taken,not_rumour,not_rumour,0.95,"The tweet describes a specific event: Australian Prime Minister Tony Abbott addressing the media regarding the Sydney siege. This is a factual report of a public occurrence that was widely covered by credible news sources during the crisis. It does not contain unverified claims, speculation, or conspiracy theories, but rather states a verifiable action taken by a public figure.",False,json
345,Bottom line cops are supposed to use deadly force only when lives are at risk. You don't shoot robbery suspects. Ferguson,rumour,not_rumour,0.9,"The tweet discusses the Ferguson crisis, which is part of the PHEME corpus. However, the content is an opinionated statement regarding police use-of-force policies ('cops are supposed to use deadly force only when lives are at risk') rather than a report on specific breaking news events or unverified claims about the incident itself. It expresses a normative view on law enforcement conduct rather than spreading misinformation or unverified facts about the event.",False,json
346,"TWITTER. Charlie Hebdo is a racist publication. Murderers murdering people are not justified in murdering people. Crazy paradox, I know.",not_rumour,not_rumour,0.95,"The tweet discusses the Charlie Hebdo shooting, which is one of the crises in the PHEME corpus. However, the content consists entirely of subjective opinion and moral commentary ('racist publication', 'not justified') rather than a factual claim about the event's details, perpetrators, or casualties. Since it does not assert unverified information about the breaking news event itself, it does not fit the definition of a rumour in this context.",False,json
347,Cartoonist's continue to poke at Tyranny. Quite brilliantly too. CharlieHebdo JeSuisCharlie,not_rumour,not_rumour,0.95,"The tweet references the Charlie Hebdo shooting, which is one of the crises in the PHEME corpus. However, the content is an opinionated commentary on cartoons ('poke at Tyranny') rather than a factual report or an unverified claim about the event's details. It does not contain misinformation or unverified news claims, but rather expresses a viewpoint on the aftermath. Therefore, it is classified as not a rumour.",False,json
348,Gurlitt's Museum Bequest Is Challenged ArtCrimes,not_rumour,not_rumour,0.9,"The tweet references the Cornelius Gurlitt art hoard, which is one of the four crises in the PHEME dataset. The text appears to be a headline or a factual statement regarding legal challenges to the bequest, rather than an unverified claim or speculation. It lacks emotional language, conspiracy theories, or unconfirmed assertions, presenting instead a reportable event.",False,json
349,"SYDNEYSIEGE OVER, police confirm. Reports hostage-taker is down",rumour,not_rumour,0.95,"The tweet reports on the conclusion of the Sydney Siege, a specific crisis included in the PHEME dataset. It explicitly attributes the information to police confirmation ('police confirm'), indicating it is verified factual reporting rather than unverified speculation. Therefore, it falls under the category of confirmed information.",False,json
350,"Latest reports are that there 13 hostages being held in the centre of Sydney, by two armed Islamic terrorists. Black Islamic flag in window",rumour,rumour,0.95,"The tweet discusses the 2014 Sydney siege, which is one of the crises in the PHEME rumour corpus. It uses the phrase 'Latest reports are that' to present specific details (13 hostages, two terrorists, black flag) without citing a credible source or confirming the information as verified fact. In the context of the PHEME dataset, such unverified claims circulating during the event are classified as rumours because they lack official confirmation at the time of posting.",False,json
351,"Every incident report I've seen says ""the suspect was X,"" ""the suspect did Y."" On the Ferguson report, MikeBrown is ALREADY NAMED. HOW??",rumour,not_rumour,0.85,"The tweet discusses the Ferguson shooting, which is one of the crises in the PHEME corpus. It expresses confusion and skepticism regarding the naming of the suspect in official reports, questioning the process rather than asserting a specific unverified factual claim about the event itself. This type of commentary on procedural transparency or official narratives is generally classified as non-rumour because it does not propagate false information about the incident's core facts.",False,json
352,Parisians gather under rain by Notre Dame to mourn CharlieHebdo killings Jesuischarlie,not_rumour,not_rumour,0.95,"The tweet describes a factual event: people gathering in Paris to mourn the victims of the Charlie Hebdo shootings, which is a verified historical event covered extensively by credible news sources. It does not contain unverified claims, speculation, or conspiracy theories, but rather reports on public reaction and mourning, which aligns with factual reporting.",False,json
353,Ferguson or Afghanistan? Powerful evidence of growing militarization of US police forces.,not_rumour,not_rumour,0.85,"The tweet discusses the militarization of US police forces, referencing Ferguson and Afghanistan. However, the PHEME rumour corpus specifically focuses on four distinct crisis events: the 2015 San Bernardino shooting, the 2015 Ferguson unrest, the 2015 Westgate shopping mall attack, and the 2015 Manchester Arena bombing. While Ferguson is one of the crises, this specific tweet appears to be a general commentary or headline about police militarization rather than a specific claim about the breaking news events or rumors surrounding the Ferguson unrest as defined in the PHEME dataset context (which usually involves specific claims about suspects, casualties, or police actions during the immediate event). More importantly, looking at the PHEME dataset structure, tweets are classified based on whether they are rumors about the specific event. This tweet is a general opinion piece headline. In the context of PHEME, general commentary that doesn't make a specific unverified factual claim about the event's details is often treated as non-rumour or off-topic, but if forced to choose between rumour and not_rumour for a tweet *about* the crisis, we must look at the claim. The claim is 'evidence of growing militarization'. This is an analytical conclusion, not a breaking news rumor about the event itself (like 'the shooter was X'). However, strictly speaking, PHEME labels tweets as 'rumour' if they are unverified claims about the event. This tweet is likely from a news article or blog post summarizing the situation. In the PHEME dataset, verified news reports are 'not_rumour'. This looks like a headline from a credible source (e.g., The Guardian or similar) analyzing the situation. Therefore, it is likely factual reporting/analysis rather than a rumor.",False,json
354,"France's Interior Ministry says debris located at 2,000 meters altitude in French Alps. Airbus A320 GermanWings",not_rumour,not_rumour,0.95,"The tweet reports a specific finding by France's Interior Ministry regarding the Germanwings Flight 9529 crash, which is one of the crises in the PHEME corpus. It attributes the information to a credible official source (Interior Ministry) and states a factual observation (debris location) rather than speculation or unverified claims. Therefore, it constitutes verified news reporting.",False,json
355,Ferguson Police Department Release First Official Statement On Shooting Of Mike Brown JusticeForMikeBrown,not_rumour,not_rumour,0.95,"The tweet reports on the release of an official statement by the Ferguson Police Department regarding the shooting of Mike Brown, which is a central event in the PHEME rumour corpus. It cites a specific, verifiable action (the release of an official statement) rather than making unverified claims about the incident itself. As it refers to an official source and factual reporting of an event, it falls under verified news or factual reporting.",False,json
356,Charlie Hebdo killers tell police 'We are ready to die as martyrs',rumour,not_rumour,0.95,"The tweet reports a specific statement attributed to the perpetrators of the Charlie Hebdo attacks, which is a major event covered in the PHEME rumour corpus. This claim was widely reported by credible news outlets and confirmed by police investigations, making it a verified fact rather than unverified speculation. Therefore, it falls under the category of confirmed information.",False,json
357,JUST IN Police tell it's probable gunman in second Paris hostage situation is man who killed a policewoman yesterday -,rumour,not_rumour,0.95,"The tweet reports on the 2015 Paris attacks, a crisis included in the PHEME corpus. It attributes the claim to 'Police,' indicating it is reporting on official statements rather than speculation or unverified rumors. The content aligns with verified news reports from that event regarding the gunman's identity.",False,json
358,Hostage situation ongoing in Sydney business district. LIVE UPDATES,rumour,rumour,0.95,"The tweet reports a 'Hostage situation ongoing in Sydney business district' with 'LIVE UPDATES'. In the context of the PHEME dataset, which focuses on the 2017 Manchester Arena bombing and other specific crises, this claim is factually incorrect regarding the location and nature of the primary events covered (Manchester, not Sydney). Furthermore, the phrasing 'LIVE UPDATES' without a source link or official attribution is characteristic of unverified breaking news claims often found in the 'rumour' class of this dataset, as it presents an unconfirmed assertion of a major event.",False,json
359,Separating fact from fiction on the SydneySiege. Here's what we do and don't know,not_rumour,not_rumour,0.95,"The tweet references the Sydney Siege, which is one of the crises in the PHEME corpus. The text 'Separating fact from fiction' and 'Here's what we do and don't know' indicates an intent to provide verified information or a factual summary rather than spreading unverified claims. It acts as a headline or link to credible reporting, fitting the definition of factual reporting.",False,json
360,Local news piece on Toronto show tonight prince Princearmy,rumour,not_rumour,0.6,"The tweet mentions 'Prince' and 'Princearmy', which relates to the death of Prince, one of the crises in the PHEME corpus. However, the content is merely a reference to a local news segment on a Toronto show and does not make a specific factual claim or unverified assertion about the event itself. It lacks the characteristics of a rumor (unverified claim) or a definitive news report (verified fact), serving instead as a meta-commentary or pointer to media coverage. In the context of the PHEME dataset, such ambiguous or non-claim tweets are often excluded or classified based on whether they propagate misinformation; here, it does not propagate a specific unverified claim but rather points to a source. However, strictly following the binary choice, it is not a 'rumour' because it doesn't assert an unverified fact, nor is it 'not_rumour' in the sense of being a verified news report itself. Given the options, it is most accurately described as not being a rumor because it doesn't make a claim to be verified or debunked, but rather references a broadcast. However, looking at standard PHEME annotations, tweets that are just references to news without claims are often treated as non-rumors or excluded. If forced to choose, it is not a rumor.",False,json
361,Our thoughts are with everyone in Ottawa at this time.,not_rumour,not_rumour,0.95,"The tweet expresses sympathy ('Our thoughts are with everyone') regarding the Ottawa crisis, which is part of the PHEME corpus. It does not make any factual claims, assertions, or unverified statements about the event itself, but rather offers an emotional response. Since it contains no information to verify or refute, it is not a rumour.",False,json
362,"Sad truth, is that if u crticize islam even after CharlieHebdo massacre, u wl still b labeled 'right wing fanatic' or islamophobic!",not_rumour,not_rumour,0.9,"The tweet references the Charlie Hebdo massacre, which is one of the crises in the PHEME corpus. However, the content is an opinionated commentary on social labeling and political discourse rather than a factual report or unverified claim about the event itself. It expresses a subjective viewpoint ('Sad truth...') about societal reactions, which does not fit the definition of a rumour (unverified claim about the event) nor verified news reporting. In the context of the PHEME dataset, such opinionated or off-topic posts regarding the crisis are typically classified as 'not_rumour' because they do not propagate misinformation about the event's facts.",False,json
363,Update Ferguson police release stills from convenience store footage showing robbery,rumour,not_rumour,0.95,"The tweet reports a specific, verifiable action by law enforcement (releasing footage) regarding the Ferguson crisis, which is part of the PHEME corpus. It presents factual information about an official release rather than speculation or unverified claims. The language is neutral and descriptive, lacking signals of misinformation or emotional manipulation.",False,json
364,Look at his arrive time on the report. This man was still in the store. Exlplain this. Ferguson FergusonShooting,rumour,rumour,0.95,"The tweet references the Ferguson shooting, which is one of the crises in the PHEME corpus. It makes an unverified claim about a specific individual's timeline ('arrive time') and location ('still in the store'), challenging official reports without providing evidence. This constitutes speculation and an unverified assertion rather than factual reporting.",False,json
365,Single-aisle Airbus A320s are the workhorses of the global fleet amp proliferate across European skies 4U9525,not_rumour,not_rumour,0.95,"The tweet provides factual background information about the Airbus A320 aircraft type and references flight 4U9525, which is the subject of the Germanwings crash crisis in the PHEME corpus. It states verifiable facts about the aircraft's role in global fleets without making unverified claims, speculation, or conspiracy theories regarding the incident itself. Therefore, it constitutes factual reporting rather than a rumour.",False,json
366,BREAKING Sydneysiege latest Armed police have stormed cafe Multiple hostages freed Paramedics entered scene,not_rumour,not_rumour,0.95,"The tweet reports on the Sydney Siege, a crisis included in the PHEME corpus. It uses standard breaking news language ('BREAKING', 'Armed police have stormed') to describe specific, verifiable actions (hostages freed, paramedics entered) that were confirmed by official sources during the event. There are no signs of speculation, conspiracy, or unverified claims; it reads as factual reporting of the unfolding situation.",False,json
367,Car chase under way in Paris as gunfight breaks out. Reports of hostages. Latest from Paris,rumour,not_rumour,0.9,"The tweet reports on a specific breaking news event (car chase and gunfight in Paris) using neutral, factual language typical of live news updates. It attributes the information to 'Reports' and 'Latest from Paris,' indicating it is relaying current situational awareness rather than spreading unverified speculation or conspiracy theories. In the context of the PHEME corpus, such immediate, descriptive reporting of ongoing events is generally classified as verified news or factual reporting rather than rumour.",False,json
368,Paris staff in solidarity with CharlieHebdo. Freedom of expression is a human right,not_rumour,not_rumour,0.95,"The tweet expresses solidarity and states a general principle regarding freedom of expression in the context of the Charlie Hebdo attacks, which is a crisis covered in the PHEME corpus. It does not make any specific factual claims about the event's details, perpetrators, or casualties that require verification or could be false. Therefore, it is not a rumour but rather an opinion or statement of support.",False,json
369,What the media won't show Ferguson MikeBrown,not_rumour,rumour,0.95,"The tweet references the Ferguson crisis, which is part of the PHEME corpus. It makes an unverified claim that the media is hiding information ('What the media won't show'), which is a common conspiracy trope and lacks factual evidence or credible sourcing. This fits the definition of a rumour as it presents speculation and emotional assertion rather than confirmed news.",False,json
370,Dramatic video of gunfire from inside Parliament Hill,rumour,not_rumour,0.85,"The tweet describes a video of gunfire at Parliament Hill, which relates to the 2014 Ottawa shooting, one of the crises in the PHEME corpus. However, the text itself is a descriptive caption rather than a specific factual claim or unverified allegation about the event's details, perpetrators, or motives. In the context of the PHEME dataset, such descriptive or neutral statements about the event's occurrence are typically classified as non-rumour because they do not propagate unverified misinformation or speculation.",False,json
371,The staff of Agence France Presse stand in silence amp solidarity to remember their murdered colleagues. JeSuisCharlie,not_rumour,not_rumour,0.95,"The tweet describes a factual event: staff at Agence France Presse standing in silence to remember colleagues murdered in the Charlie Hebdo attacks, which is a verified historical event covered by credible news sources. It does not contain unverified claims, speculation, or conspiracy theories, but rather reports on a confirmed act of solidarity and remembrance. Therefore, it falls under the category of verified news or factual reporting.",False,json
372,Media told not to leave Moscow amp expect statements fr Kremlin No flag on building putindead,rumour,rumour,0.95,"The tweet discusses the 'Putin dead' crisis, which is one of the four events in the PHEME rumour corpus. It presents unverified claims about media restrictions and the absence of a flag on the Kremlin building as evidence of the President's death, without citing credible sources. This aligns with the definition of a rumour as it relies on speculation and unconfirmed indicators rather than verified news.",False,json
373,"I woke up today believing Ottawa was a safe place for my family. I'll go to bed tonight thinking the same thing. Stay strong, stay calm.",not_rumour,not_rumour,0.95,"The tweet expresses personal sentiment and reassurance regarding safety in Ottawa, likely in the context of the 2014 Ottawa shooting crisis included in the PHEME corpus. It does not make any specific factual claims, report unverified events, or spread misinformation; rather, it offers emotional support. Therefore, it is classified as not a rumour.",False,json
374,Join us in hating horrible crimes and racist cartoons at the same time CitizenRadio CharlieHebdo,not_rumour,not_rumour,0.85,"The tweet expresses strong emotional opinions ('hating horrible crimes') regarding the Charlie Hebdo attacks, which is a crisis in the PHEME corpus. However, it does not make any specific factual claims, report unverified information, or spread misinformation about the event itself. It is an opinionated statement rather than a rumor or factual report, but in the context of binary classification for rumor detection, non-factual/opinion content that doesn't assert a false claim is often categorized as 'not_rumour' because it lacks the defining characteristic of a rumor (an unverified claim presented as fact).",False,json
375,Memo to you owe an apology GERMAN NEWS Co-Pilot of Germanwings Airbus Was MUSLIM CONVERT,rumour,rumour,0.95,"The tweet addresses the Germanwings Flight 9525 crash, a key event in the PHEME rumour corpus. It makes a specific, unverified claim about the co-pilot's religious background ('MUSLIM CONVERT') using sensationalist language and all-caps, which are typical markers of misinformation and speculation rather than factual reporting. This claim was widely circulated as a conspiracy theory during the crisis and lacks credible sourcing in the tweet itself.",False,json
376,"It didn't take that long. The first Pakistani to say, CharlieHebdo massacre has nothing to with Islam, has emerged.",not_rumour,rumour,0.85,"The tweet discusses the Charlie Hebdo massacre, which is one of the crises in the PHEME corpus. However, the claim that a specific individual was the 'first Pakistani' to make a certain statement is an unverified assertion of fact that cannot be easily confirmed by credible news sources at the time of the event. It presents a specific, likely anecdotal or fabricated narrative rather than verified reporting, fitting the definition of a rumour in this context.",False,json
377,"BREAKING Police official tells the Associated Press suspects in Charlie Hebdo massacre killed, hostage freed.",not_rumour,not_rumour,0.95,"The tweet reports on the Charlie Hebdo massacre, which is one of the crises included in the PHEME rumour corpus. It attributes the information to a police official speaking to the Associated Press, a credible news agency, indicating that the claim is based on verified reporting rather than speculation or unverified social media chatter. Therefore, it falls under the category of factual reporting.",False,json
378,CTV reports that soldier shot at war memorial still alive.,rumour,not_rumour,0.95,"The tweet explicitly attributes the information to 'CTV reports,' indicating it is citing a credible news source rather than presenting unverified speculation. It states a specific, verifiable fact about the condition of a soldier involved in a breaking news event (the Ottawa shooting, which is part of the PHEME corpus). Because it relies on established media reporting, it falls under verified news or factual reporting.",False,json
379,"Please join me in prayer for those held hostage in Martin Place, Sydney, and for the police who are trying to resolve the situation.",rumour,not_rumour,0.95,"The tweet refers to the Martin Place siege in Sydney, which is one of the crises included in the PHEME rumour corpus. The content is a call for prayer and support, acknowledging the event as it was unfolding, rather than making a specific factual claim about the details, perpetrators, or outcome that could be verified or debunked. It does not contain unverified allegations, speculation, or misinformation, but rather expresses solidarity during a confirmed breaking news event.",False,json
380,Hostages are posting the requests of the gunman on social media. has asked the media not to publish those requests SydneySiege,rumour,rumour,0.85,"The tweet discusses the Sydney Siege, which is one of the crises in the PHEME rumour corpus. It reports on the actions of hostages and media requests, which are specific details often subject to verification during breaking news events. In the PHEME dataset, tweets reporting on unverified details of the siege, such as specific demands or hostage communications not yet confirmed by official police statements, are typically classified as rumours because they rely on secondary or unconfirmed sources rather than official verification.",False,json
381,"GermanWings A320 Airbus 24 yrs old, first flight was in November 1990 4U9525",not_rumour,not_rumour,0.95,"The tweet provides specific, verifiable factual details about the aircraft involved in the Germanwings Flight 9525 crash, which is one of the crises in the PHEME corpus. It states the age of the plane and its first flight date, which are objective historical records rather than unverified speculation or conspiracy theories. Since the information is factual and confirmed by aviation records, it falls under verified news/factual reporting.",False,json
382,Horrific footage shows police officer begging for his life before gunman shoots him in the head CharlieHebdo,not_rumour,rumour,0.9,"The tweet describes a specific, violent event involving a police officer and the Charlie Hebdo attack, which is part of the PHEME corpus. The claim that an officer was 'begging for his life' before being shot is a specific narrative detail that was widely circulated but often unverified or sensationalized in the immediate aftermath, fitting the definition of unverified claims or speculation rather than confirmed factual reporting. It lacks credible sourcing and relies on emotional, dramatic language typical of rumours.",False,json
383,"BREAKING One gunman has been killed following a shooting on Parliament Hill, sources confirm to CTV News.",rumour,not_rumour,0.95,"The tweet reports on the 2014 Parliament Hill shooting, a specific crisis included in the PHEME rumour corpus. It cites 'sources confirm to CTV News,' indicating it is a report from a credible news organization rather than unverified speculation or user-generated rumor. Therefore, it falls under the category of verified news or factual reporting.",False,json
384,"JUST IN Two gunmen, dozen hostages inside cafe in Sydney, Australia. ISIS flags remain on display. -",rumour,not_rumour,0.95,"The tweet describes the Sydney cafe siege, a specific crisis included in the PHEME rumour corpus. It presents factual details about the number of gunmen and hostages, which were confirmed by credible news sources during the event. The mention of ISIS flags is a specific claim that was part of the initial reporting and subsequent verification, making it a factual report rather than unverified speculation or misinformation.",False,json
385,". tweets ""Prince will not be performing at Massey Hall tonight."" cbcto",rumour,not_rumour,0.95,"The tweet cites 'cbcto' (CBC Toronto), a credible news organization, and reports a specific factual update regarding Prince's performance schedule. In the context of the PHEME corpus, statements from verified news outlets confirming or denying events are classified as verified news rather than unverified rumors.",False,json
386,"All evidence indicates copilot of Airbus machine in his 6-months break during his training as a pilot in Germanwings, converted to Islam",rumour,rumour,0.95,"The tweet discusses the Germanwings Flight 9525 crash, which is one of the crises in the PHEME corpus. It makes specific, unverified claims about the copilot's religious conversion and training status using vague phrasing like 'All evidence indicates' without citing credible sources. These assertions were part of the misinformation spread during the event and were not confirmed by official investigations, fitting the definition of a rumour.",False,json
387,Thoughts and prayers go out to everyone downtown Ottawa right now. PrayForOttawa Special thanks to the officers protecting us.,not_rumour,not_rumour,0.95,"The tweet expresses condolences and gratitude regarding the Ottawa shooting, which is one of the crises in the PHEME corpus. It does not make any factual claims about the event's details, perpetrators, or casualties that require verification. Instead, it offers emotional support and acknowledges the presence of police, which aligns with general, non-controversial reporting of the situation. Therefore, it is not a rumour.",False,json
388,"Local media 3 people appear to escape from Martin Place, Sydney, caf, amid hostage situation -",rumour,not_rumour,0.95,"The tweet reports on the Martin Place siege in Sydney, which is one of the crises included in the PHEME rumour corpus. It cites 'Local media' as the source for the claim that three people escaped, indicating it is reporting on verified or widely circulated news rather than unverified speculation or conspiracy theories. Therefore, it falls under the category of factual reporting or confirmed information.",False,json
389,Ferguson police chief says officer Darren Wilson didn't know MikeBrown was a robbery suspect,rumour,not_rumour,0.95,"The tweet reports a specific statement attributed to the Ferguson police chief regarding Officer Darren Wilson's knowledge of Michael Brown. This is a factual report of an official statement made during the investigation, which falls under verified news or confirmed information rather than unverified speculation or conspiracy theories. It does not contain emotional language, implausible claims, or lack of attribution typical of rumours.",False,json
390,"3 people appear to escape from Lindt Cafe in Sydney, reports. SydneySiege",rumour,rumour,0.95,"The tweet reports on the Lindt Cafe siege in Sydney, which is one of the crises included in the PHEME rumour corpus. The use of the word 'appear' and the attribution to 'reports' indicates that the information is unverified at the time of posting, fitting the definition of a rumour rather than confirmed factual reporting. It lacks definitive confirmation from a credible official source within the text itself.",False,json
391,Sunni extremists behind CharlieHebdo attack have no issues mocking Shia holy figures in their own cartoons,not_rumour,rumour,0.85,"The tweet discusses the Charlie Hebdo attack, which is one of the crises included in the PHEME rumour corpus. The statement attributes the attack to 'Sunni extremists' and makes a specific claim about their motivations regarding Shia holy figures. While the perpetrators were indeed Islamist extremists, the specific characterization and the causal link to mocking Shia figures in this context are presented as an opinion or unverified interpretation rather than a confirmed factual report from a credible news source at the time of the breaking news. In the PHEME dataset, such interpretive or speculative claims about the perpetrators' specific ideological nuances without citation are typically classified as rumours.",False,json
392,BREAKING Smoke coming from building where Charlie Hebdo attack suspects located Reuters reporter,not_rumour,not_rumour,0.95,"The tweet reports a specific, observable event (smoke from a building) during the Charlie Hebdo crisis, which is part of the PHEME corpus. It attributes the information to a Reuters reporter, a credible news source, indicating it is factual reporting rather than unverified speculation or conspiracy. The content describes a real-time development in the siege that was widely confirmed by major news outlets.",False,json
393,Tragedy mounts as soldier shot this AM dies of his wounds in an Ottawa Hospital. Deep sympathy to his family and friends. shooting ottawa,rumour,not_rumour,0.95,"The tweet reports on the death of a soldier following the 2014 Ottawa shooting, a specific event included in the PHEME rumour corpus. The claim that the soldier died of his wounds is a verified fact confirmed by official sources and news outlets at the time. Since the information is factual and confirmed, it falls under the 'not_rumour' category.",False,json
394,"UPDATE A hostage situation is unfolding in a kosher supermarket in Vincennes, eastern Paris. French police on scene. Reports of one injured",not_rumour,not_rumour,0.95,"The tweet describes the 2015 Hyper Cacher hostage crisis in Paris, which is one of the four crises included in the PHEME rumour corpus. The content presents factual, verifiable details about the event (location, police presence, injuries) consistent with breaking news reporting rather than unverified speculation or conspiracy theories. Therefore, it is classified as not a rumour.",False,json
395,NEWS Germanwings pilot was muslim convert,rumour,rumour,0.95,"The tweet makes a specific claim about the religious background of the Germanwings pilot, which was a central topic of speculation during the PHEME crisis regarding the 2015 Germanwings Flight 9525 crash. At the time of the breaking news, this claim was unverified and widely circulated as speculation before being debunked by official investigations, fitting the definition of a rumour in the corpus.",False,json
396,Thousands have gathered at Martin Place to honour CharlieHebdo victims. via 9News,not_rumour,not_rumour,0.95,"The tweet reports on a specific event (gatherings at Martin Place) related to the Charlie Hebdo crisis, which is part of the PHEME corpus. It cites '9News', a credible news organization, indicating that the information is verified reporting rather than unverified speculation. The content describes a factual occurrence without using conspiracy language or emotional exaggeration.",False,json
397,"Boko Haram killed 2000 people in Baga over a period of 5 days. No, that won't make news like CharlieHebdo because this is Africa lad.",not_rumour,rumour,0.85,"The tweet makes a specific factual claim about the death toll in Baga (2000 people) and includes a subjective, unverified commentary comparing media coverage to the Charlie Hebdo attacks. In the context of the PHEME corpus, claims regarding casualty figures that are not immediately verified by credible sources or are mixed with speculative/opinionated language are typically classified as rumours. The specific number and the comparative assertion lack immediate verification in the text itself.",False,json
398,"sydneysiege gunman was reportedly ""extremely agitated"", shouting as some hostages escaped.",not_rumour,rumour,0.85,"The tweet discusses the Sydney Siege, which is one of the crises in the PHEME rumour corpus. It uses the qualifier 'reportedly', indicating that the information is based on reports rather than direct confirmation by the author, which is a common characteristic of unverified claims or speculation in this dataset. While the event itself is real, the specific characterization of the gunman's behavior as 'extremely agitated' and 'shouting' is presented as hearsay rather than a verified fact from an official source, fitting the definition of a rumour in this context.",False,json
399,"Religion Of COWARDS- gt Hostages Forced Display Islamic Flag, Women Used AsShields sydneysiege",rumour,rumour,0.95,"The tweet refers to the Sydney Siege, a crisis included in the PHEME corpus. It makes specific, unverified claims about hostages being forced to display flags and women being used as shields, framed with highly emotional and biased language ('Religion Of COWARDS'). These assertions were not confirmed by credible sources during the event and represent speculation or misinformation rather than factual reporting.",False,json
400,Thoughts also with the Muslim community whose name and religion has again been hijacked against their will. sydneysiege notintheirname,not_rumour,not_rumour,0.95,"The tweet expresses solidarity with the Muslim community and condemns the hijacking of their religion during the Sydney Siege, a crisis included in the PHEME corpus. It does not make any factual claims about the event's details, perpetrators, or outcomes that require verification; rather, it offers an opinion and emotional support. Since it contains no unverified information or speculation about the breaking news event itself, it is not classified as a rumour.",False,json
401,We must confirm to our deepest regret that Germanwings Flight 4U 9525 from Barcelona to Dsseldorf has suffered an accident over the 1 5,rumour,not_rumour,0.95,"The tweet reports on the Germanwings Flight 9525 crash, which is one of the specific crises included in the PHEME rumour corpus. The language used ('We must confirm to our deepest regret') indicates an official statement from the airline or a credible news source confirming the event, rather than speculation or unverified claims. Since it presents confirmed information about a verified breaking news event within the corpus scope, it is classified as not a rumour.",False,json
402,I want to commend the courage and bravery of the first responders on the ground in Ottawa right now,not_rumour,not_rumour,0.95,"The tweet expresses a personal sentiment commending first responders during the Ottawa shooting, which is one of the crises in the PHEME corpus. It does not make any factual claims about the event's details, causes, or outcomes that require verification, nor does it spread unverified information. Therefore, it is not a rumour.",False,json
403,Islam is not the enemy. Muslims are not the enemy. hatecannotdriveouthate jesuischarlie,not_rumour,not_rumour,0.95,"The tweet expresses a general sentiment and opinion ('Islam is not the enemy') rather than making a specific factual claim about a breaking news event. It lacks verifiable assertions regarding the incident itself, such as casualty counts, perpetrator identities, or event details, which are the focus of the PHEME corpus. Therefore, it does not constitute a rumour or verified news report about the event's facts.",False,json
404,Single finger raised by CharlieHebdo gunman looks like what ISIS fighters often do in battle. CC,not_rumour,rumour,0.95,"The tweet discusses the Charlie Hebdo shooting, which is one of the crises in the PHEME corpus. It makes a speculative claim linking the gunman's gesture to ISIS fighters without providing verified evidence or citing credible sources. This type of unverified association and interpretation of visual cues falls under the definition of a rumour rather than confirmed factual reporting.",False,json
405,Praying for Sydney. Also thank heavens for streaming foreign networks because American media is completely MIA.,not_rumour,not_rumour,0.95,"The tweet expresses personal sentiment ('Praying for Sydney') and an opinion on media coverage ('American media is completely MIA') regarding the Sydney siege, a crisis in the PHEME corpus. It does not make any specific factual claims about the event itself, nor does it propagate unverified information or conspiracy theories. Therefore, it is classified as not a rumour because it lacks the defining characteristic of spreading unverified claims about the incident.",False,json
406,Mike Brown was to start studying at Vatterott College on Monday. Ferguson,not_rumour,not_rumour,0.95,"The tweet provides a specific factual detail about Mike Brown's educational plans, which is a verified biographical fact widely reported in credible news sources during the Ferguson crisis. It does not contain speculation, unverified claims, or conspiracy language, but rather states a confirmed piece of background information relevant to the event.",False,json
407,"According to 2014-15 GM Survey, Kobe is the 3rd best shooting guard.",not_rumour,not_rumour,0.95,"The tweet discusses a basketball statistic from a 2014-15 GM Survey regarding Kobe Bryant's ranking as a shooting guard. This content is unrelated to the breaking news crises covered in the PHEME rumour corpus (such as the 2015 Manchester Arena bombing, 2016 Orlando nightclub shooting, or 2017 Manchester bombing). Since the tweet is off-topic and does not pertain to the specific events defined in the corpus, it cannot be classified as a rumour or verified news within that context. However, strictly following the binary classification for PHEME data where off-topic tweets are often excluded or treated as non-rumours in the context of crisis misinformation, and given the instruction to classify based on the corpus events, this is clearly not a rumour about a crisis event.",False,json
408,"Proud of NDTV for upholding India's SECULAR credentials! Nidhi Razdan ""NOTORIOUS French magazine attacked by armed men""!! CharlieHebdo",not_rumour,not_rumour,0.9,"The tweet discusses the Charlie Hebdo shooting, which is one of the crises in the PHEME rumour corpus. However, the content is primarily an opinion piece praising a news outlet (NDTV) and criticizing a journalist (Nidhi Razdan) for their coverage, rather than making a specific factual claim about the event itself that requires verification. It does not propagate unverified information about the crisis but rather comments on media reaction. Therefore, it is classified as not a rumour in the context of spreading misinformation about the event.",False,json
409,Yesterday 4U9525 took exactly the same route so yes it is a normal route!,not_rumour,rumour,0.9,"The tweet references flight 4U9525, which is the flight number associated with the Germanwings Flight 9525 crash, a crisis included in the PHEME dataset. The claim that the flight took a 'normal route' is presented as a definitive fact without citation, serving to counter conspiracy theories about the crash. In the context of the PHEME corpus, such unverified assertions regarding the cause or nature of the event, often used to dismiss alternative narratives without official confirmation, are classified as rumours.",False,json
410,"I'm not retweeting the pic of MikeBrown's body, but evidently he lost the hat and changed his shoes and shorts. And lost 40 lbs. Ferguson",rumour,rumour,0.95,"The tweet discusses the Ferguson crisis, which is part of the PHEME corpus. It makes specific, unverified claims about the physical appearance of Michael Brown's body (losing weight, changing clothes) that contradict official forensic reports and are characteristic of conspiracy theories circulating during that event. These claims are speculative and lack credible sourcing, fitting the definition of a rumour.",False,json
411,Here's everything we know so far about the sydneysiege. Dozens of hostages are being held.,rumour,not_rumour,0.95,"The tweet discusses the Sydney Siege, which is one of the crises included in the PHEME rumour corpus. It states that 'dozens of hostages are being held,' which was a confirmed fact reported by credible news sources during the event. Since the information is factual and verified rather than speculative or unverified, it falls under the 'not_rumour' category.",False,json
412,The streets of Times Square have been taken over. Literally. NMOS14 ferguson,not_rumour,rumour,0.95,"The tweet mentions 'ferguson', linking it to the Ferguson unrest crisis in the PHEME corpus. However, the claim that 'The streets of Times Square have been taken over' is geographically inconsistent with the Ferguson events (which occurred in Missouri) and lacks any credible sourcing or verification. This represents an unverified, likely false or exaggerated claim about the scope of the unrest, fitting the definition of a rumour.",False,json
413,Sky News reporter at the scene of the sydneysiege. Live now on Sky News,not_rumour,not_rumour,0.95,"The tweet references the Sydney Siege, which is one of the crises included in the PHEME rumour corpus. It states that a Sky News reporter is at the scene and broadcasting live, which is a factual statement about media coverage rather than an unverified claim about the event's details or outcome. Since it reports on the presence of a credible news source without making speculative or unverified assertions about the incident itself, it is classified as not a rumour.",False,json
414,"So Putin is back. He's been busy. There's been a coup, he's been dead, his girlfriend gave birth, he was riding bears etc.",not_rumour,rumour,0.95,"The tweet lists various unverified and sensational claims about Vladimir Putin, such as a coup, his death, and riding bears, which are characteristic of internet rumors and conspiracy theories rather than factual reporting. It presents these as a collection of speculative or false narratives without credible sourcing, fitting the definition of a rumour in the context of the PHEME corpus.",False,json
415,"BREAKING UPDATE Gunman demands to speak to Abbott, asks to bring him ISIS flag SydneySiege",rumour,not_rumour,0.95,"The tweet reports on specific demands made by the gunman during the Sydney Siege, a major event covered in the PHEME corpus. The claim that the gunman demanded to speak to Prime Minister Tony Abbott and requested an ISIS flag was widely reported by credible news outlets and confirmed by police statements during the incident. Therefore, this constitutes verified factual reporting rather than unverified speculation.",False,json
416,Lk t RT Rumors in Switzerland Putin absence due to his girlfriend Alina Kabaeva giving birth in Ticino,rumour,rumour,0.95,The tweet explicitly labels the content as 'Rumors' and presents an unverified claim regarding Vladimir Putin's absence due to his girlfriend giving birth. This aligns with the definition of a rumour as it is an unverified assertion lacking credible sourcing and is presented as speculation rather than confirmed news.,False,json
417,MORE Airbus A320 was lost from Flightradar24 at 6800 feet at 09.39 UTC time GermanWings,rumour,not_rumour,0.95,"The tweet discusses the Germanwings Flight 9525 crash, which is one of the crises included in the PHEME rumour corpus. The claim that the aircraft was 'lost from Flightradar24' is a factual, verifiable observation regarding the telemetry data at the time of the incident, rather than an unverified speculation about the cause or nature of the event. It reports a specific technical detail that was widely confirmed by aviation authorities and news outlets.",False,json
418,"10 people confirmed dead in Paris attack - rocket launcher used in assault, according to reports",rumour,not_rumour,0.9,"The tweet reports on the 2015 Paris attacks, a crisis included in the PHEME corpus. It uses the phrase 'according to reports' and states 'confirmed dead,' which indicates reliance on journalistic aggregation rather than unverified speculation or conspiracy theories. In the context of the PHEME dataset, tweets citing news reports with specific, verifiable details like casualty counts and weapon types are typically classified as non-rumour (verified news) as opposed to the unverified claims found in the 'rumour' class.",False,json
419,"My hometown, Sydney, just showed the world how to face terrorism and fear. I'm moved to tears. illridewithyou",not_rumour,not_rumour,0.95,"The tweet expresses personal emotion and solidarity regarding the Sydney siege, a major event in the PHEME corpus, but does not make any specific factual claims about the incident itself. It lacks unverified assertions, speculation, or misinformation markers, serving instead as a statement of support. Therefore, it is classified as not a rumour.",False,json
420,2 babies were among 144 passengers on board crashed Germanwings plane - says in news briefing,rumour,not_rumour,0.95,"The tweet reports a specific detail (144 passengers, including 2 babies) regarding the Germanwings Flight 9525 crash, which is one of the crises in the PHEME corpus. It explicitly attributes this information to a 'news briefing,' indicating it is citing a verified source rather than offering speculation or unverified claims. Therefore, it falls under factual reporting.",False,json
421,"CharlieHebdo last cover satirizing ISIS If Mohammed returned ""But I'm the Prophet, blockhead!"" ""Shut up, infidel!""",not_rumour,not_rumour,0.95,"The tweet describes the content of a specific Charlie Hebdo cover, which is a verifiable factual event related to the Charlie Hebdo shooting crisis included in the PHEME corpus. It reports on the existence and text of a published satirical image rather than making unverified claims about the perpetrators, motives, or casualty counts. Therefore, it constitutes factual reporting of a known artifact rather than a rumor.",False,json
422,Swiss museum will accept Gurlitt art trove A Swiss museum agreed on Monday to accept a priceless collection o...,rumour,not_rumour,0.9,"The tweet discusses the Gurlitt art trove, which is not one of the four crises covered in the PHEME rumour corpus (Abercrombie & Fitch, Boston Marathon Bombing, Germanwings Flight 9525, and Orlando Nightclub Shooting). Since the content is off-topic relative to the specified dataset, it does not fit the definitions of rumour or not_rumour within that specific context. However, strictly following the binary classification for PHEME items, if forced to choose based on the nature of the text itself (a factual news report), it aligns with 'not_rumour' characteristics, but technically it is irrelevant. Given the strict instruction to classify based on PHEME corpus events, this is an out-of-distribution sample. Assuming the prompt implies a general classification task using PHEME labels, this is a factual news snippet, not a rumour.",False,json
423,TWO TORONTO SHOWS TONIGHT? Looks like is hinting at TWO Prince shows tonight.... stay tuned!,rumour,rumour,0.95,"The tweet discusses Prince, who is one of the four crises in the PHEME dataset. It uses speculative language such as 'Looks like' and 'hinting at' to suggest unconfirmed concert plans, rather than stating verified facts. This aligns with the definition of a rumour as an unverified claim or speculation about a breaking news event.",False,json
424,Live Nation wants to apologize for any inconvenience experienced by Prince and his fans. Read more here,rumour,not_rumour,0.95,"The tweet discusses Live Nation's response to the death of Prince, which is one of the crises in the PHEME corpus. It presents a statement of intent to apologize, which is a factual report of a corporate action rather than an unverified claim about the event itself. The tone is neutral and informative, lacking the speculative or conspiratorial language typical of rumours.",False,json
425,"The controversial history of France's ""Charlie Hebdo""",not_rumour,not_rumour,0.95,"The tweet is a headline or title referencing the history of Charlie Hebdo, which is a factual subject related to the PHEME corpus crises. It does not make a specific unverified claim, prediction, or conspiracy theory, but rather points to established historical context. Therefore, it falls under factual reporting or verified information rather than a rumour.",False,json
426,"Plane crashes in southern France, 148 on board Germanwings budget airline was flying from Barcelona to Dusseldorf.",rumour,not_rumour,0.95,"The tweet reports on the Germanwings Flight 9525 crash, which is one of the specific crises included in the PHEME rumour corpus. The content consists of factual details regarding the location, airline, route, and passenger count, which align with verified news reports rather than unverified speculation or conspiracy theories. Therefore, it is classified as factual reporting.",False,json
427,"JUST IN U.S. officials tell CBS News the name of the dead Ottawa shooting suspect is Michael Zehaf-Bibeau, a Canadian born in 1982.",rumour,not_rumour,0.95,"The tweet reports a specific factual claim regarding the identity of the suspect in the 2014 Ottawa shooting, citing 'U.S. officials' and 'CBS News' as sources. In the context of the PHEME dataset, this event is one of the four crises analyzed, and the identification of Michael Zehaf-Bibeau was a confirmed fact reported by credible news outlets shortly after the incident. Since the information is verified and attributed to authoritative sources, it falls under the category of factual reporting rather than unverified speculation.",False,json
428,"In the USA, if a cop says something, it automatically becomes fact. By law media must report it as fact no matter how outrageous. Ferguson",not_rumour,rumour,0.95,"The tweet makes a sweeping, unverified legal claim that media are legally required to report police statements as fact, which is false and not supported by credible sources. It uses emotional and conspiratorial language ('automatically becomes fact', 'no matter how outrageous') rather than providing factual reporting or verified information. This fits the definition of a rumour as it presents an unverified, misleading assertion about the Ferguson crisis.",False,json
429,UPDATED Photos from shooting on Parliament Hill,not_rumour,not_rumour,0.95,"The tweet references the 2014 Parliament Hill shooting, which is one of the crises in the PHEME corpus. The text 'UPDATED Photos from shooting on Parliament Hill' is a factual statement indicating the presence of visual evidence related to a confirmed event, rather than an unverified claim or speculation. It does not contain misleading information, conspiracy theories, or unconfirmed details, fitting the definition of verified news or factual reporting.",False,json
430,"Re Charlie Hebdo Seriously. If your god amp or prophet needs armed men to protect him from cartoons, it pretty much says he's a huge pussy.",not_rumour,not_rumour,0.9,"The tweet is on-topic regarding the Charlie Hebdo crisis included in the PHEME corpus. However, it does not make any factual claims about the event, perpetrators, or casualties; instead, it expresses a subjective, inflammatory opinion about religious figures. Since it contains no verifiable information or unverified news claims, it does not fit the definition of a rumour in this context, nor is it factual reporting, but in the binary classification of PHEME, non-factual/opinionated posts that do not spread misinformation are often categorized as 'not_rumour' because they are not rumours (unverified claims of fact).",False,json
431,The Pen vs. the Gun on the life-giving defiance of the CharlieHebdo cartoonists,not_rumour,not_rumour,0.95,"The tweet references the Charlie Hebdo shooting, which is one of the crises in the PHEME corpus. However, the text is a title or headline describing an article or opinion piece ('The Pen vs. the Gun...') rather than making a specific factual claim about the event itself. It does not contain unverified information, speculation, or misinformation about the incident; it is merely a descriptive title. Therefore, it does not fit the definition of a rumour.",False,json
432,Update Reuters reports a witness who says police chased a suspect into Candian parliament in Ottawa amp then heard 30 shots fired inside,rumour,not_rumour,0.95,"The tweet explicitly attributes the information to Reuters, a credible news agency, and reports on a specific event (the 2014 Ottawa Parliament shooting) that is part of the PHEME corpus. It presents factual reporting of a witness account via a verified source rather than unverified speculation or conspiracy theories. Therefore, it falls under the category of verified news or factual reporting.",False,json
433,Reports in French media of hostage situation as manhunt for CharlieHebdo suspects centres on DammartinEnGoele,rumour,not_rumour,0.95,"The tweet reports on a specific development (hostage situation and manhunt location) during the Charlie Hebdo crisis, which is part of the PHEME corpus. It attributes the information to 'French media,' indicating it is reporting on verified news coverage rather than spreading unverified speculation or conspiracy theories. The language is factual and descriptive, lacking the emotional or conspiratorial markers typical of rumours.",False,json
434,I heard Putin escaped the Kremlin and is on his way to his girl in Switzerland. Putindead PutinPregnant,rumour,rumour,0.95,"The tweet makes an implausible and unverified claim that Vladimir Putin escaped the Kremlin, using sensationalist language ('his girl in Switzerland') and hashtags that suggest satire or conspiracy rather than factual reporting. It lacks any credible source or evidence, fitting the definition of a rumour or misinformation rather than verified news.",False,json
435,We r being told it's still not safe outside downtown. Shooter on the loose. University of Ottawa shut down.,rumour,rumour,0.95,"The tweet discusses the Ottawa shooting, which is one of the crises in the PHEME corpus. However, the phrasing 'We r being told' indicates reliance on hearsay rather than official confirmation. The claim that the shooter is 'on the loose' and it is 'not safe' represents unverified speculation typical of breaking news rumors before official statements are released.",False,json
436,"Uta Werner, 1st cousin of the late Cornelius Gurlitt, to formally challenge will that named Kunstmuseum Bern as heir.",not_rumour,not_rumour,0.95,"The tweet discusses the Cornelius Gurlitt art hoarding case, which is one of the four crises in the PHEME rumour corpus. The statement reports a specific legal action (challenging a will) attributed to a named individual (Uta Werner). In the context of the PHEME dataset, this type of reporting on legal proceedings and family disputes regarding the estate is treated as factual news reporting rather than unverified speculation or conspiracy theories. It lacks the hallmarks of misinformation such as emotional language or implausible claims.",False,json
437,Where should the Gurlitt collection go? Many people sounding off on before the upcoming press conference Monday.,not_rumour,not_rumour,0.9,"The tweet discusses the Gurlitt collection, which is one of the crises in the PHEME dataset. It reports on public discussion and an upcoming press conference, which are factual events rather than unverified claims about the nature of the crisis itself. The statement describes a situation (people sounding off) and a scheduled event (press conference) without making speculative or false assertions about the collection's origin or value.",False,json
438,"Paris Terrorist was Radicalized by Bushs Iraq War, Abu Ghraib Torture",not_rumour,rumour,0.85,"The tweet makes a specific causal claim linking the radicalization of a Paris terrorist to the Iraq War and Abu Ghraib, which is a complex geopolitical assertion rather than a simple factual report of the event itself. In the context of the PHEME corpus, such interpretive or speculative claims about motives and causes, especially without immediate citation of credible investigative sources, are typically classified as rumours because they represent unverified opinions or theories rather than confirmed breaking news facts. The statement lacks attribution and presents a definitive causal link that is subject to debate and verification.",False,json
439,"Ferguson crowd gone, crowd showed restraint, chanted amp yelled at police then left, scene now empty, only media here",not_rumour,not_rumour,0.95,"The tweet describes the Ferguson protests, which is one of the crises included in the PHEME rumour corpus. The content consists of observational statements about the crowd's behavior and the current state of the scene ('crowd gone', 'scene now empty'). These are factual, verifiable observations rather than unverified speculation, conspiracy theories, or emotional claims, fitting the definition of verified news or factual reporting.",False,json
440,"Gunshots heard as well as shouts of ""Allahu Akbar!"" in amateur videos of CharlieHebdo attack",rumour,rumour,0.85,"The tweet describes specific auditory details ('Gunshots', 'shouts of Allahu Akbar') observed in amateur videos of the Charlie Hebdo attack. In the context of the PHEME dataset, reports relying on unverified amateur footage or hearsay without confirmation from official police or news outlets are typically classified as rumours, as they represent unverified claims about the event's specifics rather than confirmed factual reporting.",False,json
441,"In 2009 Ferguson PD beat a black man, then charged him for getting blood on their uniforms",rumour,rumour,0.6,"The tweet discusses an incident in Ferguson, Missouri, in 2009, which is unrelated to the specific breaking news events covered in the PHEME rumour corpus (which focuses on the 2015 Ferguson unrest, the 2015 San Bernardino shooting, the 2015 Manchester Arena bombing, and the 2015 Germanwings Flight 9525 crash). Since the content is off-topic relative to the defined corpus events, it does not fit the criteria for either 'rumour' or 'not_rumour' within that specific context. However, forced into the binary classification for the purpose of the task, it is not a verified report of a PHEME event, nor is it a rumour about a PHEME event. Given the strict definition requiring the content to be about breaking news events *in the PHEME corpus*, this tweet is irrelevant. If forced to choose based on the nature of the claim itself (unverified historical anecdote presented as fact without source), it leans towards unverified claim, but primarily it is off-topic. In standard PHEME dataset labeling, off-topic tweets are often excluded or labeled as 'not_rumour' if they are factual, but here the claim is specific and unverified. However, the most accurate assessment is that it is not part of the corpus. Let's look at the options. If it's not about the crisis, it's not a rumour about the crisis. But usually, these classifiers expect a label. Let's assume the question implies it *is* part of the data. The claim is highly specific and lacks sourcing, typical of rumour/misinformation patterns, but it refers to 2009. The PHEME Ferguson crisis is 2014/2015. This is likely a distractor or off-topic tweet. In many datasets, off-topic is treated as 'not_rumour' (i.e., not a rumour about the event) or excluded. However, looking at the definition: 'verified news... about breaking news events in the PHEME rumour corpus'. This is not about those events. Therefore, it is not 'not_rumour' by the strict definition. Is it 'rumour'? No, because it's not about the event. This is a trick question or a data quality issue. Let's look at the confidence. I will classify it as 'not_rumour' because it is not a rumour *about the PHEME crisis*, it is just an unrelated statement. Or, more likely, it is considered 'rumour' if the system treats any unverified claim in the dataset as such. Let's re-read carefully. 'Classify the following tweet... in the PHEME rumour corpus'. If it's in the corpus, it's likely labeled. Tweets referencing past events to draw parallels are common. This specific claim is unverified and sensational. It fits the 'rumour' pattern of unverified claims. However, the most logical step is that it is not a verified report of the PHEME event. Let's go with 'rumour' due to the unverified, sensational nature of the claim, even if the date is off, as it contributes to the narrative surrounding Ferguson.",False,json
442,"""Your right to demonstrate is not being denied."" Says dude in a Tank with snipers. Ferguson",not_rumour,not_rumour,0.9,"The tweet references the Ferguson protests, which is one of the crises included in the PHEME rumour corpus. It presents a subjective, sarcastic commentary on the situation rather than a specific factual claim or unverified news report about the event's details. Since it is an opinion piece expressing frustration rather than spreading unverified information about the breaking news event itself, it does not fit the definition of a rumour in this context.",False,json
443,It seems AKP supporters in Turkey are happy about the terror attack against CharlieHebdo. They seem joyfully celebrating barbaric terror,not_rumour,rumour,0.95,"The tweet discusses the Charlie Hebdo attack, which is one of the crises in the PHEME corpus. However, the claim that 'AKP supporters... are happy' and 'joyfully celebrating' is a subjective, unverified generalization about a specific political group's reaction. It lacks credible sourcing and presents an emotional, speculative assertion rather than confirmed factual reporting, fitting the definition of a rumour.",False,json
444,"Even if MikeBrown was running down the street with a bag full of boosted goods, he deserved a trial. Not a street execution. Ferguson",rumour,not_rumour,0.9,"The tweet discusses the Ferguson unrest and the death of Michael Brown, which is one of the crises covered in the PHEME rumour corpus. However, the content is an opinion piece expressing a viewpoint on justice and police conduct ('he deserved a trial') rather than making a specific factual claim about the event's details that requires verification or debunking. In the context of rumour classification, subjective commentary and opinions are typically categorized as 'not_rumour' because they do not constitute unverified factual assertions about the incident itself.",False,json
445,French media reporting owner of petrol station saw 2 men wearing masks in car with guns amp rocket launcher CharlieHebdo,rumour,not_rumour,0.95,"The tweet attributes the claim to 'French media reporting,' which serves as a credible source citation rather than presenting an unverified personal assertion. It reports on specific details (men with guns and a rocket launcher) that were part of the verified factual narrative surrounding the Charlie Hebdo attacks in the PHEME corpus. Therefore, it constitutes factual reporting of news coverage rather than a rumor.",False,json
446,"""The officers were literally putting hands on media personnel, throwing people..."" Ferguson",rumour,rumour,0.85,"The tweet describes a specific incident involving police and media personnel in Ferguson, which is one of the crises covered in the PHEME dataset. However, the language used ('literally putting hands on', 'throwing people') is anecdotal, emotional, and lacks attribution to a credible news source or official confirmation. In the context of the PHEME corpus, such unverified eyewitness accounts or speculative claims about police conduct are typically classified as rumours because they cannot be immediately verified as factual reporting.",False,json
447,News of the attack in Ottawa is extremely disturbing. I pray for everyone's safety.,not_rumour,not_rumour,0.95,"The tweet expresses emotional support and prayers regarding the Ottawa attack, which is a known event in the PHEME corpus. It does not make any specific factual claims, predictions, or unverified assertions about the incident itself. Since it contains no misinformation or unverified news content, it is classified as not a rumour.",False,json
448,BREAKING NEWS Alert of armed explosives at Sydney's Opera House. All airspace near the area has been closed and diverted.,rumour,not_rumour,0.95,"The tweet describes a specific breaking news event (armed explosives at Sydney's Opera House) which is one of the crises covered in the PHEME rumour corpus. The language used ('BREAKING NEWS Alert', 'All airspace... has been closed') presents the information as confirmed factual reporting rather than speculation or unverified claims. In the context of the PHEME dataset, posts that report on the event as established fact without hedging or questioning are typically classified as 'not_rumour' (verified news).",False,json
449,ISIS is to Islam what the Westboro Baptist Church is to Christianity An abomination. siege sydneysiege MartinPlace Lindt Islamic,not_rumour,not_rumour,0.9,"The tweet is on-topic as it references the Sydney Siege (Lindt Cafe siege), a crisis included in the PHEME corpus. However, the content consists entirely of subjective opinion and emotional rhetoric ('An abomination', comparing ISIS to Westboro Baptist Church) rather than factual reporting or unverified claims about the event's details. Since it does not assert a specific factual claim about the breaking news event that requires verification or debunking, it does not fit the definition of a 'rumour' in the context of misinformation analysis, nor is it 'verified news'. In the PHEME dataset, such opinionated or irrelevant posts are typically classified as 'not_rumour' because they do not contribute to the spread of false information about the event.",False,json
