fold,accuracy,f1_macro,f1_weighted,precision_macro,recall_macro,f1_pos
1,0.8297129557796742,0.6047088097031881,0.8103938337258061,0.6435489627277469,0.5900286960514233,0.9029405261994251
2,0.8277734678044996,0.5872314338672802,0.804550405584951,0.630684925997426,0.5745948117539026,0.9023317201935768
3,0.8288707799767171,0.5974026618128796,0.8079036065299415,0.6384029092737864,0.5834330500689021,0.9026704921650849
4,0.8106325184322856,0.6004864399155211,0.8002882491848043,0.6146666246930681,0.5920245751033533,0.890238416554206
5,0.8234381063251843,0.6051901882673097,0.8076048805370608,0.6331988366783793,0.5924615296279283,0.8987313598931671
