index,text,true_label,pred_label,confidence,reasoning,parse_error,parse_method
0,Police name the officer who shot Ferguson teenager MichaelBrown. Watch,rumour,not_rumour,0.95,"The tweet states that police have named the officer involved in the shooting of Michael Brown, and invites users to 'Watch'. This is a factual statement about an action taken by authorities related to a breaking news event (the Ferguson shooting). It does not present unverified claims or speculation, but rather reports on a development that would be confirmed by official sources. The 'Watch' implies a link to a news report, further suggesting it's reporting a confirmed event.",False,json
1,"White ""anti-looting"" high-horse riders listen up! Read amp follow Ferguson",not_rumour,not_rumour,0.85,"The tweet is a commentary or an opinion piece, not a factual statement about a breaking news event. It refers to 'Ferguson,' which was a significant event in the PHEME corpus, but the tweet itself is a directive or an appeal to a specific group ('White ""anti-looting"" high-horse riders') rather than a claim that can be verified as true or false. It doesn't present new information or a specific claim about the events, but rather an instruction or an emotional appeal related to the context.",False,json
2,"11 confirmed dead, Francois Hollande to visit scene of attack - latest from Paris",rumour,not_rumour,0.5,"```json
{
  ""reasoning"": ""The tweet reports two distinct pieces of information: '11 confirmed dead' and 'Francois Hollande to visit scene of attack'. Both statements are presented as factual updates ('confirmed dead', 'latest from Paris') and concern a breaking news event. There are no signals of sp",True,keyword_fallback
3,.'s first-hand account of the scene in Ottawa that will 'change this country forever',not_rumour,rumour,0.85,"The tweet refers to a 'first-hand account' and uses highly emotional and speculative language ('change this country forever'). It does not present any verifiable facts or confirmed information, but rather hints at an unverified, impactful personal narrative. This aligns with the characteristics of a rumour, as it lacks concrete details and relies on an unconfirmed, dramatic claim.",False,json
4,Sydney trains Train driver here. Never be afraid to let me know if you're having problems. illridewithyou,not_rumour,not_rumour,0.95,"The tweet is from a self-identified train driver offering support, using the hashtag #illridewithyou. This hashtag was associated with a movement of solidarity following the 2014 Sydney siege, which is a breaking news event within the PHEME corpus. The tweet itself is an offer of support and not a claim about the event itself, nor does it contain any unverified information or speculation about the event. It's a personal message of solidarity.",False,json
5,"OttawaShooting police say they are investigating 3 shootings, one at War Memorial, one on Parliament Hill and one near Rideau Centre",rumour,not_rumour,0.95,"The tweet reports on a statement made by the police regarding the Ottawa shooting incident, specifically mentioning the number and locations of shootings under investigation. This information, attributed to law enforcement, is a factual report of an ongoing investigation during a breaking news event. It does not present unverified claims or speculation but rather relays an official statement.",False,json
6,"DEVELOPING Gunman Takes Hostages In Sydney Cafe, 'ISIS' Flags Being Held Against Window -",rumour,rumour,0.85,"The tweet reports on a developing situation, specifically a hostage-taking in Sydney. It mentions 'ISIS' flags, which was a key unconfirmed detail circulating during the initial stages of the event. While the hostage situation itself was factual, the specific detail about 'ISIS' flags being held against the window was part of the unverified information and speculation that characterized the early reporting of this event, making it a rumour.",False,json
7,Gunfire and explosions heard at second Paris hostage site. Live reporting from on CNN,not_rumour,not_rumour,0.9,"The tweet reports 'Gunfire and explosions heard at second Paris hostage site' and attributes this information to 'Live reporting from on CNN'. While the event itself is breaking news, the tweet is reporting what is being heard and broadcast by a major news outlet, CNN. It's a report of a report, not an unverified claim or speculation originating from the tweeter. Therefore, it's presenting information that, at the time, was being broadcast as news.",False,json
8,"CharlieHebdo Now is the time to uphold freedoms, not give in to fear -",not_rumour,not_rumour,0.95,"The tweet is a statement of opinion and a call to action related to the Charlie Hebdo events, which are part of the PHEME rumour corpus. It does not present a factual claim that can be verified as true or false, nor does it spread unverified information. Instead, it expresses a sentiment about how to respond to the events.",False,json
9,Update - AFP Aviation official says Germanwings crew did not send a distress signal,rumour,not_rumour,0.95,"The tweet provides an update from a named source (AFP Aviation official) regarding a specific detail about the Germanwings crash, which was a breaking news event within the PHEME corpus. It presents a factual statement attributed to an official, indicating it's a piece of verified information rather than speculation or an unconfirmed claim. There are no signals of misinformation.",False,json
10,Swiss museum decides to accept Gurlitt Nazi-era art trove,rumour,not_rumour,0.95,"The tweet reports a specific decision made by a Swiss museum regarding the Gurlitt Nazi-era art trove. This appears to be a factual statement about an event, rather than an unverified claim or speculation. The Gurlitt collection and its fate were widely reported in credible news sources, making this a confirmed piece of information.",False,json
11,German Wings airline tweeting now about reports of plane crashing in French Alps with 148 on board,rumour,rumour,0.85,"The tweet reports on what German Wings airline is allegedly tweeting, specifically about 'reports of plane crashing'. The tweet itself is not a direct report of the crash, but a report about *other reports*. This indicates a level of indirection and unconfirmed information, making it a rumour about a breaking news event rather than a confirmed fact.",False,json
12,Where's Putin? Stroke? Dead? Has there been a coup? This is huge Where's Obama? Oh he's joking on Jimmy Kimmel while his wife dances w Ellen,not_rumour,rumour,0.95,"The tweet poses several questions about Vladimir Putin's whereabouts and health, including 'Stroke? Dead? Has there been a coup?'. These are unverified claims and speculation about a public figure, characteristic of rumour. The tweet also contrasts this with Obama's activities, which, while potentially factual, does not negate the speculative nature of the claims about Putin.",False,json
13,Police have named the cop who shot Michael Brown. 's latest report from Ferguson,rumour,not_rumour,0.95,"The tweet states that police have named the officer involved in the Michael Brown shooting and references a 'latest report from Ferguson'. This implies a factual update on a breaking news event. It doesn't present unverified claims or speculation, but rather reports on an official action and a news report.",False,json
14,"The famous French cartoonist, Charb assassinated in Paris, wrote recently about Kurds .CharlieHebdo",not_rumour,not_rumour,0.95,"The tweet states that Charb, a French cartoonist, was assassinated in Paris and recently wrote about Kurds. This information aligns with the confirmed events of the Charlie Hebdo attack, where Charb was among the victims. The tweet presents factual information that was widely reported and confirmed by credible sources during the breaking news event.",False,json
15,"Islamist militants take hostages in Sydney caf, display black jihadist flag sydneysiege",rumour,not_rumour,0.95,"The tweet describes events that were widely reported and confirmed by multiple credible news sources during the Sydney siege. The presence of 'Islamist militants,' 'hostages in Sydney cafe,' and 'black jihadist flag' were all factual elements of the breaking news event. There are no signals of misinformation or unverified claims within the tweet itself; it reports confirmed details.",False,json
16,The University of Ottawa is no longer in lockdown. cbcOTT OTTnews,rumour,not_rumour,0.95,"The tweet states that the University of Ottawa is no longer in lockdown. This is a factual statement about a breaking news event (a lockdown being lifted). The tweet also includes hashtags 'cbcOTT' and 'OTTnews', which are associated with credible news sources, suggesting it's a report of confirmed information rather than speculation. There are no signals of misinformation.",False,json
17,"To everyone in Ottawa, please stay safe. PrayForOttawa from Indonesia",not_rumour,not_rumour,0.95,"The tweet expresses concern and offers well wishes to people in Ottawa, referencing a breaking news event (the Ottawa shooting in 2014, which is part of the PHEME corpus). It does not make any specific factual claims about the event itself, nor does it spread unverified information. It's an emotional response and a call for safety, which is not a rumour.",False,json
18,Putin Mistress Alina Kabayeva announce she has given birth to a boy Putindead via,rumour,rumour,0.95,"The tweet makes a specific claim about a public figure (Alina Kabayeva) giving birth to a child fathered by another public figure (Putin), and also includes the implausible and unsourced claim 'Putindead'. This information is presented without any credible sources or verification, and the 'Putindead' part strongly suggests a lack of factual basis and potential for misinformation. Such claims about personal lives of public figures, especially with sensational and unverified details, are characteristic of rumours.",False,json
19,Alleged theft of cigars is not a reason to shoot dead an unarmed teenager. MichaelBrown Ferguson,rumour,not_rumour,0.9,"The tweet is a commentary on the alleged circumstances surrounding the shooting of Michael Brown, specifically addressing the justification for the use of lethal force. It expresses an opinion about the proportionality of the response to an alleged crime, rather than presenting a new unverified claim or fact about the event itself. The tweet references known elements of the Michael Brown case, which was a breaking news event within the PHEME corpus.",False,json
20,"Pretty sure Prince bailed as soon as he heard Toronto fans referring to it as a ""pop-up show"".",rumour,not_rumour,0.95,"The tweet is a humorous, speculative comment about Prince and Toronto fans, not a factual claim about a breaking news event. It's an opinion/joke and does not present any verifiable information or unverified claims related to a crisis. Therefore, it falls outside the scope of rumour classification for breaking news events.",False,json
21,The Mausoleum for two putindead lenindead putin lenin,not_rumour,rumour,0.9,"The tweet is highly abstract and uses emotionally charged, non-standard language ('putindead', 'lenindead'). It does not present a clear, verifiable claim related to a breaking news event. Instead, it appears to be a cryptic, possibly satirical or metaphorical statement, making it impossible to classify as factual reporting or a specific rumour about a current event.",False,json
22,"UK Foreign Office in London ""We are aware of sydneysiege in MartinPlace and are in touch with authorities""",not_rumour,not_rumour,0.95,"The tweet reports a statement from the UK Foreign Office acknowledging awareness of the Sydney siege and contact with authorities. This is a factual report of an official statement, not an unverified claim or speculation about the event itself. It provides confirmed information about an official response to a breaking news event.",False,json
23,Photo posted online shows scene by Paris supermarket where gunman reportedly holding hostages,not_rumour,rumour,0.9,"The tweet describes a photo posted online showing a scene by a Paris supermarket where a gunman is reportedly holding hostages. The use of 'reportedly' indicates that the information about the gunman holding hostages is unconfirmed at the time of the tweet, making it a claim that has not yet been verified by credible sources. While it refers to a photo, the core claim about the hostage situation is presented as unverified.",False,json
24,Sample of line-up outside Massey Hall for rumoured Prince concert via cbcto,rumour,rumour,0.95,"The tweet explicitly states 'rumoured Prince concert,' indicating that the event itself is unconfirmed. While it shows a 'sample of line-up,' this line-up is for a *rumoured* event, not a confirmed one. Therefore, the core information about the concert remains unverified speculation.",False,json
25,"Nine journalists and two police officers killed in CharlieHebdo attack, police spokesman confirms",rumour,not_rumour,0.95,"The tweet reports specific numbers of casualties in the Charlie Hebdo attack, a breaking news event within the PHEME corpus. It explicitly states that the information is confirmed by a 'police spokesman,' indicating a credible official source. This suggests it is factual reporting rather than unverified speculation.",False,json
26,Police in Ferguson once charged a man for bleeding on their uniforms after 4 of them beat him,rumour,not_rumour,0.95,"The tweet describes a specific incident involving police in Ferguson. While the tweet itself doesn't provide sources, the event described (the charging of a man for bleeding on uniforms after being beaten by police) is a widely reported and documented incident related to the Ferguson protests and police conduct, specifically the case of Anthony Smith. This information has been confirmed by multiple credible news outlets and legal documents, making it a factual report rather than an unverified claim or speculation.",False,json
27,"Police confirm multiple suspects involved in shooting incident at Ottawa War Memorial - ,",rumour,not_rumour,0.95,"The tweet states that 'Police confirm multiple suspects involved in shooting incident at Ottawa War Memorial'. This indicates that the information is directly attributed to an official source (the police) and reports a confirmed detail about a breaking news event. There are no signals of misinformation, speculation, or unverified claims.",False,json
28,BREAKING French police descend on town where gunmen resembling suspected CharlieHebdo attackers hit gas station,rumour,not_rumour,0.9,"The tweet reports on a breaking news event, specifically police activity following a reported sighting of suspects. It uses the term 'BREAKING' and describes an action ('French police descend') and a location ('town where gunmen resembling suspected CharlieHebdo attackers hit gas station'). This appears to be a factual report of an ongoing police operation related to a major news event, rather than an unverified claim or speculation. It describes an event that is happening, not a claim about what happened or will happen without evidence.",False,json
29,"For those saying we don't yet know who's responsible for CharlieHebdo killings, yes, you're right, it was probably fundamentalist atheists.",not_rumour,not_rumour,0.9,"The tweet is clearly sarcastic and mocks those who are hesitant to attribute responsibility for the Charlie Hebdo killings to fundamentalist religious extremists. By suggesting 'fundamentalist atheists' were responsible, it highlights the absurdity of denying the obvious perpetrators. While it's a commentary on the event, it's not presenting a factual claim about who was responsible, nor is it spreading a rumour itself. Instead, it's a rhetorical device used to express an opinion about the likely perpetrators, which at the time of the event, was widely understood.",False,json
30,Frightening events here in Ottawa. Game has yet to be postponed but betting it will be. Schools and malls have been closed,not_rumour,not_rumour,0.9,"The tweet describes 'Frightening events' in Ottawa and mentions the closure of schools and malls, which aligns with the context of breaking news events in the PHEME rumour corpus (specifically, the 2014 Ottawa shooting). The statement about schools and malls being closed is a factual observation that was confirmed during the event. While the user speculates about a game being postponed, the core information about the events and closures is verifiable and was widely reported as fact.",False,json
31,This puts it all in perspective. Ferguson MikeBrown,not_rumour,not_rumour,0.9,"The tweet is about the Ferguson events, which are part of the PHEME rumour corpus. However, it does not make a specific factual claim that can be verified or debunked. Instead, it expresses an emotional or reflective sentiment ('This puts it all in perspective') without providing any new information, verified or unverified. Therefore, it cannot be classified as a rumour or verified news.",False,json
32,"We have a lot of work to do. From ""White St. Louis Has Some Awful Things to Say About Ferguson""",not_rumour,not_rumour,0.95,"The tweet references an article about 'White St. Louis Has Some Awful Things to Say About Ferguson.' This directly relates to the Ferguson unrest, which is part of the PHEME rumour corpus. The tweet itself is a statement of intent ('We have a lot of work to do') and a citation, not an unverified claim or speculation about the events themselves. It points to existing commentary rather than creating new, unconfirmed information.",False,json
33,Oh France.... my heart breaks for the horrible terrorist attack on my beloved Paris. Je t'aime,not_rumour,not_rumour,0.95,"The tweet expresses personal grief and solidarity following a terrorist attack in Paris. It does not make any specific factual claims about the event itself, nor does it introduce unverified information or speculation. It acknowledges a confirmed event and expresses an emotional response.",False,json
34,"Atlantic cadet programs cancelled, other cadets advised to not wear uniform but show up in business casual. OttawaShooting",not_rumour,rumour,0.75,"The tweet discusses changes to cadet programs and uniform advice in the context of the Ottawa Shooting, which is a breaking news event within the PHEME corpus. It presents specific instructions and cancellations, which, while potentially verifiable, are presented without immediate sourcing or confirmation within the tweet itself. The information could be a directive from an official source, but without that context, it remains an unverified claim from a social media user.",False,json
35,Attempts to extend blame for this to all Muslims should be treated with the same disgust as attempts to justify the attacks. CharlieHebdo,not_rumour,not_rumour,0.95,"The tweet is a commentary on the appropriate response to the Charlie Hebdo attacks, specifically condemning the generalization of blame to all Muslims. It does not present a factual claim about the event itself that needs verification, nor does it spread unverified information. Instead, it expresses an opinion and a moral stance related to the aftermath of a breaking news event.",False,json
36,Two women flee sydneysiege cafe via,rumour,not_rumour,0.95,"The tweet reports a specific event during the Sydney siege, stating that two women fled the cafe. This is a factual observation of an event unfolding in real-time during a breaking news situation. It doesn't contain speculation, unverified claims, or emotional language, but rather a direct observation of an event that was later confirmed by multiple news outlets.",False,json
37,French police have confirmed that an Airbus operated by -Germanwings has crashed in Southern France,rumour,not_rumour,0.95,"The tweet states that French police have confirmed the crash of a Germanwings Airbus in Southern France. This presents a specific, verifiable claim attributed to an official source (French police). The information is presented as a confirmed fact, not as speculation or an unverified claim, and aligns with initial factual reporting during the breaking news event.",False,json
38,Why was Ferguson PD still looking for the suspect 7 hours after Michael Brown had been killed?,rumour,rumour,0.75,"The tweet is a question about the timeline of events following Michael Brown's death in Ferguson. It implies a discrepancy or a lack of information regarding the police's actions. While it doesn't make a direct factual claim itself, it raises a question that could be based on unverified information or a misunderstanding of the timeline, rather than presenting a confirmed fact. It's probing an unconfirmed aspect of the event.",False,json
39,Hostage-taker at kosher market in Paris said to be killed. Mayor confirms 2 brothers killed at separate hostage-taking. CharlieHebdo,rumour,not_rumour,0.95,"The tweet reports on breaking news events related to the Charlie Hebdo attacks, specifically mentioning the killing of a hostage-taker at a kosher market and the confirmation by the mayor of two brothers killed at a separate hostage-taking. These are presented as factual updates from the ongoing crisis, with a source (the mayor) for one of the claims. There are no signals of misinformation, speculation, or unverified claims; rather, it's reporting confirmed events.",False,json
40,UPDATE This mornings shooting incidents occurred at the National War Memorial and on Parliament Hill. Not Rideau Centre. ottnews,rumour,not_rumour,0.95,"The tweet provides an 'UPDATE' clarifying the locations of shooting incidents, explicitly stating 'Not Rideau Centre.' This indicates it is correcting or confirming information related to a breaking news event (the Ottawa shooting). The information provided is factual and aims to dispel potential misinformation about the locations, aligning with verified news rather than unverified claims.",False,json
41,"Cops are running with guns drawn, they're clearing streets in downtown Ottawa, and there are snipers on the rooftops.",not_rumour,rumour,0.9,"The tweet describes a chaotic scene with specific details like 'cops running with guns drawn,' 'clearing streets,' and 'snipers on rooftops.' While it describes an event, it lacks any source or official confirmation, presenting these observations as direct, unverified claims. The dramatic nature of the claims, especially 'snipers on rooftops,' without any context or official statement, strongly suggests it is unverified information.",False,json
42,Prince is in my spin class right now. Toronto WheresPrince,rumour,rumour,0.9,"The tweet makes a specific claim about Prince's current location. This claim is unverified and presented without any supporting evidence or credible sources. It is a personal observation that could be false or a joke, fitting the definition of a rumour within the context of unconfirmed information.",False,json
43,"UPDATE 240 firefighters, 210 policemen are on their way to the crash site Germanwings 4U9525",not_rumour,not_rumour,0.9,"The tweet provides an update on the response to the Germanwings 4U9525 crash, detailing the number of emergency personnel dispatched. This information, while specific, is presented as a factual update about an ongoing event. There are no signals of speculation, unverified claims, or emotional language; it appears to be a report of operational details, which would typically be confirmed by official sources during a crisis.",False,json
44,. students stand in solidarity with MikeBrown amp the Ferguson community. HandsUpDontShoot HBLSA,not_rumour,not_rumour,0.95,"The tweet describes students standing in solidarity with Mike Brown and the Ferguson community, using hashtags associated with the protests. This is a factual report of an event (a solidarity action) and does not present an unverified claim or speculation about the underlying events or a new rumour. It's a statement about an action taking place.",False,json
45,SydneySiege is over - New South Wales Police Force tweets,not_rumour,not_rumour,0.95,"The tweet explicitly states that the 'SydneySiege is over' and attributes this information directly to the 'New South Wales Police Force tweets'. This indicates that the information is being reported as coming from an official and credible source regarding a breaking news event. Therefore, it is presenting confirmed information rather than an unverified claim or speculation.",False,json
46,Sydney Australia Not technically ISIS flag but Shahadah flag with Islamic creed on it. Commonly used by militants,rumour,not_rumour,0.9,"The tweet discusses the nature of a flag, distinguishing it from a specific group's flag while noting its common use by militants. This is a factual observation about a symbol and its associations, rather than an unverified claim about a breaking news event itself. It provides context and clarification, which aligns with factual reporting.",False,json
47,From on Ray Hadley's speculative reports sydneysiege,rumour,rumour,0.95,"The tweet explicitly states it is referencing 'speculative reports' from a named individual regarding the 'sydneysiege'. By its own admission, the content being discussed is speculative, which aligns with the definition of a rumour. It does not present confirmed facts but rather points to unverified claims.",False,json
48,More than 40 Australian Muslim groups have jointly condemned the Sydneysiege,not_rumour,not_rumour,0.95,"The tweet reports on a collective condemnation by Australian Muslim groups regarding the Sydney siege. This is a factual statement about a public response to a breaking news event. It does not present an unverified claim or speculation, but rather a reported action by a specific group of entities, which is verifiable through news reports and official statements.",False,json
49,Vladimir Putin reappears on television amid claims that he us unwell and under threat of a coup.... Russia,rumour,rumour,0.9,"The tweet mentions Vladimir Putin reappearing on television, which could be a verifiable event. However, it immediately follows this with 'amid claims that he is unwell and under threat of a coup'. These claims are presented as unverified and speculative, directly indicating that they are rumours rather than confirmed facts. The tweet itself highlights the unconfirmed nature of these claims.",False,json
50,Ottawa shooting suspect named as Michael Zehaf-Bibeau 2 U.S. sources tell ABC News.,rumour,not_rumour,0.9,"The tweet reports a specific name for the Ottawa shooting suspect, citing '2 U.S. sources' telling ABC News. While the information itself might be subject to later confirmation or correction, the tweet presents it as a reported fact from a named news organization (ABC News) and specific sources, which is characteristic of early news reporting rather than unverified speculation or a baseless rumour. It's a piece of information being reported by a news outlet, not a claim originating from an unknown source or lacking attribution.",False,json
51,"Hostages held in Sydney cafe, Islamic flag seen in window local TV",rumour,not_rumour,0.85,"The tweet reports on a developing situation, stating 'Hostages held in Sydney cafe, Islamic flag seen in window local TV'. It attributes the information to 'local TV', which suggests it's reporting on what is being broadcast by a news source. While the situation itself is unconfirmed at the very initial stages, the tweet is reporting on a claim being made by a media outlet, rather than making an unverified claim itself or speculating. This aligns with reporting on breaking news as it unfolds, citing a source.",False,json
52,Lineup grows in Toronto amid rumours of secret Prince show,rumour,rumour,0.95,"The tweet explicitly mentions 'rumours of secret Prince show,' indicating that the information about the show is unverified and speculative. It does not present confirmed facts about a scheduled event but rather reports on the existence of unconfirmed claims. Therefore, it directly refers to a rumour.",False,json
53,Racial discrimination's still a dilemma in US. Still ppl are unsecure for having dark skins.The way police treat them confirms it. Ferguson,not_rumour,not_rumour,0.75,"The tweet discusses racial discrimination and police treatment in the US, specifically mentioning Ferguson. While it expresses an opinion and a general societal issue, it doesn't present a specific, verifiable claim about a breaking news event that could be classified as a 'rumour' or 'not_rumour' in the context of a specific event's verification. It's more of a commentary on an ongoing social issue rather than a piece of information about a particular incident that needs verification.",False,json
54,Thougts and prayers go out to everyone involved in the Paris terrorist situation - Hope everyone comes out save!,not_rumour,not_rumour,0.95,"The tweet expresses thoughts and prayers for those involved in the Paris terrorist situation. It does not make any specific factual claims about the event itself, nor does it spread unverified information. It is an emotional response and a wish for safety, which falls outside the scope of a rumour.",False,json
55,The illridewithyou hashtag is taking off in support of Muslims riding on Sydney transport and it's beautiful,not_rumour,not_rumour,0.95,"The tweet describes a social media trend ('illridewithyou hashtag is taking off') and expresses an opinion about it ('it's beautiful'). It does not make a factual claim about a breaking news event that requires verification, nor does it present unverified information about an event. It's an observation about a social media phenomenon and an emotional response to it, which is not a rumour.",False,json
56,Sydney Opera House among buildings evacuated due to SydneySiege,rumour,not_rumour,0.95,"The tweet reports on the evacuation of the Sydney Opera House during the Sydney Siege. This is a factual statement about an event that occurred and was widely reported by credible news sources at the time. It does not contain speculative language or unverified claims, but rather reports a confirmed action taken during a breaking news event.",False,json
57,IF YOU DONT STAND FOR SOMETHING YOULL FALL FOR ANYTHING RipMikeBrown Ferguson,not_rumour,not_rumour,0.9,"The tweet is a general statement or opinion, not a claim about a specific event or fact related to the PHEME rumour corpus. It expresses a sentiment or a call to action ('stand for something') and references 'RipMikeBrown Ferguson' as a hashtag, indicating it's related to the context of the Ferguson protests. However, it does not present any verifiable information, unverified claims, or speculation about the events themselves. It's an emotional or philosophical statement rather than a factual report or a rumour.",False,json
58,Vladimir Putin reappears on television amidst all wild speculations,not_rumour,not_rumour,0.9,"The tweet states that Vladimir Putin reappeared on television. This event would be verifiable and is presented as a factual occurrence, directly addressing prior 'wild speculations' about his whereabouts. It does not make an unverified claim itself, but rather reports an event that would confirm or deny previous rumors.",False,json
59,UPDATE Police confirm they have made contact with the gunman. There are no reported injuries. 9News,rumour,not_rumour,0.95,"The tweet provides an update from 'Police' and cites '9News' as the source, indicating it's reporting confirmed information from official channels. It states that contact has been made with a gunman and there are no reported injuries, which are factual updates rather than speculative claims. There are no signals of misinformation; it's a straightforward news update.",False,json
60,"The SydneySiege perpetrators target all citizens, irrespective of their faith. So please cut it out with the anti-Muslim bigotry on Twitter",not_rumour,not_rumour,0.95,"The tweet is directly related to the Sydney Siege, which is a breaking news event within the PHEME corpus. It does not make a factual claim about the event itself, but rather comments on the public's reaction and calls for an end to anti-Muslim bigotry. This is a social commentary and a plea for respectful discourse, not a factual claim that can be verified or debunked as a rumour. Therefore, it is classified as 'not_rumour' because it's not spreading unverified information about the event, but rather commenting on the social context.",False,json
61,Journalists and others using JeSuisCharlie to express support for freedom of speech after Paris attack,not_rumour,not_rumour,0.95,"The tweet describes an observable phenomenon: people using the hashtag #JeSuisCharlie to express support for freedom of speech after the Paris attack. This is a factual observation of social media behavior and public sentiment, not an unverified claim or speculation about the event itself. It reports on a confirmed trend rather than introducing new, unverified information.",False,json
62,Should our media show Charlie Hedbo cartoons like this? Absolutely. JeSuisCharlie,not_rumour,not_rumour,0.95,"The tweet is a statement of opinion and a call for media action regarding the Charlie Hebdo cartoons, directly referencing the 'JeSuisCharlie' sentiment which emerged during the Charlie Hebdo attack, a key event in the PHEME corpus. It does not present a factual claim that can be verified as true or false, nor does it spread unverified information about the event itself. Instead, it expresses a viewpoint on media ethics and freedom of speech in the context of a confirmed news event.",False,json
63,"Q Why did he stop Michael Brown? ""Because he was walking down the middle of the street,"" Ferguson chief says.",rumour,not_rumour,0.95,"The tweet directly quotes the Ferguson chief explaining why Michael Brown was stopped, attributing the statement to a specific source. This presents a piece of information from an official, rather than an unverified claim or speculation. It is a direct report of a statement made during a breaking news event.",False,json
64,"BREAKING Two brothers suspected of CharlieHebdo terror attacks in Paris killed, according to reports in France",rumour,rumour,0.5,"The tweet reports on a breaking news event related to the Charlie Hebdo terror attacks, which is part of the PHEME rumour corpus. It states that two brothers suspected of the attacks were killed, citing 'reports in France.' While it attributes the information, the phrasing 'according to reports' indicates that the information is being relayed rather than directly confirmed by the tweet's author or a primary source. At the time this tweet would have been posted, this information would have been unconfirmed by official, widely recognized sources, making it a rumour.",False,json
65,"So the flag didn't tip you off? Australian police ""We have not confirmed this is terror-related event"" sydneysiege",not_rumour,not_rumour,0.95,"The tweet directly quotes Australian police stating, ""We have not confirmed this is terror-related event."" This is a direct report of an official statement regarding the Sydney Siege, which is a breaking news event within the PHEME corpus. It is not presenting unverified claims but rather reporting a lack of confirmation from an official source.",False,json
66,3 people run out of Sydney cafe where hostages are being held. sydneysiege,rumour,not_rumour,0.85,"The tweet reports an observation during a breaking news event (Sydney siege). While the information '3 people run out' is an observation, it's presented as a factual report of an event unfolding, not as speculation or an unverified claim about the broader incident. Such observations are often quickly confirmed or denied by official sources as events progress, but at the moment of tweeting, it's a direct report of an action, not a rumour about the cause or outcome.",False,json
67,French official says attack on Paris weekly CharlieHebdo was with Kalachnikov automatic rifles and rocket launcher. Unprecedented. AFP,rumour,not_rumour,0.95,"The tweet reports details about the Charlie Hebdo attack, citing a French official and AFP as the source. It describes the weapons used, which is a factual detail about a breaking news event. The information is attributed to credible sources (a French official and AFP), indicating it is verified news rather than unverified speculation.",False,json
68,"Schools close, people told to stay indoors amid Dammartin-en-Goele CharlieHebdo manhunt",rumour,not_rumour,0.95,"The tweet reports on actions taken during the Dammartin-en-Goele manhunt related to the Charlie Hebdo attacks. These are verifiable actions (school closures, public safety directives) that would be issued by authorities and widely reported by news outlets during a major security incident. There are no signals of unverified claims, speculation, or misinformation.",False,json
69,I'll say it again One trained patron in Sydney chocolate shop with a concealed weapon may have prevented this. But that's illegal there.,not_rumour,not_rumour,0.95,"The tweet is a speculative opinion piece, not a factual claim about a breaking news event. It discusses a hypothetical scenario related to the Sydney chocolate shop siege (a PHEME event) but does not present any verifiable information or unverified claims about the event itself. Instead, it offers a 'what if' scenario and a commentary on gun laws.",False,json
70,Do the math. Stop the conflation and collateral indictment of Muslim Australians. sydneysiege,not_rumour,not_rumour,0.9,"The tweet is a commentary on the Sydney siege, urging against conflation and collateral indictment of Muslim Australians. It does not present a specific factual claim about the event itself that can be verified or debunked as a rumour. Instead, it expresses an opinion or a call to action related to the social implications of the event.",False,json
71,A look at the cockpit-security measures that prevented Germanwings pilot from reentering,not_rumour,not_rumour,0.95,"The tweet discusses cockpit-security measures related to the Germanwings incident, which is a breaking news event within the PHEME rumour corpus. It presents information about existing security protocols rather than making an unverified claim or speculation about the event itself. This appears to be factual reporting or an explanation of established procedures.",False,json
72,It took the police 5 days to concoct this tale and this is what they came up with? ninjaplease ferguson,rumour,rumour,0.95,"The tweet is clearly about the Ferguson events, which are part of the PHEME rumour corpus. It expresses skepticism and distrust towards the police's official account of events, implying a conspiracy or fabrication ('concoct this tale'). This constitutes an unverified claim about the nature of the official report, rather than a factual statement or verified news.",False,json
73,2 brothers suspected in CharlieHebdo attack killed by police after standoff NE of Paris. Kosher market hostage-taking reportedly over too.,not_rumour,not_rumour,0.98,The tweet reports on the conclusion of two major incidents related to the Charlie Hebdo attack: the killing of the suspects and the end of a hostage situation. These events were widely reported and confirmed by multiple credible news sources at the time. The information presented is factual reporting of confirmed events.,False,json
74,Times Square right now for Ferguson MichaelBrown,not_rumour,not_rumour,0.9,"The tweet describes a current event ('Times Square right now') related to the Ferguson protests, which are part of the PHEME rumour corpus. It is a direct observation or report of a situation, not an unverified claim or speculation about an event's occurrence or details. It simply states a location and the context, implying a gathering or protest, which is a factual observation rather than a rumour.",False,json
75,"Lots of disappointment and disbelief at Massey Hall after would-be Prince called off. Five hours in line based on media speculation, ouch!",rumour,not_rumour,0.9,"The tweet describes an event where a performance by 'Prince' was called off, leading to disappointment. It explicitly states that people waited in line 'based on media speculation,' indicating that the initial expectation of Prince's appearance was unconfirmed and based on rumour. The tweet itself is reporting on the *consequences* of a rumour, rather than being a rumour itself. It's a factual report about an event that occurred due to prior speculation.",False,json
76,Photo of the moment a cafe worker escaped the SydneySiege via STORY,rumour,rumour,0.75,"The tweet refers to the 'SydneySiege', which is a breaking news event within the PHEME rumour corpus. It claims to show a 'Photo of the moment a cafe worker escaped'. While the existence of a photo and the escape itself might be factual, the tweet itself doesn't provide the photo or a direct link to a credible source for verification within the tweet's text. The 'via STORY' suggests a link, but without it, the tweet's claim of 'a photo' remains unverified within the tweet's context.",False,json
77,Please don't watch or share the video of execution of a policeman. Spare a thought for his family and all innocents killed. CharlieHebdo,not_rumour,not_rumour,0.95,"The tweet refers to the 'execution of a policeman' and mentions 'CharlieHebdo', which directly relates to the breaking news events of the Charlie Hebdo attack and subsequent events in Paris in January 2015, a key event in the PHEME corpus. The tweet is a plea not to share a video, implying such a video exists and is related to the events. It does not make an unverified claim about the events themselves, but rather comments on the sharing of graphic content related to confirmed events. Therefore, it is not a rumour.",False,json
78,Chris Marinello commenting on the Gurlitt case on - listen now,not_rumour,not_rumour,0.9,"The tweet mentions Chris Marinello commenting on the 'Gurlitt case'. The Gurlitt case was a significant news event involving a large collection of Nazi-looted art, which fits the description of 'breaking news events in the PHEME rumour corpus (multiple crises)'. The tweet is an announcement about a comment being made, not a claim about the case itself. It directs users to 'listen now', implying a factual report or discussion rather than an unverified claim or speculation.",False,json
79,A real Muslim cannot be a terrorist. CharlieHebdo,not_rumour,rumour,0.85,"The tweet makes a general statement about the nature of a 'real Muslim' and terrorism, referencing 'CharlieHebdo'. While it relates to the broader context of events like the Charlie Hebdo attack, it is not a factual claim about a specific breaking news event or a piece of verifiable information. Instead, it's an opinion or a statement of belief, which, in the context of rumour classification, falls under unverified claims rather than confirmed news.",False,json
80,Sitting in Melbourne watching what's going on in Sydney...I bloody hope it ends ok for those poor people! Disgusting behaviour!,not_rumour,not_rumour,0.95,"The tweet expresses an emotional reaction and concern about an ongoing event in Sydney, as observed from Melbourne. It does not make any specific factual claims about the event itself, nor does it spread unverified information. It's a personal opinion/reaction rather than a rumour or a factual report.",False,json
81,"Martin Place, Sydney Opera House amp State Library evacuated due to sydneysiege follow our blog",rumour,not_rumour,0.95,"The tweet reports on evacuations of specific locations (Martin Place, Sydney Opera House, State Library) due to the 'sydneysiege'. This information was widely reported and confirmed by multiple credible news sources during the actual event. While it directs to a blog, the core claims about evacuations were factual and verified.",False,json
82,Germanwings Airbus A320 plane crash Two babies and 16 children among 150 dead,rumour,not_rumour,0.95,"The tweet reports specific details about the victims of the Germanwings Airbus A320 plane crash, including the number of babies and children. While tragic, these details were widely reported by credible news sources following the incident and were confirmed facts about the event. There are no signals of misinformation or unverified claims.",False,json
83,Update French interior ministry says Trocadero security scare is a false alarm. ParisAttacks,rumour,not_rumour,0.95,"The tweet reports an update from the French interior ministry, stating that a security scare at Trocadero was a false alarm. This is a direct report from an official source, providing factual information about a breaking news event (Paris Attacks context) and clarifying a previous potential rumour or concern. It is not an unverified claim or speculation.",False,json
84,"Thinking of Layton's words ""Love is better than anger. Hope is better than fear. Optimism is better than despair."" ottawashooting",not_rumour,not_rumour,0.95,"The tweet references the 'ottawashooting' hashtag, indicating it is related to a breaking news event within the PHEME corpus. However, the tweet itself does not make any factual claims about the event, nor does it spread unverified information. Instead, it shares a quote about positive emotions, which is a personal reflection rather than a rumour or verified news about the event itself.",False,json
85,Video The moment the police stormed the Sydney cafe. Police confirm the siege is now over.,not_rumour,not_rumour,0.95,"The tweet describes a specific event related to the Sydney cafe siege, which is a breaking news event within the PHEME corpus. It states that the police stormed the cafe and that the siege is confirmed to be over by the police. This information is presented as a factual update from an official source, indicating verified news rather than speculation or unconfirmed claims.",False,json
86,BREAKING Charlie Hebdo gunmen's hostage freed and safe after police assault,rumour,not_rumour,0.9,"The tweet reports a 'BREAKING' news event, specifically the freeing of a hostage after a police assault related to the Charlie Hebdo gunmen. This type of immediate, unfolding news report, while potentially subject to later corrections, is presented as a factual update from a news source rather than a speculative claim or unverified rumour. It describes an action that has reportedly occurred.",False,json
87,Gurlitt collection accepted by Kunstmuseum Bern,rumour,not_rumour,0.95,"The tweet states a factual event: the Kunstmuseum Bern accepted the Gurlitt collection. This is a verifiable piece of information, not a speculative claim or unverified rumour. It reports a confirmed development regarding a significant art collection.",False,json
88,Pittsburgh will play the Canadian National anthem before tonights game in support of Ottawa. This makes me happy.,not_rumour,rumour,0.85,"The tweet makes a specific claim about the Pittsburgh Penguins playing the Canadian National Anthem before a game in support of Ottawa. This is a factual claim that can be verified or disproven. While the tweet expresses personal emotion ('This makes me happy'), the core information about the anthem being played is a verifiable event, not an unverified claim or speculation about a breaking news event in the PHEME corpus. Such an event would be reported by sports news or the team itself if true.",False,json
89,"Appalled by the attack on Charlie Hebdo in Paris, 10 - probably journalists - now confirmed dead. An attack on free speech everywhere.",rumour,not_rumour,0.9,"The tweet reports on the Charlie Hebdo attack, a breaking news event within the PHEME corpus. It states '10 - probably journalists - now confirmed dead,' which, while expressing an initial estimation ('probably journalists'), quickly moves to a 'confirmed dead' status. This indicates a report based on unfolding, but increasingly verified, information rather than pure speculation or unverified claims. The sentiment expressed ('Appalled,' 'attack on free speech') is an opinion, but the core factual claim about the attack and casualties aligns with initial reports that were quickly confirmed.",False,json
90,"Indians OMG OMG. Can't believe this. God is Cruel. sydneysiege Today, Bomb Blast in Imphal. Indians Where is Imphal?",not_rumour,rumour,0.95,"The tweet expresses extreme emotion ('OMG OMG', 'God is Cruel') and makes an unverified claim about a 'Bomb Blast in Imphal' immediately after mentioning 'sydneysiege'. The phrasing 'Can't believe this' and the question 'Indians Where is Imphal?' suggest a lack of confirmed information and an attempt to elicit an emotional response rather than report facts. This aligns with characteristics of a rumour, especially given the context of multiple crises and the emotional language.",False,json
91,BREAKING news Shots fired at Parliament Hill. Follow developing story,rumour,rumour,0.85,"The tweet reports 'BREAKING news Shots fired at Parliament Hill' and instructs to 'Follow developing story'. While it states 'BREAKING news', the core claim 'Shots fired at Parliament Hill' is presented without immediate verification or source, and the instruction to 'follow developing story' implies the information is still unfolding and not fully confirmed at the time of the tweet. This aligns with the definition of a rumour in the context of breaking news where initial reports may be unverified.",False,json
92,Rest in peace to the soldier killed in Ottawa today,rumour,not_rumour,0.95,"The tweet expresses condolences for a soldier killed in Ottawa. This refers to a real-world event (the 2014 Ottawa shooting) that was widely reported and confirmed by credible news sources. While emotional, the core claim of a soldier being killed is factual and not speculative or unverified.",False,json
93,"Today's CharlieHebdo cover on Houellebecq ""In 2022 I'll observe Ramadan""",not_rumour,not_rumour,0.95,"The tweet describes the cover of a specific issue of Charlie Hebdo, featuring a quote attributed to Michel Houellebecq. This is a factual description of published content, not an unverified claim or speculation about a breaking news event itself. The Charlie Hebdo attacks are part of the PHEME corpus, and this tweet refers to content from the publication, making it relevant. It's a direct report of published material.",False,json
94,"Seven people reportedly taken away on stretchers, with paramedics treating five. SydneySiege",rumour,not_rumour,0.85,"The tweet reports specific observations about the SydneySiege event, mentioning 'reportedly taken away' and 'paramedics treating five'. While it uses 'reportedly', which suggests a degree of unconfirmed information, it describes an observable event rather than a speculative claim or a conspiracy. It's a factual observation being reported, even if the source isn't explicitly stated, and doesn't contain elements of misinformation or extreme emotion.",False,json
95,Bad craziness. RT STL SWAT has weapons drawn in Ferguson protest in broad daylight w media attending,not_rumour,not_rumour,0.9,"The tweet describes a scene from the Ferguson protests, specifically mentioning SWAT with weapons drawn in broad daylight with media present. This is a direct observation of an event, not a speculative claim or unverified piece of information. While the phrase 'Bad craziness' adds an emotional layer, the core statement about the presence and actions of SWAT is presented as a factual observation of a public event, which aligns with the nature of breaking news reporting during the Ferguson unrest.",False,json
96,"Ferguson police say Michael Brown was robbery suspect, which totally explains why he got the death penalty without a trial.",rumour,not_rumour,0.85,"The tweet refers to the Michael Brown shooting in Ferguson, which is a breaking news event within the PHEME corpus. It presents a sarcastic and emotionally charged commentary on the police's statement about Michael Brown being a robbery suspect, implying a miscarriage of justice. While it references a factual statement made by the police, the tweet itself is a critical, unverified opinion/commentary rather than a factual report or a specific unverified claim about the event itself. It's a reaction to a claim, not a rumour about the event.",False,json
97,"Seeing condemnations from Muslim figures, worldwide. Tmrw, there will be articles on 'why don't they condemn terrorism?' Sigh. CharlieHebdo",not_rumour,not_rumour,0.9,"The tweet discusses a common pattern of public discourse following terrorist attacks, specifically referencing the Charlie Hebdo incident. It expresses an opinion about anticipated media narratives and public reactions rather than making a factual claim about the event itself or spreading unverified information about the attack. It's a commentary on societal response, not a rumour about the incident.",False,json
98,Something being talked about tonight is the makeup of the Ferguson Police Dept. Here's a breakdown MichaelBrown,not_rumour,not_rumour,0.9,"The tweet discusses the 'makeup of the Ferguson Police Dept.' in the context of 'MichaelBrown', which clearly relates to the breaking news events in Ferguson, a part of the PHEME rumour corpus. It states 'Here's a breakdown', implying it will provide factual information rather than making an unverified claim or speculation. While the breakdown itself isn't provided in the tweet, the tweet's intent is to share information, not to spread a rumour.",False,json
99,. tells us what we know right now on the OttawaShooting,not_rumour,not_rumour,0.9,"The tweet indicates that someone is providing an update on the 'OttawaShooting'. It doesn't make a specific claim itself, but rather refers to a summary of known information. This suggests a reporting or informational update, not the propagation of an unverified claim or speculation. Therefore, it is likely a 'not_rumour' as it refers to a factual update.",False,json
100,Maybe Massey Hall was just a decoy location and Prince has actually loaded all his gear into the El Mocambo. Maybe he BOUGHT the El Mo.,rumour,rumour,0.95,"The tweet speculates about Prince's location and even suggests he might have bought a venue. It uses phrases like 'Maybe' and presents unverified claims without any factual basis or credible sources. This clearly indicates it is a rumour, as it's a speculative claim about a breaking news event (Prince's activities) that is not confirmed.",False,json
101,"""Race relations are a top priority right now,"" says Ferguson police chief.",not_rumour,not_rumour,0.95,"The tweet directly quotes the Ferguson police chief regarding race relations, which is a central theme of the Ferguson unrest, a breaking news event within the PHEME corpus. It presents a direct quote, which is a verifiable statement of what was said, rather than an unverified claim or speculation about the event itself. There are no signals of misinformation; it's a factual report of a statement made by an official.",False,json
102,Kunstmuseum Bern Obtains Trove From Gurlitt Collection,rumour,not_rumour,0.95,"The tweet reports on a specific event: the Kunstmuseum Bern obtaining a trove from the Gurlitt Collection. This is a factual statement about an acquisition, not an unverified claim or speculation. The Gurlitt collection and its provenance were a significant news story, and this tweet reports a development that was widely confirmed by credible news sources at the time.",False,json
103,"The difference between ""unrest"" and ""patriotism"" is directly proportional to how black the protesters are. Ferguson Murrieta BundyRanch",not_rumour,not_rumour,0.9,"The tweet is a commentary on the perceived racial bias in the media's portrayal of protests, referencing specific events like Ferguson, Murrieta, and Bundy Ranch, which are part of the PHEME rumour corpus. It does not present a new, unverified claim about these events, but rather an opinion or observation about how they were framed. Therefore, it is not a rumour itself, but a statement about the discourse surrounding these events.",False,json
104,"Canada will remain the true North, strong and free, after today. These events can't, and won't, break our spirit. cdnpoli OttawaShooting",not_rumour,not_rumour,0.95,"The tweet expresses a sentiment of resilience and national spirit in the aftermath of the Ottawa shooting. It does not make any specific factual claims about the event itself that would require verification, nor does it spread unverified information or speculation about the incident. It's an emotional response rather than a factual statement about the breaking news.",False,json
105,In case you are confused. Check who's the terrorist and who's the Muslim. JeSuisCharlie JeSuisAhmed,not_rumour,not_rumour,0.9,"The tweet references 'JeSuisCharlie' and 'JeSuisAhmed', which are direct allusions to the Charlie Hebdo attack and the subsequent killing of a Muslim police officer, Ahmed Merabet, during the January 2015 Paris attacks. These events are part of the PHEME rumour corpus. The tweet itself is not making a factual claim that can be verified or debunked; rather, it's an opinionated statement urging a distinction between 'terrorist' and 'Muslim' in the context of those events. It's a commentary on the events, not a rumour about the events themselves.",False,json
106,breaking We have now heard that all airspace in the Sydney city has been shut down. martinplace Lindt cafe,rumour,rumour,0.9,"The tweet uses the word 'breaking' and states 'We have now heard', indicating it's relaying information that has just come to their attention but without a clear, verifiable source. The claim about 'all airspace in the Sydney city has been shut down' is a significant event that would typically be reported by official channels or major news outlets with clear attribution. The mention of 'martinplace Lindt cafe' links it to the Sydney siege event, which is part of the PHEME corpus. The phrasing 'We have now heard' suggests unconfirmed information rather than a verified fact.",False,json
107,Headquarters of and in Berlin. JeSuisCharlie,not_rumour,rumour,0.7,"The tweet mentions 'Headquarters of and in Berlin' and 'JeSuisCharlie'. 'JeSuisCharlie' is a hashtag associated with the Charlie Hebdo attack, which is a breaking news event within the PHEME corpus. However, the tweet itself is incomplete and lacks specific verifiable claims about the event. It appears to be an emotional reaction or a fragmented statement rather than a factual report or a specific unverified claim about the event's details.",False,json
108,LIVE REPORT - Assault in Paris Vincennes . Some hostages are free. CharlieHebdo,rumour,rumour,0.75,"The tweet reports on a live event, an 'Assault in Paris Vincennes,' and mentions 'Some hostages are free.' It also includes the hashtag 'CharlieHebdo,' linking it to the series of attacks in France in January 2015, which is part of the PHEME corpus. While it reports on an unfolding situation, the information 'Some hostages are free' is presented as a factual update from a 'LIVE REPORT' without immediate verification or clear sourcing within the tweet itself. Breaking news, especially during live events, often contains unconfirmed details that are later verified or refuted. Without a direct link to a credible news organization or official statement within the tweet, this specific detail about hostages being free, while potentially true, is presented as an unverified claim at the moment of tweeting.",False,json
109,What a difference a day makes. Ferguson,not_rumour,not_rumour,0.7,"The tweet 'What a difference a day makes. Ferguson' is a general, emotional statement that references Ferguson without providing any specific factual claim or information. It does not present a verifiable fact or an unverified claim about a specific event, but rather an observation or sentiment. Therefore, it cannot be classified as either a rumour or not_rumour in the context of specific factual claims.",False,json
110,Why release the report about the robbery if it's not related to the contact with the cop who shot him? This all stinks. Ferguson,rumour,rumour,0.9,"The tweet is about the Ferguson events, which are part of the PHEME rumour corpus. It expresses suspicion and questions the motives behind releasing a report, using phrases like 'This all stinks.' This indicates speculation and an unverified claim about a potential cover-up or misleading information, rather than presenting factual reporting.",False,json
111,French MP says those who attacked Charlie Hebdo are murderers and barbarians,not_rumour,not_rumour,0.95,"The tweet reports a statement made by a French MP regarding the Charlie Hebdo attackers. This is a direct quote or summary of a public statement, which falls under factual reporting of an event or opinion, not an unverified claim or speculation about the event itself. It is a report of what was said, not a rumour about the attack.",False,json
112,"BREAKING Another shooting and hostage situation is reported in Paris, at least 2 dead",rumour,rumour,0.9,"The tweet uses the term 'reported' which indicates that the information is not yet fully confirmed. While it states 'BREAKING' and provides specific details ('Another shooting and hostage situation,' 'at least 2 dead'), the phrasing suggests these are initial, unverified reports rather than confirmed facts from official sources. This aligns with the definition of a rumour in the context of breaking news.",False,json
113,"If I understand Hillary Clinton amp Sen Feinstein correctly, 1st step for current Sydney hostage situation is to empathize w the f'n bastards.",rumour,not_rumour,0.95,"The tweet is a sarcastic political commentary, not a factual statement about the Sydney hostage situation itself. It does not present any verifiable information or claims about the actual event, nor does it spread unverified information about the event. Instead, it uses the event as a backdrop for a political jab, making it off-topic for rumour classification regarding the event.",False,json
114,BREAKING NEWS CANADIAN OFFICIALS NOW CALLING TODAY'S PARLIAMENT SHOOTING A TERRORIST ATTACK -,rumour,not_rumour,0.85,"The tweet reports a specific claim: Canadian officials are calling the Parliament shooting a terrorist attack. This is a factual statement about an official's declaration, not an unverified claim about the event itself. While the information could potentially be incorrect if the officials did not make such a statement, the tweet presents it as a direct report of an official's action, which falls under factual reporting rather than speculation or unverified rumour.",False,json
115,Photos from the aftermath of the attack on the Charlie Hebdo newspaper in Paris,not_rumour,not_rumour,0.95,"The tweet describes 'Photos from the aftermath of the attack on the Charlie Hebdo newspaper in Paris'. This refers to a real, confirmed event (the Charlie Hebdo attack) and the existence of photos from its aftermath is a factual statement, not an unverified claim or speculation. It doesn't make any unconfirmed claims about the event itself, but rather refers to existing visual evidence.",False,json
116,Our thoughts amp prayers are with the families and friends of 4U9525 passengers amp crew.,not_rumour,not_rumour,0.95,"The tweet expresses condolences regarding the 4U9525 incident, which was a breaking news event within the PHEME corpus. It does not make any factual claims about the event itself, nor does it spread unverified information. Instead, it conveys a sentiment of support, which is not a rumour.",False,json
117,"Germanwings plane crashes in France, up to 150 feared dead",rumour,not_rumour,0.9,"The tweet reports a plane crash and an estimated number of fatalities. While the number of dead is 'feared' and not yet confirmed, the core event of a plane crash is presented as a factual occurrence. This aligns with initial breaking news reports that, while sometimes containing unconfirmed details, are generally considered factual reporting of an event rather than a rumour about the event itself.",False,json
118,CharlieHebdo attack new hostage situation at Paris shop - live updates,not_rumour,not_rumour,0.85,"The tweet reports on a 'new hostage situation' related to the Charlie Hebdo attack, presented as 'live updates'. This phrasing suggests an ongoing event being reported by a news source, rather than a speculative claim. While the information itself would need external verification to confirm its truth, the tweet's structure and language indicate it is reporting a developing news event, typical of factual reporting during a crisis, rather than originating a rumour.",False,json
119,BREAKING Germanwings crew did not send distress signal aviation official,rumour,not_rumour,0.95,"The tweet reports a specific detail from an aviation official regarding the Germanwings crash, stating that no distress signal was sent. This is presented as a factual statement from an official source, not as speculation or an unverified claim. It contributes to the factual reporting of the breaking news event.",False,json
120,We don't need to stinkin' PoliceState Americans! This must stop! . Going 2 War w Americans Ferguson,not_rumour,rumour,0.95,"The tweet expresses strong emotional opinions and makes an unverified, alarmist claim about 'Going 2 War w Americans Ferguson.' It uses highly charged language ('PoliceState Americans,' 'must stop') and presents a speculative, unsubstantiated interpretation of events rather than factual reporting. This aligns with the characteristics of a rumour.",False,json
121,CharlieHebdo ParisShooting Islamist will not allow anyone to sketch even a cartoon but A PK can hurt sentiments,not_rumour,not_rumour,0.85,"The tweet discusses the Charlie Hebdo shooting, which is a breaking news event within the PHEME corpus. However, it does not present a specific factual claim about the event itself. Instead, it expresses an opinion or a commentary on the motivations and double standards perceived by the author regarding Islamist reactions to cartoons versus other forms of perceived offense. This makes it an opinionated statement rather than a verifiable rumour or a factual report.",False,json
122,Amateur video shows chaos of Paris shooting CharlieHebdo,not_rumour,not_rumour,0.9,"The tweet describes 'Amateur video shows chaos of Paris shooting CharlieHebdo'. This refers to a specific, confirmed breaking news event (the Charlie Hebdo shooting in Paris). The tweet itself is not making an unverified claim about the event, but rather describing the content of a video related to a confirmed event. It doesn't present new, unverified information, but rather points to existing media about a factual incident.",False,json
123,even in Afghanistan we never pointed our rifles at civilians there is something seriously wrong with the police in Ferguson,not_rumour,not_rumour,0.85,"The tweet expresses a strong opinion and makes a comparative statement about police conduct in Ferguson versus Afghanistan. While it relates to a breaking news event (Ferguson protests), it does not present a verifiable factual claim that can be confirmed or debunked as a rumour. Instead, it's an emotional and critical commentary on perceived police behavior.",False,json
124,"Ferguson cops beat innocent man, then charged him with bleeding on their uniforms",rumour,rumour,0.85,"The tweet makes a specific claim about an event in Ferguson involving police brutality and an unusual charge. While it describes an event that could be factual, the language used ('beat innocent man,' 'charged him with bleeding') is highly emotive and presents a narrative without any verifiable sources or context. This phrasing suggests an unverified claim or a highly biased interpretation rather than factual reporting, aligning with the characteristics of a rumour in the context of social media during breaking news events.",False,json
125,"As a Muslim, I find the murder of innocent people more despicable and offensive than any cartoon could ever be. CharlieHebdo",not_rumour,not_rumour,0.95,"The tweet expresses a personal opinion and a moral stance in response to the Charlie Hebdo events, which are part of the PHEME rumour corpus. It does not make a factual claim about the events themselves that needs verification, nor does it spread unverified information. It's a statement of personal values related to the incident.",False,json
126,So a large Negro robbed a store and then the cops saw a large Negro. WHAT WERE THEY SUPPOSED TO DO?!?! Perhaps not execute him. Ferguson,rumour,not_rumour,0.9,"The tweet is a commentary on the events in Ferguson, specifically referencing a police shooting. It expresses an opinion and a rhetorical question, but it does not introduce new unverified claims or spread misinformation about the core events. It's a reaction to a known event, not a rumour about the event itself.",False,json
127,"BREAKING Germanwings 4U9525 co-pilot's name is Andreas Lubitz, a German national, says Marseilles prosecutor.",rumour,not_rumour,0.98,"The tweet reports a specific piece of information (the co-pilot's name and nationality) attributed to a named source (Marseilles prosecutor) regarding a breaking news event (Germanwings 4U9525). This information was widely reported and subsequently confirmed by multiple credible news outlets, indicating it was factual reporting at the time, not unverified speculation or a rumour.",False,json
128,This via JeSuisAhmed JeSuisCharlie CharlieHebdo,not_rumour,not_rumour,0.8,"The tweet consists solely of hashtags related to the Charlie Hebdo attack. It does not present any specific claim, information, or news content that could be classified as either verified or unverified. Therefore, it cannot be categorized as a rumour or not_rumour in the context of factual claims.",False,json
129,"As we speak, with quiet resolve, Gazza is loading his car with chicken and a fishing rod and planning his route to Dammartin-en-Goele",not_rumour,rumour,0.95,"The tweet refers to 'Gazza' (Paul Gascoigne) and his supposed actions related to 'Dammartin-en-Goele', which was a location involved in the Charlie Hebdo attacks, a breaking news event within the PHEME corpus. However, the claim that he is loading his car with chicken and a fishing rod to go there is highly implausible, lacks any credible source, and is characteristic of a humorous or satirical, yet unverified, claim rather than factual reporting. It's a clear example of speculation or a fabricated story.",False,json
130,BREAKING Reports 2 dead in Paris kosher supermarket hostage situation,rumour,rumour,0.9,"The tweet uses the term 'BREAKING Reports', which indicates unconfirmed information at the time of reporting, typical of early social media updates during a crisis. While it reports on a real event (Paris kosher supermarket hostage situation, part of the PHEME corpus), the specific detail of '2 dead' is presented as a 'report' rather than a confirmed fact. This aligns with the definition of a rumour as an unverified claim, even if it later turns out to be true or partially true.",False,json
131,"Breaking Two hostage situations in France are linked, Paris prosecutor says",rumour,not_rumour,0.95,"The tweet reports a statement made by the Paris prosecutor, a credible official source, regarding a link between two hostage situations. This is presented as a factual report of an official statement, not an unverified claim or speculation. The language is neutral and informative, typical of breaking news reporting.",False,json
132,"BREAKING This is a photo of Michael Zehaf-Bibeau, gunman in this morning's shootings in Ottawa. cbcOTT OTTnews",rumour,not_rumour,0.95,"The tweet identifies Michael Zehaf-Bibeau as the gunman in the Ottawa shootings and references CBC, a credible news source. While it's 'breaking news,' the information presented was confirmed by official sources and widely reported by established media outlets shortly after the event, making it a factual report rather than an unverified rumour. The tweet provides a photo and links to news organizations, indicating an attempt at factual reporting.",False,json
133,Tainted Gurlitt collection should be sold with profits going to Jewish organizations. WWII via .,not_rumour,not_rumour,0.9,"The tweet discusses the Gurlitt collection, which was a significant news story related to WWII art restitution. It proposes a course of action ('should be sold with profits going to Jewish organizations') rather than making a factual claim about an ongoing event or spreading unverified information. This is an opinion or a policy suggestion, not a rumour about a breaking news event.",False,json
134,Police say the shooter is on roof of building at Metcalfe and Sparks 1 block from Parliament Hill ottnews cbcott,rumour,not_rumour,0.9,"The tweet reports a specific detail about a breaking news event (shooter location) attributed to 'Police'. While it's a developing situation, the information is presented as a statement from an official source, which aligns with factual reporting in real-time during a crisis. It does not contain speculative language or unverified claims from non-official sources.",False,json
135,"Breaking The officer involved in the shooting of Michael Brown is named Darren Wilson, Ferguson police chief says.",rumour,not_rumour,0.98,"The tweet reports a specific piece of information directly attributed to a credible source (Ferguson police chief) regarding a breaking news event (the shooting of Michael Brown). It states a name, which is a verifiable fact, and does not contain speculative language, emotional appeals, or signals of misinformation. This is a factual report of a confirmed statement.",False,json
136,JeSuisCharlie vigils held around the world - in pictures Pic E CASTRO-MENDIVIL REUTERS,not_rumour,not_rumour,0.98,"The tweet reports on 'JeSuisCharlie vigils held around the world' and attributes the picture to 'E CASTRO-MENDIVIL REUTERS'. This indicates a factual report about a real-world event (vigils following the Charlie Hebdo attack, which is part of the PHEME corpus) and provides a credible source for the accompanying image. There are no signals of unverified claims or speculation.",False,json
137,Ronald Johnson is proof that there can be cops who care about their communities amp will do right. But Ferguson deserved that from day one.,not_rumour,not_rumour,0.85,"The tweet discusses Ronald Johnson and the Ferguson events, which are part of the PHEME rumour corpus. It expresses an opinion about police conduct and what Ferguson 'deserved,' rather than presenting a verifiable factual claim or spreading unconfirmed information about a specific event. It's an opinion/commentary, not a rumour or a factual report.",False,json
138,Sydney Crisis Hostages share gunman's demands in chilling phone calls,rumour,not_rumour,0.9,"The tweet reports on a specific detail of a breaking news event (Sydney Crisis) and mentions 'gunman's demands' and 'chilling phone calls.' This phrasing suggests a report of events rather than an unverified claim or speculation. It describes an action (hostages sharing demands) that would likely be reported by news outlets covering the crisis, making it consistent with factual reporting during a breaking news event.",False,json
139,"Last words from Germanwings A320 distress call were ""emergency, emergency,"" authorities say.",rumour,not_rumour,0.9,"The tweet reports on the last words from the Germanwings A320 distress call, citing 'authorities' as the source. This indicates it's presenting information attributed to official sources regarding a breaking news event (the plane crash). While the specific quote could be subject to later refinement, at the time of reporting, it's presented as an official statement rather than speculation or an unverified claim.",False,json
140,Update - 11 people dead at headquarters of French satirical weekly publication Charlie Hebdo after armed gunmen stormed the office in Paris,rumour,not_rumour,0.95,"The tweet provides an update on a specific event (Charlie Hebdo attack) with concrete details (number of dead, location, nature of attack). It presents factual information that was widely reported and confirmed by credible news sources during the event. There are no signals of misinformation, speculation, or unverified claims; it reads as a factual news update.",False,json
141,Serve and protect?... Ferguson Justice UniteBlue,not_rumour,not_rumour,0.85,"The tweet ""Serve and protect?... Ferguson Justice UniteBlue"" is a rhetorical question followed by hashtags. It does not make a specific factual claim that can be verified or debunked. Instead, it expresses an opinion or sentiment related to the Ferguson events, questioning the 'serve and protect' motto in the context of 'Ferguson Justice'. As it's an opinion/sentiment and not a factual claim, it cannot be classified as a rumour or verified news.",False,json
142,The magazine attacked in Paris has a history of bold satire CharlieHebdo ParisShooting,not_rumour,not_rumour,0.95,"The tweet refers to 'CharlieHebdo' and 'ParisShooting', clearly linking it to the Charlie Hebdo attack, which is part of the PHEME rumour corpus. The statement that the magazine 'has a history of bold satire' is a widely known and verifiable fact about Charlie Hebdo, not an unverified claim or speculation. It provides factual background information related to the event.",False,json
143,"More startling statistics about the segregated population of Ferguson, Mo.",not_rumour,not_rumour,0.85,"The tweet refers to 'startling statistics about the segregated population of Ferguson, Mo.' This implies the existence of data or reports, which are typically verifiable. While the tweet itself doesn't provide the statistics, it points to information that would likely be factual reporting rather than an unverified claim or speculation. It doesn't contain any signals of misinformation like extreme emotion or conspiracy language.",False,json
144,This is not in the name of Islam. These ppl don't represent ANY religion. No matter what they say. Disgraceful amp heartbreaking CharlieHebdo,not_rumour,not_rumour,0.95,"The tweet is a commentary on the Charlie Hebdo attack, expressing an opinion that the perpetrators do not represent Islam or any religion. It does not make a factual claim about the event itself that needs verification, nor does it spread unverified information. It is an emotional response and a statement of disassociation from the actions of the attackers, which falls outside the scope of a rumour.",False,json
145,DEVELOPING story here Gunman killed in Ottawa 3 shootings confirmed,rumour,rumour,0.85,"The tweet states 'DEVELOPING story here Gunman killed in Ottawa 3 shootings confirmed'. While it reports on a breaking news event, the phrasing '3 shootings confirmed' without specifying a credible source or providing further details makes it sound like an unverified claim at the time of posting, even if the events later proved to be true. It lacks the authoritative tone of a verified news report and could be interpreted as early, unconfirmed information circulating during a crisis.",False,json
146,A good summary via . JeSuisCharlie CharlieHebdo,not_rumour,not_rumour,0.9,"The tweet refers to 'A good summary' and includes hashtags related to the Charlie Hebdo attack ('JeSuisCharlie', 'CharlieHebdo'), which is a breaking news event within the PHEME corpus. However, the tweet itself does not make a specific claim or present new information; it merely points to a summary, implying it's a compilation of existing information rather than a new, unverified claim. Therefore, it's not propagating a rumour but rather referencing a summary of events.",False,json
147,In case you are confusedCharlieHebdo via,not_rumour,rumour,0.5,"The tweet 'In case you are confusedCharlieHebdo via' is extremely vague and lacks any specific claim or information. It doesn't provide context, a verifiable fact, or an unverified claim. Without any content, it's impossible to classify it as either verified news or a rumour related to breaking news events in the PHEME corpus. It's more of an incomplete or placeholder tweet.",False,json
148,JeSuisCharlie rallies held worldwide to condemn Paris massacre PHOTOS,not_rumour,not_rumour,0.98,"The tweet reports on 'JeSuisCharlie rallies held worldwide to condemn Paris massacre PHOTOS'. This describes a widely reported and confirmed event following the Charlie Hebdo attack. The existence of these rallies and their purpose was factual and extensively documented by news organizations globally, making it verified news rather than an unverified claim or speculation.",False,json
149,The moment SydneySiege came to an end,not_rumour,not_rumour,0.95,"The tweet refers to 'SydneySiege,' which is a known breaking news event within the PHEME rumour corpus. The phrase 'came to an end' describes a factual outcome of the event. It does not present an unverified claim, speculation, or emotional content, but rather a statement about a concluded event.",False,json
150,VIDEO Helicopter understood to have landed on roof of CharlieHebdo siege building during raid ParisAttacks,not_rumour,rumour,0.85,"The tweet describes an event (helicopter landing) during a breaking news incident (Charlie Hebdo siege/Paris Attacks). It uses cautious language ('understood to have landed') and refers to a 'VIDEO', implying a visual source, but doesn't provide a direct link or explicit confirmation. While it describes an event related to the crisis, the phrasing 'understood to have landed' indicates it's not a direct, confirmed observation by the tweeter, but rather information they've received or inferred, making it an unverified claim at the point of this tweet.",False,json
151,BREAKING say a photo circulating of arrest of man near MartinPlace is NOT related to the police operation sydneysiege,rumour,not_rumour,0.95,"The tweet directly addresses a circulating photo and explicitly states it is 'NOT related' to the police operation, indicating an attempt to debunk or clarify misinformation. This action of clarifying or denying a rumour makes the tweet itself a piece of factual reporting about the rumour's status, rather than a rumour itself. It's a 'breaking' statement about the non-relation of an image to an ongoing event.",False,json
152,Prince and 3RDEYEGIRL playing last minute show at Massey Hall. Tix 10,rumour,rumour,0.85,"The tweet announces a last-minute show by Prince and 3RDEYEGIRL at Massey Hall with a ticket price. This type of information, especially for a 'last minute show,' is highly susceptible to being unverified or speculative until confirmed by official sources (e.g., venue, artist's official channels, reputable news outlets). Without such confirmation, it should be treated as a rumour.",False,json
153,"Oh, a suspect in a robbery? That changes everything. Everyone knows summary execution is the penalty for suspicion of robbery Ferguson",rumour,not_rumour,0.9,"The tweet uses sarcasm to comment on the perceived injustice and disproportionate use of force in the context of the Ferguson events. It does not present a factual claim about a specific event or spread unverified information about a breaking news incident. Instead, it expresses an opinion and critique, which falls outside the scope of a 'rumour' as defined for this task.",False,json
154,Just seen the scenes from Sydney. Tho gets with the people amp their families of those inside the cafe at the moment.,not_rumour,not_rumour,0.95,"The tweet expresses sympathy for victims of an event in Sydney. It does not make any specific factual claims about the event itself, nor does it spread unverified information. It is an emotional response to a confirmed breaking news event.",False,json
155,"Where's JihadistJoe when you need him? Oh, that's right! Twitter banned him for tweeting the truth about Islam. CharlieHebdo",not_rumour,not_rumour,0.85,"The tweet references 'CharlieHebdo', which is related to the breaking news events in the PHEME rumour corpus. However, the tweet itself is not making a claim about the events or providing information related to them. Instead, it's an opinionated comment about a user named 'JihadistJoe' and Twitter's moderation policies, using the Charlie Hebdo event as a context for a broader political statement. It does not present a verifiable fact about the breaking news event itself, nor does it spread unverified information about the event.",False,json
156,...and LiveNation confirms Prince will not be playing Massey Hall tonight.,rumour,not_rumour,0.95,"The tweet states that LiveNation, a credible source for concert information, has confirmed that Prince will not be playing Massey Hall tonight. This is a direct confirmation from an official source, making it a verified piece of information rather than an unverified claim or speculation. There are no signals of misinformation.",False,json
157,"One pilot in Germanwings crash was locked out of cockpit, reports",rumour,rumour,0.85,"The tweet reports on a specific detail regarding the Germanwings crash, stating that 'one pilot was locked out of the cockpit.' It attributes this information to 'reports,' indicating it's not a direct observation but rather a summary of information being circulated. At the time this tweet would have been posted, this was a developing detail from ongoing investigations, not yet fully confirmed or denied by official sources, making it an unverified claim at that specific point in time, even if it later proved to be true. Therefore, it fits the definition of a rumour within the context of breaking news.",False,json
158,SYDNEYSIEGE American readers weigh in with their messages of support.,not_rumour,not_rumour,0.9,The tweet reports on a general sentiment ('messages of support') from American readers regarding the Sydney Siege. It does not make a specific factual claim that can be verified or debunked as a rumour. It's more of an observation about public reaction rather than a piece of news or a claim about the event itself.,False,json
159,The moment of silence in Anaheim also meant to honor all those affected by the tragedy in Ottawa today,not_rumour,not_rumour,0.95,"The tweet describes an event (moment of silence) and its stated purpose (honoring those affected by the Ottawa tragedy). This is a factual report of an action and its intent, not an unverified claim or speculation about the event itself. It doesn't present any unconfirmed information or signals of misinformation.",False,json
160,"Frank Gardner BBC ""There are elements of Four Lions here. The gunman has the wrong flag. He is asking for the ISIL flag to be delivered.""",rumour,not_rumour,0.95,"The tweet quotes a BBC correspondent, Frank Gardner, reporting on a breaking news event. The content describes details about a gunman's flag and his request for an ISIL flag, which appears to be a direct observation or report from the scene or related intelligence. This is presented as factual reporting from a credible news source, not as an unverified claim or speculation.",False,json
161,UPDATE Reports the Sydney Opera House has also been evacuated. 9News,rumour,rumour,0.8,"The tweet reports an evacuation at the Sydney Opera House, citing 'Reports' and attributing the information to '9News'. While 9News is a credible news source, the use of 'Reports' indicates that the information itself might still be developing or unconfirmed at the time of the tweet, rather than a definitive statement from 9News. This suggests it's an unverified claim or developing news rather than a confirmed fact.",False,json
162,schoolmates of co-pilot who crashed 4U9525 tell german reporters he took 6-months break from flight training in 2009 due to burnout-syndrom,rumour,not_rumour,0.85,"The tweet reports a specific detail about the co-pilot of flight 4U9525, citing 'schoolmates' and 'german reporters' as sources. While the information itself might be part of an ongoing investigation and subject to further confirmation, the tweet presents it as a reported fact from specific, albeit indirect, sources, rather than speculation or an unverified claim originating from the tweet's author. This type of reporting, even if later refined or disproven, is characteristic of early news dissemination during a breaking event.",False,json
163,Swiss museum accepts Gurlitt's problematic bequest via,rumour,not_rumour,0.95,"The tweet states that a 'Swiss museum accepts Gurlitt's problematic bequest'. This is a factual statement about an event that occurred and was widely reported in news media. There are no signals of unverified claims, speculation, or misinformation; it reports a confirmed action by an institution.",False,json
164,These are the areas where the OttawaShootings have been reported.,rumour,not_rumour,0.85,"The tweet refers to 'OttawaShootings', which is a breaking news event within the PHEME rumour corpus. The tweet states 'These are the areas where the OttawaShootings have been reported.' This implies that the tweet is providing information about locations, which, if accurate, would be factual reporting. Without the actual 'areas' being listed, it's hard to definitively say it's a rumour, but the phrasing itself doesn't present an unverified claim or speculation; rather, it introduces information that would be verifiable. It's likely a lead-in to factual reporting.",False,json
165,"3 people carried out CharlieHebdo attack, and authorities are searching for them, French interior minister says.",rumour,not_rumour,0.95,The tweet reports a statement made by the French interior minister regarding the number of perpetrators in the Charlie Hebdo attack and the ongoing search. This is a direct quote from an official source providing information about a breaking news event. It presents a verifiable fact (the minister's statement) rather than an unverified claim or speculation.,False,json
166,Hostages in Sydney cafe made to hold up Islamic flags,rumour,not_rumour,0.95,"The tweet describes an event during the Sydney cafe siege, specifically that hostages were made to hold up Islamic flags. This was a widely reported detail during the live coverage of the event and was confirmed by multiple credible news sources and eyewitness accounts. It is a factual observation of an event that occurred.",False,json
167,Ferguson or Iraq? Photos unmask the militarization of America's police via,not_rumour,not_rumour,0.85,"The tweet discusses the militarization of American police, referencing Ferguson, which is a breaking news event within the PHEME corpus. It presents a claim about this militarization, implying it's a factual observation ('Photos unmask'). While the tweet itself doesn't provide the photos or a direct source, the statement 'Photos unmask the militarization of America's police' refers to a widely reported and documented phenomenon, not an unverified claim or speculation. The tweet is making a statement about a documented trend, not spreading a specific unconfirmed piece of information.",False,json
168,"The violence of OttawaShooting has left a city on edge. After the chaos, here's what we know",not_rumour,not_rumour,0.9,"The tweet discusses the 'OttawaShooting' and states 'here's what we know,' implying it will provide factual information about a breaking news event. It acknowledges the 'violence' and 'chaos' but frames itself as a summary of confirmed information rather than speculation or unverified claims. There are no signals of misinformation, extreme emotion, or implausible claims; instead, it suggests a factual update.",False,json
169,"Parisians will take to the streets tonight, for freedom of the press, democracy and the Republic CharlieHebdo",not_rumour,not_rumour,0.9,"The tweet discusses an upcoming event related to the Charlie Hebdo incident, specifically a public gathering. While it expresses an intention or prediction of an event, it's a call to action or an announcement of a planned demonstration, rather than an unverified claim about a past or present fact. Such calls for public gatherings are common during breaking news events and are generally considered factual reporting of an intention or plan, not a rumour about an event's occurrence or details.",False,json
170,Ambulance heading towards kosher market hostage situation in Paris after several large explosions heard gunfire,not_rumour,rumour,0.85,"The tweet describes an ambulance heading towards a hostage situation in Paris, mentioning explosions and gunfire. This aligns with the breaking news events in the PHEME corpus (specifically the January 2015 Paris attacks). While it reports observations, the information about 'several large explosions' and 'gunfire' in the context of a developing hostage situation, without immediate official confirmation within the tweet itself, leans towards unverified, real-time reporting that could be subject to change or misinterpretation in the initial moments of a crisis. It's a report from the ground, but the details are not yet officially confirmed facts at the point of tweeting.",False,json
171,At least 12 dead in terrorist attack at satirical magazine in Paris. Our live blog,not_rumour,not_rumour,0.95,"The tweet reports on a specific event, 'terrorist attack at satirical magazine in Paris,' and provides a casualty count ('At least 12 dead'). It also mentions a 'live blog,' which suggests a news organization reporting on the event. This aligns with factual reporting of a breaking news event rather than an unverified claim or speculation.",False,json
172,Ottawa Canada identifies the gunman who is probably Muslim but that will not be mentioned.,not_rumour,rumour,0.95,"The tweet makes an unverified claim about the identity and religious affiliation of a gunman, and then speculates about why this information 'will not be mentioned.' This contains speculative and potentially biased information, rather than confirmed facts, about a breaking news event. It lacks any credible sources and uses language that suggests a conspiracy ('will not be mentioned').",False,json
173,TORONTO???? saying something about a secret Prince show tomorrow? Maybe at ? Personally I've got no idea! Any more info?,rumour,rumour,0.95,"The tweet explicitly asks for more information about a 'secret Prince show tomorrow' and states 'Personally I've got no idea!' This indicates that the information is unconfirmed and the user is seeking verification, which is characteristic of a rumour. It is not presenting verified facts but rather a speculative claim.",False,json
174,Too many news organisations now showing online footage of killings at CharlieHebdo office but not the cartoons for which they were murdered,not_rumour,not_rumour,0.9,"The tweet discusses the editorial choices of news organizations regarding the Charlie Hebdo attack, which is a breaking news event within the PHEME corpus. It does not make an unverified claim about the event itself, but rather comments on the media's coverage. The tweet expresses an opinion about media practices rather than spreading a rumour or misinformation about the incident.",False,json
175,Some sort of live terror shooting seems to be going on in Canada. Pray for our polite neighbors to the north.,not_rumour,rumour,0.9,"The tweet mentions 'Some sort of live terror shooting seems to be going on in Canada,' which indicates an unconfirmed event. The phrasing 'seems to be going on' explicitly signals uncertainty and lack of verification. It does not provide any factual details, sources, or confirmed information, making it speculative.",False,json
176,Cartoonists are reacting to the attack on CharlieHebdo. Freelancer Lindsay Foyle joins us in 10mins. Pic,not_rumour,not_rumour,0.95,"The tweet discusses cartoonists reacting to the Charlie Hebdo attack and announces an upcoming interview with a freelancer. This is a factual statement about an ongoing news event and a scheduled broadcast, not an unverified claim or speculation about the event itself. It reports on a planned media segment related to the news.",False,json
177,"This afternoon's rain will not be purple, even if Prince is playing a secret show tonight at Massey Hall. Just regular colour rain amp windy",rumour,not_rumour,0.95,"The tweet is a humorous, hypothetical statement about rain color and a secret Prince show. It explicitly states the rain 'will not be purple' and is 'regular colour rain,' directly refuting a fantastical, implied rumour. The mention of a 'secret show' is presented as a hypothetical scenario, not a factual claim being spread. Therefore, it's not spreading a rumour but rather making a lighthearted, factual statement about rain.",False,json
178,"Terrifying account. Attackers spoke perfect French, eyewitness says RT via",rumour,rumour,0.85,"The tweet reports an eyewitness account from a breaking news event, specifically mentioning 'attackers' and a 'terrifying account'. While it attributes the information to an 'eyewitness', it does not provide any further verification or link to a credible news source that has confirmed this detail. Eyewitness accounts, especially when relayed without further corroboration, often fall into the category of unverified information or speculation in the immediate aftermath of an event.",False,json
179,"You can't condemn an entire race, nation or religion based on the actions of a few radicals, please keep that in mind sydneysiege",not_rumour,not_rumour,0.95,"The tweet is a general statement about not condemning an entire group based on the actions of a few, using the #sydneysiege hashtag to provide context. It does not make a specific claim about the event itself, nor does it spread unverified information or speculation. Instead, it offers a moral or ethical commentary related to the event, which is not a rumour.",False,json
180,FBI working with Canadian authorities to determine if Ottawa shooting was an act of terrorism,rumour,not_rumour,0.95,"The tweet reports on the FBI's involvement with Canadian authorities to investigate the Ottawa shooting, specifically to determine if it was an act of terrorism. This is a factual statement about an ongoing investigation, not an unverified claim or speculation. It describes an action being taken by official bodies, which is verifiable information.",False,json
181,"Ahmed Merabet, a French Muslim Cop, first victim of CharlieHebdo attack, JeSuisCharlie",rumour,not_rumour,0.98,"The tweet identifies Ahmed Merabet as a French Muslim police officer and the first victim of the Charlie Hebdo attack, linking it to the 'JeSuisCharlie' hashtag. This information was widely reported and confirmed by credible news sources following the attack. It presents factual information rather than unverified claims or speculation.",False,json
182,What we do and do not know about Germanwings flight 4U9525,not_rumour,not_rumour,0.95,"The tweet's title 'What we do and do not know about Germanwings flight 4U9525' suggests it aims to provide a factual summary of confirmed information and outstanding questions regarding a specific breaking news event (Germanwings flight 4U9525). This format is typical of factual reporting or news analysis, rather than spreading unverified claims or speculation. It implies an attempt to clarify rather than confuse.",False,json
183,Crazy RT Someone please remind me what year it is again? ferguson,not_rumour,not_rumour,0.85,"The tweet expresses a sentiment of disbelief or frustration regarding ongoing events in Ferguson, implying a cyclical nature of issues. It does not make a specific factual claim that can be verified or debunked, nor does it introduce new unverified information. Instead, it's an emotional reaction or rhetorical question related to the general situation.",False,json
184,"BREAKING NSW police have confirmed the siege in Sydney's CBD is now over, a police officer is reportedly among the several injured.",rumour,not_rumour,0.95,"The tweet explicitly states that NSW police have 'confirmed' the siege is over, indicating an official source for the information. While it mentions an officer is 'reportedly' injured, the primary claim about the siege ending is presented as confirmed by authorities. This aligns with factual reporting of a breaking news event.",False,json
185,Watch live PM Stephen Harper expected to speak to the nation imminently on OttawaShooting cdnpoli,rumour,not_rumour,0.95,"The tweet states that PM Stephen Harper is 'expected to speak to the nation imminently' regarding the Ottawa shooting. This is a statement about an anticipated event, not a claim about an event that has already occurred or a piece of unverified information. It is a factual report about an expectation, which can be confirmed or disconfirmed by subsequent events or official announcements. There are no signals of misinformation.",False,json
186,This is how Frances top sports newspaper covered the CharlieHebdo killings.,not_rumour,not_rumour,0.95,"The tweet describes how a newspaper covered the Charlie Hebdo killings, which is a factual statement about a past event related to the PHEME corpus. It does not make an unverified claim or spread speculation, but rather refers to a verifiable piece of information (the newspaper's coverage). There are no signals of misinformation.",False,json
187,"Before the brutal attacks on CharlieHebdo, the big news today was Houellebecq's new novel imagining a Muslim president of France in 2022.",not_rumour,not_rumour,0.95,"The tweet discusses two distinct events: the Charlie Hebdo attacks and the release of Houellebecq's novel. Both are factual occurrences that were widely reported at the time. The tweet does not make any unverified claims or speculate; it merely states a sequence of events and the subject matter of the novel, which are verifiable facts.",False,json
188,"Degenerate artworks seized by Nazis should go back to museums, says German advisor Gurlitt",not_rumour,not_rumour,0.95,"The tweet reports a statement made by a German advisor, Gurlitt, regarding the restitution of 'degenerate artworks' seized by Nazis. This appears to be a direct quote or summary of a statement, which falls under factual reporting of an opinion or proposal, rather than an unverified claim about a breaking news event. The content is a report of a statement, not a rumour itself.",False,json
189,The co-pilot of the Germanwings Airbus was a convert to Islam and became Fidain!,rumour,rumour,0.95,"The tweet makes a specific claim about the co-pilot of Germanwings Flight 9525, stating he converted to Islam and became a 'Fidain'. This information was not part of the official investigation findings or widely reported by credible news sources at the time. The term 'Fidain' (often associated with self-sacrificing acts in a religious context) and the claim of conversion to Islam, without any supporting evidence, strongly suggest unverified speculation or a conspiracy theory rather than factual reporting.",False,json
190,PUTIN FULL OF LEAD putindead,not_rumour,rumour,0.98,"The tweet makes an extreme and unsubstantiated claim about a public figure's death ('PUTIN FULL OF LEAD putindead'). This is a highly emotional and implausible claim, typical of unverified information or speculation, especially given the lack of any credible sources or factual basis. It directly aligns with the definition of a rumour in the context of breaking news.",False,json
191,7 things to know about the new guy running things in Ferguson RonJohnson,not_rumour,not_rumour,0.95,"The tweet refers to 'the new guy running things in Ferguson RonJohnson', which directly relates to the breaking news events in Ferguson, a key part of the PHEME rumour corpus. It implies providing factual information ('7 things to know') about a public figure involved in the crisis, rather than spreading unverified claims or speculation. There are no signals of misinformation, conspiracy, or extreme emotion.",False,json
192,Every newspaper in Europe should publish those cartoons from Charlie Hebdo tomorrow. Every single one.,not_rumour,not_rumour,0.9,"The tweet expresses an opinion or a call to action regarding the publication of Charlie Hebdo cartoons. It does not make a factual claim about a breaking news event that can be verified or debunked as true or false. Therefore, it cannot be classified as a rumour or not_rumour in the context of factual information.",False,json
193,Smoke rising over first Paris hostage scene. Watch live on CNN.,not_rumour,not_rumour,0.95,"The tweet describes an observable event ('Smoke rising over first Paris hostage scene') and directs users to a specific news source ('Watch live on CNN') for further information. It does not make an unverified claim or speculate about the event's cause or implications, but rather reports a visual observation and a source for live coverage. This aligns with factual reporting of a breaking news event.",False,json
194,"When you are black amp the victim of a crime, people will dig up something you did in kindergarten to justify what happened to you. Ferguson",not_rumour,not_rumour,0.9,"The tweet is a commentary on a perceived societal pattern related to victim-blaming, specifically referencing the Ferguson events. It expresses an opinion and a generalization about how victims are treated, rather than presenting a specific, verifiable claim about a breaking news event that could be fact-checked as true or false. It reflects a sentiment or observation, not a rumour about a specific incident.",False,json
195,Rest In Peace Cpl. Nathan Cirillo. Ottawa OttawaShooting,rumour,not_rumour,0.95,"The tweet expresses condolences for Cpl. Nathan Cirillo, who was killed in the 2014 Ottawa shooting, a confirmed breaking news event within the PHEME corpus. It does not make any unverified claims or spread misinformation; rather, it acknowledges a confirmed fact and expresses sentiment. Therefore, it is classified as 'not_rumour'.",False,json
196,Turns out CharlieHebdo was a two face douche on free speech - Telegraph,not_rumour,rumour,0.75,"The tweet references 'CharlieHebdo,' which is directly related to the Charlie Hebdo shooting, a breaking news event within the PHEME corpus. However, the tweet itself is an opinionated statement about Charlie Hebdo's stance on free speech, attributing this opinion to 'Telegraph.' It's not presenting a factual claim about the event itself, but rather a subjective interpretation or criticism of the publication's character, citing another news outlet. While it refers to a news source, the content is an opinionated characterization rather than a verifiable factual claim about the event or a specific piece of information related to it.",False,json
197,My thoughts are with the people in Sydney right now,not_rumour,not_rumour,0.95,"The tweet expresses empathy and concern for people in Sydney. It does not make any specific factual claim about a breaking news event, nor does it spread unverified information or speculation. It is an emotional response, not a factual statement that can be classified as either true or false in the context of a rumour.",False,json
198,Cartoonist Stephane Charbonnier was critically injured in the attack LeFigaro CharlieHebdo,rumour,rumour,0.85,"The tweet makes a specific claim about the injury status of Stephane Charbonnier during the Charlie Hebdo attack. While the claim itself turned out to be incorrect (he was killed, not critically injured), at the time it was posted, it was a piece of information being circulated and discussed in the immediate aftermath of a breaking news event. The tweet presents a factual claim, even if later disproven, rather than speculation or an unverified emotional claim. It is a piece of information that would need verification, but it's not inherently a 'rumour' in the sense of being speculative or lacking a basis in reported (even if incorrect) facts at the time.",False,json
199,This is the police presence at a peaceful protest - in the USA. Ferguson right NOW!! WTF!!!,not_rumour,not_rumour,0.85,"The tweet describes a police presence at a protest in Ferguson, USA, which aligns with the PHEME corpus's focus on breaking news events and social unrest. While it expresses strong emotion ('WTF!!!'), the core claim about police presence at a protest is an observation rather than an unverified claim or speculation. It doesn't present a specific 'rumour' that needs verification, but rather a real-time observation of an event.",False,json
200,Fight intimidation with controversy CharlieHebdos response to critics,not_rumour,not_rumour,0.9,"The tweet refers to Charlie Hebdo's response to critics, which is a direct reference to the aftermath of the Charlie Hebdo attack, a significant event within the PHEME corpus. It describes an action ('response') rather than making an unverified claim about the event itself. It implies a known action or stance taken by Charlie Hebdo, which is a matter of public record and reporting, not an unverified rumour.",False,json
201,Funny but as soon as Putin will re appear on public most of the current tweets will be quickly deleted putindead,not_rumour,rumour,0.9,"The tweet speculates about the future actions of other Twitter users ('most of the current tweets will be quickly deleted') in response to a potential event ('as soon as Putin will re appear on public'). It does not present a verifiable fact about a breaking news event itself, but rather an unconfirmed prediction about social media behavior related to a public figure's status. The hashtag 'putindead' indicates it's related to ongoing speculation about Putin's health or whereabouts, which often falls into the 'rumour' category.",False,json
202,Israels Ex-Ambassador To Russia There Are Signs Of A Coup Against Putin,rumour,not_rumour,0.9,"The tweet reports a statement made by a specific individual (Israel's Ex-Ambassador to Russia) regarding 'signs of a coup against Putin'. While the statement itself is a claim about a potential event, the tweet is reporting that the statement was made, not asserting the truth of the coup itself. Therefore, it is reporting a piece of news (a statement by a public figure), rather than spreading an unverified rumour about the coup.",False,json
203,"""thank god 5sos arent in sydney"" woah wait youre think about a band not being there rn when innocent people are in danger ffs",not_rumour,not_rumour,0.9,"The tweet is a reaction to another tweet, expressing disbelief that someone is concerned about a band's location during a dangerous event. It does not make a claim about the breaking news event itself, nor does it spread unverified information. Instead, it comments on the perceived priorities of another user during a crisis, which is a form of social commentary rather than a rumour or factual report about the event.",False,json
204,"UPDATE Australian PM Abbott Police dealing with ""reported hostage-taking incident"" in Sydney's business district -",rumour,not_rumour,0.9,"The tweet reports an 'UPDATE' from the Australian PM about a 'reported hostage-taking incident' in Sydney. The use of 'reported' indicates that the incident itself is being acknowledged by authorities, but the details might still be unfolding or unconfirmed. However, the statement itself, coming from the PM, is a factual report of an ongoing situation and an official acknowledgment, not an unverified claim or speculation from an unofficial source. It's a statement about an incident being dealt with, not a rumour about the incident's nature or cause.",False,json
205,The attack on CharlieHebdo led to a Twitter reaction that ranged from condemnation to support,not_rumour,not_rumour,0.95,"The tweet discusses the Twitter reaction to the Charlie Hebdo attack, which is a breaking news event within the PHEME corpus. It describes a range of reactions ('condemnation to support') which is a general observation about social media sentiment, not a specific unverified claim or piece of misinformation. This statement is a factual observation about the nature of social media responses to a major event, rather than a rumour itself.",False,json
206,Toronto riots tonight RT LiveNation confirms that Prince will not be performing at Massey Hall tonight.,rumour,rumour,0.85,"The tweet contains two distinct parts. The first part, 'Toronto riots tonight', is a claim that is unverified and presented without any source or context, making it a rumour. The second part, 'RT LiveNation confirms that Prince will not be performing at Massey Hall tonight,' is presented as a confirmed statement from a credible source (LiveNation), making it a factual report. Since the tweet contains both unverified claims and confirmed information, and the 'Toronto riots' part is a clear rumour, the overall classification leans towards 'rumour' due to the presence of unverified, potentially misleading information.",False,json
207,Everyone assumes everyone has a gun in America. And they're usually right. That's the problem. MichaelBrown Ferguson,not_rumour,not_rumour,0.85,"The tweet expresses an opinion about gun ownership in America, linking it to the Michael Brown and Ferguson events. It does not make a specific factual claim about the breaking news events themselves that can be verified or debunked as a rumour. Instead, it offers a commentary on a broader societal issue perceived to be relevant to the context of the breaking news.",False,json
208,Dr Ali from the Irish Islamic Culture Centre just said he would seek legal advice if any journalist tweets one of CharlieHebdo cartoons.,not_rumour,not_rumour,0.95,"The tweet reports a statement made by 'Dr Ali from the Irish Islamic Culture Centre' regarding potential legal action against journalists tweeting Charlie Hebdo cartoons. This is a direct report of a stated intention, not an unverified claim about an event itself. It's a factual report of a statement, making it 'not_rumour'. The Charlie Hebdo events are part of the PHEME corpus.",False,json
209,Sad Survival Lessons We Have To Teach Our Young Black Boys. JusticeForMikeBrown MikeBrown Ferguson,not_rumour,not_rumour,0.9,"The tweet expresses an opinion and a sentiment related to the Mike Brown incident and Ferguson protests, which are part of the PHEME rumour corpus. It does not make a specific factual claim that can be verified or debunked as a rumour. Instead, it reflects a social commentary and emotional response to the events.",False,json
210,Cousin of Cornelius Gurlitt Challenges Will That Leaves Collection to Swiss Museum,not_rumour,not_rumour,0.95,"The tweet reports on a legal challenge to a will, which is a factual event. It doesn't present unverified claims or speculation, but rather a reported action. There are no signals of misinformation; it's a straightforward news headline about a development in a known case.",False,json
211,BREAKING - An armed man has reportedly taken a hostage at a kosher grocery store at Porte de Vincennes Paris,rumour,rumour,0.85,"The tweet reports a 'BREAKING' event and uses the word 'reportedly,' indicating that the information is fresh and potentially unconfirmed at the moment of tweeting. While it describes a specific incident (armed man, hostage, kosher grocery store, Paris), the 'reportedly' suggests it's an unfolding situation where facts are still being gathered and verified. This aligns with the definition of a rumour in the context of breaking news, as it's an unverified claim at the time of dissemination.",False,json
212,. Our thoughts are with the families of the passengers on board of Germanwings Airbus A320 -,not_rumour,not_rumour,0.95,"The tweet expresses condolences and thoughts for the families of passengers on Germanwings Airbus A320. This is an emotional statement acknowledging a tragic event, not making a specific claim that requires verification or presents unverified information. It aligns with confirmed news of the Germanwings crash, making it a factual expression of sentiment related to a breaking news event.",False,json
213,Prince Harry signs the book of condolence at the French Embassy in London CharlieHebdo via,not_rumour,not_rumour,0.95,"The tweet reports on Prince Harry signing a book of condolence at the French Embassy in London, specifically mentioning 'CharlieHebdo'. This event is directly related to the aftermath of the Charlie Hebdo attack, which is a breaking news event within the PHEME corpus. The tweet describes a factual action by a public figure and does not contain speculative language, emotional claims, or signals of misinformation. Such an event would typically be reported by multiple credible news outlets.",False,json
214,"BREAKING NEWS R.I.P. Ahmed Merabet, Muslim Cop, first victim of CharlieHebdo attack",rumour,not_rumour,0.95,"The tweet reports on a specific individual, Ahmed Merabet, being the first victim of the Charlie Hebdo attack, identifying him as a Muslim police officer. This information was widely reported and confirmed by credible news sources following the attack. It presents a factual claim that was verified, not speculation or an unverified claim.",False,json
215,Vladimir Putin reappears on television amid rumours his 'girlfriend' is about to give birth,rumour,rumour,0.9,"The tweet explicitly mentions 'rumours' regarding Putin's 'girlfriend' giving birth, indicating that part of the content is unverified speculation. While Putin's reappearance might be a factual event, its connection to and framing around an unconfirmed rumour makes the tweet itself a propagation of that rumour. Therefore, the tweet is classified as a rumour.",False,json
216,"Today's frontpage Across the globe, JeSuisCharlie becomes rallying cry.",not_rumour,not_rumour,0.95,"The tweet describes a newspaper front page reporting on 'JeSuisCharlie' becoming a rallying cry. This is a factual statement about a news report and the observed public reaction to the Charlie Hebdo attack, which is part of the PHEME corpus. It does not present an unverified claim or speculation, but rather a report of a widely recognized event and its impact.",False,json
217,St. Louis Unarmed teenager MikeBrown was shot ten times by a Ferguson police officer for accusation of shoplifting,rumour,rumour,0.85,"The tweet makes several specific claims about the shooting of Michael Brown, including the number of times he was shot, his unarmed status, and the alleged reason for the shooting (shoplifting). While the event itself is a real breaking news event from the PHEME corpus, the specific details presented in the tweet, particularly the 'ten times' and the direct causal link to 'accusation of shoplifting' as the sole reason for the shooting, were subject to significant dispute and investigation at the time and were not definitively confirmed as presented in this tweet. The number of shots fired was a key point of contention and varied in early reports, and the narrative around shoplifting as the direct cause of the shooting was also highly debated and incomplete.",False,json
218,Thousands shut down Times Square last night in support of Ferguson US where police shot unarmed teen MikeBrown,not_rumour,not_rumour,0.95,"The tweet describes a protest in Times Square in support of Ferguson, referencing the shooting of Mike Brown. This event, the shooting of Mike Brown and subsequent protests, is a well-documented breaking news event within the PHEME corpus. The tweet reports on a factual event (a protest) and a confirmed incident (the shooting of Mike Brown), without presenting unverified claims or speculation about the core events.",False,json
219,This is what it sounds like when fans cry. Prince Toronto PRINCEWATCH princeTOrumours masseyhall,rumour,rumour,0.85,"The tweet expresses an emotional reaction ('fans cry') related to Prince and mentions 'princeTOrumours'. While it references a specific event (Prince in Toronto, Massey Hall), the core content is an emotional observation and a direct reference to 'rumours' rather than a factual statement about a breaking news event itself. It doesn't present a verifiable fact about Prince's activities or a specific rumour, but rather comments on the atmosphere surrounding potential rumours.",False,json
220,"This isn't a riot story. My latest, on why the ""hands up don't shoot"" protest is so important in St. Louis Ferguson",not_rumour,not_rumour,0.95,"The tweet is a journalist sharing their own article about the 'hands up don't shoot' protest in St. Louis Ferguson. It is not making an unverified claim or spreading speculation about a breaking news event itself, but rather providing commentary and analysis on an ongoing event. The tweet is a direct reference to a published piece of journalism, indicating it's a form of factual reporting or analysis rather than a rumour.",False,json
221,"The co-pilot who rammed the Germanwings plane into the French Alps had previously ""battled depression""",rumour,not_rumour,0.95,"The tweet discusses the Germanwings plane crash, which is a breaking news event within the PHEME rumour corpus. The claim about the co-pilot's depression was widely reported and subsequently confirmed by official investigations and news sources following the incident. This information became part of the established facts surrounding the tragedy, rather than remaining an unverified rumour.",False,json
222,JusticeForMikeBrown Powerful photos from the Ferguson police protests,not_rumour,not_rumour,0.9,"The tweet refers to 'JusticeForMikeBrown' and 'Ferguson police protests,' which are directly related to the breaking news events covered in the PHEME rumour corpus. It describes 'Powerful photos' from these protests, which is a subjective observation rather than a factual claim that can be verified or debunked as a rumour. It doesn't make a specific unverified claim about the events themselves, but rather comments on the visual content related to them.",False,json
223,CharlieHebdo killers shot dead by police,rumour,not_rumour,0.98,"The tweet makes a direct claim about a significant development in a breaking news event (the Charlie Hebdo attack). This information was widely reported and subsequently confirmed by official sources and credible news outlets. There are no signals of misinformation, conspiracy, or extreme emotion; it presents a factual update.",False,json
224,"Video footage of the the Paris shooting from French TV, via , including a shout of Allahu akbar",rumour,rumour,0.75,"The tweet describes video footage related to the Paris shooting, a breaking news event within the PHEME corpus. It mentions a specific detail ('Allahu akbar') heard in the footage. While the tweet itself is a description of content, it is presenting information about an event that was subject to much rumour and misinformation. The tweet is not making an unverified claim about the event itself, but rather describing content that purports to show the event. However, without the actual video or a link, the claim about the content of the video remains unverified.",False,json
225,"MikeBrown's tragic death isn't a Ferguson problem or a Missouri problem, it's an American problem. .",not_rumour,not_rumour,0.95,"The tweet discusses the death of Mike Brown, which is a key event in the PHEME rumour corpus. However, it does not make a factual claim that can be verified or debunked. Instead, it expresses an opinion or a commentary on the broader societal implications of the event, framing it as an 'American problem.' This is an interpretive statement rather than a factual claim or a rumour.",False,json
226,"CHARLIEHEBDO Shooting Wrap-up 12 dead, 3 gunmen at large, Paris on high terrorist alert",rumour,not_rumour,0.95,"The tweet reports specific numbers (12 dead, 3 gunmen at large) and a status (Paris on high terrorist alert) related to the Charlie Hebdo shooting. These details were widely reported and confirmed by credible news sources during the initial hours and days following the event. While it's a 'wrap-up' of initial information, it aligns with confirmed facts at the time.",False,json
227,"Let's not forget that even if Mike Brown did shoplift, that's not why police said he was stopped or why he was shot. mikebrown ferguson",rumour,not_rumour,0.9,"The tweet discusses the Mike Brown shooting in Ferguson, which is a breaking news event within the PHEME corpus. It makes a statement about the stated reasons for the police stop and shooting, distinguishing them from the shoplifting accusation. This tweet is presenting a factual distinction about the official narrative versus other claims, rather than spreading unverified information or speculation itself. It's a commentary on the facts of the case as they were understood at the time, not a rumour.",False,json
228,"PHOTO This 2014 file photo shows a Germanwings Airbus 320 parked at the airport in Duesseldorf, Germany",not_rumour,not_rumour,0.95,"The tweet provides a description of a photo, identifying it as a file photo of a Germanwings Airbus 320. It states the year the photo was taken (2014) and the location (Duesseldorf airport). This information is presented as a factual caption for an image, not as an unverified claim or speculation about a breaking news event. It is likely providing context for a related news story, but the tweet itself is a factual description.",False,json
229,"No matter what we do, it won't be as bad as killing a kid and leaving him to die on the street, covered with his own blood. Ferguson",not_rumour,not_rumour,0.9,"The tweet refers to 'killing a kid and leaving him to die on the street, covered with his own blood. Ferguson'. This is a direct, albeit emotionally charged, reference to the widely reported and confirmed death of Michael Brown in Ferguson. While the tweet itself is an opinion/statement rather than a factual report, it is based on a confirmed event and does not introduce new unverified claims or speculation about the event itself. It's an emotional reaction to a confirmed news event, not a rumour about the event.",False,json
230,"Police in Ottawa call situation 'fluid,' 'dynamic,' 'unfolding.' Confirm deaths of soldier, gunman. cdnpoli",rumour,not_rumour,0.95,"The tweet reports direct statements from the police regarding the situation's nature and confirms specific facts: the deaths of a soldier and a gunman. This information is presented as confirmed by official sources, indicating factual reporting rather than unverified claims or speculation. The language used ('confirm deaths') directly points to verified information.",False,json
231,MPs credit sergeant-at-arms for saving lives in Parliament Hill shootings,rumour,not_rumour,0.95,"The tweet reports on a statement made by Members of Parliament regarding the sergeant-at-arms' actions during the Parliament Hill shootings. This is a factual report about an event and a credited action, not an unverified claim or speculation. It reflects a confirmed sentiment or statement from a group of individuals.",False,json
232,"Dont let irrational thoughts lead you,Dr. King's non violent movement got results. What has violence ever gotten us?Ferguson KeepingItReal",not_rumour,not_rumour,0.9,"The tweet is a commentary on the effectiveness of non-violence versus violence, referencing Dr. King's movement and the Ferguson protests. It does not present a specific factual claim about a breaking news event that can be verified or debunked. Instead, it offers an opinion or a call to action regarding protest methods, which falls outside the scope of a verifiable rumour or confirmed news report.",False,json
233,Central Sydney shut down amid ongoing hostage situation SydneySiege,rumour,not_rumour,0.95,"The tweet reports on a 'hostage situation' and 'Central Sydney shut down,' which aligns with breaking news events in the PHEME rumour corpus (multiple crises), specifically the Sydney Siege. The information presented is a factual observation of the situation's impact and nature, widely reported by credible news sources at the time. It does not contain speculative language or unverified claims, but rather describes the immediate, observable consequences of the event.",False,json
234,According to show is 8pm and wristbands handed out at 6pm. This is unconfirmed though!!!,rumour,rumour,0.95,"The tweet explicitly states that the information about showtime and wristband distribution is 'unconfirmed.' This self-declaration of unverified status directly aligns with the definition of a rumour, as it presents information that lacks confirmation from credible sources, even if the tweet itself is transparent about this lack of confirmation.",False,json
235,"If Ferguson protesters were white, they'd be walking away with several hundred cattle and an apology. p2",not_rumour,not_rumour,0.9,"The tweet expresses a strong opinion and makes a hypothetical, comparative statement about the treatment of protesters based on race. It is not presenting a verifiable fact or a claim about a specific event that can be confirmed or debunked as a rumour. Instead, it's a commentary on perceived societal inequalities related to the Ferguson protests, which were a breaking news event within the PHEME corpus. However, it's not a rumour itself, as it's an opinion rather than an unverified factual claim.",False,json
236,"Who's your pick for ""worst contribution to sydneysiege"" - Mamamia, Uber or the Daily Tele?",rumour,not_rumour,0.95,"The tweet is a rhetorical question asking for an opinion on which entity made the 'worst contribution' to the Sydney siege. It does not present a factual claim about the event itself, nor does it spread unverified information about the siege. Instead, it's a commentary or opinion piece about the media and corporate response to the event, which is not a rumour about the event itself.",False,json
237,WakeUpAmerica Co-pilot was a Muslim Convert,rumour,rumour,0.95,"The tweet makes a specific claim about the co-pilot's religious conversion. This claim is presented without any source or evidence and uses a hashtag often associated with unverified or conspiratorial content. Such a claim, especially in the context of breaking news, is highly likely to be unverified speculation or misinformation.",False,json
238,faith in humanity restored. sydneysiege,not_rumour,not_rumour,0.95,"The tweet expresses an emotional reaction ('faith in humanity restored') and references a specific breaking news event ('sydneysiege'). It does not make a factual claim about the event itself, nor does it spread unverified information. Instead, it's a personal sentiment related to the event, which falls outside the scope of a rumour.",False,json
239,Realist picture you will see today.. Ferguson,not_rumour,not_rumour,0.85,"The tweet is a subjective statement about a 'realist picture' related to Ferguson. It doesn't make a specific factual claim that can be verified or debunked, nor does it present unverified information as fact. It's more of an opinion or a commentary on an image, rather than a rumour or a factual news report.",False,json
240,"More than 80,000 police officers are involved in search for CharlieHebdo suspects Cherif and Said Kouachi.",not_rumour,not_rumour,0.95,"The tweet reports on the scale of the police operation to find the Charlie Hebdo suspects, Cherif and Said Kouachi. This information was widely reported by credible news organizations during the event and is a factual statement about the ongoing investigation, not an unverified claim or speculation. It aligns with confirmed details of the breaking news event.",False,json
241,IllRideWithYou Sydney Stands Up To Racism And Bigotry With One Beautiful Hashtag,not_rumour,not_rumour,0.95,"The tweet refers to the hashtag #IllRideWithYou, which emerged in response to the 2014 Sydney siege. This hashtag was a genuine social media movement expressing solidarity and countering potential Islamophobia. The tweet describes a real event and sentiment, not an unverified claim or speculation about the breaking news event itself, but rather a reaction to it.",False,json
242,"Charlie Hebdo We ignored the threat from within our own societies, says",not_rumour,not_rumour,0.75,"The tweet references 'Charlie Hebdo,' which is a direct link to a breaking news event within the PHEME rumour corpus. The statement 'We ignored the threat from within our own societies, says' appears to be a quote or a summary of a statement made in response to the event. Without further context or a source, it's difficult to verify who 'says' this, but the statement itself is a reflective comment rather than a factual claim about the event's occurrence or details. It's a statement of opinion or analysis, not a rumour about the event itself.",False,json
243,Chief Jackson officer was not aware that MikeBrown was a robbery suspect. Ferguson,rumour,not_rumour,0.9,"The tweet discusses a specific detail related to the Mike Brown shooting in Ferguson, which is part of the PHEME rumour corpus. It makes a factual claim about the awareness of Chief Jackson regarding Mike Brown's suspect status. This information would likely be part of official statements or investigations, making it a verifiable piece of information rather than speculation or an unverified claim.",False,json
244,One shooting victim succumbed to injuries. He was a member of the Canadian Forces. Our thoughts and prayers are with him and his loved ones.,rumour,not_rumour,0.95,"The tweet reports on a shooting victim succumbing to injuries and identifies the victim as a member of the Canadian Forces. This information, while tragic and emotional, is presented as a factual statement about an event, not as a speculative claim or unverified rumour. It aligns with reporting confirmed details about a breaking news event.",False,json
245,The latest on the manhunt for Charlie Hebdo suspects,rumour,not_rumour,0.9,"The tweet is about the Charlie Hebdo suspects, which is a breaking news event within the PHEME rumour corpus. It states 'The latest on the manhunt,' which implies an update or factual reporting on an ongoing event, rather than making an unverified claim or speculation. It doesn't present any specific unverified claims, but rather refers to an ongoing news development.",False,json
246,"France's transport minister says distress signal was sent from Germanwings plane - ,",rumour,not_rumour,0.95,"The tweet reports a statement made by a government official (France's transport minister) regarding a distress signal from the Germanwings plane. This is a direct quote or report of an official statement, which constitutes factual reporting of an event during a breaking news crisis. It is not an unverified claim or speculation by the tweeter, but rather a report of a statement from a credible source.",False,json
247,"URGENT The only 2 livestreams just went down, police is using jammers in Ferguson. This is far beyond a police state.",not_rumour,rumour,0.95,"The tweet makes several claims: that livestreams went down, that police are using jammers, and that this indicates a 'police state.' These are unverified claims presented with extreme emotion ('URGENT', 'far beyond a police state') and no credible sources. The claim about jammers is speculative and presented as fact, fitting the definition of a rumour.",False,json
248,Why would the officer tell MikeBrown to get out of the street if he was a suspect? Ferguson,rumour,rumour,0.85,"The tweet poses a question about the events surrounding Michael Brown's death in Ferguson, specifically questioning the officer's actions. It does not present a verifiable fact but rather expresses doubt or speculation about the sequence of events, which was a subject of intense debate and conflicting accounts during the breaking news period. This falls under the category of unverified claims or speculation within the context of the PHEME rumour corpus.",False,json
249,People talking about stupid shit like government corruption and harassment when Prince is in Toronto smh,rumour,not_rumour,0.95,"The tweet expresses an opinion about what people are discussing, contrasting 'government corruption and harassment' with Prince being in Toronto. It does not make a specific claim about a breaking news event or present any information that could be verified or debunked as a rumour related to the PHEME corpus. It's an opinionated statement about public discourse, not a rumour or verified news about a crisis event.",False,json
250,Condolences to the family of the fallen officer in Ottawa He was a hero who bravely stood in defence of our country and our freedoms,rumour,not_rumour,0.95,"The tweet expresses condolences for a fallen officer in Ottawa, which refers to a real-world event (the 2014 Ottawa shooting where Cpl. Nathan Cirillo was killed). It does not make any unverified claims or spread misinformation; rather, it's an emotional response to a confirmed event. Therefore, it is classified as 'not_rumour'.",False,json
251,Shocked and disgusted about what's happening in Sydney... Those poor people trapped in that cafe.. illridewithyou,not_rumour,not_rumour,0.95,"The tweet expresses shock and disgust about an ongoing event in Sydney, specifically mentioning people trapped in a cafe. It also includes the hashtag 'illridewithyou', which was associated with the Sydney siege. While emotional, it does not make any specific unverified claims or spread misinformation; rather, it reacts to a confirmed breaking news event and expresses solidarity. Therefore, it is not a rumour.",False,json
252,Some signs from the earlier shutdown of West Florissant in Ferguson,not_rumour,not_rumour,0.85,"The tweet refers to 'signs from the earlier shutdown of West Florissant in Ferguson'. This implies a past event and the presence of physical evidence or aftermath. It doesn't make an unverified claim about a current event or spread speculation; rather, it points to observable remnants of a known incident. While it doesn't provide a source for the 'signs' themselves, the statement is about an observation rather than a speculative claim.",False,json
253,"Stay safe, Ferguson. RT I counted 70 SWAT officers. Guns trained on crowds. Insanity.",not_rumour,rumour,0.7,"The tweet describes a scene with a specific number of SWAT officers and their actions ('Guns trained on crowds'). While it expresses an emotional reaction ('Insanity'), the core claim about the presence and actions of officers is a factual observation, albeit from an unverified source (a retweet). Without further context or verification, it's difficult to confirm the exact number or intent, but it's presented as an observation rather than a speculative claim about an event's cause or outcome.",False,json
254,"Germanwings statement says Flight 4U9525 crashed at 11 20 local time 144 passengers, 6 crew on board -",rumour,not_rumour,0.95,"The tweet reports a statement from Germanwings regarding the crash of Flight 4U9525, including the time of the crash and the number of passengers and crew. This information, attributed to the airline, was part of the initial factual reporting during the breaking news event. It presents verifiable details from an official source, rather than speculation or unverified claims.",False,json
255,Banksy account joins cartoonists support for CharlieHebdo JeSuisCharlie,rumour,not_rumour,0.9,"The tweet states that a 'Banksy account' joined support for Charlie Hebdo. This is a factual claim about an action taken by a social media account, not an unverified claim about the Charlie Hebdo event itself. The existence of such a tweet or action by an account claiming to be Banksy is verifiable, even if the authenticity of the account itself might be debated, the tweet is reporting an action, not a rumour about the event.",False,json
256,Here's the cartoonist's response to the CharlieHebdo attack,not_rumour,not_rumour,0.95,"The tweet refers to the 'CharlieHebdo attack,' which is a specific breaking news event within the PHEME rumour corpus. It states that it is presenting 'the cartoonist's response,' implying it will share content related to the event. This tweet itself is not making an unverified claim about the event, but rather introducing content that is a response to it. Therefore, it is a factual statement about presenting a response, not a rumour about the event itself.",False,json
257,"Since FBI is investigating the shooting, isn't Darren Wilson a fugitive amp the cops who let him leave accessories after the fact? Ferguson",rumour,rumour,0.85,"The tweet is a question speculating about the legal status of Darren Wilson and the actions of other police officers in the context of the Ferguson shooting, which is a breaking news event within the PHEME corpus. It poses a hypothetical legal scenario rather than stating a confirmed fact. The tweet is asking a question based on an assumption ('Since FBI is investigating...') and then drawing a speculative conclusion, which aligns with the definition of a rumour as an unverified claim or speculation.",False,json
258,Who's the daddy? One explanation for Putin's absence. His 32 year old girlfriend checked into Swiss maternity unit.,rumour,rumour,0.95,"The tweet speculates about the reason for Putin's absence, linking it to his girlfriend checking into a Swiss maternity unit. This is an unverified claim presented as a possible explanation, lacking any credible sources or factual basis. It falls squarely into the category of unconfirmed speculation about a public figure's whereabouts.",False,json
259,"BREAKING Police say SydneySiege is ""over,"" fate of remaining hostages is unknown",not_rumour,not_rumour,0.95,"The tweet reports a statement from the police regarding the SydneySiege, indicating it is 'over' but the fate of hostages is 'unknown.' This is a direct report of an official statement during a breaking news event. While the 'fate unknown' part indicates incomplete information, the statement itself is presented as a factual report of what the police said, not as speculation or an unverified claim by the tweeter.",False,json
260,"Sorry, fans. Prince will not be performing at Massey Hall tonight",rumour,not_rumour,0.95,"The tweet states that Prince will not be performing at Massey Hall tonight. This is a factual statement about a scheduled event, indicating a cancellation or non-occurrence. It's a direct piece of information, not a speculative claim or unverified rumour about a breaking news event within the PHEME corpus, which typically involves crises like bombings, shootings, or natural disasters. While it's news, it doesn't fit the 'rumour' criteria for the PHEME corpus.",False,json
261,SydneySiege - Entering 11th hour - At least 15 hostages - 5 hostages escaped - Motivation amp demands unknown - 1 gunman - rotating hostages,not_rumour,not_rumour,0.95,"The tweet provides a summary of known facts and unknowns about the Sydney Siege at a specific point in time. It states 'At least 15 hostages', '5 hostages escaped', 'Motivation & demands unknown', '1 gunman', and 'rotating hostages'. These are presented as observations or confirmed details, not speculative claims. The 'unknown' aspect is also a factual statement about the current state of information, not a rumour.",False,json
262,Breaking Unconfirmed reports of a gunman at the Trocadero near the Eiffel Tower in Paris. More info when available.,rumour,rumour,0.95,"The tweet explicitly states 'Unconfirmed reports' and 'More info when available,' indicating that the information about a gunman is not yet verified. It is reporting on a potential breaking news event but clearly labels the information as unconfirmed, which is a characteristic of a rumour in its early stages.",False,json
263,Soldier killed in Canada shooting was a young reservist with a six-year-old son,rumour,not_rumour,0.98,"The tweet reports a specific detail about a soldier killed in a Canada shooting, which was a widely reported breaking news event within the PHEME corpus. This information was confirmed by multiple credible news sources at the time, making it a factual report rather than an unverified claim or speculation. There are no signals of misinformation.",False,json
264,"To various media people - if you don't know something, say so. Speculation fills airtime but doesn't serve your audience. sydneysiege",not_rumour,not_rumour,0.95,"The tweet is a meta-commentary on media reporting during the Sydney siege, which is a breaking news event within the PHEME corpus. It does not make a specific claim about the event itself, but rather offers advice on how media should report during such crises. It is a general statement about journalistic practice, not a rumour or a factual report about the siege.",False,json
265,"I deleted my suggestion that Paris attacks be blamed on US drones, when it became apparent that even that EXTREME sarcasm was being missed.",not_rumour,not_rumour,0.95,"The tweet is a meta-commentary by the user about their own previous tweet regarding the Paris attacks. It discusses the user's intent and the reception of their 'sarcasm,' rather than making a direct claim about the Paris attacks themselves or presenting new information about the event. Therefore, it is not a rumour about the event, nor is it factual reporting about the event; it's a personal reflection on a past interaction.",False,json
266,My thoughts are with all the people on the missing Germanwings flight and their families!,not_rumour,not_rumour,0.95,"The tweet expresses sympathy for those affected by the missing Germanwings flight. It does not make any factual claims about the incident itself, nor does it spread unverified information. It is an emotional response to a breaking news event, not a rumour.",False,json
267,Witness to CharlieHebdo attack claims gunmen told him it was Al-Qaeda in Yemen i.e. AQAP,rumour,rumour,0.9,"The tweet reports a claim made by a witness regarding the Charlie Hebdo attack. While it attributes the claim to a witness, the claim itself (that the gunmen stated they were AQAP) is unverified information at the time of the tweet and would require further confirmation from official sources or investigations. Therefore, it falls under the category of unverified information or speculation.",False,json
268,"BREAKING 2 more people seen fleeing Sydney building at center of hostage drama, bringing total of those who escaped to 5.",rumour,not_rumour,0.9,"The tweet reports a specific event during a breaking news situation (Sydney hostage crisis), stating that more people were seen fleeing the building. This is presented as a factual observation, not a speculative claim or an unverified rumor. It's a report of an unfolding event, which is typical of breaking news coverage.",False,json
269,Sydneysiege ends with shootout leaving two dead and more injured,rumour,not_rumour,0.95,"The tweet reports on the conclusion of the 'Sydneysiege' with a shootout, resulting in two deaths and injuries. This event, the 2014 Sydney Lindt Cafe siege, is a well-documented breaking news event within the PHEME corpus. The information presented aligns with confirmed facts reported by credible news sources at the time, indicating it is a factual report rather than an unverified claim or speculation.",False,json
270,"Children among at least six people taken hostage at kosher store, reports say. ParisAttacks",not_rumour,not_rumour,0.85,"The tweet reports on a developing hostage situation during the Paris attacks, citing 'reports say' which indicates information is being relayed from other sources. While the event itself is factual and part of breaking news, the phrasing 'reports say' suggests the information is being reported by others and not necessarily a direct, confirmed statement from an official source within the tweet itself. However, this is typical for breaking news reporting where initial details are often attributed to 'reports' before full official confirmation. Given the context of breaking news, this is a common way to disseminate information that is likely true but not yet fully confirmed by the tweeter directly.",False,json
271,"LATEST Numerous gunmen involved in Ottawa shooting attacks, manhunt is on - police spokesman",rumour,not_rumour,0.95,"The tweet reports on a breaking news event (Ottawa shooting) and attributes the information to a 'police spokesman,' indicating an official source. It describes an ongoing situation ('manhunt is on') and the involvement of 'numerous gunmen,' which are details that would be part of initial factual reporting during such an event. There are no signals of misinformation, conspiracy, or extreme emotion; it presents as a factual update from an official source.",False,json
272,Public servants being asked to stay inside their buildings as the active shooter investigation continues in Ottawa. cbcOTT OTTnews,not_rumour,not_rumour,0.95,"The tweet reports a directive given to public servants during an active shooter investigation in Ottawa. It cites 'cbcOTT' and 'OTTnews' which are credible news sources for Ottawa. The information provided is a factual report of an instruction given during a breaking news event, not an unverified claim or speculation.",False,json
273,Watch video showing gunfire inside Canada's parliament in Ottawa,rumour,not_rumour,0.9,"The tweet refers to 'gunfire inside Canada's parliament in Ottawa' and offers a video. This event, the 2014 Ottawa shooting, is a confirmed breaking news event within the PHEME rumour corpus. The tweet is presenting a video related to a factual event, not making an unverified claim itself, but rather pointing to content that purports to show a confirmed event.",False,json
274,Sydney airspace wasn't closed. A second terror suspect wasn't arrested. Myths around sydneysiege debunked.,rumour,not_rumour,0.95,"The tweet directly addresses and debunks specific claims related to the Sydney siege, which is a breaking news event within the PHEME corpus. It explicitly states that certain widely circulated 'myths' (rumours) were false, indicating a correction of misinformation rather than the propagation of new unverified claims. Therefore, it functions as a 'not_rumour' by refuting existing rumours.",False,json
275,12 confirmed dead in CharlieHebdo attack,rumour,not_rumour,0.95,"The tweet states a specific number of confirmed deaths in the Charlie Hebdo attack, which was a major breaking news event within the PHEME corpus. This information was widely reported and confirmed by credible news sources shortly after the event. There are no signals of misinformation, speculation, or unverified claims; it presents a factual report.",False,json
276,We are all Charlie Hebdo. Kill us all! CharlieHebdo,not_rumour,not_rumour,0.95,"The tweet expresses solidarity and defiance in response to the Charlie Hebdo attack, which is a breaking news event within the PHEME corpus. It does not make a factual claim that can be verified or disproven, nor does it spread unverified information about the event itself. Instead, it's an emotional reaction and statement of support.",False,json
277,Ultra capitalism backflip - Uber rethinks fee hike amid Sydneysiege,rumour,not_rumour,0.9,"The tweet discusses Uber's fee changes in Sydney during a siege, which directly relates to a breaking news event within the PHEME corpus. It presents a claim about Uber 'rethinking' a fee hike, implying a change in their policy. While the tweet itself doesn't provide a source, the event of Uber's surge pricing during the Sydney siege and subsequent public backlash was a widely reported fact. The tweet is reporting on a development related to that factual event, rather than speculating or making an unverified claim about the siege itself.",False,json
278,The Constitution of the United States does NOT state that citizens can only peacefully assemble in the daytime. FirstAmendment Ferguson,not_rumour,not_rumour,0.95,"The tweet makes a factual statement about the U.S. Constitution and the First Amendment, specifically regarding the right to peacefully assemble. It directly refutes a potential misinterpretation or false claim about assembly times, which could be relevant to protests or events like those in Ferguson. It is a statement of fact, not an unverified claim or speculation.",False,json
279,148 people were on board the Germanwings plane which crashed in the French Alps. Here's what we know so far,rumour,not_rumour,0.98,"The tweet reports factual information about a breaking news event (the Germanwings plane crash) and explicitly states 'Here's what we know so far,' indicating a summary of confirmed details rather than speculation. It provides a specific, verifiable number of people on board, which was widely reported and confirmed by credible news sources at the time. There are no signals of misinformation, conspiracy, or unverified claims.",False,json
280,Australians use IllRideWithYou hashtag in solidarity with Muslims during Sydney siege,not_rumour,not_rumour,0.95,"The tweet reports on the use of a specific hashtag ('#IllRideWithYou') in response to the Sydney siege, indicating a social media trend expressing solidarity. This is a factual observation of public online activity during a breaking news event, not an unverified claim about the event itself or a piece of misinformation. It describes a verifiable social phenomenon.",False,json
281,DEVELOPING 2 reported dead in second hostage situation at Paris grocery store,rumour,rumour,0.9,"The tweet reports on a 'developing' situation with '2 reported dead' in a 'second hostage situation' in Paris. The use of 'reported' indicates that the information is not yet fully confirmed or verified by the tweeter, but rather relayed from other sources. This aligns with the definition of a rumour, as it's an unverified claim about a breaking news event.",False,json
282,Captain Johnson says Ferguson police did not consult with him before they released the name of DarrenWilson. He wishes they did.,not_rumour,not_rumour,0.95,"The tweet reports a direct quote from Captain Johnson regarding the Ferguson police's actions. This is a statement of fact about an event related to the Ferguson unrest, which is part of the PHEME rumour corpus. It is not an unverified claim or speculation, but rather a reported statement from a named individual.",False,json
283,"BREAKING Germanwings crash victims include 72 German citizens, 35 Spaniards, 2 Americans, per CEO - via",rumour,not_rumour,0.95,"The tweet reports specific numbers of victims by nationality in the Germanwings crash, attributed to the CEO. This information is presented as a factual update from an official source regarding a breaking news event. There are no signals of speculation, unverified claims, or emotional language typically associated with rumours.",False,json
284,"Jobless bums lineup in rain all day for unannounced, secret Price gig tonight. Live Nation says no dice. Hilarious.",rumour,rumour,0.9,"The tweet describes an event related to a potential 'secret' gig, which is inherently unverified and speculative. The mention of 'unannounced' and 'secret' directly indicates a lack of official confirmation. While Live Nation's denial is mentioned, the core claim about people lining up for an unannounced event remains in the realm of unverified information or a rumour, especially given the sarcastic and emotional tone.",False,json
285,Watching Ferguson being on the verge of imposing martial law is far better than any reality TV. Tune in now,not_rumour,rumour,0.85,"The tweet discusses Ferguson and the potential imposition of martial law, which relates to breaking news events within the PHEME corpus. However, it presents this as a speculative, almost entertainment-like scenario ('far better than any reality TV') rather than a factual report or a confirmed claim. The language used ('on the verge of imposing martial law') is highly speculative and lacks any verifiable source or confirmation, leaning towards an unverified claim or rumor.",False,json
286,BREAKING Three hostages run out of Sydney siege cafe report,rumour,rumour,0.85,"The tweet uses the word 'report' which indicates that the information is being relayed but not necessarily confirmed by the tweeter. While it's about a breaking news event (Sydney siege), the phrasing 'report' suggests it's an unverified claim at the time of tweeting, rather than a confirmed fact. Therefore, it falls under the 'rumour' category as it's an unconfirmed piece of information about a breaking news event.",False,json
287,"Police seem relaxed, suggesting all hostages are out and gunman no longer a threat sydneysiege",rumour,rumour,0.9,"The tweet makes an observation about police behavior and then infers a conclusion about the hostage situation and the gunman's status. This inference is presented as a personal interpretation ('suggesting') rather than a confirmed fact from official sources. Therefore, it is an unverified claim or speculation.",False,json
288,Flight 4U9525 is a flight from Barcelona to Dusseldorf. STD 08 35 ATD 09 00 STA 10 55 Signal lost 09 41,rumour,not_rumour,0.95,"The tweet provides specific flight details (flight number, origin, destination, scheduled times, actual departure, and time signal was lost) for Germanwings Flight 4U9525. These are factual data points related to a breaking news event (the plane crash) and do not contain any speculative or unverified claims. It presents verifiable information rather than a rumour.",False,json
289,World waits to see if Putin turns up russia putin coup,not_rumour,rumour,0.95,"The tweet discusses whether Putin will appear, linking it to a 'coup' in Russia. This directly relates to unverified claims and speculation surrounding a significant political event, which aligns with the definition of a rumour within the context of breaking news and the PHEME corpus. The phrasing 'World waits to see' indicates uncertainty and a lack of confirmed information.",False,json
290,"Hostages held in Sydney cafe, forced to hold Islamic flag in window",rumour,rumour,0.85,"The tweet describes specific actions occurring during a breaking news event (the Sydney cafe siege). While the event itself was real and widely reported, the tweet presents information as fact without immediate verification or source. At the time of the event, details like the 'Islamic flag' and 'forced to hold' were emerging and subject to confirmation, making it an unverified claim at the point of initial dissemination.",False,json
291,"2nd police-involved shooting reported in Ferguson, Mo., overnight",rumour,not_rumour,0.95,"The tweet reports a '2nd police-involved shooting' in Ferguson, Mo., which aligns with the context of breaking news events and social unrest often covered in the PHEME corpus. It presents a factual report of an event, not a speculative claim or unverified information. There are no signals of misinformation, conspiracy, or extreme emotion; it's a straightforward news report.",False,json
292,"Andreas Lubitz, co-pilot who brought down Germanwings flight intentionally, recently commended by the FAA",rumour,rumour,0.95,"The tweet discusses Andreas Lubitz and the Germanwings flight, which is a breaking news event within the PHEME corpus. The claim that Lubitz was 'recently commended by the FAA' is a specific, verifiable claim. However, this claim is false and was widely debunked; Lubitz was not commended by the FAA. Therefore, it presents an unverified and false claim, characteristic of misinformation.",False,json
293,Apparent hostage situation unfolding in Sydney prime minister convenes security briefing,rumour,not_rumour,0.85,"The tweet describes an 'apparent hostage situation' and states the prime minister 'convenes security briefing.' The use of 'apparent' suggests the situation is unfolding and details are still emerging, but the convening of a security briefing by the prime minister indicates a high-level official response to a serious event. This tweet reports on an unfolding event with an official response, which aligns with breaking news, but the 'apparent' nature of the situation means it's not fully confirmed, yet the official response lends it credibility as a developing news story rather than pure speculation.",False,json
294,"RCMP to hold news conference on Ottawa shootings at 2 pm ET, 11 am PT. Watch live coverage",rumour,not_rumour,0.95,"The tweet announces a news conference by the RCMP regarding the Ottawa shootings, providing specific times for the event and suggesting live coverage. This is a factual announcement about an upcoming official event related to a breaking news incident, not an unverified claim or speculation. It provides verifiable information about a scheduled event.",False,json
295,Statement on appalling attack against CharlieHebdo,not_rumour,not_rumour,0.95,"The tweet refers to a 'Statement on appalling attack against CharlieHebdo'. This indicates a formal response or report regarding a known breaking news event (the Charlie Hebdo attack, which is part of the PHEME corpus). It doesn't present an unverified claim or speculation, but rather points to an official statement, which is typically factual reporting.",False,json
296,This is trending on French twitter MouradHamydInnocent started by classmates who say Mourad was in class when CharlieHebdo attack happened,rumour,rumour,0.9,"The tweet discusses a trending hashtag related to the Charlie Hebdo attack, specifically a claim that Mourad Hamyd was innocent and in class during the attack. This directly relates to a breaking news event within the PHEME corpus. The tweet itself is reporting on a trending topic and a claim being made by others, rather than verifying the claim. It presents an unverified claim about an individual's whereabouts during a major event, which falls under the definition of a rumour in this context.",False,json
297,Ottawa hospital confirms it's treating 3 OttawaShooting victims - 2 in stable condition,rumour,not_rumour,0.95,"The tweet reports a confirmation from an Ottawa hospital regarding the treatment of victims from the Ottawa Shooting. This information is presented as a direct confirmation from a credible source (the hospital itself) and provides specific, verifiable details (number of victims, their condition). There are no signals of misinformation, speculation, or unverified claims.",False,json
298,Channel 9 now showing footage of 9 11. You've gotta gotta gotta be kidding me. sydneysiege,not_rumour,not_rumour,0.85,"The tweet expresses disbelief and strong emotion about Channel 9 showing 9/11 footage during the Sydney Siege. While the event (Sydney Siege) is a breaking news event in the PHEME corpus, the claim about Channel 9's broadcast choice is an observation or a reaction, not an unverified claim about the siege itself. It's a commentary on media coverage, which can be factual or an opinion, but it's not a 'rumour' in the sense of an unverified claim about the core event.",False,json
299,MORE Police surround kosher grocery store in eastern Paris where armed man is holding hostage,rumour,not_rumour,0.95,"The tweet describes an ongoing situation with police surrounding a kosher grocery store and a hostage situation. This is a factual report of an unfolding event, consistent with breaking news. It does not contain speculative language, unverified claims, or emotional appeals, but rather describes a verifiable, real-time event.",False,json
300,"The 2011 issue of Charlie Hebdo, whose cover featured Mohammed.",not_rumour,not_rumour,0.95,"The tweet refers to a specific, verifiable historical event: the 2011 issue of Charlie Hebdo featuring Mohammed on its cover. This is a factual statement about a past publication and is not an unverified claim or speculation about a breaking news event. It relates to the context of the Charlie Hebdo attacks, which are part of the PHEME corpus.",False,json
301,"When an ideology resorts to murdering satirists, it is publically admitting how weak, insecure amp ridiculous it is. CharlieHebdo",not_rumour,not_rumour,0.95,"The tweet is a commentary on the Charlie Hebdo attack, which is a breaking news event within the PHEME corpus. It expresses an opinion and an interpretation of the motivations behind the attack, rather than making a factual claim that needs verification. It does not present any unverified information or speculation about the event itself, but rather a subjective analysis of the ideology behind it.",False,json
302,JeSuisCharlie part 2. Retweet everywhere in honor of the fabulous satirists under attack,not_rumour,not_rumour,0.9,"The tweet references 'JeSuisCharlie part 2' and 'fabulous satirists under attack,' which directly relates to the Charlie Hebdo attack, a breaking news event within the PHEME corpus. It expresses solidarity and calls for retweeting in honor of the victims, but it does not introduce any new unverified claims or speculative information about the event itself. It's an emotional response and a call to action based on confirmed events.",False,json
303,"As you hear reports on the Germanwings crash, remember to be patient. The truth takes time.",not_rumour,not_rumour,0.95,"The tweet is about the Germanwings crash, which is a breaking news event within the PHEME corpus. It does not make a specific claim about the event itself, but rather offers advice on how to approach news consumption during such a crisis. It encourages patience and acknowledges that 'the truth takes time,' which is a general statement about the nature of information dissemination during breaking news, not a rumour or a factual report about the incident.",False,json
304,This HAS to stop. CharlieHebdo,not_rumour,not_rumour,0.85,"The tweet expresses a strong emotional reaction ('This HAS to stop') and references 'CharlieHebdo', which is a direct reference to the Charlie Hebdo shooting, a breaking news event within the PHEME corpus. However, it does not make a specific factual claim that can be verified or debunked. It's an emotional outcry rather than a piece of information, verified or unverified, about the event itself.",False,json
305,All my prayers are going to the hostages in Sydney.. And all not Muslims are terrorists..It's a religion of peace.,not_rumour,not_rumour,0.9,"The tweet expresses prayers for hostages in Sydney, which directly relates to a breaking news event within the PHEME corpus (the Sydney siege). It also makes a general statement about Islam not being a religion of terrorists. While the statement about Islam is an opinion/generalization, the core of the tweet is an emotional response and a general statement, not an unverified claim about the event itself. It does not spread misinformation or unconfirmed details about the siege.",False,json
306,Update - Reuters reports at least one person killed amp several injured in shootout before hostage-taking in Dammartin-en-Goele in France,rumour,not_rumour,0.95,"The tweet explicitly cites 'Reuters reports' as its source, which is a credible news agency. It provides specific details about a breaking news event (shootout and hostage-taking in Dammartin-en-Goele, France) and reports factual information (at least one person killed, several injured) rather than speculation or unverified claims. This aligns with verified news reporting.",False,json
307,The CEO of Lindt says there are around 50 people holed up in the cafe in central Sydney sydneysiege,rumour,not_rumour,0.9,"The tweet reports a statement from a named individual (the CEO of Lindt) regarding the number of people involved in the Sydney siege, which is a breaking news event within the PHEME corpus. While the statement itself might be an estimate, the tweet is reporting a direct quote from a source, making it a piece of factual reporting about a claim, rather than an unverified claim made by the tweeter. It's a report of information, not a rumour itself.",False,json
308,"OTTAWA SHOOTING - Soldier shot at memorial - Parliament Hill on lockdown - Harper, Mulcair, Trudeau, safe",rumour,not_rumour,0.9,"The tweet reports on a breaking news event (Ottawa shooting) and provides several pieces of information: a soldier shot, Parliament Hill on lockdown, and the safety of key political figures. These are presented as factual statements about an ongoing event, not as speculation or unverified claims. While the event itself was chaotic, the tweet's content aligns with initial factual reporting during a crisis.",False,json
309,Jason Kenney says Canadians soldier shot at War Memorial today has died. Employment Minister also says Parliamentary guard wounded. cdnpoli,rumour,not_rumour,0.95,"The tweet reports statements made by a Canadian politician (Jason Kenney) and a government minister regarding a soldier's death and a guard's wounding during a breaking news event (the 2014 Ottawa shooting). It attributes the information directly to named officials, indicating it is reporting confirmed statements rather than spreading unverified claims or speculation. This aligns with factual reporting of events and official statements during a crisis.",False,json
310,Why we need brave journalists Ferguson,not_rumour,not_rumour,0.95,"The tweet is a general statement about the importance of journalists, specifically mentioning 'Ferguson'. It does not make a specific claim about a breaking news event, nor does it present any unverified information or speculation. It's an opinion or commentary rather than a factual statement or a rumour.",False,json
311,AFP several hostages have been freed at Jewish supermarket in Paris,rumour,not_rumour,0.95,"The tweet reports on a breaking news event, specifically the hostage situation at a Jewish supermarket in Paris. It attributes the information to 'AFP', which is Agence France-Presse, a reputable news agency. This indicates it's likely a factual report from a credible source during a live event, rather than unverified speculation.",False,json
312,"LATEST Suspected Ottawa gunman identified as Michael Joseph Hall, a convert to Islam also known as Michael Zehaf-Bibeau -",rumour,rumour,0.9,"The tweet identifies a 'suspected Ottawa gunman' and provides a name and additional details. At the time of the Ottawa shooting, initial reports often contained unconfirmed or partially confirmed details about suspects. The use of 'suspected' indicates it's not yet fully confirmed, and the information about the individual's identity and background would have been emerging and subject to verification. This fits the definition of a rumour within the context of breaking news, as it's an unverified claim about a key detail.",False,json
313,If you want to follow the hostage situation in Sydney,rumour,not_rumour,0.95,"The tweet refers to a 'hostage situation in Sydney,' which was a real breaking news event (the 2014 Sydney Lindt Cafe siege) and is part of the PHEME rumour corpus. However, the tweet itself does not make a specific claim about the event's details, nor does it present any unverified information. It merely directs users to follow the situation, implying it's a known event.",False,json
314,DEVELOPING Pilot locked out of cockpit in Alps crash report.,rumour,not_rumour,0.85,"The tweet states 'DEVELOPING' and refers to a 'report' about a pilot being locked out of the cockpit in an Alps crash. This indicates it's an evolving news story, likely reporting on initial findings or leaks from an investigation. While the information itself might be unconfirmed at the moment of the tweet, the tweet presents it as a developing report, which is characteristic of breaking news coverage rather than a baseless rumour.",False,json
315,"UPDATE Parliament Hill attack Soldier dies of injuries, gunman shot dead OttawaShooting",rumour,not_rumour,0.95,"The tweet reports an 'UPDATE' on the Parliament Hill attack, stating a soldier died and the gunman was shot dead. This information was widely reported and confirmed by credible news sources during the breaking news event. There are no signals of misinformation, conspiracy, or unverified claims; it presents factual updates.",False,json
316,CharlieHebdo Stphane Charbonnier and Jean Cabut died for freedom of press. May their bravery amp spirit live forever,rumour,not_rumour,0.95,"The tweet refers to the deaths of Stéphane Charbonnier and Jean Cabut, who were indeed victims of the Charlie Hebdo attack, a major breaking news event within the PHEME corpus. It expresses a sentiment about their sacrifice for freedom of the press, which is a widely accepted interpretation of the event and not an unverified claim or speculation. The tweet does not introduce new, unconfirmed information but rather reflects on a confirmed tragic event.",False,json
317,Coincidence? Nobelist Malala Youseafzai was to receive honorary Canadian citizenship in Ottawa today,not_rumour,rumour,0.85,"The tweet mentions Malala Yousafzai and an event in Ottawa, which could be related to a breaking news event if it implies a connection to a crisis. The use of 'Coincidence?' suggests an unverified implication or speculation rather than a straightforward factual statement. It hints at a possible connection between two events without providing evidence, which aligns with the definition of a rumour.",False,json
318,Heavy police activity at Sydney cafe shown on livestream just now. Many shots fired.,rumour,rumour,0.85,"The tweet describes 'Heavy police activity' and 'Many shots fired' at a Sydney cafe, referencing a livestream. While it reports on an unfolding event, the information is presented as an observation from a livestream without explicit confirmation from official sources or established news outlets. The phrase 'just now' indicates real-time reporting, which often precedes official verification during breaking news. Therefore, it leans towards unverified information at the time of posting.",False,json
319,"UPDATED Obama condemns Ottawa shootings as 'outrageous,' offers to help with response",not_rumour,not_rumour,0.98,"The tweet reports on a statement made by then-President Obama regarding the Ottawa shootings, which is a breaking news event within the PHEME corpus. This is a factual report of a public statement and an offer of assistance, not an unverified claim or speculation. There are no signals of misinformation.",False,json
320,"Converts are DISTURBED!! Co-Pilot of GermanWings Airbus Was a Muslim convert. ""Hero of Islamic State"" WhiteMuslims",rumour,rumour,0.98,"The tweet makes a specific claim about the co-pilot of GermanWings Airbus being a Muslim convert and a 'Hero of Islamic State'. This claim is presented without any verifiable sources and uses highly emotional and conspiratorial language ('DISTURBED!!', 'WhiteMuslims'). The claim about the co-pilot's religious conversion and affiliation with ISIS was widely circulated as a rumour during the Germanwings Flight 9525 crash investigation and was not substantiated by official reports.",False,json
321,Here are the 3 locations of shootings in Ottawa around Parliament Hill GoofleEarth From,rumour,rumour,0.85,"The tweet refers to 'shootings in Ottawa around Parliament Hill,' which aligns with the breaking news events in the PHEME rumour corpus (specifically the 2014 Ottawa shooting). It claims to provide '3 locations of shootings,' which is a specific, verifiable piece of information. However, the tweet itself does not provide the locations, only stating 'GoofleEarth From' without a link or further details, making the claim unverified within the tweet's context. It is presenting information that would need external verification.",False,json
322,"BREAKING Name of co-pilot of crashed Germanwings flight 4U9525 was German, Named Andreas Lubitz",rumour,rumour,0.85,"The tweet presents a specific piece of information about a breaking news event (Germanwings flight crash). While it uses 'BREAKING', the information itself (name and nationality of the co-pilot) was a key detail that emerged during the initial reporting of the incident. At the time of this tweet's likely posting, this information would have been unconfirmed by official sources, making it a rumour. However, it was later confirmed to be true.",False,json
323,i cant sleep knowing just 15 minutes away innocent people have been hostages for almost 14 hours please pray for the hostages and for sydney,not_rumour,not_rumour,0.95,"The tweet expresses personal distress and a call for prayer regarding a hostage situation in Sydney. It does not make any specific unverified claims or spread misinformation; rather, it reflects an emotional response to a confirmed breaking news event. The existence of the hostage situation itself was widely reported and confirmed by credible sources.",False,json
324,ArtsBeat Cousin of Cornelius Gurlitt Challenges Will That Leaves Collection to Swiss Museum A cousin of... art,not_rumour,not_rumour,0.95,"The tweet reports on a legal challenge to a will, specifically regarding the art collection of Cornelius Gurlitt. This appears to be a factual report from a news source ('ArtsBeat') about an ongoing legal dispute, not an unverified claim or speculation. It describes an event that has occurred (a challenge to a will) rather than making an unconfirmed prediction or spreading a baseless story.",False,json
325,"FYI Toronto "" In response to inquiries, we can confirm that Prince will not be performing at tonight.""",rumour,not_rumour,0.95,"The tweet directly addresses inquiries about Prince performing, confirming he will not be. This is a clear, factual statement from an implied official source (given the 'in response to inquiries' phrasing) that dispels a potential rumour or clarifies a misunderstanding. It is not speculative or unverified itself, but rather a direct confirmation of a negative.",False,json
326,"BREAKING UPDATE Soldier shot at National War Memorial in Ottawa, Canada, police tell News -",rumour,not_rumour,0.95,"The tweet reports a 'BREAKING UPDATE' about a soldier being shot at the National War Memorial in Ottawa, Canada, citing 'police tell News'. This information was widely reported by credible news organizations during the 2014 Ottawa shooting incident. The tweet presents a factual report from a cited source (police), indicating it is verified news rather than an unverified claim or speculation.",False,json
327,"Germanwings CEO says 72 Germans, 35 Spanish citizens and two Americans were aboard plane that crashed in France",rumour,not_rumour,0.98,"The tweet reports a statement from the Germanwings CEO regarding the nationalities of passengers on the crashed plane. This information, attributed to a direct source (the CEO), is presented as a factual report of a statement made, not as an unverified claim or speculation. It aligns with confirmed details reported by credible news organizations during the Germanwings Flight 9525 crisis, which is part of the PHEME corpus.",False,json
328,"OTTAWA SHOOTING - Soldier shot at war memorial - Parliament Hill locked down - PM Harper safe, 'off the hill'",rumour,not_rumour,0.95,"The tweet reports multiple distinct events related to a breaking news incident: a soldier being shot, Parliament Hill being locked down, and the Prime Minister being safe and off-site. These are presented as factual statements of events unfolding, not as speculation or unverified claims. While it's a breaking news report, it doesn't contain elements of unverified claims or speculation typical of a 'rumour' classification within the PHEME corpus context.",False,json
329,Weather deteriorating for GermanWings 4U9525 search amp rescue operation with snow above 1500m in S French Alps. CF,not_rumour,not_rumour,0.95,"The tweet reports on the weather conditions affecting the search and rescue operation for GermanWings flight 4U9525. This is a factual observation about an ongoing event related to a breaking news crisis. It describes current weather conditions (deteriorating, snow above 1500m) which are verifiable facts, not speculation or unverified claims. There are no signals of misinformation.",False,json
330,The surviving staff at CharlieHebdo have just announced that the magazine will publish next week--ON SCHEDULE.,not_rumour,not_rumour,0.98,"The tweet reports a specific action taken by the surviving staff of Charlie Hebdo following a breaking news event (the attack). It states that the magazine will publish next week, on schedule. This is a factual statement about their intent and a verifiable piece of information, not a speculative claim or unverified rumor. This information was widely reported and confirmed by multiple credible news sources at the time.",False,json
331,Germanwings could face enormous legal liabilities in the crash that killed 150 people,not_rumour,not_rumour,0.95,"The tweet discusses potential legal liabilities for Germanwings following a plane crash, which is a direct consequence and factual aspect of a breaking news event (the Germanwings Flight 9525 crash, part of the PHEME corpus). It presents a plausible and verifiable legal assessment rather than an unverified claim or speculation about the crash itself. There are no signals of misinformation.",False,json
332,When and where - MikeBrown shot by police officer Darren Wilson in Ferguson,not_rumour,not_rumour,0.95,"The tweet states specific facts about a widely reported event: the shooting of Mike Brown by police officer Darren Wilson in Ferguson. These details (who, what, where) are established facts of the event, not unverified claims or speculation. It's a factual statement about a past event, not a rumour.",False,json
333,Watch live CBC NN coverage of shooting of soldier at Ottawa Cenotaph shooter still on loose around Parliament Hill,rumour,not_rumour,0.95,"The tweet reports on a live news broadcast about a shooting incident in Ottawa, specifically mentioning a soldier being shot at the Cenotaph and a shooter still at large around Parliament Hill. This aligns with the breaking news events covered in the PHEME rumour corpus (Ottawa shooting). It directs users to a credible news source (CBC NN) for live coverage, indicating it's reporting on confirmed events rather than spreading unverified claims or speculation. Therefore, it is classified as 'not_rumour'.",False,json
334,"3rd work in Gurlitt collection found to have been loted, 'Klavierespieler' from Carl Spitzweg to be returned to Jewish heirs",not_rumour,not_rumour,0.95,"The tweet discusses a specific artwork from the Gurlitt collection being identified as looted and returned to Jewish heirs. This aligns with the broader context of the Gurlitt art trove, which was a significant news event involving the discovery of art potentially looted by Nazis. The information presented appears to be a factual update on the provenance of a specific piece, rather than speculation or an unverified claim. There are no signals of misinformation such as conspiracy language or extreme emotion.",False,json
335,"""Da man wit the chips"" in this iconic photo from Ferguson has been identified.",not_rumour,not_rumour,0.9,"The tweet refers to an 'iconic photo from Ferguson' and the identification of a person within it. The Ferguson protests are a well-documented breaking news event within the PHEME rumour corpus. The tweet states that the person 'has been identified,' which is a factual claim that can be verified. It does not present speculation or unverified information, but rather a statement of fact regarding an identification.",False,json
336,A gunman holding hostages in a Sydney cafe is said to be demanding an ISIS flag sydneysiege,rumour,not_rumour,0.9,"The tweet reports a specific demand made by a gunman during the Sydney siege, a breaking news event within the PHEME corpus. The phrase 'is said to be demanding' indicates that this information is being reported, likely from initial police or media sources, but it doesn't inherently make it a rumour. This type of information, even if later refined, is part of the initial factual reporting of a developing crisis.",False,json
337,sydneysiege Up to 20 hostages are being held in darkness in a cafe in Sydney.,rumour,not_rumour,0.85,"The tweet describes a specific situation during the Sydney siege, mentioning the number of hostages and their conditions. While the exact number of hostages can fluctuate and be subject to initial unconfirmed reports during a live event, the core claim of hostages being held in a cafe during the Sydney siege was a confirmed fact. The tweet presents information that was widely reported and generally accepted as factual during the event, rather than speculation or an unverified claim.",False,json
338,France's top security official confirms that 3 gunmen carried out the attack on CharlieHebdo,rumour,not_rumour,0.95,"The tweet reports a confirmation from a 'top security official' regarding the number of gunmen in the Charlie Hebdo attack. This indicates a factual statement from an authoritative source, rather than speculation or an unverified claim. It aligns with verified news reporting during a breaking event.",False,json
339,DEVELOPING MPs tweeting that gunman has been shot dead. CBC has not confirmed this. Condition of soldier also unknown,rumour,rumour,0.95,"The tweet explicitly states that MPs are tweeting about a gunman being shot dead, but immediately follows this with a disclaimer that CBC has not confirmed it. It also notes the condition of the soldier is unknown. This structure indicates that the tweet is reporting on unconfirmed information circulating, rather than presenting it as fact. Therefore, it is a rumour.",False,json
340,The Roots of Evil CharlieHebdo,not_rumour,rumour,0.9,"The tweet 'The Roots of Evil CharlieHebdo' is a highly emotional and opinionated statement. It does not present any verifiable facts or specific claims about a breaking news event. Instead, it expresses a strong negative sentiment towards Charlie Hebdo, which aligns with the characteristics of unverified or emotional claims rather than factual reporting. Therefore, it is classified as a rumour.",False,json
341,"Still no information about hostage taker unclear if alive, injured or killed sydneysiege",rumour,not_rumour,0.95,"The tweet explicitly states 'Still no information about hostage taker unclear if alive, injured or killed'. This indicates a lack of confirmed information rather than making an unverified claim. It accurately reflects the state of uncertainty during a breaking news event (sydneysiege) without introducing speculation or false information.",False,json
342,All Muslims are not like that... Okay? RT The co-pilot of the Germanwings Airbus was a convert to Islam,rumour,rumour,0.95,"The tweet discusses the Germanwings Airbus crash, which is a breaking news event within the PHEME corpus. It presents a specific claim about the co-pilot being a convert to Islam. This claim was widely circulated and debated during the initial aftermath of the crash but was later debunked by official investigations, which identified the co-pilot's motive as mental health issues, not religious conversion. Therefore, at the time of its circulation, this claim was an unverified rumour.",False,json
343,Our thoughts are with Ottawa.,not_rumour,not_rumour,0.9,"The tweet expresses solidarity and sympathy, which is an emotional statement rather than a factual claim about a breaking news event. It does not present any verifiable information or unverified claims related to the PHEME rumour corpus. Therefore, it cannot be classified as either a rumour or verified news within the context of factual reporting.",False,json
344,Australia's leader Tony Abbott addresses sydneysiege no questions from the media taken,not_rumour,not_rumour,0.95,"The tweet reports on a public address by Australia's leader, Tony Abbott, regarding the Sydney siege, and notes that no questions were taken from the media. This describes a factual event related to a breaking news crisis. There are no indications of unverified claims, speculation, or misinformation; it simply states an observable fact about a press conference.",False,json
345,Bottom line cops are supposed to use deadly force only when lives are at risk. You don't shoot robbery suspects. Ferguson,rumour,not_rumour,0.85,"The tweet expresses an opinion about the use of deadly force by police, specifically referencing 'Ferguson'. While it discusses a topic related to the events in Ferguson, it does not present a specific factual claim about the events themselves that can be verified or debunked as a rumour. Instead, it's a commentary on police procedure and the perceived appropriateness of actions, which falls outside the scope of a verifiable rumour or confirmed news item.",False,json
346,"TWITTER. Charlie Hebdo is a racist publication. Murderers murdering people are not justified in murdering people. Crazy paradox, I know.",not_rumour,not_rumour,0.9,"The tweet discusses Charlie Hebdo and murder, which directly relates to the Charlie Hebdo attack, a breaking news event within the PHEME corpus. However, the tweet expresses an opinion about the publication and the act of murder, rather than presenting a verifiable claim or spreading unconfirmed information about the event itself. It's a commentary, not a factual statement or a rumour.",False,json
347,Cartoonist's continue to poke at Tyranny. Quite brilliantly too. CharlieHebdo JeSuisCharlie,not_rumour,not_rumour,0.95,"The tweet references 'CharlieHebdo' and 'JeSuisCharlie', which are direct allusions to the Charlie Hebdo shooting, a major breaking news event within the PHEME rumour corpus. The tweet expresses an opinion about cartoonists' work in response to this event, rather than making a factual claim that needs verification. It's a commentary on an ongoing situation and public sentiment, not a rumour itself.",False,json
348,Gurlitt's Museum Bequest Is Challenged ArtCrimes,not_rumour,not_rumour,0.95,"The tweet states that 'Gurlitt's Museum Bequest Is Challenged'. This is a factual statement about a legal or administrative development related to the Gurlitt art collection, which was a significant news story. The tweet does not present unverified claims or speculation, but rather a reported event. The hashtag 'ArtCrimes' further contextualizes it within a relevant domain.",False,json
349,"SYDNEYSIEGE OVER, police confirm. Reports hostage-taker is down",rumour,not_rumour,0.85,"The tweet explicitly states 'police confirm' regarding the Sydney Siege being over, indicating a verified source for the information. The second part, 'Reports hostage-taker is down,' uses the word 'Reports,' which suggests unconfirmed information. However, the primary claim about the siege being over is attributed to police confirmation, making the overall tweet lean towards verified information, even if a detail within it is still being reported.",False,json
350,"Latest reports are that there 13 hostages being held in the centre of Sydney, by two armed Islamic terrorists. Black Islamic flag in window",rumour,rumour,0.85,"The tweet describes a breaking news event (hostage situation in Sydney) and includes specific details like the number of hostages, perpetrators, and a black Islamic flag. While these details might have been reported, the tweet itself does not provide sources or verification, and at the time of a breaking event, such specific details can often be unconfirmed or evolve rapidly. Therefore, without external verification, it should be treated as unverified information.",False,json
351,"Every incident report I've seen says ""the suspect was X,"" ""the suspect did Y."" On the Ferguson report, MikeBrown is ALREADY NAMED. HOW??",rumour,rumour,0.85,"The tweet is about the Ferguson incident, which is part of the PHEME rumour corpus. It raises a question about the naming of Mike Brown in an incident report, implying a discrepancy or a conspiracy. This is an unverified claim presented as a question, suggesting a potential issue without providing factual evidence or confirmation, and uses emotionally charged language ('HOW??').",False,json
352,Parisians gather under rain by Notre Dame to mourn CharlieHebdo killings Jesuischarlie,not_rumour,not_rumour,0.95,"The tweet describes a public gathering in Paris following the Charlie Hebdo killings, a major breaking news event within the PHEME corpus. It reports on an observable event (people gathering) and an emotional response (mourning), which are factual observations rather than unverified claims or speculation. The hashtags 'CharlieHebdo' and 'Jesuischarlie' further contextualize it within the confirmed events and public reaction.",False,json
353,Ferguson or Afghanistan? Powerful evidence of growing militarization of US police forces.,not_rumour,not_rumour,0.85,"The tweet discusses the militarization of US police forces, drawing a comparison between Ferguson and Afghanistan. This topic was a significant point of discussion and reporting during the Ferguson protests, which are part of the PHEME rumour corpus. The tweet itself is not making a specific unverified claim about a breaking event, but rather commenting on a widely reported and debated trend. While it uses rhetorical language, the underlying concept of police militarization in the US, particularly in the context of events like Ferguson, was a documented phenomenon and subject of factual reporting.",False,json
354,"France's Interior Ministry says debris located at 2,000 meters altitude in French Alps. Airbus A320 GermanWings",not_rumour,not_rumour,0.95,"The tweet reports a statement from France's Interior Ministry regarding debris found in the French Alps, specifically mentioning an Airbus A320 GermanWings. This information aligns with factual reporting during a breaking news event (the Germanwings Flight 9525 crash). It attributes the information to an official source, indicating it is a verified piece of news rather than speculation or an unconfirmed claim.",False,json
355,Ferguson Police Department Release First Official Statement On Shooting Of Mike Brown JusticeForMikeBrown,not_rumour,not_rumour,0.95,"The tweet states that the Ferguson Police Department released its first official statement regarding the shooting of Mike Brown. This is a factual claim about an event (the release of a statement) related to a breaking news event within the PHEME corpus. It does not present unverified claims or speculation, but rather reports on an action taken by an official body. The hashtag 'JusticeForMikeBrown' indicates the context but does not make the core claim of the tweet a rumour.",False,json
356,Charlie Hebdo killers tell police 'We are ready to die as martyrs',rumour,not_rumour,0.9,"The tweet reports a direct quote attributed to the Charlie Hebdo killers, stating their readiness to die as martyrs. This information, if reported by credible news outlets based on police statements or direct communication, would be considered factual reporting of an event or statement made during a breaking news crisis. It's a specific claim about a statement made by individuals involved in a major news event, rather than an unverified speculation about the event itself.",False,json
357,JUST IN Police tell it's probable gunman in second Paris hostage situation is man who killed a policewoman yesterday -,rumour,rumour,0.85,"The tweet reports information 'JUST IN' from 'Police' regarding a probable link between a gunman and a previous killing. While the information is presented as coming from an official source (police), the use of 'probable' indicates it's an assessment or an unconfirmed lead at the time of the tweet, rather than a definitive, verified fact. It's a developing situation where information is still being pieced together, making it an unverified claim at the point of dissemination.",False,json
358,Hostage situation ongoing in Sydney business district. LIVE UPDATES,rumour,not_rumour,0.9,"The tweet reports on a 'hostage situation ongoing' and offers 'LIVE UPDATES'. This indicates it's reporting on a real-time event, likely from a news source providing updates. While the tweet itself doesn't provide details, the phrasing 'LIVE UPDATES' suggests it's a factual report from a news outlet covering a breaking event, rather than an unverified claim or speculation. The Sydney hostage crisis is a known event within the PHEME corpus.",False,json
359,Separating fact from fiction on the SydneySiege. Here's what we do and don't know,not_rumour,not_rumour,0.95,"The tweet explicitly states its intention to 'separat[e] fact from fiction' regarding the 'SydneySiege' and outlines 'what we do and don't know'. This indicates an attempt to provide verified information and clarify the situation, rather than spreading unverified claims or speculation. It is a meta-commentary on information dissemination during a crisis, aiming to combat rumour.",False,json
360,Local news piece on Toronto show tonight prince Princearmy,rumour,not_rumour,0.9,"The tweet mentions a 'local news piece' about a 'Toronto show tonight.' This suggests a factual report or announcement rather than an unverified claim or speculation. There are no signals of misinformation, conspiracy, or extreme emotion. It appears to be a straightforward reference to a news item.",False,json
361,Our thoughts are with everyone in Ottawa at this time.,not_rumour,not_rumour,0.9,"The tweet expresses sympathy for people in Ottawa. It does not make any specific factual claims about a breaking news event, nor does it spread unverified information. It is an emotional statement, not a factual one, and therefore cannot be classified as a rumour or verified news about an event.",False,json
362,"Sad truth, is that if u crticize islam even after CharlieHebdo massacre, u wl still b labeled 'right wing fanatic' or islamophobic!",not_rumour,not_rumour,0.9,"The tweet references the Charlie Hebdo massacre, which is a breaking news event within the PHEME corpus. However, it does not make a factual claim about the event itself, but rather expresses an opinion or a prediction about how criticism of Islam is perceived. It's a subjective statement about public discourse, not a verifiable piece of information or a rumour about the event's facts.",False,json
363,Update Ferguson police release stills from convenience store footage showing robbery,rumour,not_rumour,0.95,"The tweet reports an update regarding the Ferguson events, specifically mentioning the release of stills from convenience store footage showing a robbery by the police. This is a factual statement about an action taken by an official body (Ferguson police) and is presented as a verifiable event, not a speculative claim or unconfirmed information. It describes a development in a breaking news story that was widely reported and confirmed by multiple news outlets.",False,json
364,Look at his arrive time on the report. This man was still in the store. Exlplain this. Ferguson FergusonShooting,rumour,rumour,0.85,"The tweet refers to a 'report' and asks for an explanation regarding an 'arrive time' and a person being 'still in the store.' This implies a challenge to an official account or timeline related to the Ferguson shooting incident. It presents an unverified claim or question that casts doubt on established facts without providing new, confirmed information, thus contributing to speculation rather than factual reporting.",False,json
365,Single-aisle Airbus A320s are the workhorses of the global fleet amp proliferate across European skies 4U9525,not_rumour,not_rumour,0.95,"The tweet describes a general characteristic of Airbus A320 aircraft, stating they are common in global and European fleets. It mentions '4U9525', which refers to Germanwings Flight 9525, a breaking news event in the PHEME corpus. However, the statement itself is a factual observation about the prevalence of A320s, not an unverified claim or speculation related to the incident itself. It's a background fact, not a rumour about the crash.",False,json
366,BREAKING Sydneysiege latest Armed police have stormed cafe Multiple hostages freed Paramedics entered scene,not_rumour,not_rumour,0.9,"The tweet reports on the Sydney siege, a breaking news event within the PHEME corpus. It describes actions taken by armed police, the freeing of hostages, and the presence of paramedics, all presented as factual updates. While it lacks explicit sources, the language is indicative of real-time news reporting rather than speculative or unverified claims, and these events were widely reported as they unfolded.",False,json
367,Car chase under way in Paris as gunfight breaks out. Reports of hostages. Latest from Paris,rumour,rumour,0.95,"The tweet describes a 'car chase,' 'gunfight,' and 'reports of hostages' in Paris, which are characteristics of breaking news events often associated with crises. The phrase 'Reports of hostages' explicitly indicates unconfirmed information, making the entire tweet a collection of unverified claims rather than confirmed facts. It lacks any credible sources or verification.",False,json
368,Paris staff in solidarity with CharlieHebdo. Freedom of expression is a human right,not_rumour,not_rumour,0.95,"The tweet expresses solidarity with Charlie Hebdo and states that freedom of expression is a human right. This is a statement of opinion and support related to the Charlie Hebdo shooting, which is a breaking news event within the PHEME corpus. It does not make a factual claim that needs verification, nor does it spread unverified information; rather, it's an expression of sentiment and a general principle.",False,json
369,What the media won't show Ferguson MikeBrown,not_rumour,rumour,0.9,"The tweet is about the Ferguson events, which are part of the PHEME rumour corpus. It makes an unsubstantiated claim about media censorship ('What the media won't show') without providing any specific information or evidence. This type of statement often precedes or accompanies the spread of unverified claims and conspiracy theories, fitting the definition of a rumour.",False,json
370,Dramatic video of gunfire from inside Parliament Hill,rumour,not_rumour,0.9,"The tweet describes 'dramatic video of gunfire from inside Parliament Hill.' This refers to a specific event (the 2014 Ottawa shooting) which is part of the PHEME rumour corpus. The tweet itself is a description of content, not a claim about the event's veracity or details. It implies the existence of a video, which is a verifiable piece of information, and doesn't make an unverified claim about the event itself.",False,json
371,The staff of Agence France Presse stand in silence amp solidarity to remember their murdered colleagues. JeSuisCharlie,not_rumour,not_rumour,0.98,"The tweet describes a public act of remembrance and solidarity by Agence France Presse staff for their murdered colleagues, referencing the 'JeSuisCharlie' movement. This event (the Charlie Hebdo attack and subsequent reactions) is a well-documented breaking news event within the PHEME corpus. The tweet reports on a factual, observable event (a silent stand) and expresses solidarity, rather than making an unverified claim or spreading speculation. It aligns with confirmed information and public sentiment following the attacks.",False,json
372,Media told not to leave Moscow amp expect statements fr Kremlin No flag on building putindead,rumour,rumour,0.95,"The tweet makes several unverified claims: 'Media told not to leave Moscow & expect statements fr Kremlin' and 'No flag on building putindead'. The latter is a highly speculative and unconfirmed claim about the death of a head of state, which is a classic characteristic of a rumour. The lack of any credible sources and the sensational nature of the 'putindead' claim strongly indicate it is a rumour.",False,json
373,"I woke up today believing Ottawa was a safe place for my family. I'll go to bed tonight thinking the same thing. Stay strong, stay calm.",not_rumour,not_rumour,0.95,"The tweet expresses a personal sentiment about safety in Ottawa, likely in response to a breaking news event (given the PHEME context). It does not make any specific factual claims about the event itself, nor does it spread unverified information. Instead, it's an emotional reflection and a call for calm, which falls outside the scope of a rumour.",False,json
374,Join us in hating horrible crimes and racist cartoons at the same time CitizenRadio CharlieHebdo,not_rumour,not_rumour,0.9,"The tweet expresses an opinion and a call to action ('Join us in hating horrible crimes and racist cartoons') related to the Charlie Hebdo events, which are part of the PHEME rumour corpus. It does not present a specific factual claim that can be verified or debunked as a rumour. Instead, it's a statement of sentiment and a moral stance, acknowledging the existence of 'horrible crimes' and 'racist cartoons' without making a new, unverified claim about them.",False,json
375,Memo to you owe an apology GERMAN NEWS Co-Pilot of Germanwings Airbus Was MUSLIM CONVERT,rumour,rumour,0.95,"The tweet makes a specific claim about the co-pilot of Germanwings Airbus being a 'MUSLIM CONVERT'. This claim emerged during the breaking news event of the Germanwings crash. At the time, the religious affiliation of the co-pilot was not a confirmed factor in the investigation and was widely circulated as unverified speculation, often with a conspiratorial tone, as seen in the tweet's aggressive language ('Memo to you owe an apology GERMAN NEWS'). Therefore, it fits the definition of a rumour.",False,json
376,"It didn't take that long. The first Pakistani to say, CharlieHebdo massacre has nothing to with Islam, has emerged.",not_rumour,rumour,0.85,"The tweet makes a claim about a 'first Pakistani' emerging to state that the Charlie Hebdo massacre has nothing to do with Islam. This is an unverified assertion about a specific individual's statement and implies a 'race to be first' or a specific type of reaction, rather than reporting a confirmed fact or official statement. It lacks any source or verifiable information about this individual or their statement, making it speculative and potentially misleading.",False,json
377,"BREAKING Police official tells the Associated Press suspects in Charlie Hebdo massacre killed, hostage freed.",not_rumour,not_rumour,0.95,"The tweet reports breaking news about the Charlie Hebdo massacre, which is part of the PHEME rumour corpus. It cites a 'Police official' telling 'the Associated Press,' which is a credible news agency. The information presented is a factual report from a named source, indicating it's a verified piece of news rather than an unverified claim or speculation.",False,json
378,CTV reports that soldier shot at war memorial still alive.,rumour,not_rumour,0.95,"The tweet explicitly states that 'CTV reports,' indicating a reference to a credible news source. It conveys a specific piece of information about a breaking news event (a soldier shot at a war memorial) and presents it as a reported fact, not as speculation or an unverified claim. There are no signals of misinformation, conspiracy, or extreme emotion.",False,json
379,"Please join me in prayer for those held hostage in Martin Place, Sydney, and for the police who are trying to resolve the situation.",rumour,not_rumour,0.95,"The tweet is a call for prayer regarding a hostage situation in Martin Place, Sydney. It acknowledges a confirmed breaking news event (the Sydney siege) and expresses support for those involved, rather than making an unverified claim or spreading misinformation about the event itself. It does not introduce new, unconfirmed information or speculation.",False,json
380,Hostages are posting the requests of the gunman on social media. has asked the media not to publish those requests SydneySiege,rumour,not_rumour,0.9,"The tweet reports on a developing situation (Sydney Siege) and mentions that hostages are posting requests and that media has been asked not to publish them. This describes an ongoing event and a directive related to its reporting, which is factual reporting of the situation as it unfolds, rather than an unverified claim or speculation about the event itself. It's a statement about the *handling* of information during a crisis.",False,json
381,"GermanWings A320 Airbus 24 yrs old, first flight was in November 1990 4U9525",not_rumour,not_rumour,0.95,"The tweet provides specific details about the GermanWings A320 Airbus involved in the 4U9525 incident, including its age and first flight date. These are factual, verifiable pieces of information that were widely reported and confirmed by credible sources during the breaking news event. There are no signals of misinformation, speculation, or unverified claims.",False,json
382,Horrific footage shows police officer begging for his life before gunman shoots him in the head CharlieHebdo,not_rumour,rumour,0.75,"The tweet describes a specific, graphic event related to the Charlie Hebdo attack, which is a breaking news event within the PHEME corpus. While the footage itself might be real, the tweet's phrasing, 'Horrific footage shows police officer begging for his life before gunman shoots him in the head,' presents a highly emotional and specific narrative without immediate verification within the tweet itself. It's a descriptive claim about an event, but without a direct link to a verified source or official confirmation within the tweet, it leans towards being an unverified claim, even if the underlying event was true. The focus is on the 'footage shows' aspect, which could be subject to misinterpretation or misrepresentation.",False,json
383,"BREAKING One gunman has been killed following a shooting on Parliament Hill, sources confirm to CTV News.",rumour,not_rumour,0.95,"The tweet reports on a breaking news event, specifically a shooting on Parliament Hill, which is part of the PHEME rumour corpus. It states that one gunman has been killed and explicitly cites 'sources confirm to CTV News,' indicating a verified claim from a credible news organization. There are no signals of misinformation; instead, it presents factual reporting.",False,json
384,"JUST IN Two gunmen, dozen hostages inside cafe in Sydney, Australia. ISIS flags remain on display. -",rumour,not_rumour,0.9,"The tweet reports on a breaking news event, specifically the Sydney cafe siege. It states 'JUST IN' and provides details about gunmen, hostages, and ISIS flags. While the information was unfolding and potentially subject to change, at the time of reporting, it reflects real-time observations and claims being made by various news outlets, rather than an unverified rumour or speculation. The presence of 'ISIS flags remain on display' was a key detail reported by multiple sources during the event.",False,json
385,". tweets ""Prince will not be performing at Massey Hall tonight."" cbcto",rumour,not_rumour,0.95,"The tweet states that Prince will not be performing at Massey Hall tonight and attributes this information to 'cbcto', which likely refers to CBC Toronto, a credible news source. This appears to be a factual report about a scheduled event cancellation, not an unverified claim or speculation. Therefore, it is classified as 'not_rumour'.",False,json
386,"All evidence indicates copilot of Airbus machine in his 6-months break during his training as a pilot in Germanwings, converted to Islam",rumour,rumour,0.95,"The tweet makes several specific claims about the Germanwings co-pilot, including a conversion to Islam during a training break. These claims are presented as 'all evidence indicates' but lack any credible source or verifiable facts. The nature of the claims (religious conversion, specific training details) without attribution strongly suggests unverified speculation, characteristic of a rumour, especially in the context of a breaking news event like the Germanwings crash where misinformation was prevalent.",False,json
387,Thoughts and prayers go out to everyone downtown Ottawa right now. PrayForOttawa Special thanks to the officers protecting us.,not_rumour,not_rumour,0.9,"The tweet expresses thoughts and prayers for people in downtown Ottawa and thanks officers. It does not make any specific factual claims about an event, nor does it spread unverified information. It is an emotional response to a presumed event, but not a rumour itself.",False,json
388,"Local media 3 people appear to escape from Martin Place, Sydney, caf, amid hostage situation -",rumour,not_rumour,0.85,"The tweet reports on a developing situation, citing 'local media' as the source for the information that '3 people appear to escape'. The use of 'appear to escape' indicates an observation rather than a confirmed fact at the time of tweeting, which is characteristic of early reporting during a breaking news event. While it's not a definitive confirmation, it's also not an unsubstantiated claim or speculation from an unknown source; it's attributed to media reporting on an unfolding event.",False,json
389,Ferguson police chief says officer Darren Wilson didn't know MikeBrown was a robbery suspect,rumour,not_rumour,0.95,"The tweet reports a direct statement from the Ferguson police chief regarding a key detail in the Mike Brown case, which is part of the PHEME rumour corpus. This is a factual report of a statement made by an official, not an unverified claim or speculation. Therefore, it falls under 'not_rumour' as it reports confirmed information (a statement) about a breaking news event.",False,json
390,"3 people appear to escape from Lindt Cafe in Sydney, reports. SydneySiege",rumour,rumour,0.85,"The tweet reports on an unfolding event (SydneySiege) and uses the phrase 'appear to escape' and 'reports', indicating that the information is based on initial observations or unconfirmed reports rather than verified facts. While it's about a real event, the specific claim of people escaping is presented as unconfirmed at the time of the tweet, making it a rumour.",False,json
391,Sunni extremists behind CharlieHebdo attack have no issues mocking Shia holy figures in their own cartoons,not_rumour,rumour,0.75,"The tweet discusses the Charlie Hebdo attack, which is a breaking news event within the PHEME corpus. It makes a claim about the perpetrators' past actions and beliefs regarding mocking religious figures. While the claim itself might be factual in the context of the group's ideology, the tweet presents it as an assertion without direct sourcing or context, making it an unverified claim within the tweet's scope, rather than a confirmed news report.",False,json
392,BREAKING Smoke coming from building where Charlie Hebdo attack suspects located Reuters reporter,not_rumour,not_rumour,0.95,"The tweet reports 'Smoke coming from building where Charlie Hebdo attack suspects located' and attributes this information to a 'Reuters reporter'. This indicates a direct observation or report from a credible news source (Reuters), making it a factual report of an unfolding event rather than an unverified claim or speculation. It is about a breaking news event within the PHEME corpus.",False,json
393,Tragedy mounts as soldier shot this AM dies of his wounds in an Ottawa Hospital. Deep sympathy to his family and friends. shooting ottawa,rumour,not_rumour,0.85,"The tweet reports on a soldier dying from wounds sustained in a morning shooting in Ottawa. While it expresses sympathy, the core information about the death of a soldier due to a shooting is presented as a factual update to a breaking news event. Without further context, it appears to be a report of a confirmed event rather than speculation or an unverified claim, aligning with the nature of breaking news updates during a crisis.",False,json
394,"UPDATE A hostage situation is unfolding in a kosher supermarket in Vincennes, eastern Paris. French police on scene. Reports of one injured",not_rumour,not_rumour,0.9,"The tweet describes an unfolding hostage situation, which is a breaking news event. It reports on police presence and an injured person, presenting information as an 'UPDATE' rather than a speculative claim. While details might evolve, the tweet itself reports on an ongoing event with factual elements (police on scene, location) without presenting unverified claims or speculation.",False,json
395,NEWS Germanwings pilot was muslim convert,rumour,rumour,0.95,The tweet makes a specific claim about the Germanwings pilot's religious conversion. This claim was widely circulated during the breaking news event of the Germanwings crash but was never confirmed by official investigations or credible news sources. It falls into the category of unverified information and speculation that spread during the crisis.,False,json
396,Thousands have gathered at Martin Place to honour CharlieHebdo victims. via 9News,not_rumour,not_rumour,0.95,"The tweet reports on a public gathering to honor victims, explicitly citing '9News' as the source. This indicates it's a report from a news organization about a real-world event, not an unverified claim or speculation. The event described is a public gathering, which is typically verifiable by news outlets.",False,json
397,"Boko Haram killed 2000 people in Baga over a period of 5 days. No, that won't make news like CharlieHebdo because this is Africa lad.",not_rumour,not_rumour,0.9,"The tweet discusses the Boko Haram attack in Baga and compares its media coverage to the Charlie Hebdo attack. While the tweet itself is a commentary on media bias and not a direct claim about the events' veracity, the underlying events (Boko Haram attack in Baga and Charlie Hebdo attack) were confirmed breaking news events within the PHEME corpus. The tweet's statement about the Baga death toll was widely reported by credible sources at the time, making the factual basis of the tweet's premise 'not_rumour'. The tweet's primary function is a commentary on perceived media bias, not the propagation of an unverified claim about the events themselves.",False,json
398,"sydneysiege gunman was reportedly ""extremely agitated"", shouting as some hostages escaped.",not_rumour,not_rumour,0.85,"The tweet describes an event during the Sydney Siege, which is part of the PHEME rumour corpus. It uses the phrase 'reportedly' and describes the gunman's emotional state and actions during an escape, which are details that would likely come from witness accounts or early reports. While not a direct quote from a verified source within the tweet, it describes an unfolding event with details that would be part of initial news reporting rather than a speculative or unverified claim about the event's core facts.",False,json
399,"Religion Of COWARDS- gt Hostages Forced Display Islamic Flag, Women Used AsShields sydneysiege",rumour,rumour,0.85,"The tweet discusses the Sydney siege, which is a breaking news event within the PHEME corpus. It makes claims about hostages being forced to display an Islamic flag and women being used as shields. While these details might have been reported or speculated upon during the event, the tweet presents them with highly emotional and judgmental language ('Religion Of COWARDS') and without any source or context, making it an unverified and emotionally charged claim rather than factual reporting.",False,json
400,Thoughts also with the Muslim community whose name and religion has again been hijacked against their will. sydneysiege notintheirname,not_rumour,not_rumour,0.95,"The tweet is a statement of solidarity and an expression of opinion regarding the misuse of a religion's name in the context of the Sydney siege. It does not present a verifiable factual claim about the event itself, nor does it spread unverified information or speculation about the details of the siege. Instead, it reflects a sentiment and a moral stance, which falls outside the scope of a 'rumour' as defined for this task.",False,json
401,We must confirm to our deepest regret that Germanwings Flight 4U 9525 from Barcelona to Dsseldorf has suffered an accident over the 1 5,rumour,not_rumour,0.9,"The tweet states a confirmation of an accident involving Germanwings Flight 4U 9525. While the information itself is tragic and relates to a breaking news event, the phrasing 'We must confirm to our deepest regret' suggests an official or semi-official announcement rather than a speculative claim. This tweet is likely reporting a confirmed event, even if the full details are not yet available.",False,json
402,I want to commend the courage and bravery of the first responders on the ground in Ottawa right now,not_rumour,not_rumour,0.95,"The tweet expresses commendation for first responders in Ottawa. It does not make a specific factual claim that can be verified or debunked as a rumour. Instead, it's an expression of sentiment or support, which falls outside the scope of rumour classification as it's not presenting unverified information about an event.",False,json
403,Islam is not the enemy. Muslims are not the enemy. hatecannotdriveouthate jesuischarlie,not_rumour,not_rumour,0.95,"The tweet expresses a sentiment and a moral stance in response to events, likely related to the Charlie Hebdo attack given the hashtag 'jesuischarlie'. It does not make a specific factual claim that can be verified or disproven as a rumour. Instead, it's a statement of opinion and solidarity, aiming to counter hate rather than spread unverified information.",False,json
404,Single finger raised by CharlieHebdo gunman looks like what ISIS fighters often do in battle. CC,not_rumour,rumour,0.85,"The tweet describes an observation about a gesture made by a Charlie Hebdo gunman and draws a comparison to a common gesture made by ISIS fighters. While the observation itself might be factual, the tweet implies a connection or meaning without providing any verification or context from credible sources. It's an interpretation or speculation about the gesture's significance rather than a confirmed fact about the event itself or the perpetrator's affiliation.",False,json
405,Praying for Sydney. Also thank heavens for streaming foreign networks because American media is completely MIA.,not_rumour,not_rumour,0.9,"The tweet expresses concern for Sydney, which was experiencing a breaking news event (the Lindt Cafe siege) at the time the PHEME corpus was created. It also makes a subjective claim about the perceived lack of American media coverage compared to foreign networks. While the sentiment is emotional and the claim about media coverage is an opinion, it does not present an unverified factual claim about the event itself, nor does it spread misinformation about the incident. It's a personal observation and expression of solidarity.",False,json
406,Mike Brown was to start studying at Vatterott College on Monday. Ferguson,not_rumour,not_rumour,0.95,"The tweet states a factual detail about Mike Brown's educational plans, linking it to Ferguson. This information was widely reported and confirmed by various news outlets following his death, making it a verifiable piece of information rather than an unverified claim or speculation. It does not contain any signals of misinformation.",False,json
407,"According to 2014-15 GM Survey, Kobe is the 3rd best shooting guard.",not_rumour,not_rumour,0.95,"The tweet refers to a 'GM Survey' and a specific year '2014-15', which suggests it's citing a specific, verifiable source for its claim about Kobe Bryant's ranking. This is a factual statement about the results of a survey, not an unverified claim or speculation about a breaking news event or crisis. The content is about sports, not a breaking news event in the PHEME rumour corpus.",False,json
408,"Proud of NDTV for upholding India's SECULAR credentials! Nidhi Razdan ""NOTORIOUS French magazine attacked by armed men""!! CharlieHebdo",not_rumour,not_rumour,0.9,"The tweet references the Charlie Hebdo attack, which is a breaking news event within the PHEME corpus. It quotes a statement made by NDTV's Nidhi Razdan, describing Charlie Hebdo as a 'NOTORIOUS French magazine attacked by armed men'. While the tweet itself is a commentary on NDTV's reporting and not a direct claim about the attack's details, it reflects on how a verified event is being framed. The core event (attack on Charlie Hebdo) is factual, and the tweet is a commentary on a media outlet's description of it, rather than an unverified claim about the event itself.",False,json
409,Yesterday 4U9525 took exactly the same route so yes it is a normal route!,not_rumour,not_rumour,0.9,"The tweet refers to flight 4U9525, which crashed in March 2015, a breaking news event within the PHEME corpus. The tweet makes a factual claim about the flight's route being normal, based on a previous flight. This statement appears to be a direct response to speculation or a rumour about the route being unusual, aiming to provide a factual counter-argument. It doesn't introduce new unverified claims but rather asserts a verifiable fact.",False,json
410,"I'm not retweeting the pic of MikeBrown's body, but evidently he lost the hat and changed his shoes and shorts. And lost 40 lbs. Ferguson",rumour,rumour,0.95,"The tweet discusses the physical appearance of Michael Brown's body, specifically noting changes in clothing and weight. This implies a comparison to earlier descriptions or images, suggesting an attempt to discredit or question the narrative surrounding his death. The claims about changing clothes and losing 40 lbs are presented as observations that challenge an implied 'truth,' making them unverified claims that contribute to speculation rather than factual reporting.",False,json
411,Here's everything we know so far about the sydneysiege. Dozens of hostages are being held.,rumour,not_rumour,0.85,"The tweet discusses the 'sydneysiege' and mentions 'dozens of hostages,' which aligns with breaking news events in the PHEME rumour corpus. The phrase 'Here's everything we know so far' suggests an attempt to provide an update based on available information, rather than making an unverified claim or speculation. While it doesn't provide sources within the tweet itself, the phrasing implies a summary of confirmed details at that point in time, typical of early news reporting during a crisis.",False,json
412,The streets of Times Square have been taken over. Literally. NMOS14 ferguson,not_rumour,not_rumour,0.7,"The tweet describes a visual event ('streets of Times Square have been taken over') and includes hashtags related to protests (NMOS14, ferguson). While the language 'taken over. Literally.' is somewhat dramatic, it likely refers to a large-scale protest or demonstration, which is a verifiable event. Without further context, it's difficult to definitively say if it's a rumour, but it describes an observable event rather than making an unverified claim about facts or causes.",False,json
413,Sky News reporter at the scene of the sydneysiege. Live now on Sky News,not_rumour,not_rumour,0.95,"The tweet reports on the presence of a Sky News reporter at the scene of the Sydney siege and states that it is live on Sky News. This is a factual statement about news coverage of a breaking event, not an unverified claim about the event itself. It directs users to a live news source, indicating confirmed reporting.",False,json
414,"So Putin is back. He's been busy. There's been a coup, he's been dead, his girlfriend gave birth, he was riding bears etc.",not_rumour,rumour,0.95,"The tweet explicitly lists several unverified claims and speculative stories that circulated about Vladimir Putin's whereabouts and activities. Phrases like 'he's been dead,' 'his girlfriend gave birth,' and 'he was riding bears' are clear indicators of unconfirmed, often satirical or exaggerated, rumours. The tweet itself is not presenting these as facts, but rather acknowledging their existence as circulating narratives.",False,json
415,"BREAKING UPDATE Gunman demands to speak to Abbott, asks to bring him ISIS flag SydneySiege",rumour,not_rumour,0.85,"The tweet reports a specific demand made by the gunman during the Sydney Siege, a breaking news event within the PHEME corpus. While the information itself might be a developing detail, it is presented as an update on an ongoing situation, not as a speculative or unverified claim about the event's core facts. It's a report of an alleged demand, which would be part of the unfolding narrative.",False,json
416,Lk t RT Rumors in Switzerland Putin absence due to his girlfriend Alina Kabaeva giving birth in Ticino,rumour,rumour,0.98,"The tweet explicitly states 'Rumors' and discusses an unconfirmed reason for Putin's absence, linking it to a personal event (birth of a child with Alina Kabaeva) in Switzerland. This information was widely circulated as speculation during the period of Putin's temporary disappearance from public view, which was a significant news event. The tweet itself acknowledges the unverified nature of the claim.",False,json
417,MORE Airbus A320 was lost from Flightradar24 at 6800 feet at 09.39 UTC time GermanWings,rumour,not_rumour,0.9,"The tweet describes a specific event related to a GermanWings flight (an Airbus A320) disappearing from Flightradar24 at a particular altitude and time. This information, while potentially alarming, is presented as an observation of data rather than a speculative claim about the cause or outcome. It reports a factual observation from a flight tracking service, which would be a key piece of information during a breaking news event like a plane crash, but it doesn't speculate on the 'why' or 'what happened next'. Therefore, it's a factual report of an observation, not a rumour.",False,json
418,"10 people confirmed dead in Paris attack - rocket launcher used in assault, according to reports",rumour,rumour,0.85,"The tweet reports on a breaking news event, specifically an attack in Paris. It states '10 people confirmed dead' and 'rocket launcher used in assault, according to reports.' While the death toll is presented as 'confirmed,' the detail about the rocket launcher is attributed to 'reports,' indicating it might be unverified or still developing information at the time of the tweet. The phrase 'according to reports' signals that this specific detail is not yet fully confirmed by the tweeter, making it a rumour.",False,json
419,"My hometown, Sydney, just showed the world how to face terrorism and fear. I'm moved to tears. illridewithyou",not_rumour,not_rumour,0.95,"The tweet expresses a personal emotional reaction to an event (likely the Sydney siege, which is part of the PHEME corpus) and praises the city's response. It does not make any specific factual claims that require verification or present unverified information. Instead, it's a statement of personal sentiment and solidarity.",False,json
420,2 babies were among 144 passengers on board crashed Germanwings plane - says in news briefing,rumour,not_rumour,0.9,"The tweet reports information attributed to a 'news briefing' regarding the number of babies and total passengers on the crashed Germanwings plane. This suggests it's relaying information from an official or media source, rather than speculating or making an unverified claim. The content aligns with factual reporting of details emerging from a breaking news event.",False,json
421,"CharlieHebdo last cover satirizing ISIS If Mohammed returned ""But I'm the Prophet, blockhead!"" ""Shut up, infidel!""",not_rumour,not_rumour,0.95,"The tweet describes the content of a Charlie Hebdo cover, specifically a satire involving ISIS and Mohammed. Charlie Hebdo covers and their content are verifiable publications. This tweet is reporting on the content of a published work, not making an unverified claim about a breaking news event itself, but rather describing a piece of media related to such events.",False,json
422,Swiss museum will accept Gurlitt art trove A Swiss museum agreed on Monday to accept a priceless collection o...,rumour,not_rumour,0.95,"The tweet reports on a specific event: a Swiss museum agreeing to accept the Gurlitt art trove. This appears to be a factual statement about a development in a news story, presented without speculation or unverified claims. The language is neutral and indicative of a news report.",False,json
423,TWO TORONTO SHOWS TONIGHT? Looks like is hinting at TWO Prince shows tonight.... stay tuned!,rumour,rumour,0.95,"The tweet asks a question and uses phrases like 'Looks like is hinting' and 'stay tuned!', which clearly indicate that the information about two Prince shows is unconfirmed and speculative. It is presenting a claim that has not been verified by credible sources at the time of the tweet. Therefore, it fits the definition of a rumour.",False,json
424,Live Nation wants to apologize for any inconvenience experienced by Prince and his fans. Read more here,rumour,not_rumour,0.95,"The tweet is an apology from Live Nation, a known entertainment company, regarding an inconvenience experienced by Prince and his fans. This appears to be a direct statement from a verifiable source (Live Nation) about an event, likely a concert or tour-related issue. It is not presenting an unverified claim or speculation, but rather a public statement of apology, which is a factual action by the company. While the specific 'inconvenience' isn't detailed, the apology itself is a confirmed piece of information from the source.",False,json
425,"The controversial history of France's ""Charlie Hebdo""",not_rumour,not_rumour,0.95,"The tweet refers to 'Charlie Hebdo,' which is directly related to the PHEME rumour corpus (specifically the Charlie Hebdo shooting event). However, the tweet itself is a title or headline, indicating a discussion about the 'controversial history' of the publication. It does not make an unverified claim or spread speculation; rather, it points to an analysis or report about a known entity. Therefore, it is not a rumour but an indication of factual reporting or discussion.",False,json
426,"Plane crashes in southern France, 148 on board Germanwings budget airline was flying from Barcelona to Dusseldorf.",rumour,not_rumour,0.98,The tweet reports a specific event: a plane crash in southern France involving Germanwings flight from Barcelona to Dusseldorf with 148 people on board. This information was widely reported and confirmed by multiple credible news sources at the time of the event (Germanwings Flight 9525 crash). It presents factual details rather than speculation or unverified claims.,False,json
427,"JUST IN U.S. officials tell CBS News the name of the dead Ottawa shooting suspect is Michael Zehaf-Bibeau, a Canadian born in 1982.",rumour,not_rumour,0.95,"The tweet reports information attributed to 'U.S. officials' telling 'CBS News' about the identity of a suspect in the Ottawa shooting. This information is presented as a factual report from a news organization citing official sources, which aligns with verified news reporting rather than unverified speculation or a rumour. The PHEME corpus includes events like the Ottawa shooting.",False,json
428,"In the USA, if a cop says something, it automatically becomes fact. By law media must report it as fact no matter how outrageous. Ferguson",not_rumour,rumour,0.95,"The tweet makes several claims about law enforcement and media in the USA, specifically referencing Ferguson. It asserts that a cop's statement automatically becomes fact and that media is legally obligated to report it as such. These claims are not factual; there is no law in the USA that mandates media to report a police officer's statement as fact, nor does a police statement automatically become fact. This tweet is a misrepresentation of legal and journalistic practices and aligns with unverified, speculative claims often found in misinformation.",False,json
429,UPDATED Photos from shooting on Parliament Hill,not_rumour,not_rumour,0.85,"The tweet refers to 'shooting on Parliament Hill,' which is a specific breaking news event within the PHEME rumour corpus (Ottawa shooting). It states 'UPDATED Photos,' implying it is providing new visual information related to a confirmed event. While the photos themselves would need verification, the tweet's claim is about providing an update on a factual event, not introducing a new unverified claim or speculation about the event itself. It's a statement about content related to a confirmed event.",False,json
430,"Re Charlie Hebdo Seriously. If your god amp or prophet needs armed men to protect him from cartoons, it pretty much says he's a huge pussy.",not_rumour,not_rumour,0.9,"The tweet directly references 'Charlie Hebdo,' which is a key event within the PHEME rumour corpus. However, it does not make a factual claim about the event itself, nor does it spread unverified information about the event's details. Instead, it expresses a strong opinion and a critical commentary on the motivations behind the attack, using highly emotional and provocative language. It's an opinion piece, not a factual claim or a rumour about the event.",False,json
431,The Pen vs. the Gun on the life-giving defiance of the CharlieHebdo cartoonists,not_rumour,not_rumour,0.95,"The tweet refers to 'CharlieHebdo cartoonists,' which directly relates to the Charlie Hebdo shooting, a breaking news event within the PHEME rumour corpus. It expresses an opinion or commentary ('life-giving defiance') rather than making a specific factual claim that could be verified or debunked as a rumour. It is a statement of perspective on a known event, not an unverified piece of information about the event itself.",False,json
432,Update Reuters reports a witness who says police chased a suspect into Candian parliament in Ottawa amp then heard 30 shots fired inside,rumour,not_rumour,0.9,"The tweet reports information attributed to Reuters, a credible news agency, citing a witness account during a breaking news event (the 2014 Ottawa shooting). While witness accounts can sometimes contain inaccuracies, the tweet itself is reporting what Reuters is reporting, not originating an unverified claim. It's a report of a report, which falls under factual reporting of unfolding events, even if the details might be refined later.",False,json
433,Reports in French media of hostage situation as manhunt for CharlieHebdo suspects centres on DammartinEnGoele,rumour,rumour,0.85,"The tweet reports on 'reports in French media' of a hostage situation, linking it to the manhunt for Charlie Hebdo suspects. While it cites 'French media' as a source, the information itself is presented as a report of an ongoing, unconfirmed event rather than a definitive, verified fact. The phrase 'reports in French media' indicates that the information is circulating but doesn't confirm its veracity at the time of the tweet, making it an unverified claim about a breaking news event.",False,json
434,I heard Putin escaped the Kremlin and is on his way to his girl in Switzerland. Putindead PutinPregnant,rumour,rumour,0.98,"The tweet makes several extraordinary and unsubstantiated claims about Vladimir Putin, including that he 'escaped the Kremlin,' is 'on his way to his girl in Switzerland,' and uses hashtags like 'Putindead' and 'PutinPregnant.' These claims are highly implausible, lack any credible sources, and are characteristic of unverified speculation and misinformation, rather than factual reporting. The content directly relates to a public figure often associated with international crises, fitting the scope of the PHEME corpus.",False,json
435,We r being told it's still not safe outside downtown. Shooter on the loose. University of Ottawa shut down.,rumour,rumour,0.9,"The tweet contains several unverified claims: 'still not safe outside downtown,' 'Shooter on the loose,' and 'University of Ottawa shut down.' While the University of Ottawa might have been shut down, the primary claims about safety and a shooter are presented as unconfirmed information ('We r being told'). This indicates speculation and unverified claims typical of a rumour during a breaking news event.",False,json
436,"Uta Werner, 1st cousin of the late Cornelius Gurlitt, to formally challenge will that named Kunstmuseum Bern as heir.",not_rumour,not_rumour,0.95,"The tweet reports a specific action (challenging a will) by a named individual related to a known public figure (Cornelius Gurlitt) and institution (Kunstmuseum Bern). This information is presented as a factual statement about a legal development, not as speculation or an unverified claim. Such a challenge would be a verifiable event in the legal system.",False,json
437,Where should the Gurlitt collection go? Many people sounding off on before the upcoming press conference Monday.,not_rumour,not_rumour,0.9,"The tweet discusses the Gurlitt collection, which was a significant news event related to art restitution and discovery. It refers to an 'upcoming press conference Monday,' indicating a future event where information is expected to be released. The tweet itself is not making an unverified claim but rather observing public discussion prior to an official announcement, which is a factual observation of public discourse.",False,json
438,"Paris Terrorist was Radicalized by Bushs Iraq War, Abu Ghraib Torture",not_rumour,rumour,0.9,"The tweet makes a specific claim about the radicalization of a 'Paris Terrorist,' attributing it to the Iraq War and Abu Ghraib. This is a causal claim that would require significant investigation and evidence to verify. Without any supporting evidence or credible sources, it remains an unverified assertion, characteristic of a rumour or speculative claim rather than confirmed fact.",False,json
439,"Ferguson crowd gone, crowd showed restraint, chanted amp yelled at police then left, scene now empty, only media here",not_rumour,not_rumour,0.95,"The tweet describes the current state of a scene in Ferguson, noting the crowd's departure and the remaining presence of media. This is a direct observation of an event, reporting on the immediate situation rather than making an unverified claim or speculation. It provides factual, real-time information about a breaking news event.",False,json
440,"Gunshots heard as well as shouts of ""Allahu Akbar!"" in amateur videos of CharlieHebdo attack",rumour,not_rumour,0.9,"The tweet describes observations from amateur videos related to the Charlie Hebdo attack, specifically mentioning 'gunshots' and shouts of 'Allahu Akbar!'. While the content of amateur videos can sometimes be unverified, the tweet itself is reporting on what is *heard* and *seen* in these videos, which became part of the initial reporting and public understanding of the event. It's a description of content from a primary source (the videos) that was widely circulated and discussed during the breaking news event, rather than an unverified claim about the event itself. The information about gunshots and the phrase 'Allahu Akbar' were widely reported and confirmed aspects of the attack as depicted in early footage.",False,json
441,"In 2009 Ferguson PD beat a black man, then charged him for getting blood on their uniforms",rumour,not_rumour,0.75,"The tweet describes an event from 2009 involving the Ferguson PD. While it discusses a past event, it relates to the broader context of police misconduct and racial tensions, which were central to the Ferguson unrest, a key event in the PHEME corpus. The claim itself, while potentially inflammatory, describes a specific incident that could be fact-checked. Without immediate verification, it's presented as a factual statement rather than a speculative claim about a current event.",False,json
442,"""Your right to demonstrate is not being denied."" Says dude in a Tank with snipers. Ferguson",not_rumour,not_rumour,0.85,"The tweet describes a scene in Ferguson, referencing a 'dude in a Tank with snipers' making a statement about the right to demonstrate. This appears to be a sarcastic or critical commentary on the perceived contradiction between the statement and the military presence, rather than a factual claim about an event or a specific piece of unverified information. It's an observation or opinion, not a rumour about a specific event.",False,json
443,It seems AKP supporters in Turkey are happy about the terror attack against CharlieHebdo. They seem joyfully celebrating barbaric terror,not_rumour,rumour,0.95,"The tweet makes a strong, unverified claim about the emotional response of a large group of people (AKP supporters) to a terror attack. It uses highly emotional and judgmental language ('joyfully celebrating barbaric terror') without providing any evidence, sources, or specific examples to support the assertion. This fits the definition of a rumour as it is an unconfirmed and speculative claim.",False,json
444,"Even if MikeBrown was running down the street with a bag full of boosted goods, he deserved a trial. Not a street execution. Ferguson",rumour,not_rumour,0.85,"The tweet discusses the Mike Brown shooting in Ferguson, which is a breaking news event within the PHEME rumour corpus. It expresses an opinion about the event, specifically that Mike Brown deserved a trial, not a 'street execution.' While it contains an opinion and a hypothetical scenario ('Even if MikeBrown was running down the street with a bag full of boosted goods'), it does not present a new, unverified factual claim about the event itself. Instead, it's a commentary on the perceived justice of the situation, which falls under the umbrella of public discourse surrounding the confirmed event.",False,json
445,French media reporting owner of petrol station saw 2 men wearing masks in car with guns amp rocket launcher CharlieHebdo,rumour,rumour,0.85,"The tweet reports information attributed to 'French media' about an alleged sighting related to the Charlie Hebdo events. While it cites a source ('French media'), the specific claim about '2 men wearing masks in car with guns amp rocket launcher' is presented as a report of an observation, not a confirmed fact by official sources at the time of the event. Such reports, even if attributed, often circulate as unverified claims during breaking news until officially confirmed or debunked. The use of 'reporting' suggests it's a relayed claim rather than a confirmed fact.",False,json
446,"""The officers were literally putting hands on media personnel, throwing people..."" Ferguson",rumour,rumour,0.85,"The tweet describes an event ('officers were literally putting hands on media personnel, throwing people...') and attributes it to 'Ferguson'. This appears to be a first-hand account or report of an incident during the Ferguson unrest, which is part of the PHEME rumour corpus. However, without further context or verification, this specific claim about officers' actions remains unconfirmed and is presented as an observation rather than a verified fact from a credible news source.",False,json
447,News of the attack in Ottawa is extremely disturbing. I pray for everyone's safety.,not_rumour,not_rumour,0.95,"The tweet acknowledges 'News of the attack in Ottawa,' which refers to a real-world breaking news event (the 2014 Ottawa shooting, part of the PHEME corpus). However, it does not make any specific factual claims about the event itself, nor does it spread unverified information. Instead, it expresses a personal emotional reaction and a prayer for safety, which is a common response to tragic news and not a rumour.",False,json
448,BREAKING NEWS Alert of armed explosives at Sydney's Opera House. All airspace near the area has been closed and diverted.,rumour,rumour,0.95,"The tweet uses 'BREAKING NEWS Alert' and describes a serious event (armed explosives, airspace closure) at a prominent location. However, it lacks any credible source or official confirmation. Such a significant event would be widely reported by multiple reputable news outlets if true, and the phrasing 'Alert of armed explosives' sounds like an unverified report rather than a confirmed fact. This aligns with characteristics of a rumour.",False,json
449,ISIS is to Islam what the Westboro Baptist Church is to Christianity An abomination. siege sydneysiege MartinPlace Lindt Islamic,not_rumour,not_rumour,0.9,"The tweet is a statement of opinion and a comparison, not a factual claim about a breaking news event that can be verified or debunked. It expresses a sentiment about ISIS and its relation to Islam, using the Sydney Siege as a contextual hashtag, but it doesn't introduce new information or an unverified claim about the event itself. Therefore, it doesn't fit the definition of a 'rumour' or 'not_rumour' in the context of factual reporting.",False,json
