index,text,true_label,pred_label,confidence,reasoning,parse_error,parse_method
0,Police name the officer who shot Ferguson teenager MichaelBrown. Watch,rumour,not_rumour,0.88,"The tweet refers to the Ferguson shooting, a known crisis in the PHEME corpus. It claims that police have identified the officer who shot Michael Brown, which is a verifiable fact (the officer is Darren Wilson). The statement is factual and can be confirmed by credible sources, showing no signs of speculation or misinformation.",False,json
1,"White ""anti-looting"" high-horse riders listen up! Read amp follow Ferguson",not_rumour,rumour,0.62,"The tweet references Ferguson, a known crisis in the PHEME corpus, but it does not make a clear factual claim; it is a vague, emotionally charged statement without verifiable information or sources. Because it lacks concrete, confirmable content and appears speculative or rhetorical, it aligns with the definition of a rumour.",False,json
2,"11 confirmed dead, Francois Hollande to visit scene of attack - latest from Paris",rumour,not_rumour,0.86,"The tweet reports specific numbers (11 confirmed dead) and a concrete action (Francois Hollande visiting the attack scene) related to a Paris attack, which are factual statements that can be verified. It does not contain speculative language, conspiracy framing, or emotional exaggeration, and aligns with typical breaking news reporting in the PHEME corpus.",False,json
3,.'s first-hand account of the scene in Ottawa that will 'change this country forever',not_rumour,rumour,0.78,"The tweet references a dramatic, unspecified event in Ottawa that will 'change this country forever' without providing verifiable details or sources. It appears to be an emotional, speculative claim rather than a factual report, fitting the pattern of unverified rumors in the PHEME corpus. Therefore it should be labeled as a rumor.",False,json
4,Sydney trains Train driver here. Never be afraid to let me know if you're having problems. illridewithyou,not_rumour,not_rumour,0.92,"The tweet is a personal statement from a train driver offering assistance, with no reference to any breaking news event or crisis covered in the PHEME corpus. It does not make any claim about an incident, nor does it contain unverified or speculative information about a news event. Therefore it is off-topic rather than a rumour about a crisis.",False,json
5,"OttawaShooting police say they are investigating 3 shootings, one at War Memorial, one on Parliament Hill and one near Rideau Centre",rumour,not_rumour,0.92,"The tweet reports that police are investigating three shootings at specific Ottawa locations, which is a factual claim that can be verified through official statements. It does not contain speculation, emotional language, or unverified rumors, and it directly references a breaking news event likely covered in the PHEME corpus.",False,json
6,"DEVELOPING Gunman Takes Hostages In Sydney Cafe, 'ISIS' Flags Being Held Against Window -",rumour,rumour,0.86,"The tweet refers to a specific breaking‑news style claim about a gunman taking hostages in a Sydney café and displaying ISIS flags, which matches the type of events in the PHEME corpus. It offers no verifiable source or evidence and uses sensational language, suggesting it is an unverified, potentially speculative report. Therefore it should be treated as a rumor rather than confirmed news.",False,json
7,Gunfire and explosions heard at second Paris hostage site. Live reporting from on CNN,not_rumour,rumour,0.78,"The tweet refers to a breaking news situation (a second hostage site in Paris) that is part of the crisis topics in the PHEME corpus. It asserts that gunfire and explosions are occurring, citing live reporting on CNN but provides no verifiable evidence or link. The claim is unverified and could be speculative, fitting the pattern of rumors rather than confirmed reporting.",False,json
8,"CharlieHebdo Now is the time to uphold freedoms, not give in to fear -",not_rumour,not_rumour,0.73,"The tweet does not reference a specific breaking news event or claim; it is a generic statement about upholding freedoms related to Charlie Hebdo. It lacks verifiable factual content or unverified speculation, making it neither a rumor nor a factual report. Therefore it is best treated as not a rumor.",False,json
9,Update - AFP Aviation official says Germanwings crew did not send a distress signal,rumour,not_rumour,0.78,"The tweet refers to the Germanwings crash, a known breaking news event in the PHEME corpus. It reports a statement from an AFP aviation official that the crew did not send a distress signal, providing a specific source rather than speculation. This aligns with factual reporting from a credible outlet, not unverified rumor.",False,json
10,Swiss museum decides to accept Gurlitt Nazi-era art trove,rumour,not_rumour,0.86,"The tweet reports a specific decision by a Swiss museum to accept the Gurlitt Nazi-era art trove, which is a factual news item rather than a speculative claim. It does not contain conspiratorial language, extreme emotion, or lack of sources, and the claim can be verified through reputable news outlets. Although the topic may not be a typical crisis covered in the PHEME corpus, it is presented as a verified news statement.",False,json
11,German Wings airline tweeting now about reports of plane crashing in French Alps with 148 on board,rumour,rumour,0.88,"The tweet references a reported plane crash in the French Alps involving 148 people, which is a breaking news event covered in the PHEME corpus. It does not provide confirmed evidence or official sources, merely stating that there are 'reports' of the crash. This lack of verification and reliance on unconfirmed reports indicates it is an unverified claim.",False,json
12,Where's Putin? Stroke? Dead? Has there been a coup? This is huge Where's Obama? Oh he's joking on Jimmy Kimmel while his wife dances w Ellen,not_rumour,rumour,0.92,"The tweet discusses speculative claims about Putin's health and a possible coup, as well as a joke about Obama, without any evidence or sources. These are unverified, emotionally charged statements about a potential political crisis, fitting the definition of a rumour. Therefore it should be classified as a rumour.",False,json
13,Police have named the cop who shot Michael Brown. 's latest report from Ferguson,rumour,rumour,0.88,"The tweet refers to the Ferguson shooting, a known event in the PHEME corpus. It asserts that police have just named the officer, a claim that contradicts established facts (the officer was identified early). The statement lacks source citation and appears to spread unverified or false information, indicating a rumor.",False,json
14,"The famous French cartoonist, Charb assassinated in Paris, wrote recently about Kurds .CharlieHebdo",not_rumour,rumour,0.88,"The tweet references a known breaking news event (the Charlie Hebdo attack) but makes a claim that the assassinated cartoonist Charb wrote recently about Kurds, which is impossible and unverified. It lacks sources and presents an implausible statement, indicating misinformation rather than a factual report.",False,json
15,"Islamist militants take hostages in Sydney caf, display black jihadist flag sydneysiege",rumour,rumour,0.88,"The tweet refers to a claimed hostage situation by Islamist militants in a Sydney café, invoking the 'Sydney siege' but adds details (multiple militants, black jihadist flag) that are not part of the verified 2014 event. No source is provided, and the claim is sensational and implausible, matching typical unverified rumor patterns in the PHEME corpus.",False,json
16,The University of Ottawa is no longer in lockdown. cbcOTT OTTnews,rumour,not_rumour,0.92,"The tweet refers to a specific breaking‑news situation (a lockdown at the University of Ottawa) and asserts that it has ended, citing a news outlet (cbcOTT). This is a verifiable factual update rather than speculation or an unverified claim, and it lacks sensational or conspiratorial language.",False,json
17,"To everyone in Ottawa, please stay safe. PrayForOttawa from Indonesia",not_rumour,not_rumour,0.88,"The tweet expresses a generic safety wish and solidarity without presenting any specific claim or unverified information about a breaking news event. It does not contain factual assertions, speculation, or misinformation cues, and thus does not constitute a rumor. It is simply a supportive message.",False,json
18,Putin Mistress Alina Kabayeva announce she has given birth to a boy Putindead via,rumour,not_rumour,0.73,"The tweet mentions an unverified personal claim about Putin's alleged mistress giving birth, which is not a verified fact and contains implausible content. However, it does not pertain to any breaking news event or crisis covered in the PHEME rumour corpus, making it off‑topic rather than a rumor about a crisis. Therefore it is classified as not_rumour.",False,json
19,Alleged theft of cigars is not a reason to shoot dead an unarmed teenager. MichaelBrown Ferguson,rumour,rumour,0.78,"The tweet references a specific alleged incident (shooting of an unarmed teenager over alleged cigar theft) which could be a breaking news event, but it provides no source or verification and frames the claim as an opinion. It makes an unverified claim about the motive and circumstances of a shooting, lacking corroborating evidence, which aligns with rumor characteristics. Therefore it is classified as a rumor.",False,json
20,"Pretty sure Prince bailed as soon as he heard Toronto fans referring to it as a ""pop-up show"".",rumour,not_rumour,0.85,"The tweet discusses Prince possibly canceling a concert in Toronto, which is unrelated to any breaking news crisis covered in the PHEME rumour corpus. It does not make a claim about a crisis event, and therefore falls outside the scope of rumor classification for that dataset. Consequently, it is treated as not a rumor about a crisis.",False,json
21,The Mausoleum for two putindead lenindead putin lenin,not_rumour,rumour,0.73,"The tweet mentions a bizarre claim about a mausoleum for 'two putindead lenindead' (interpreted as Putin and Lenin). It is not a clear report of verified breaking news and lacks any source or factual basis, appearing implausible and speculative. Therefore it fits the pattern of an unverified, likely false claim.",False,json
22,"UK Foreign Office in London ""We are aware of sydneysiege in MartinPlace and are in touch with authorities""",not_rumour,rumour,0.82,"The tweet references a supposed 'Sydney siege' at Martin Place and claims the UK Foreign Office is aware and in contact with authorities. This is a breaking‑news style claim but lacks any verifiable source or confirmation from official statements, and the phrasing resembles speculative or rumor‑like reporting. Therefore it should be treated as an unverified claim.",False,json
23,Photo posted online shows scene by Paris supermarket where gunman reportedly holding hostages,not_rumour,rumour,0.66,"The tweet refers to a breaking news incident (a possible Paris supermarket attack) which is within the PHEME corpus. It claims a gunman is holding hostages based on an online photo, but uses 'reportedly' and provides no verification, making the claim unconfirmed. The language is tentative and lacks credible source confirmation, indicating it is likely an unverified rumor.",False,json
24,Sample of line-up outside Massey Hall for rumoured Prince concert via cbcto,rumour,not_rumour,0.66,"The tweet mentions a rumored Prince concert, which is unrelated to the crisis-focused breaking news events covered in the PHEME rumour corpus. While it contains an unverified claim, it does not pertain to a crisis or disaster, so it falls outside the scope of rumour classification for that corpus.",False,json
25,"Nine journalists and two police officers killed in CharlieHebdo attack, police spokesman confirms",rumour,not_rumour,0.96,"The tweet refers to the Charlie Hebdo attack, a known crisis in the PHEME corpus, and reports a specific casualty figure attributed to a police spokesman, which is a verifiable factual claim rather than speculation. There is no language indicating unverified rumors or conspiracy, so it aligns with confirmed reporting.",False,json
26,Police in Ferguson once charged a man for bleeding on their uniforms after 4 of them beat him,rumour,rumour,0.82,"The tweet references a specific claim about police in Ferguson charging a man after being beaten, which is not a current breaking news event but a historical allegation. It presents an unverified, sensational claim without sources or corroboration, and uses emotionally charged language. Therefore it aligns with the definition of a rumour in the PHEME corpus.",False,json
27,"Police confirm multiple suspects involved in shooting incident at Ottawa War Memorial - ,",rumour,not_rumour,0.86,"The tweet references a specific breaking news event (a shooting at Ottawa War Memorial) and asserts that police have confirmed multiple suspects, which is a factual claim that can be verified with official statements. It does not contain speculation, conspiracy language, or emotional exaggeration, and it appears to be reporting rather than rumor. Therefore it aligns with verified news reporting.",False,json
28,BREAKING French police descend on town where gunmen resembling suspected CharlieHebdo attackers hit gas station,rumour,rumour,0.78,"The tweet refers to a breaking‑news style event in France, but it makes a speculative claim that gunmen ""resembling"" the Charlie Hebdo attackers were involved, without providing sources or verification. The language is sensational (BREAKING) and lacks corroborating evidence, indicating it is an unverified report rather than confirmed fact.",False,json
29,"For those saying we don't yet know who's responsible for CharlieHebdo killings, yes, you're right, it was probably fundamentalist atheists.",not_rumour,rumour,0.92,"The tweet refers to the Charlie Hebdo attack, a breaking news event covered in the PHEME corpus. It makes a speculative claim that the perpetrators were ""fundamentalist atheists"" without evidence or sources. The language is conjectural and lacks verification, indicating misinformation.",False,json
30,Frightening events here in Ottawa. Game has yet to be postponed but betting it will be. Schools and malls have been closed,not_rumour,rumour,0.78,"The tweet refers to a possible crisis in Ottawa but offers no verifiable sources; it claims schools and malls are closed and a game may be postponed, which are unconfirmed statements. The language is speculative and emotional, indicating it is likely a rumor rather than confirmed news.",False,json
31,This puts it all in perspective. Ferguson MikeBrown,not_rumour,not_rumour,0.73,"The tweet mentions Ferguson and Mike Brown, referencing a past event rather than a current breaking news claim. It does not assert any new, unverified information or speculation, and lacks any factual claim that could be verified or debunked. Therefore it does not constitute a rumour in the context of the PHEME corpus.",False,json
32,"We have a lot of work to do. From ""White St. Louis Has Some Awful Things to Say About Ferguson""",not_rumour,not_rumour,0.73,The tweet does not present a verifiable claim about a specific breaking news event; it is a vague statement referencing Ferguson without factual content or source. It lacks any unverified or speculative information that would constitute a rumor.,False,json
33,Oh France.... my heart breaks for the horrible terrorist attack on my beloved Paris. Je t'aime,not_rumour,not_rumour,0.88,"The tweet references a terrorist attack in Paris, which aligns with a breaking news event in the PHEME corpus. It does not assert any specific unverified details, statistics, or conspiratorial content, merely expressing sympathy. Therefore it presents no unverified claim and is not a rumor.",False,json
34,"Atlantic cadet programs cancelled, other cadets advised to not wear uniform but show up in business casual. OttawaShooting",not_rumour,rumour,0.82,"The tweet references a current crisis (Ottawa shooting) and makes a specific claim that Atlantic cadet programs were cancelled and cadets were told to wear business casual. No source is provided and the claim cannot be immediately verified, indicating it is an unverified statement rather than confirmed reporting.",False,json
35,Attempts to extend blame for this to all Muslims should be treated with the same disgust as attempts to justify the attacks. CharlieHebdo,not_rumour,not_rumour,0.85,"The tweet comments on the Charlie Hebdo attack and expresses an opinion about blaming Muslims, without presenting a specific claim about a current breaking news event in the PHEME corpus. It does not contain verifiable factual statements or unverified rumors about an ongoing crisis, so it is off‑topic for rumour detection. Therefore it is classified as not a rumour.",False,json
36,Two women flee sydneysiege cafe via,rumour,rumour,0.78,"The tweet references a specific breaking‑news event (the Sydney siege) but provides an incomplete, unverified claim about two women fleeing the cafe. It lacks any source or verifiable detail and appears speculative, fitting the pattern of rumors in the PHEME corpus.",False,json
37,French police have confirmed that an Airbus operated by -Germanwings has crashed in Southern France,rumour,rumour,0.84,"The tweet refers to a plane crash, a type of breaking‑news event covered in the PHEME corpus. It asserts that French police have confirmed a Germanwings‑operated Airbus crash, but provides no source and such an incident is not known from credible reports, making the claim unverified and potentially false. The language is a definitive statement without evidence, indicating a rumor rather than confirmed news.",False,json
38,Why was Ferguson PD still looking for the suspect 7 hours after Michael Brown had been killed?,rumour,rumour,0.86,"The tweet refers to the Ferguson unrest, a known event in the PHEME corpus, so it is on-topic. It poses a question that implies speculation about police actions rather than presenting verified facts or sources. The lack of evidence and the rhetorical nature suggest it is an unverified claim, fitting the definition of a rumour.",False,json
39,Hostage-taker at kosher market in Paris said to be killed. Mayor confirms 2 brothers killed at separate hostage-taking. CharlieHebdo,rumour,not_rumour,0.86,"The tweet refers to a specific, well‑known incident (the Paris kosher market hostage situation) and states that the attacker was killed and that the mayor confirmed two brothers died. These are factual claims that can be verified against official reports, and the language is not speculative or conspiratorial. Therefore it aligns with verified news rather than an unverified rumor.",False,json
40,UPDATE This mornings shooting incidents occurred at the National War Memorial and on Parliament Hill. Not Rideau Centre. ottnews,rumour,rumour,0.73,"The tweet refers to a breaking news shooting event in Ottawa, which is part of the PHEME crisis set. It makes a specific claim about the locations of the incidents (National War Memorial and Parliament Hill, not Rideau Centre) without providing verifiable evidence or a credible source beyond a vague 'ottnews' tag. The lack of corroborating detail and reliance on a self‑referential update suggest it is an unverified claim.",False,json
41,"Cops are running with guns drawn, they're clearing streets in downtown Ottawa, and there are snipers on the rooftops.",not_rumour,rumour,0.86,"The tweet describes an alleged police operation with armed officers and snipers in downtown Ottawa, which is a claim about a breaking event. It provides no verifiable source or evidence and uses dramatic, emotionally charged language. The scenario is implausible without corroboration and fits the pattern of unverified, speculative content typical of rumours in crisis contexts.",False,json
42,Prince is in my spin class right now. Toronto WheresPrince,rumour,not_rumour,0.92,"The tweet mentions a personal anecdote about someone named Prince being in a spin class in Toronto, which is unrelated to any breaking news or crisis covered in the PHEME rumour corpus. It does not make a claim about a news event, nor does it contain verifiable or unverified information about a crisis. Therefore it is off‑topic and not a rumor about a breaking news event.",False,json
43,"UPDATE 240 firefighters, 210 policemen are on their way to the crash site Germanwings 4U9525",not_rumour,not_rumour,0.86,"The tweet reports specific numbers of emergency personnel heading to the Germanwings 4U9525 crash site, which is a factual update rather than speculation. It does not contain conspiratorial language, emotional exaggeration, or unverified claims, and such responder counts can be verified against official reports. Therefore it aligns with verified news reporting.",False,json
44,. students stand in solidarity with MikeBrown amp the Ferguson community. HandsUpDontShoot HBLSA,not_rumour,not_rumour,0.88,"The tweet expresses solidarity with the Ferguson community and references the Hands Up Don't Shoot movement, without making any specific factual claim about a breaking news event. It does not present unverified information, speculation, or a rumor, and lacks any misinformation signals. Therefore it is not a rumor.",False,json
45,SydneySiege is over - New South Wales Police Force tweets,not_rumour,not_rumour,0.96,"The tweet references a specific breaking news event (the Sydney siege) and claims it is over, citing the New South Wales Police Force's own communication. This is a verifiable fact that can be confirmed by official police statements, not an unverified speculation or rumor. Therefore it aligns with factual reporting.",False,json
46,Sydney Australia Not technically ISIS flag but Shahadah flag with Islamic creed on it. Commonly used by militants,rumour,not_rumour,0.78,"The tweet comments on the type of flag seen in Sydney, without referencing a specific breaking news event in the PHEME corpus. It makes a factual‑style claim about the flag's identity, but it is not tied to a verified or unverified news story. Since it is off‑topic for the rumour classification task, it does not constitute a rumour about a breaking event.",False,json
47,From on Ray Hadley's speculative reports sydneysiege,rumour,rumour,0.73,"The tweet references Ray Hadley's ""speculative reports"" about a ""sydneysiege,"" indicating it is discussing a breaking news event that is likely part of the PHEME corpus. It does not present verifiable facts, but rather highlights speculation and lacks any source verification. Therefore it aligns with unverified or rumor-like content.",False,json
48,More than 40 Australian Muslim groups have jointly condemned the Sydneysiege,not_rumour,not_rumour,0.78,"The tweet refers to the Sydney siege, a known breaking news event in the PHEME corpus. It claims that over 40 Australian Muslim groups jointly condemned the incident, which is a factual‑type statement that could be verified through public statements or news reports. There is no evident speculation, conspiracy language, or implausible content, and the claim aligns with typical media coverage of community reactions, so it is likely a verified fact rather than an unverified rumor.",False,json
49,Vladimir Putin reappears on television amid claims that he us unwell and under threat of a coup.... Russia,rumour,rumour,0.86,"The tweet refers to a current political situation in Russia, which is part of the PHEME rumour corpus. It claims that Putin is unwell and facing a coup, but only notes his TV appearance without providing verification. The language is speculative and lacks credible sources, indicating it is an unverified claim.",False,json
50,Ottawa shooting suspect named as Michael Zehaf-Bibeau 2 U.S. sources tell ABC News.,rumour,rumour,0.82,"The tweet refers to a breaking news event (the Ottawa shooting) that is part of the PHEME corpus. It claims the suspect's identity based on unnamed U.S. sources reported to ABC News, which is not an official confirmation. The information is unverified and relies on secondary sources, fitting the definition of a rumor.",False,json
51,"Hostages held in Sydney cafe, Islamic flag seen in window local TV",rumour,rumour,0.86,"The tweet refers to a supposed hostage situation in a Sydney café and mentions an Islamic flag, which is a specific breaking‑news claim. It provides no source, verification, or evidence and reads like a sensational, unverified report. Such content aligns with the type of unverified claims that are treated as rumours in the PHEME corpus.",False,json
52,Lineup grows in Toronto amid rumours of secret Prince show,rumour,not_rumour,0.85,"The tweet discusses a music lineup and rumors of a secret Prince show, which is unrelated to any breaking news crisis covered in the PHEME corpus. It does not pertain to a crisis event, so it falls outside the rumour classification scope. Therefore it is labeled as not_rumour.",False,json
53,Racial discrimination's still a dilemma in US. Still ppl are unsecure for having dark skins.The way police treat them confirms it. Ferguson,not_rumour,rumour,0.66,"The tweet references the Ferguson crisis, so it is on-topic, but it makes a broad, unsubstantiated claim about systemic police discrimination without evidence. It lacks verifiable facts or sources and is expressed in emotive language, fitting the pattern of unverified speculation.",False,json
54,Thougts and prayers go out to everyone involved in the Paris terrorist situation - Hope everyone comes out save!,not_rumour,not_rumour,0.96,"The tweet references a known terrorist incident in Paris, which is a breaking news event covered in the PHEME corpus. It does not assert any specific factual claim, but merely offers thoughts and prayers, lacking any unverified or speculative content. Therefore it is not presenting misinformation or a rumor.",False,json
55,The illridewithyou hashtag is taking off in support of Muslims riding on Sydney transport and it's beautiful,not_rumour,not_rumour,0.88,"The tweet discusses a supportive hashtag for Muslims using Sydney transport, which is not related to any breaking news crisis in the PHEME corpus. It does not make a verifiable claim about a crisis, nor does it contain speculative or unverified information. Therefore it is not a rumor about a crisis event.",False,json
56,Sydney Opera House among buildings evacuated due to SydneySiege,rumour,rumour,0.88,"The tweet references a supposed evacuation of the Sydney Opera House due to a ""SydneySiege,"" which is not a verified current event and lacks any source. It makes a specific claim about a major building being evacuated, which is implausible without corroboration and appears to be speculative or unverified. Therefore it should be treated as a rumour.",False,json
57,IF YOU DONT STAND FOR SOMETHING YOULL FALL FOR ANYTHING RipMikeBrown Ferguson,not_rumour,not_rumour,0.82,"The tweet does not reference any specific breaking news event or claim related to the crises covered in the PHEME corpus; it is a generic, emotional statement possibly referencing a past incident (Michael Brown/Ferguson) without presenting a verifiable claim. Since it lacks a concrete, unverified rumor about current events, it is classified as not a rumor.",False,json
58,Vladimir Putin reappears on television amidst all wild speculations,not_rumour,rumour,0.86,"The tweet refers to a political figure's media appearance, which aligns with breaking news topics in the PHEME corpus. It claims Putin has reappeared on television, but provides no source or verification and uses vague language like ""wild speculations."" This lack of evidence and the speculative tone indicate it is an unverified claim, characteristic of a rumour.",False,json
59,UPDATE Police confirm they have made contact with the gunman. There are no reported injuries. 9News,rumour,not_rumour,0.88,"The tweet refers to an ongoing police incident (a gunman) and reports a police statement that contact has been made and no injuries reported. It cites a news outlet (9News) and presents a factual update rather than speculation or unverified claims. There is no conspiratorial or emotional language, and the claim can be verified through official police or news reports.",False,json
60,"The SydneySiege perpetrators target all citizens, irrespective of their faith. So please cut it out with the anti-Muslim bigotry on Twitter",not_rumour,rumour,0.78,"The tweet references the Sydney siege, a known breaking‑news event in the PHEME corpus, so it is on‑topic. It asserts that the perpetrators target all citizens regardless of faith, a claim that is not substantiated with evidence or sources. The language is emotive and lacks verification, indicating it is an unverified claim rather than a confirmed fact.",False,json
61,Journalists and others using JeSuisCharlie to express support for freedom of speech after Paris attack,not_rumour,not_rumour,0.88,"The tweet refers to the Paris attack, a known breaking news event in the PHEME corpus, and reports that journalists are using the #JeSuisCharlie hashtag to show support for freedom of speech. This is an observable behavior rather than an unverified claim, and it does not contain speculative or conspiratorial language. Therefore it aligns with factual reporting rather than rumor.",False,json
62,Should our media show Charlie Hedbo cartoons like this? Absolutely. JeSuisCharlie,not_rumour,not_rumour,0.96,"The tweet discusses media coverage of Charlie Hebdo cartoons and expresses support for the ""JeSuisCharlie"" sentiment. It does not refer to any breaking news event or crisis covered in the PHEME rumour corpus, nor does it make a verifiable claim about such events. Therefore it is off-topic rather than a rumor about a crisis.",False,json
63,"Q Why did he stop Michael Brown? ""Because he was walking down the middle of the street,"" Ferguson chief says.",rumour,rumour,0.78,"The tweet references the Michael Brown shooting in Ferguson, a crisis covered in the PHEME corpus, so it is on-topic. It presents a specific claim about why Michael Brown was stopped, attributing it to a 'Ferguson chief' without any source or verification. The statement is speculative and lacks corroborating evidence, fitting the pattern of unverified rumors.",False,json
64,"BREAKING Two brothers suspected of CharlieHebdo terror attacks in Paris killed, according to reports in France",rumour,rumour,0.78,"The tweet refers to a claim about the Charlie Hebdo attacks, which is within the PHEME crisis set. It asserts that two brothers suspected of the attacks have been killed, but provides no verifiable source and uses vague phrasing ""according to reports"". This lack of confirmation and reliance on unspecified reports suggests the claim is unverified, fitting the definition of a rumour.",False,json
65,"So the flag didn't tip you off? Australian police ""We have not confirmed this is terror-related event"" sydneysiege",not_rumour,not_rumour,0.88,"The tweet refers to the Sydney siege, a known breaking news event in the PHEME corpus, and quotes Australian police stating they have not confirmed it is terror-related. It does not assert an unverified claim but reports an official statement, lacking speculative or conspiratorial language.",False,json
66,3 people run out of Sydney cafe where hostages are being held. sydneysiege,rumour,rumour,0.82,"The tweet refers to a breaking news event (a siege/hostage situation in Sydney) that is part of the PHEME corpus. It makes a specific claim that three people escaped a cafe where hostages are held, but provides no source or verification. The language is brief and unsubstantiated, suggesting it is an unverified report rather than confirmed news.",False,json
67,French official says attack on Paris weekly CharlieHebdo was with Kalachnikov automatic rifles and rocket launcher. Unprecedented. AFP,rumour,rumour,0.82,"The tweet refers to the Charlie Hebdo attack, a breaking news event in the PHEME corpus. It claims a French official said the attackers used Kalashnikov rifles and a rocket launcher, which is not supported by confirmed reports (no rocket launcher was used). The statement lacks verifiable evidence and appears to spread an unverified, sensational detail, indicating a rumor.",False,json
68,"Schools close, people told to stay indoors amid Dammartin-en-Goele CharlieHebdo manhunt",rumour,rumour,0.73,"The tweet refers to a specific breaking‑news situation (schools closing and stay‑indoors orders during a Charlie Hebdo‑related manhunt), which matches the PHEME crisis topics. It makes a claim about official actions (school closures, indoor stay) but provides no source or verification. The language is urgent but lacks evidence, suggesting it is an unverified report rather than confirmed news.",False,json
69,I'll say it again One trained patron in Sydney chocolate shop with a concealed weapon may have prevented this. But that's illegal there.,not_rumour,rumour,0.78,"The tweet references a possible incident in a Sydney chocolate shop and suggests a trained patron with a concealed weapon could have prevented it, but provides no evidence or source. This is speculative and unverified, fitting the definition of a rumour rather than confirmed news. It also lacks concrete details, indicating it is likely misinformation or speculation about a breaking event.",False,json
70,Do the math. Stop the conflation and collateral indictment of Muslim Australians. sydneysiege,not_rumour,rumour,0.68,"The tweet references the Sydney siege, a breaking news event in the PHEME corpus, but it does not provide any factual claim or verified information; it is an emotional, opinionated statement without evidence. Since it lacks verifiable content and is not a factual report, it aligns more with the 'rumour' category.",False,json
71,A look at the cockpit-security measures that prevented Germanwings pilot from reentering,not_rumour,not_rumour,0.88,"The tweet references cockpit-security measures related to the Germanwings incident, which is a known event in the PHEME corpus. It does not make a speculative or unverified claim, but rather describes a factual aspect of the incident. There is no conspiratorial language or emotional exaggeration, suggesting it is reporting verified information.",False,json
72,It took the police 5 days to concoct this tale and this is what they came up with? ninjaplease ferguson,rumour,rumour,0.78,"The tweet references a police narrative and mentions 'ferguson', suggesting it pertains to the Ferguson unrest, a known PHEME event. It does not provide verifiable facts, instead expressing skepticism and speculation without sources. The language is emotional and unsubstantiated, indicating a rumor rather than confirmed news.",False,json
73,2 brothers suspected in CharlieHebdo attack killed by police after standoff NE of Paris. Kosher market hostage-taking reportedly over too.,not_rumour,rumour,0.86,"The tweet refers to the Charlie Hebdo attack and a related kosher market hostage situation, which are topics covered in the PHEME corpus. It asserts that two brothers suspected in the attack were killed by police and that the hostage crisis is over, without providing sources or verification. The language is sensational and lacks corroboration, indicating it is an unverified claim.",False,json
74,Times Square right now for Ferguson MichaelBrown,not_rumour,not_rumour,0.6,"The tweet is a brief statement mentioning Times Square and Ferguson/Michael Brown, but it does not make a specific claim about a breaking news event, nor does it present verifiable information or speculation. It appears to be an off‑topic personal update rather than a rumor or confirmed report.",False,json
75,"Lots of disappointment and disbelief at Massey Hall after would-be Prince called off. Five hours in line based on media speculation, ouch!",rumour,not_rumour,0.85,"The tweet discusses a cancelled Prince concert at Massey Hall, which is not a crisis or breaking news event covered in the PHEME rumour corpus. It expresses disappointment and mentions media speculation, but does not pertain to a crisis rumor. Therefore it is off-topic for the corpus and should be treated as not a rumour about a crisis.",False,json
76,Photo of the moment a cafe worker escaped the SydneySiege via STORY,rumour,rumour,0.78,"The tweet references the Sydney Siege, a known crisis in the PHEME corpus, so it is on-topic. It claims a specific event—a cafe worker escaped and was captured in a photo—but provides no source or verification. The language is vague and lacks evidence, suggesting it is an unverified claim rather than confirmed reporting.",False,json
77,Please don't watch or share the video of execution of a policeman. Spare a thought for his family and all innocents killed. CharlieHebdo,not_rumour,rumour,0.78,"The tweet references the Charlie Hebdo incident, a known breaking news event in the PHEME corpus, but it makes an unverified claim about a video showing a policeman's execution and urges not to share it without providing evidence. The language is emotional and lacks sources, indicating it is likely a rumor rather than a confirmed fact.",False,json
78,Chris Marinello commenting on the Gurlitt case on - listen now,not_rumour,not_rumour,0.96,"The tweet merely advertises a commentary by Chris Marinello on the Gurlitt case and does not make any factual claim or speculation. It lacks any unverified or sensational content and is unrelated to the crisis-focused rumors in the PHEME corpus, so it is not a rumor.",False,json
79,A real Muslim cannot be a terrorist. CharlieHebdo,not_rumour,not_rumour,0.85,"The tweet does not refer to a specific breaking news event in the PHEME corpus; it is a general opinion linking Muslims and terrorism while mentioning the past Charlie Hebdo attack. It makes no verifiable factual claim about a current incident, and thus is not a rumor about a breaking news story. Consequently it falls outside the scope of rumor classification for breaking news.",False,json
80,Sitting in Melbourne watching what's going on in Sydney...I bloody hope it ends ok for those poor people! Disgusting behaviour!,not_rumour,not_rumour,0.78,"The tweet expresses personal emotion about an ongoing event in Sydney without stating any specific claim or unverified information. It does not provide verifiable facts or speculation, merely hopes for a positive outcome, so it does not constitute a rumour.",False,json
81,"Martin Place, Sydney Opera House amp State Library evacuated due to sydneysiege follow our blog",rumour,rumour,0.88,"The tweet mentions evacuations at major Sydney landmarks due to a supposed 'sydneysiege' and urges readers to follow a blog, but provides no credible source or evidence. It presents an alarming claim that is not verified by reputable news outlets and uses sensational language, indicating it is likely unverified speculation.",False,json
82,Germanwings Airbus A320 plane crash Two babies and 16 children among 150 dead,rumour,not_rumour,0.96,"The tweet refers to the Germanwings Airbus A320 crash, a known, verified incident with 150 fatalities, including two babies and 16 children. It states factual casualty numbers without speculation, sources, or emotive language that would indicate unverified claims. Therefore it aligns with verified news rather than a rumour.",False,json
83,Update French interior ministry says Trocadero security scare is a false alarm. ParisAttacks,rumour,not_rumour,0.96,"The tweet references a specific breaking news incident (the Trocadero security scare) and cites the French interior ministry as confirming it was a false alarm, which is a verifiable official statement. It does not contain speculation, emotional language, or unverified claims, and aligns with factual reporting of a confirmed event.",False,json
84,"Thinking of Layton's words ""Love is better than anger. Hope is better than fear. Optimism is better than despair."" ottawashooting",not_rumour,not_rumour,0.88,"The tweet references the Ottawa shooting, a breaking news event in the PHEME corpus, but it only shares a motivational quote and a hashtag without making any factual claim or speculation about the incident. It does not present unverified information, conspiracy language, or lack of sources, so it aligns with verified or neutral commentary rather than a rumor.",False,json
85,Video The moment the police stormed the Sydney cafe. Police confirm the siege is now over.,not_rumour,not_rumour,0.82,"The tweet reports a specific event (police storming a Sydney cafe and ending a siege) and cites police confirmation, which is a verifiable factual claim rather than speculation. It lacks conspiratorial language or unverified assertions, and such incidents are part of the PHEME corpus of breaking news crises. Therefore it aligns with a factual news report.",False,json
86,BREAKING Charlie Hebdo gunmen's hostage freed and safe after police assault,rumour,rumour,0.82,"The tweet refers to the Charlie Hebdo attack, a known event in the PHEME corpus. It claims that a hostage was freed and is safe after a police assault, which was a circulating claim at the time but not confirmed by official sources. The statement lacks citation, uses sensational 'BREAKING' language, and presents an unverified outcome, indicating it is likely a rumor.",False,json
87,Gurlitt collection accepted by Kunstmuseum Bern,rumour,not_rumour,0.88,"The tweet mentions the Gurlitt art collection being accepted by Kunstmuseum Bern, which is a factual statement about an event rather than speculation. It does not contain unverified claims, emotional language, or conspiracy framing, and the claim can be verified through museum announcements. Although it may not be part of the PHEME crisis topics, it is not presenting a rumor.",False,json
88,Pittsburgh will play the Canadian National anthem before tonights game in support of Ottawa. This makes me happy.,not_rumour,not_rumour,0.97,"The tweet discusses a sports-related gesture (playing a national anthem) and expresses personal happiness, which is unrelated to any breaking news crisis covered in the PHEME corpus. It does not make a claim about a crisis event, nor does it contain unverified or speculative information about such events. Therefore it is off-topic for the rumour classification task.",False,json
89,"Appalled by the attack on Charlie Hebdo in Paris, 10 - probably journalists - now confirmed dead. An attack on free speech everywhere.",rumour,not_rumour,0.96,"The tweet refers to the Charlie Hebdo attack, a well‑documented breaking news event included in the PHEME corpus. It reports the number of deaths as ""now confirmed"" and expresses an emotional reaction, but does not make unverified or speculative claims. The information aligns with verified reports from credible sources, so it is factual reporting rather than a rumor.",False,json
90,"Indians OMG OMG. Can't believe this. God is Cruel. sydneysiege Today, Bomb Blast in Imphal. Indians Where is Imphal?",not_rumour,rumour,0.86,"The tweet references a bomb blast in Imphal, which aligns with a breaking news event in the PHEME corpus. It makes a claim that a bomb blast occurred but provides no evidence, sources, or verifiable details, and uses highly emotional language. This lack of verification and reliance on speculation indicates it is an unverified claim.",False,json
91,BREAKING news Shots fired at Parliament Hill. Follow developing story,rumour,rumour,0.86,"The tweet references a specific breaking event (shots fired at Parliament Hill) but provides no source or verification, using sensational language typical of unverified reports. It makes a claim that could be false or unconfirmed, fitting the pattern of rumors in the PHEME corpus.",False,json
92,Rest in peace to the soldier killed in Ottawa today,rumour,rumour,0.63,"The tweet refers to a specific incident (a soldier killed in Ottawa) which aligns with the type of breaking‑news events covered in the PHEME corpus. It makes a factual claim about a death but provides no source or verification, and the emotional tone suggests it may be based on unconfirmed information. Because the claim is not substantiated by credible evidence, it should be treated as a rumor.",False,json
93,"Today's CharlieHebdo cover on Houellebecq ""In 2022 I'll observe Ramadan""",not_rumour,not_rumour,0.93,"The tweet discusses a Charlie Hebdo magazine cover featuring Michel Houellebecq and a Ramadan comment, which is unrelated to any breaking news crisis in the PHEME rumour corpus. It does not make a claim about a crisis event, nor does it contain verifiable or unverified information about such events. Therefore it is off‑topic rather than a rumour about a crisis.",False,json
94,"Seven people reportedly taken away on stretchers, with paramedics treating five. SydneySiege",rumour,rumour,0.73,"The tweet refers to the Sydney siege, a known crisis in the PHEME corpus. It claims that seven people were taken away on stretchers and five were being treated, using the qualifier 'reportedly', which indicates the information is not yet confirmed by authoritative sources. The lack of citation and reliance on second‑hand reporting suggest it is an unverified claim rather than a verified fact.",False,json
95,Bad craziness. RT STL SWAT has weapons drawn in Ferguson protest in broad daylight w media attending,not_rumour,rumour,0.78,"The tweet refers to the Ferguson protest, a known event in the PHEME corpus, and claims that SWAT officers had weapons drawn in broad daylight with media present. It provides no verifiable source and uses emotive language ('Bad craziness'), indicating an unverified, speculative claim. Therefore it aligns with characteristics of a rumour.",False,json
96,"Ferguson police say Michael Brown was robbery suspect, which totally explains why he got the death penalty without a trial.",rumour,rumour,0.96,"The tweet references the Ferguson unrest, a known event in the PHEME corpus, so it is on-topic. It asserts that police claimed Michael Brown was a robbery suspect and that this explains a death penalty, which is factually incorrect and lacks any credible source. The claim is unverified, emotionally charged, and implausible, indicating misinformation.",False,json
97,"Seeing condemnations from Muslim figures, worldwide. Tmrw, there will be articles on 'why don't they condemn terrorism?' Sigh. CharlieHebdo",not_rumour,rumour,0.78,"The tweet references the Charlie Hebdo incident, which is part of the PHEME crisis set, but it does not report a verifiable fact; it merely comments on expected future articles and expresses an opinion about condemnations. This is speculative and lacks supporting evidence, fitting the definition of an unverified claim. Therefore it should be treated as a rumour.",False,json
98,Something being talked about tonight is the makeup of the Ferguson Police Dept. Here's a breakdown MichaelBrown,not_rumour,rumour,0.78,"The tweet references the Ferguson Police Department and Michael Brown, which are topics in the PHEME crisis corpus, but it offers no verifiable data, sources, or factual statements—just a vague claim about a 'breakdown'. This lack of evidence and the speculative tone suggest it is an unverified claim rather than confirmed news.",False,json
99,. tells us what we know right now on the OttawaShooting,not_rumour,not_rumour,0.73,"The tweet references the Ottawa Shooting, a known breaking news event in the PHEME corpus, but it does not assert any specific claim; it merely states that it will provide current information. Without a verifiable or speculative claim, there is no indication of misinformation or rumor content.",False,json
100,Maybe Massey Hall was just a decoy location and Prince has actually loaded all his gear into the El Mocambo. Maybe he BOUGHT the El Mo.,rumour,not_rumour,0.78,"The tweet discusses a speculative claim about concert venues and a musician, which is unrelated to any breaking news crisis covered in the PHEME corpus. It does not pertain to a crisis event, so it falls outside the scope of rumour classification for that dataset.",False,json
101,"""Race relations are a top priority right now,"" says Ferguson police chief.",not_rumour,not_rumour,0.86,"The tweet references a statement by the Ferguson police chief, which is a reported quote rather than an unverified claim. It pertains to a known crisis (Ferguson) but presents a verifiable statement about priorities, not speculation or misinformation. Therefore it aligns with factual reporting.",False,json
102,Kunstmuseum Bern Obtains Trove From Gurlitt Collection,rumour,not_rumour,0.78,"The tweet mentions an art museum acquiring items from the Gurlitt collection, which is unrelated to the crisis-focused breaking news events in the PHEME rumour corpus. It makes a straightforward factual claim without speculation or emotional language, and there is no indication of misinformation. Therefore it is not a rumour about a crisis event.",False,json
103,"The difference between ""unrest"" and ""patriotism"" is directly proportional to how black the protesters are. Ferguson Murrieta BundyRanch",not_rumour,rumour,0.86,"The tweet references known PHEME events (Ferguson, Murrieta, Bundy Ranch) but makes an unsubstantiated, emotionally charged claim about protester race and patriotism rather than reporting verifiable facts. It lacks sources and presents speculation/biased opinion, fitting the definition of a rumour.",False,json
104,"Canada will remain the true North, strong and free, after today. These events can't, and won't, break our spirit. cdnpoli OttawaShooting",not_rumour,not_rumour,0.73,"The tweet references the Ottawa shooting, a breaking news event in the PHEME corpus, but it only expresses a patriotic sentiment about Canada's resilience, without presenting any factual claim about the incident. It lacks verifiable information, sources, or speculation, making it more of an opinion rather than an unverified rumor.",False,json
105,In case you are confused. Check who's the terrorist and who's the Muslim. JeSuisCharlie JeSuisAhmed,not_rumour,rumour,0.62,"The tweet does not refer to a specific breaking news event in the PHEME corpus; it is a political comment referencing past attacks. It makes no verifiable factual claim and uses emotionally charged language without sources. Therefore it aligns with an unverified, speculative statement rather than confirmed news.",False,json
106,breaking We have now heard that all airspace in the Sydney city has been shut down. martinplace Lindt cafe,rumour,rumour,0.88,"The tweet refers to a breaking‑news style claim about Sydney's airspace being shut down, which fits the PHEME crisis domain. It makes a specific, unverified claim without any source or evidence and uses sensational language ('breaking'). The claim is implausible and lacks verification, indicating it is likely a rumour.",False,json
107,Headquarters of and in Berlin. JeSuisCharlie,not_rumour,not_rumour,0.78,"The tweet does not reference any specific breaking news event covered in the PHEME rumour corpus; it merely mentions a location and the slogan ""JeSuisCharlie"" without making a verifiable claim. There is no indication of unverified speculation or misinformation about a crisis, so it is not a rumour about a PHEME event.",False,json
108,LIVE REPORT - Assault in Paris Vincennes . Some hostages are free. CharlieHebdo,rumour,rumour,0.78,"The tweet refers to a specific breaking‑news incident (an assault in Vincennes, Paris) that aligns with events in the PHEME corpus. It asserts that ""some hostages are free"" without providing any source or verification, and uses emotive language typical of live, unconfirmed reports. The lack of corroborating evidence and the speculative nature of the claim suggest it is an unverified rumor.",False,json
109,What a difference a day makes. Ferguson,not_rumour,not_rumour,0.85,"The tweet ""What a difference a day makes. Ferguson"" does not reference any specific breaking news event from the PHEME rumour corpus and lacks any claim about a crisis. It appears to be a vague, possibly personal comment without verifiable content or rumor characteristics.",False,json
110,Why release the report about the robbery if it's not related to the contact with the cop who shot him? This all stinks. Ferguson,rumour,rumour,0.78,"The tweet references a specific incident (a robbery and a police shooting) that could be part of the PHEME crisis topics, but it offers a speculative, emotionally charged question about the relevance of a report, without any verifiable evidence or source. It frames the situation as suspicious ('This all stinks') and suggests a possible cover-up, which are typical hallmarks of unverified rumor content. Therefore it should be treated as a rumor rather than confirmed news.",False,json
111,French MP says those who attacked Charlie Hebdo are murderers and barbarians,not_rumour,not_rumour,0.86,"The tweet refers to the known Charlie Hebdo attack, a topic covered in the PHEME corpus, but it merely reports a French MP's condemnation, which is an opinion rather than an unverified claim. It does not present new factual information that requires verification, nor does it contain misinformation cues.",False,json
112,"BREAKING Another shooting and hostage situation is reported in Paris, at least 2 dead",rumour,rumour,0.86,"The tweet refers to a breaking event (shooting and hostage situation in Paris) that is not corroborated by any source and uses sensational language like ""BREAKING"" and ""another"" without evidence. It makes a specific claim of casualties (at least 2 dead) but provides no verification, fitting the pattern of unverified, potentially speculative reporting in the PHEME corpus.",False,json
113,"If I understand Hillary Clinton amp Sen Feinstein correctly, 1st step for current Sydney hostage situation is to empathize w the f'n bastards.",rumour,rumour,0.86,"The tweet references the ongoing Sydney hostage situation, a breaking news event covered in the PHEME corpus. It makes a speculative claim about what political figures (Hillary Clinton and Sen. Feinstein) think should be done, without any evidence or source. The language is emotional and unverified, indicating it is not a factual report.",False,json
114,BREAKING NEWS CANADIAN OFFICIALS NOW CALLING TODAY'S PARLIAMENT SHOOTING A TERRORIST ATTACK -,rumour,rumour,0.78,"The tweet refers to a recent Canadian parliament shooting, which aligns with the breaking‑news events covered in the PHEME corpus. It claims that officials are now labeling the incident a terrorist attack, but provides no source or evidence and uses sensational, all‑caps language. This lack of verification and emotional framing suggests it is an unverified claim rather than confirmed reporting.",False,json
115,Photos from the aftermath of the attack on the Charlie Hebdo newspaper in Paris,not_rumour,not_rumour,0.92,"The tweet refers to a known breaking news event (the Charlie Hebdo attack) that is part of the PHEME corpus. It simply states that photos exist from the aftermath, which is a verifiable factual observation without speculation or unverified claims. There is no conspiratorial language or emotional exaggeration, so it aligns with verified reporting.",False,json
116,Our thoughts amp prayers are with the families and friends of 4U9525 passengers amp crew.,not_rumour,not_rumour,0.96,"The tweet expresses condolences for the victims of flight 4U9525, referencing a known breaking news event. It does not make any factual claim beyond acknowledging the tragedy, nor does it contain speculation or unverified information. Therefore it aligns with verified reporting rather than a rumor.",False,json
117,"Germanwings plane crashes in France, up to 150 feared dead",rumour,not_rumour,0.88,"The tweet refers to the Germanwings crash, a known breaking news event in the PHEME corpus. It reports a factual claim (plane crash in France with up to 150 feared dead) that aligns with official reports, without speculative language or conspiracy framing. Therefore it is a verified news statement rather than an unverified rumour.",False,json
118,CharlieHebdo attack new hostage situation at Paris shop - live updates,not_rumour,rumour,0.86,"The tweet references a specific claim about a new hostage situation linked to the Charlie Hebdo attack, which is a breaking news event covered in the PHEME corpus. It presents a sensational update without any source or verification, typical of unverified rumors. The language is urgent and lacks corroborating evidence, indicating it is likely a rumor rather than confirmed news.",False,json
119,BREAKING Germanwings crew did not send distress signal aviation official,rumour,rumour,0.78,"The tweet refers to the Germanwings crash, a known breaking news event in the PHEME corpus. It makes a specific claim that the crew did not send a distress signal, citing an 'aviation official' without providing verifiable evidence. This type of claim was circulating as unconfirmed speculation early in the incident, lacking corroboration from authoritative sources, indicating it is likely a rumor.",False,json
120,We don't need to stinkin' PoliceState Americans! This must stop! . Going 2 War w Americans Ferguson,not_rumour,rumour,0.82,"The tweet references a crisis (Ferguson) but makes no verifiable factual claim, instead expressing emotional, speculative language without evidence. It lacks concrete information that can be confirmed and uses conspiratorial tone, indicating it is unverified speculation.",False,json
121,CharlieHebdo ParisShooting Islamist will not allow anyone to sketch even a cartoon but A PK can hurt sentiments,not_rumour,rumour,0.86,"The tweet references the Charlie Hebdo Paris shooting, a known breaking news event in the PHEME corpus, so it is on‑topic. It asserts that ""Islamist will not allow anyone to sketch even a cartoon,"" which is a speculative claim about future restrictions rather than a verifiable fact. The statement lacks sources, uses emotive language, and cannot be confirmed by credible outlets, indicating it is likely unverified rumor.",False,json
122,Amateur video shows chaos of Paris shooting CharlieHebdo,not_rumour,not_rumour,0.73,"The tweet refers to the Charlie Hebdo shooting, a known breaking news event in the PHEME corpus. It claims an amateur video shows the chaos, which is a factual description rather than speculation or unverified rumor. No conspiratorial language or extreme emotion is present, so it aligns with factual reporting.",False,json
123,even in Afghanistan we never pointed our rifles at civilians there is something seriously wrong with the police in Ferguson,not_rumour,rumour,0.78,"The tweet references two crisis locations (Afghanistan and Ferguson) but does not report a specific verified news event; it makes a comparative, unsubstantiated claim about police behavior. The statement lacks sources, presents an emotional judgment, and cannot be verified as factual, indicating it is likely rumor-like content. Therefore it should be classified as a rumour.",False,json
124,"Ferguson cops beat innocent man, then charged him with bleeding on their uniforms",rumour,rumour,0.86,"The tweet refers to the Ferguson police incident, which is a topic covered in the PHEME rumour corpus. It makes a specific claim that police beat an innocent man and then charged him for bleeding on their uniforms, but provides no evidence or source. The language is emotive and the claim is unverified, fitting characteristics of a rumour.",False,json
125,"As a Muslim, I find the murder of innocent people more despicable and offensive than any cartoon could ever be. CharlieHebdo",not_rumour,not_rumour,0.73,"The tweet expresses a personal opinion about the Charlie Hebdo murders and does not make a factual claim about a breaking news event. It lacks any unverified or speculative statement that would constitute a rumor, and it is not providing verifiable news content. Therefore it does not fit the definition of a rumor in the PHEME corpus.",False,json
126,So a large Negro robbed a store and then the cops saw a large Negro. WHAT WERE THEY SUPPOSED TO DO?!?! Perhaps not execute him. Ferguson,rumour,rumour,0.88,"The tweet references a supposed robbery and police response in Ferguson, but offers no verifiable details, sources, or factual reporting. It is an emotional, speculative statement with racist language, lacking confirmation from credible outlets, thus fitting the definition of an unverified claim.",False,json
127,"BREAKING Germanwings 4U9525 co-pilot's name is Andreas Lubitz, a German national, says Marseilles prosecutor.",rumour,not_rumour,0.96,"The tweet refers to the Germanwings Flight 4U9525 crash, a known event in the PHEME corpus. It claims the co-pilot's name is Andreas Lubitz, citing the Marseille prosecutor as the source. This is a specific, verifiable fact rather than speculation or unverified rumor. Therefore it should be classified as factual reporting.",False,json
128,This via JeSuisAhmed JeSuisCharlie CharlieHebdo,not_rumour,not_rumour,0.86,The tweet references the Charlie Hebdo incident using solidarity hashtags but does not assert any specific claim or unverified information. It lacks a factual statement that could be verified or disproved and does not contain conspiracy language or speculation. Therefore it aligns with a factual or neutral expression rather than a rumour.,False,json
129,"As we speak, with quiet resolve, Gazza is loading his car with chicken and a fishing rod and planning his route to Dammartin-en-Goele",not_rumour,not_rumour,0.88,"The tweet does not refer to any known breaking news or crisis covered in the PHEME corpus; it appears to be a personal, off‑topic statement about someone named Gazza. No verifiable claim about a news event is made, and there is no indication of misinformation about a crisis.",False,json
130,BREAKING Reports 2 dead in Paris kosher supermarket hostage situation,rumour,rumour,0.78,"The tweet refers to a breaking‑news style claim about a hostage situation in a Paris kosher supermarket, which is a topic covered in the PHEME crisis corpus. It asserts that two people are dead but provides no source or verification, using sensational language ('BREAKING') and lacking corroborating evidence. This pattern matches unverified, potentially speculative reporting rather than confirmed factual reporting.",False,json
131,"Breaking Two hostage situations in France are linked, Paris prosecutor says",rumour,rumour,0.62,"The tweet refers to a breaking news event (hostage situations in France) and claims they are linked, citing the Paris prosecutor. While it mentions an official source, the linkage claim is not independently verified and could be speculative, fitting the pattern of unconfirmed information. Therefore it is more likely a rumor rather than confirmed reporting.",False,json
132,"BREAKING This is a photo of Michael Zehaf-Bibeau, gunman in this morning's shootings in Ottawa. cbcOTT OTTnews",rumour,rumour,0.73,"The tweet refers to a specific breaking news event (the Ottawa shootings) and makes a claim about the identity of the gunman, presenting a photo as evidence. At the time of posting, the identity may not have been officially confirmed, making the claim unverified. The tweet lacks explicit verification from authoritative sources beyond a news outlet tag, suggesting it is speculative.",False,json
133,Tainted Gurlitt collection should be sold with profits going to Jewish organizations. WWII via .,not_rumour,rumour,0.78,"The tweet references the Gurlitt art collection and suggests it should be sold with profits to Jewish organizations, which is an opinionated claim rather than a verified report. It does not pertain to a current breaking‑news crisis covered in the PHEME corpus, and the statement lacks supporting evidence, making it an unverified speculation.",False,json
134,Police say the shooter is on roof of building at Metcalfe and Sparks 1 block from Parliament Hill ottnews cbcott,rumour,rumour,0.73,"The tweet refers to a breaking‑news incident (a shooter near Parliament Hill) and makes a specific claim that police say the shooter is on a roof. It provides no verifiable source beyond vague tags (ottnews cbcott) and appears to be an early, unconfirmed report. Because the claim is not yet confirmed by authoritative outlets, it should be treated as a rumor.",False,json
135,"Breaking The officer involved in the shooting of Michael Brown is named Darren Wilson, Ferguson police chief says.",rumour,not_rumour,0.96,"The tweet refers to the Ferguson shooting, which is part of the PHEME crisis corpus. It makes a specific claim about the officer's identity, which is a verifiable fact (the officer was indeed Darren Wilson). The statement is presented as a factual report from an official source, without speculative or conspiratorial language.",False,json
136,JeSuisCharlie vigils held around the world - in pictures Pic E CASTRO-MENDIVIL REUTERS,not_rumour,not_rumour,0.96,"The tweet reports that vigils for ""JeSuisCharlie"" are being held worldwide and includes a Reuters photo credit, which is a factual description of a public event. It does not make unverified claims or speculation, and the information can be corroborated by news sources. There are no signs of misinformation, conspiracy language, or emotional exaggeration beyond standard reporting.",False,json
137,Ronald Johnson is proof that there can be cops who care about their communities amp will do right. But Ferguson deserved that from day one.,not_rumour,not_rumour,0.85,"The tweet expresses an opinion about police and Ferguson rather than reporting a specific breaking news event from the PHEME corpus. It does not make a verifiable factual claim about a recent incident, nor does it present unverified rumors about a crisis. Therefore it is off‑topic for the rumour classification task and should be treated as not a rumour.",False,json
138,Sydney Crisis Hostages share gunman's demands in chilling phone calls,rumour,not_rumour,0.86,"The tweet reports a specific detail about an ongoing Sydney crisis, stating that hostages are sharing the gunman's demands via phone calls. This is a factual claim about a breaking news event rather than speculation or unverified rumor, and it does not contain conspiratorial language or extreme emotion. Assuming the event is part of the PHEME corpus, it aligns with verified reporting.",False,json
139,"Last words from Germanwings A320 distress call were ""emergency, emergency,"" authorities say.",rumour,not_rumour,0.88,"The tweet references a specific claim about the Germanwings A320 distress call, attributing it to authorities, which is a verifiable detail from official investigations. It does not contain speculative language, conspiracy framing, or lack of source; it presents a factual statement that aligns with known reports. Therefore it is not an unverified rumor.",False,json
140,Update - 11 people dead at headquarters of French satirical weekly publication Charlie Hebdo after armed gunmen stormed the office in Paris,rumour,not_rumour,0.78,"The tweet reports a specific casualty figure for the Charlie Hebdo attack, a known breaking news event in the PHEME corpus. It presents a concrete fact (11 dead) without speculative language or conspiracy framing, and such casualty reports are typically treated as factual updates once the event is occurring. Therefore it aligns with verified news rather than unverified rumor.",False,json
141,Serve and protect?... Ferguson Justice UniteBlue,not_rumour,not_rumour,0.73,"The tweet does not reference a specific breaking news event from the PHEME corpus; it appears to be a vague slogan or rallying cry about Ferguson and policing. It makes no verifiable factual claim and lacks context linking it to a current crisis, so it is not a rumor about a news event.",False,json
142,The magazine attacked in Paris has a history of bold satire CharlieHebdo ParisShooting,not_rumour,not_rumour,0.88,"The tweet references the Charlie Hebdo shooting, a known breaking news event in the PHEME corpus, and simply states that the attacked magazine has a history of bold satire, which is a factual description rather than an unverified claim. It contains no speculative language, conspiracy framing, or lack of sources, so it aligns with verified information.",False,json
143,"More startling statistics about the segregated population of Ferguson, Mo.",not_rumour,rumour,0.73,"The tweet references Ferguson, a known crisis in the PHEME corpus, but it makes no concrete, verifiable claim, only alludes to ""more startling statistics"" without providing data or sources. This lack of evidence and the vague, potentially sensational framing suggest it is an unverified claim rather than confirmed reporting.",False,json
144,This is not in the name of Islam. These ppl don't represent ANY religion. No matter what they say. Disgraceful amp heartbreaking CharlieHebdo,not_rumour,not_rumour,0.73,"The tweet expresses an opinion about the Charlie Hebdo attack and does not make a specific claim about a current breaking news event in the PHEME corpus. It lacks verifiable factual content or unverified speculation about an ongoing crisis, so it is not a rumour about breaking news.",False,json
145,DEVELOPING story here Gunman killed in Ottawa 3 shootings confirmed,rumour,rumour,0.78,"The tweet refers to a breaking news event (a gunman killed in Ottawa with three shootings) that is part of the PHEME crisis domain. It makes a specific claim of confirmation without citing any source, using vague language like ""DEVELOPING story here"". The lack of verifiable evidence and reliance on unsubstantiated confirmation suggest it is an unverified claim rather than a confirmed report.",False,json
146,A good summary via . JeSuisCharlie CharlieHebdo,not_rumour,not_rumour,0.85,"The tweet merely comments that there is a good summary of the Charlie Hebdo incident, using the hashtag #JeSuisCharlie, without presenting any specific claim or unverified information. It does not contain speculation, conspiracy language, or lack of sources, and it references a known past event rather than a current breaking news rumor.",False,json
147,In case you are confusedCharlieHebdo via,not_rumour,not_rumour,0.78,"The tweet is a short, fragmented statement mentioning ""CharlieHebdo"" without any clear claim or reference to a current breaking news event. It does not provide verifiable information, nor does it appear to spread unverified speculation about a crisis. Because it is off‑topic and does not constitute a rumor about a PHEME event, it is classified as not_rumour.",False,json
148,JeSuisCharlie rallies held worldwide to condemn Paris massacre PHOTOS,not_rumour,not_rumour,0.93,"The tweet reports that JeSuisCharlie rallies were held worldwide to condemn the Paris massacre, which is a factual description of a public event rather than an unverified claim. It does not contain speculative language, conspiracy framing, or lack of sources, and such rallies were widely reported in credible news outlets, making it verifiable. Therefore it aligns with verified news about a breaking event in the PHEME corpus.",False,json
149,The moment SydneySiege came to an end,not_rumour,not_rumour,0.88,"The tweet references the Sydney siege, a known crisis in the PHEME corpus, but it merely states that the event has ended without presenting any unverified claim or speculation. It does not contain misinformation cues, sources, or implausible statements, and the ending of the siege is a verifiable fact.",False,json
150,VIDEO Helicopter understood to have landed on roof of CharlieHebdo siege building during raid ParisAttacks,not_rumour,rumour,0.88,"The tweet refers to the Charlie Hebdo siege, a known event in the PHEME corpus. It claims a helicopter landed on the building's roof, which is not corroborated by credible reports and sounds implausible. The statement lacks sources and appears to be speculative, fitting the pattern of unverified rumors.",False,json
151,BREAKING say a photo circulating of arrest of man near MartinPlace is NOT related to the police operation sydneysiege,rumour,rumour,0.78,"The tweet refers to a breaking news event (the Sydney siege) and makes a specific claim that a circulating photo of an arrest is not related to the police operation. It provides no evidence or source for this denial, and such denials are often unverified in fast‑moving crises. Therefore it is an unverified claim rather than a confirmed fact.",False,json
152,Prince and 3RDEYEGIRL playing last minute show at Massey Hall. Tix 10,rumour,not_rumour,0.96,"The tweet discusses a last‑minute concert by Prince and 3RDEYEGIRL, which is unrelated to any breaking news crisis covered in the PHEME rumour corpus. It does not make a claim about a disaster, attack, or other emergency event, nor does it contain unverified crisis information. Therefore it falls outside the rumour scope and is treated as not a rumour.",False,json
153,"Oh, a suspect in a robbery? That changes everything. Everyone knows summary execution is the penalty for suspicion of robbery Ferguson",rumour,rumour,0.78,"The tweet references a suspect and a claim about summary execution, but provides no verifiable source and uses emotive language. It does not correspond to a known verified breaking‑news event in the PHEME corpus, making it an unverified, speculative statement. Therefore it should be treated as a rumour.",False,json
154,Just seen the scenes from Sydney. Tho gets with the people amp their families of those inside the cafe at the moment.,not_rumour,rumour,0.68,"The tweet mentions seeing scenes in Sydney and references people and families inside a cafe, suggesting a possible incident, which aligns with breaking‑news topics in the PHEME corpus. However, the message is garbled, provides no verifiable details or sources, and reads like a personal, unsubstantiated observation. Therefore it is an unverified claim rather than confirmed reporting.",False,json
155,"Where's JihadistJoe when you need him? Oh, that's right! Twitter banned him for tweeting the truth about Islam. CharlieHebdo",not_rumour,not_rumour,0.85,"The tweet does not discuss any specific breaking news event from the PHEME rumour corpus; it is a political comment about a user being banned and references Charlie Hebdo. There is no verifiable claim about a news event, nor is it an unverified rumor about a crisis. Therefore it falls outside the scope of rumour classification for breaking news.",False,json
156,...and LiveNation confirms Prince will not be playing Massey Hall tonight.,rumour,not_rumour,0.92,"The tweet concerns a concert cancellation, not a crisis covered by the PHEME rumour corpus. It reports a confirmation from LiveNation, which is a verifiable factual statement rather than speculation. Therefore it does not constitute an unverified rumour about a breaking news crisis.",False,json
157,"One pilot in Germanwings crash was locked out of cockpit, reports",rumour,not_rumour,0.88,"The tweet refers to the Germanwings crash, a known breaking news event in the PHEME corpus. It claims that one pilot was locked out of the cockpit, which aligns with widely reported facts about the co‑pilot locking the captain out. The statement is presented as a report, not speculation, and lacks sensational language, indicating it is a verifiable fact rather than a rumor.",False,json
158,SYDNEYSIEGE American readers weigh in with their messages of support.,not_rumour,not_rumour,0.88,"The tweet references the Sydney siege but only notes that American readers are offering support, which is a generic, emotional statement rather than a factual claim or unverified rumor. It does not present any specific, verifiable information or speculation about the event, nor does it contain misinformation cues.",False,json
159,The moment of silence in Anaheim also meant to honor all those affected by the tragedy in Ottawa today,not_rumour,not_rumour,0.86,"The tweet references a specific, observable event (a moment of silence in Anaheim) linked to a recent tragedy in Ottawa, which is a factual claim that can be verified through event coverage. It does not contain speculation, conspiracy language, or unverified assertions, and appears to be reporting rather than rumor-mongering.",False,json
160,"Frank Gardner BBC ""There are elements of Four Lions here. The gunman has the wrong flag. He is asking for the ISIL flag to be delivered.""",rumour,rumour,0.78,"The tweet references a claim about a gunman's motives and flag request, which pertains to a breaking news incident likely covered in the PHEME corpus. It presents a specific, unverified claim without corroborating evidence, and uses sensational language about ISIL. This suggests it is speculative rather than confirmed reporting.",False,json
161,UPDATE Reports the Sydney Opera House has also been evacuated. 9News,rumour,not_rumour,0.86,"The tweet refers to a specific breaking‑news claim that the Sydney Opera House has been evacuated, citing a news outlet (9News). It presents a factual update rather than speculation or unverified rumor, and the claim can be checked against credible news sources. No conspiratorial language or extreme emotion is present.",False,json
162,schoolmates of co-pilot who crashed 4U9525 tell german reporters he took 6-months break from flight training in 2009 due to burnout-syndrom,rumour,rumour,0.78,"The tweet refers to the Germanwings Flight 9525 crash, which is a breaking news event in the PHEME corpus. It claims that the co-pilot took a six‑month break from flight training in 2009 due to burnout, based on statements from his schoolmates to reporters, without citing verifiable evidence. The lack of corroborating sources and the speculative nature of the personal history suggest it is an unverified claim, fitting the definition of a rumour.",False,json
163,Swiss museum accepts Gurlitt's problematic bequest via,rumour,not_rumour,0.78,"The tweet mentions a Swiss museum accepting a bequest from Gurlitt, which is unrelated to the breaking news crises covered in the PHEME rumour corpus. It does not present a claim about a crisis event, nor does it contain speculative or unverified information about such events. Therefore it is off‑topic rather than a rumour about a crisis.",False,json
164,These are the areas where the OttawaShootings have been reported.,rumour,rumour,0.78,The tweet refers to a breaking news event (Ottawa shootings) that is part of the PHEME corpus. It makes a claim about specific locations of the shootings but provides no source or verification. The lack of evidence and the phrasing suggest it is an unverified claim rather than confirmed reporting.,False,json
165,"3 people carried out CharlieHebdo attack, and authorities are searching for them, French interior minister says.",rumour,rumour,0.88,"The tweet refers to the Charlie Hebdo attack, a known event in the PHEME corpus. It claims that three perpetrators are still being searched for, citing the French interior minister, which contradicts the established facts that the attackers were identified and neutralized. The statement lacks verifiable evidence and appears to revive a settled incident, indicating it is an unverified claim. Therefore it should be classified as a rumour.",False,json
166,Hostages in Sydney cafe made to hold up Islamic flags,rumour,rumour,0.86,"The tweet refers to a purported hostage incident in a Sydney café, which aligns with breaking news topics in the PHEME corpus. It makes a specific claim that hostages were forced to display Islamic flags, but provides no source or evidence. The language is sensational and lacks verification, suggesting it is an unverified rumor rather than confirmed reporting.",False,json
167,Ferguson or Iraq? Photos unmask the militarization of America's police via,not_rumour,not_rumour,0.73,"The tweet discusses police militarization and references Ferguson and Iraq, which are not specific breaking news events in the PHEME rumour corpus. It does not make a verifiable claim about a current crisis, nor does it present unverified speculation about a news event. Therefore it is off‑topic rather than a rumour about a crisis.",False,json
168,"The violence of OttawaShooting has left a city on edge. After the chaos, here's what we know",not_rumour,not_rumour,0.78,"The tweet references a specific breaking news event (an Ottawa shooting) that is likely part of the PHEME corpus. It does not make a concrete unverified claim, but rather a general observation that the city is on edge and promises to share known information. There is no conspiratorial language, extreme speculation, or lack of sources beyond the vague statement, so it aligns with factual reporting rather than rumor.",False,json
169,"Parisians will take to the streets tonight, for freedom of the press, democracy and the Republic CharlieHebdo",not_rumour,rumour,0.73,"The tweet refers to a potential protest in Paris related to the Charlie Hebdo incident, which is a topic covered in the PHEME corpus. It makes a claim that Parisians will take to the streets tonight, but provides no evidence or source to verify this future event. Because it is an unverified, speculative statement lacking corroboration, it should be treated as a rumour.",False,json
170,Ambulance heading towards kosher market hostage situation in Paris after several large explosions heard gunfire,not_rumour,rumour,0.88,"The tweet describes a dramatic incident (hostage situation, explosions, gunfire) in Paris, which aligns with the type of breaking‑news crises covered in the PHEME corpus. However, it offers no verifiable details, sources, or confirmation and reads like a real‑time, unverified eyewitness report. The language is urgent and emotional, suggesting speculation rather than confirmed reporting.",False,json
171,At least 12 dead in terrorist attack at satirical magazine in Paris. Our live blog,not_rumour,rumour,0.88,"The tweet claims a current terrorist attack at a satirical magazine in Paris with at least 12 dead, which mirrors the 2015 Charlie Hebdo attack but is not a recent event. It presents a sensational claim without source or verification, and the timing suggests it is a false or unverified re‑emergence of a past incident. Therefore it is an unverified, likely misinformation claim.",False,json
172,Ottawa Canada identifies the gunman who is probably Muslim but that will not be mentioned.,not_rumour,rumour,0.86,"The tweet refers to a breaking news incident (a gunman in Ottawa) which is within the scope of the PHEME corpus. It makes a claim about the gunman's religion ('probably Muslim') without evidence or source, implying speculation. This unverified assertion and the suggestion of information being withheld indicate it is a rumor rather than a verified fact.",False,json
173,TORONTO???? saying something about a secret Prince show tomorrow? Maybe at ? Personally I've got no idea! Any more info?,rumour,not_rumour,0.85,"The tweet discusses a possible secret Prince concert in Toronto, which is unrelated to any breaking news crisis covered in the PHEME rumour corpus. It does not make a claim about a crisis event, so it falls outside the scope of rumour classification for that dataset. Therefore it is treated as not a rumour about a PHEME crisis.",False,json
174,Too many news organisations now showing online footage of killings at CharlieHebdo office but not the cartoons for which they were murdered,not_rumour,rumour,0.78,"The tweet refers to the Charlie Hebdo attack, which is part of the PHEME crisis corpus, so it is on‑topic. It claims that many news organisations are showing online footage of the killings but omitting the cartoons that motivated the attack, without providing any evidence or source. This is an unverified, speculative statement with emotional language, indicating it is likely a rumour.",False,json
175,Some sort of live terror shooting seems to be going on in Canada. Pray for our polite neighbors to the north.,not_rumour,rumour,0.88,"The tweet references a supposed live terror shooting in Canada, which is a breaking‑news style claim but provides no evidence, source, or verification. It uses emotive language ('Pray for our polite neighbors') and speculative wording ('seems to be going on'), typical of unverified rumors. Therefore it should be classified as a rumor.",False,json
176,Cartoonists are reacting to the attack on CharlieHebdo. Freelancer Lindsay Foyle joins us in 10mins. Pic,not_rumour,not_rumour,0.88,"The tweet refers to the Charlie Hebdo attack, a known breaking news event in the PHEME corpus. It reports that cartoonists are reacting and mentions a scheduled interview, which are observable facts rather than unverified claims. No speculative or conspiratorial language is present, so it aligns with verified reporting.",False,json
177,"This afternoon's rain will not be purple, even if Prince is playing a secret show tonight at Massey Hall. Just regular colour rain amp windy",rumour,not_rumour,0.97,"The tweet discusses whimsical weather and a fictional Prince concert, which is unrelated to any breaking news or crisis covered in the PHEME rumour corpus. It makes no claim about a real event, and there is no verifiable or unverified information about a crisis. Therefore it is off‑topic and not a rumour about a news event.",False,json
178,"Terrifying account. Attackers spoke perfect French, eyewitness says RT via",rumour,rumour,0.78,"The tweet refers to an alleged attack and claims attackers spoke perfect French based on an unnamed eyewitness, without providing verifiable sources. It is a brief, emotionally charged statement typical of unverified breaking‑news claims in the PHEME corpus. Therefore it should be treated as a rumour rather than confirmed news.",False,json
179,"You can't condemn an entire race, nation or religion based on the actions of a few radicals, please keep that in mind sydneysiege",not_rumour,not_rumour,0.78,"The tweet references the Sydney siege but does not make a factual claim about the event; it is an opinion urging against collective condemnation. It lacks verifiable information, sources, or a specific rumor, and thus does not constitute unverified or speculative content. Therefore it is not classified as a rumour.",False,json
180,FBI working with Canadian authorities to determine if Ottawa shooting was an act of terrorism,rumour,rumour,0.78,"The tweet refers to a breaking news event (the Ottawa shooting) that appears in the PHEME rumour corpus. It claims that the FBI is collaborating with Canadian authorities to assess if the incident was terrorism, a detail that has not been confirmed by official sources and lacks citation. The statement is speculative and unverified, fitting the definition of a rumour.",False,json
181,"Ahmed Merabet, a French Muslim Cop, first victim of CharlieHebdo attack, JeSuisCharlie",rumour,not_rumour,0.78,"The tweet references the Charlie Hebdo attack, a known crisis in the PHEME corpus, and makes a factual claim about Ahmed Merabet being the first victim. This claim is verifiable and not speculative or emotionally charged, and there is no indication of misinformation. Therefore it is treated as a factual report rather than a rumor.",False,json
182,What we do and do not know about Germanwings flight 4U9525,not_rumour,not_rumour,0.82,"The tweet references the Germanwings flight 4U9525 incident, which is a known breaking news event in the PHEME corpus. It does not assert any specific claim, speculation, or unverified information, but rather suggests a discussion of known facts. Therefore it aligns with factual reporting rather than a rumour.",False,json
183,Crazy RT Someone please remind me what year it is again? ferguson,not_rumour,not_rumour,0.85,"The tweet does not reference any specific breaking news event from the PHEME corpus; it is a vague, off‑topic comment possibly about Ferguson without presenting a factual claim or rumor. Since it lacks verifiable content related to a crisis, it is not a rumor about a breaking news event.",False,json
184,"BREAKING NSW police have confirmed the siege in Sydney's CBD is now over, a police officer is reportedly among the several injured.",rumour,not_rumour,0.86,"The tweet refers to a specific breaking news event (a siege in Sydney's CBD) that falls within the types of crises covered by the PHEME corpus. It claims that NSW police have confirmed the siege is over and mentions injuries, presenting a verifiable factual statement rather than speculation. There is no conspiratorial language, extreme emotion, or lack of source beyond the implied police confirmation. Therefore it aligns with a reported fact rather than an unverified rumour.",False,json
185,Watch live PM Stephen Harper expected to speak to the nation imminently on OttawaShooting cdnpoli,rumour,rumour,0.88,"The tweet refers to a breaking news event (an Ottawa shooting) and claims that former PM Stephen Harper will speak live to the nation imminently. This claim is unverified, lacks credible sources, and is implausible given Harper is not the current prime minister, indicating it is speculative misinformation.",False,json
186,This is how Frances top sports newspaper covered the CharlieHebdo killings.,not_rumour,not_rumour,0.78,"The tweet references the Charlie Hebdo killings, a known event in the PHEME corpus, so it is on-topic. It claims that a French top sports newspaper covered the killings in a certain way, which is a verifiable statement about media coverage rather than an unverified fact about the event itself. There is no conspiratorial or emotionally charged language suggesting misinformation.",False,json
187,"Before the brutal attacks on CharlieHebdo, the big news today was Houellebecq's new novel imagining a Muslim president of France in 2022.",not_rumour,not_rumour,0.86,"The tweet references the Charlie Hebdo attacks, a known crisis, but it does not make a verifiable claim about the event itself; it merely comments on prior news (a novel). There is no unverified or speculative information about the crisis, so it is not a rumor.",False,json
188,"Degenerate artworks seized by Nazis should go back to museums, says German advisor Gurlitt",not_rumour,not_rumour,0.78,"The tweet discusses an opinion on art restitution, not a breaking news crisis covered by the PHEME corpus. It makes a claim about a German advisor's statement, which is a verifiable quote rather than an unverified rumor. There is no evident misinformation, conspiracy language, or emotional exaggeration. Therefore it is not a rumor about a crisis event.",False,json
189,The co-pilot of the Germanwings Airbus was a convert to Islam and became Fidain!,rumour,rumour,0.92,"The tweet references the Germanwings Airbus crash, a known event in the PHEME corpus, but makes an unverified claim about the co‑pilot's religious conversion, which lacks evidence and sounds conspiratorial. It is not supported by credible sources and appears to be speculation, so it should be treated as a rumor.",False,json
190,PUTIN FULL OF LEAD putindead,not_rumour,rumour,0.73,"The tweet mentions a claim about Putin being ""full of lead"" and implies his death, which is an unverified, sensational statement lacking any source. It does not refer to any specific breaking news event covered in the PHEME corpus, making it off‑topic and speculative. Therefore it should be treated as a rumor rather than verified news.",False,json
191,7 things to know about the new guy running things in Ferguson RonJohnson,not_rumour,not_rumour,0.78,"The tweet does not reference any specific breaking news event or crisis covered in the PHEME corpus; it appears to be a generic statement about a person in Ferguson. It lacks any claim that can be verified or disproven regarding a crisis, and there are no signals of misinformation. Therefore it is not a rumour about a PHEME event.",False,json
192,Every newspaper in Europe should publish those cartoons from Charlie Hebdo tomorrow. Every single one.,not_rumour,not_rumour,0.88,"The tweet is a call for newspapers to publish Charlie Hebdo cartoons, which is an opinion or suggestion, not a claim about a specific breaking news event in the PHEME corpus. It does not present a verifiable fact nor a rumor about a crisis, and lacks any reference to a news event. Therefore it is off‑topic for the rumour classification task and should be treated as not a rumour.",False,json
193,Smoke rising over first Paris hostage scene. Watch live on CNN.,not_rumour,rumour,0.73,"The tweet refers to a breaking event (a hostage scene in Paris) that is likely part of the PHEME crisis set. It makes a specific claim that smoke is rising over the scene and that CNN is broadcasting it live, but provides no independent verification. Because the information is presented without corroborating sources and could be unconfirmed at the time of posting, it leans toward an unverified claim.",False,json
194,"When you are black amp the victim of a crime, people will dig up something you did in kindergarten to justify what happened to you. Ferguson",not_rumour,not_rumour,0.82,"The tweet expresses a general, opinionated statement about racial bias and references Ferguson, but it does not report a specific breaking news event or claim that can be verified or refuted. It lacks any concrete, verifiable fact about a current crisis and is not a rumor about a particular incident in the PHEME corpus.",False,json
195,Rest In Peace Cpl. Nathan Cirillo. Ottawa OttawaShooting,rumour,not_rumour,0.96,"The tweet references the Ottawa shooting and expresses condolences for Cpl. Nathan Cirillo, a factual event that was confirmed by credible sources. It does not make any unverified claims or speculation, nor does it contain conspiratorial or misleading language. Therefore it is a factual statement about a verified breaking news event.",False,json
196,Turns out CharlieHebdo was a two face douche on free speech - Telegraph,not_rumour,rumour,0.78,"The tweet references the Charlie Hebdo incident, a crisis in the PHEME corpus, but it makes an unverified, emotionally charged claim about the newspaper's stance without evidence. It lacks factual verification and uses pejorative language, indicating it is not a confirmed report.",False,json
197,My thoughts are with the people in Sydney right now,not_rumour,not_rumour,0.92,"The tweet expresses sympathy for people in Sydney without making any factual claim or unverified statement about a specific event. It does not contain speculation, conspiracy language, or misinformation, and it lacks any verifiable content to assess. Therefore it is not a rumor.",False,json
198,Cartoonist Stephane Charbonnier was critically injured in the attack LeFigaro CharlieHebdo,rumour,rumour,0.88,"The tweet refers to the Charlie Hebdo attack, a known crisis in the PHEME corpus. It claims that cartoonist Stephane Charbonnier was only critically injured, which contradicts verified reports that he was killed. The statement lacks supporting sources and presents an inaccurate fact, indicating it is an unverified or false claim.",False,json
199,This is the police presence at a peaceful protest - in the USA. Ferguson right NOW!! WTF!!!,not_rumour,rumour,0.78,"The tweet refers to a current police presence at a protest in Ferguson, which is a known crisis in the PHEME corpus. It makes a claim about the situation (police presence at a peaceful protest) without providing any source or verifiable evidence, and uses strong emotional language (""WTF!!!""). This lack of verification and the emotive tone suggest it is an unverified claim rather than confirmed reporting.",False,json
200,Fight intimidation with controversy CharlieHebdos response to critics,not_rumour,not_rumour,0.78,"The tweet does not reference any specific breaking news event or crisis covered in the PHEME rumour corpus; it appears to be a generic statement about a response to critics. No verifiable claim about a news event is made, nor is there any indication of misinformation. Therefore it is off-topic rather than a rumour about a crisis.",False,json
201,Funny but as soon as Putin will re appear on public most of the current tweets will be quickly deleted putindead,not_rumour,rumour,0.88,"The tweet discusses a speculative claim that once Putin appears publicly, current tweets will be quickly deleted, implying a censorship or cover-up. This is an unverified, future-oriented assertion without evidence, using emotive language (""putindead""). It does not present verifiable facts and fits the pattern of rumor in the PHEME corpus.",False,json
202,Israels Ex-Ambassador To Russia There Are Signs Of A Coup Against Putin,rumour,rumour,0.88,"The tweet references a potential coup against Putin, which is a breaking news type claim but provides no evidence or source. It presents an unverified, speculative assertion attributed to an unnamed former ambassador, using language that suggests speculation rather than confirmed fact. The lack of corroboration and the implausibility of the claim indicate it is likely a rumor.",False,json
203,"""thank god 5sos arent in sydney"" woah wait youre think about a band not being there rn when innocent people are in danger ffs",not_rumour,not_rumour,0.88,"The tweet discusses a music band and expresses personal relief, not a claim about a breaking news crisis covered in the PHEME corpus. It lacks any verifiable factual claim about an event, and it is off-topic rather than a rumor about a crisis. Therefore it does not constitute a rumour in the target domain.",False,json
204,"UPDATE Australian PM Abbott Police dealing with ""reported hostage-taking incident"" in Sydney's business district -",rumour,rumour,0.78,"The tweet refers to a breaking‑news style claim about a hostage‑taking incident in Sydney, which fits the crisis topics in the PHEME corpus. It offers no source or confirmation, merely stating a 'reported' incident, which is typical of unverified early reports. The lack of verification and reliance on a vague report suggest it is a rumor rather than confirmed news.",False,json
205,The attack on CharlieHebdo led to a Twitter reaction that ranged from condemnation to support,not_rumour,not_rumour,0.92,"The tweet refers to the Charlie Hebdo attack, a known breaking news event included in the PHEME corpus. It merely describes the range of Twitter reactions (condemnation to support), which is an observable fact rather than an unverified claim. No conspiratorial language or speculation is present, so it aligns with verified reporting.",False,json
206,Toronto riots tonight RT LiveNation confirms that Prince will not be performing at Massey Hall tonight.,rumour,not_rumour,0.88,"The tweet discusses a concert cancellation, not a crisis covered by the PHEME rumour corpus. It reports a confirmation from LiveNation, which is a verifiable fact rather than an unverified claim. Therefore it does not constitute a rumour about a breaking news crisis.",False,json
207,Everyone assumes everyone has a gun in America. And they're usually right. That's the problem. MichaelBrown Ferguson,not_rumour,not_rumour,0.78,"The tweet is a general opinion about gun ownership in America referencing Michael Brown and Ferguson, not a specific breaking news claim in the PHEME corpus. It does not present a verifiable fact about a current event, nor does it make an unverified rumor. Therefore it is off‑topic rather than a rumor about a crisis.",False,json
208,Dr Ali from the Irish Islamic Culture Centre just said he would seek legal advice if any journalist tweets one of CharlieHebdo cartoons.,not_rumour,not_rumour,0.73,"The tweet does not refer to a current breaking news event covered in the PHEME rumour corpus; it is a statement about a potential legal reaction to journalists tweeting Charlie Hebdo cartoons. It does not present an unverified claim about a crisis, nor does it contain misinformation about a specific event. Therefore it is not a rumor about a breaking news event.",False,json
209,Sad Survival Lessons We Have To Teach Our Young Black Boys. JusticeForMikeBrown MikeBrown Ferguson,not_rumour,not_rumour,0.88,"The tweet references a past incident (Mike Brown) and expresses a moral statement rather than reporting a current breaking news event. It does not make a verifiable claim about an ongoing crisis in the PHEME corpus, nor does it contain unverified speculation. Therefore it is not a rumor about a breaking news event.",False,json
210,Cousin of Cornelius Gurlitt Challenges Will That Leaves Collection to Swiss Museum,not_rumour,not_rumour,0.85,"The tweet references a legal challenge over an art collection, which is unrelated to the crisis-focused breaking news events covered in the PHEME rumour corpus. It does not present a verifiable claim about a disaster, attack, or similar crisis, nor does it contain speculative or unverified information about such events. Therefore it is off-topic for the rumour classification task and should be treated as not a rumour about the corpus topics.",False,json
211,BREAKING - An armed man has reportedly taken a hostage at a kosher grocery store at Porte de Vincennes Paris,rumour,rumour,0.78,"The tweet reports a specific incident (an armed hostage situation) but provides no source and uses the tentative word 'reportedly', indicating the claim is unverified. It is on-topic to the PHEME corpus of breaking news crises, yet it lacks confirmation from credible outlets, making it a likely rumor at the time of posting.",False,json
212,. Our thoughts are with the families of the passengers on board of Germanwings Airbus A320 -,not_rumour,not_rumour,0.96,"The tweet expresses condolences about the Germanwings Airbus A320 crash, referencing a known breaking news event. It does not make any unverified claim or speculation, merely offering sympathy. Therefore it aligns with factual reporting rather than rumor.",False,json
213,Prince Harry signs the book of condolence at the French Embassy in London CharlieHebdo via,not_rumour,rumour,0.68,"The tweet references a specific action (Prince Harry signing a condolence book) related to the Charlie Hebdo incident, which is a crisis covered in the PHEME corpus. It makes a claim about a recent event but provides no source or verification, and such statements are often unconfirmed. The language is factual but lacks corroboration, suggesting it is an unverified claim.",False,json
214,"BREAKING NEWS R.I.P. Ahmed Merabet, Muslim Cop, first victim of CharlieHebdo attack",rumour,not_rumour,0.92,"The tweet refers to a known event (the Charlie Hebdo attack) and reports the death of Ahmed Merabet, a police officer, which is a verifiable fact reported by multiple credible sources. It does not contain speculation, conspiracy language, or unverified claims, and the information aligns with established reports of the incident.",False,json
215,Vladimir Putin reappears on television amid rumours his 'girlfriend' is about to give birth,rumour,rumour,0.92,"The tweet references a claim about Vladimir Putin's personal life that is presented as a rumor and lacks verification. It does not provide factual evidence or credible sources, and the claim is speculative and sensational. Therefore it fits the definition of an unverified rumor about a breaking news figure.",False,json
216,"Today's frontpage Across the globe, JeSuisCharlie becomes rallying cry.",not_rumour,not_rumour,0.88,"The tweet references a widely reported event (the Charlie Hebdo attacks) and claims that front pages worldwide feature ""JeSuisCharlie"" as a rallying cry. This is a verifiable observation about media coverage rather than an unverified or speculative claim, and it lacks conspiratorial or emotive language typical of rumors.",False,json
217,St. Louis Unarmed teenager MikeBrown was shot ten times by a Ferguson police officer for accusation of shoplifting,rumour,rumour,0.86,"The tweet refers to a specific alleged police shooting in St. Louis/Ferguson, which aligns with the crisis topics in the PHEME corpus. It makes a claim that an unarmed teenager was shot ten times by a police officer for shoplifting, but provides no evidence or source. The language is sensational and lacks verification, indicating it is likely an unverified rumor.",False,json
218,Thousands shut down Times Square last night in support of Ferguson US where police shot unarmed teen MikeBrown,not_rumour,rumour,0.82,"The tweet refers to a protest related to the Ferguson shooting, which is a topic covered in the PHEME rumour corpus. It claims that 'thousands' shut down Times Square, a specific quantitative assertion without any source. The statement is emotionally charged and lacks verification, making it an unverified claim.",False,json
219,This is what it sounds like when fans cry. Prince Toronto PRINCEWATCH princeTOrumours masseyhall,rumour,not_rumour,0.78,"The tweet does not reference any specific breaking news event or crisis covered in the PHEME rumour corpus; it appears to be a vague, possibly fan-related comment with no verifiable claim. Since it is off-topic rather than an unverified claim about a crisis, it does not constitute a rumour in this context.",False,json
220,"This isn't a riot story. My latest, on why the ""hands up don't shoot"" protest is so important in St. Louis Ferguson",not_rumour,not_rumour,0.73,"The tweet references the Ferguson ""hands up don't shoot"" protest, but it is a personal commentary rather than a claim about a current breaking news event. It does not present a verifiable factual statement or unverified rumor; it is off‑topic to the PHEME breaking‑news rumor set. Therefore it is classified as not a rumor.",False,json
221,"The co-pilot who rammed the Germanwings plane into the French Alps had previously ""battled depression""",rumour,not_rumour,0.78,"The tweet refers to the Germanwings crash, a known breaking news event in the PHEME corpus. It claims the co-pilot had a history of depression, which has been confirmed by official investigations and credible reports. Therefore the statement is a verifiable fact rather than an unverified speculation.",False,json
222,JusticeForMikeBrown Powerful photos from the Ferguson police protests,not_rumour,not_rumour,0.85,"The tweet references the Ferguson police protests, which are part of the PHEME corpus, but it does not make a specific factual claim; it simply shares photos and a hashtag. It lacks unverified or speculative content and does not exhibit misinformation signals.",False,json
223,CharlieHebdo killers shot dead by police,rumour,not_rumour,0.88,"The tweet refers to the Charlie Hebdo incident, which is part of the PHEME rumour corpus. It claims that the attackers were shot dead by police, a fact that was reported by multiple credible news outlets at the time. The statement is a verifiable fact rather than speculation or unverified rumor.",False,json
224,"Video footage of the the Paris shooting from French TV, via , including a shout of Allahu akbar",rumour,not_rumour,0.73,"The tweet refers to a specific breaking news event (a Paris shooting) and shares video footage, which is a factual report rather than speculation. It does not make unverified claims or conspiratorial statements, though it lacks a direct source link, the content is consistent with typical news reporting.",False,json
225,"MikeBrown's tragic death isn't a Ferguson problem or a Missouri problem, it's an American problem. .",not_rumour,not_rumour,0.85,"The tweet comments on the death of Michael Brown, a past event, and does not present a specific claim about a current breaking news incident in the PHEME corpus. It is an opinion statement without verifiable factual content or rumor characteristics. Therefore it is not a rumor about a breaking news event.",False,json
226,"CHARLIEHEBDO Shooting Wrap-up 12 dead, 3 gunmen at large, Paris on high terrorist alert",rumour,rumour,0.86,"The tweet refers to a shooting incident with specific casualty numbers and a security alert, which aligns with breaking‑news crisis topics in the PHEME corpus. It makes a concrete claim (12 dead, 3 gunmen at large) but provides no source or verification, and the language is sensational. Given the lack of corroborating evidence, it is likely an unverified rumor.",False,json
227,"Let's not forget that even if Mike Brown did shoplift, that's not why police said he was stopped or why he was shot. mikebrown ferguson",rumour,rumour,0.86,"The tweet references the Michael Brown/Ferguson incident, which is part of the PHEME crisis corpus. It makes a claim about the reason for the police stop and shooting, suggesting an alternative motive (shoplifting) without evidence. This is an unverified, speculative statement lacking sources, fitting the definition of a rumor.",False,json
228,"PHOTO This 2014 file photo shows a Germanwings Airbus 320 parked at the airport in Duesseldorf, Germany",not_rumour,not_rumour,0.96,The tweet only describes a 2014 stock photo of a Germanwings Airbus 320 and does not reference any current breaking news or crisis. It makes no claim that requires verification and contains no speculation or misinformation cues. Therefore it is not a rumour about a PHEME event.,False,json
229,"No matter what we do, it won't be as bad as killing a kid and leaving him to die on the street, covered with his own blood. Ferguson",not_rumour,rumour,0.62,"The tweet does not reference a specific breaking news event from the PHEME corpus and offers an emotional, unverified statement rather than a factual report. It lacks sources, presents a speculative moral claim, and contains extreme emotion, indicating it is not verified news.",False,json
230,"Police in Ottawa call situation 'fluid,' 'dynamic,' 'unfolding.' Confirm deaths of soldier, gunman. cdnpoli",rumour,not_rumour,0.92,"The tweet references police statements about an ongoing incident in Ottawa and confirms the deaths of a soldier and a gunman, which are factual updates rather than speculative claims. It does not contain unverified or conspiratorial language and aligns with typical breaking news reporting in the PHEME corpus. Therefore it should be treated as verified news.",False,json
231,MPs credit sergeant-at-arms for saving lives in Parliament Hill shootings,rumour,not_rumour,0.73,"The tweet refers to the Parliament Hill shootings, a known breaking news event covered in the PHEME corpus. It claims that MPs credit the sergeant‑at‑arms with saving lives, which is a specific factual statement that could be verified by news reports. There is no overt conspiratorial language or extreme emotion, and the claim is plausible and likely reported, so it leans toward verified information.",False,json
232,"Dont let irrational thoughts lead you,Dr. King's non violent movement got results. What has violence ever gotten us?Ferguson KeepingItReal",not_rumour,not_rumour,0.85,The tweet does not reference a specific breaking news event or claim within the PHEME rumour corpus; it offers a general commentary linking Dr. King's non‑violent approach to the Ferguson context without presenting a verifiable fact or unverified claim. Therefore it is not a rumour about a news event.,False,json
233,Central Sydney shut down amid ongoing hostage situation SydneySiege,rumour,rumour,0.73,"The tweet refers to a breaking news event (a hostage situation in central Sydney) that is part of the PHEME corpus. It makes a specific claim that central Sydney is shut down due to the incident, but provides no source or verification. The language is brief and lacks corroborating evidence, suggesting it is an unverified report rather than confirmed news.",False,json
234,According to show is 8pm and wristbands handed out at 6pm. This is unconfirmed though!!!,rumour,not_rumour,0.65,"The tweet discusses a show schedule and wristband distribution, which is unrelated to any breaking news crisis covered in the PHEME corpus. Since it does not make a claim about a crisis event, it falls outside the rumor classification scope and is treated as not a rumor. The lack of crisis context leads to a moderate confidence in this decision.",False,json
235,"If Ferguson protesters were white, they'd be walking away with several hundred cattle and an apology. p2",not_rumour,not_rumour,0.78,"The tweet comments on the Ferguson protests, a past event, and does not present a verifiable claim about a current breaking news incident in the PHEME corpus. It is an opinionated statement without factual content or sources, making it off‑topic rather than a rumor about ongoing news.",False,json
236,"Who's your pick for ""worst contribution to sydneysiege"" - Mamamia, Uber or the Daily Tele?",rumour,not_rumour,0.78,"The tweet asks an opinion question about which outlet contributed worst to the Sydney siege, without presenting any factual claim or unverified rumor. It does not assert new information about the event, nor does it contain misinformation signals. Therefore it is not a rumor about breaking news.",False,json
237,WakeUpAmerica Co-pilot was a Muslim Convert,rumour,not_rumour,0.35,"The tweet does not refer to any breaking news event or crisis covered in the PHEME corpus; it makes a claim about an individual's religious conversion, which is unrelated to the targeted topics. Since it is off‑topic rather than an unverified claim about a crisis, it does not fit the 'rumour' category.",False,json
238,faith in humanity restored. sydneysiege,not_rumour,not_rumour,0.73,"The tweet references the Sydney siege, a known breaking news event, but only expresses an emotional reaction ('faith in humanity restored') without making any factual claim or sharing unverified information. Since it does not propagate a rumor or unverified claim, it is not classified as a rumour.",False,json
239,Realist picture you will see today.. Ferguson,not_rumour,rumour,0.62,"The tweet references Ferguson, a known crisis in the PHEME corpus, so it is on-topic. It makes a vague claim that a ""realist picture"" will be seen today, which is an unverified prediction rather than a factual report. There is no verifiable evidence or source, and it does not present concrete facts, so it fits the definition of a rumor.",False,json
240,"More than 80,000 police officers are involved in search for CharlieHebdo suspects Cherif and Said Kouachi.",not_rumour,rumour,0.88,"The tweet refers to the Charlie Hebdo attack, a topic covered in the PHEME corpus. It claims that over 80,000 police officers are involved in the search, a figure that is not supported by official reports and appears exaggerated. The statement lacks citation and presents an implausible number, indicating it is an unverified claim rather than confirmed fact.",False,json
241,IllRideWithYou Sydney Stands Up To Racism And Bigotry With One Beautiful Hashtag,not_rumour,not_rumour,0.88,"The tweet discusses a social campaign hashtag in Sydney, not a specific breaking news event from the PHEME crisis corpus. It makes no factual claim about a crisis, nor does it present unverified speculation about such events. Therefore it is off-topic for rumour detection in that context.",False,json
242,"Charlie Hebdo We ignored the threat from within our own societies, says",not_rumour,rumour,0.78,"The tweet references the Charlie Hebdo attack, which is part of the PHEME corpus. It makes a broad, unsubstantiated claim that societies ignored an internal threat, without providing evidence or sources. The language is speculative and emotive, suggesting it is an unverified rumor rather than a factual report.",False,json
243,Chief Jackson officer was not aware that MikeBrown was a robbery suspect. Ferguson,rumour,rumour,0.78,"The tweet references the Ferguson incident, which is part of the PHEME crisis set, and makes a specific claim that a police chief was unaware of a suspect's status. The statement lacks any source or verification and appears to be an unsubstantiated claim, fitting the pattern of rumor rather than confirmed reporting.",False,json
244,One shooting victim succumbed to injuries. He was a member of the Canadian Forces. Our thoughts and prayers are with him and his loved ones.,rumour,not_rumour,0.78,"The tweet refers to a shooting incident, which aligns with the crisis topics in the PHEME corpus, making it on‑topic. It asserts that a victim, identified as a Canadian Forces member, died from injuries, which is a factual claim rather than speculation. No conspiratorial language or unverified speculation is present, so it is treated as a report of a verifiable event.",False,json
245,The latest on the manhunt for Charlie Hebdo suspects,rumour,not_rumour,0.88,"The tweet references a known breaking news event (the Charlie Hebdo manhunt) and appears to be a headline or update rather than presenting a specific unverified claim. It does not contain speculative language, conspiracy terms, or emotional exaggeration, and it aligns with factual reporting of an ongoing situation. Therefore it is treated as verified news content.",False,json
246,"France's transport minister says distress signal was sent from Germanwings plane - ,",rumour,not_rumour,0.78,"The tweet references a statement by France's transport minister about a distress signal from the Germanwings plane, which is a specific claim about a known breaking news event in the PHEME corpus. It cites an official source rather than presenting unverified speculation, and there is no conspiratorial or emotive language. Therefore it aligns with factual reporting rather than a rumor.",False,json
247,"URGENT The only 2 livestreams just went down, police is using jammers in Ferguson. This is far beyond a police state.",not_rumour,rumour,0.92,"The tweet refers to the Ferguson protests, a known event in the PHEME corpus, and claims that police are using jammers to shut down livestreams. This is an unverified, sensational claim with no supporting evidence and uses alarmist language. It lacks credible sources and appears to be speculation rather than confirmed reporting.",False,json
248,Why would the officer tell MikeBrown to get out of the street if he was a suspect? Ferguson,rumour,rumour,0.86,"The tweet references the Ferguson incident, a known crisis in the PHEME corpus, so it is on-topic. It poses a speculative question about police behavior toward Michael Brown, without providing evidence or sources. This constitutes an unverified claim rather than a verified fact, indicating potential misinformation.",False,json
249,People talking about stupid shit like government corruption and harassment when Prince is in Toronto smh,rumour,not_rumour,0.85,The tweet does not reference any specific breaking news event or crisis covered in the PHEME corpus; it is a vague personal comment about Prince being in Toronto and unrelated topics. It makes no verifiable claim and lacks any indication of rumor or misinformation about a news event.,False,json
250,Condolences to the family of the fallen officer in Ottawa He was a hero who bravely stood in defence of our country and our freedoms,rumour,not_rumour,0.86,"The tweet comments on a presumably recent incident involving a fallen officer in Ottawa, but it does not assert any specific factual claim beyond expressing condolences and praising the officer. It lacks any unverified or speculative content and does not contain misinformation cues. Therefore it aligns with a factual or emotional response rather than a rumor.",False,json
251,Shocked and disgusted about what's happening in Sydney... Those poor people trapped in that cafe.. illridewithyou,not_rumour,rumour,0.62,"The tweet refers to a breaking‑news incident in Sydney but offers only an emotional reaction without any verifiable facts or sources. It does not present confirmed information, making it an unverified, speculative comment about the event.",False,json
252,Some signs from the earlier shutdown of West Florissant in Ferguson,not_rumour,rumour,0.73,"The tweet references a specific event (shutdown of West Florissant in Ferguson) that aligns with the PHEME crisis topics, but it offers no concrete, verifiable information—just vague 'signs' without evidence. The lack of detail, sources, or factual statements suggests it is an unverified claim rather than confirmed reporting.",False,json
253,"Stay safe, Ferguson. RT I counted 70 SWAT officers. Guns trained on crowds. Insanity.",not_rumour,rumour,0.86,"The tweet refers to the Ferguson unrest, a known event in the PHEME corpus. It asserts a specific, unverified claim (70 SWAT officers with guns trained on crowds) without any source or evidence, using emotive language. This lack of verification and reliance on personal observation suggests it is a rumor rather than confirmed reporting.",False,json
254,"Germanwings statement says Flight 4U9525 crashed at 11 20 local time 144 passengers, 6 crew on board -",rumour,not_rumour,0.96,"The tweet reports a specific event (Germanwings Flight 4U9525 crash) and cites an official statement, presenting verifiable details (time, passenger count). It does not contain speculation, emotional language, or unverified claims, aligning with factual reporting of a known breaking news event in the PHEME corpus.",False,json
255,Banksy account joins cartoonists support for CharlieHebdo JeSuisCharlie,rumour,not_rumour,0.85,"The tweet references support for the Charlie Hebdo cause, which is not a current breaking news event in the PHEME corpus. It does not make a factual claim about an ongoing crisis, nor does it present unverified speculation. Therefore it is not a rumor about a breaking news event.",False,json
256,Here's the cartoonist's response to the CharlieHebdo attack,not_rumour,not_rumour,0.88,"The tweet references the Charlie Hebdo attack, a known event in the PHEME corpus, but it merely points to a cartoonist's response without making any factual claim about the incident. It does not contain unverified or speculative information, nor does it exhibit misinformation signals.",False,json
257,"Since FBI is investigating the shooting, isn't Darren Wilson a fugitive amp the cops who let him leave accessories after the fact? Ferguson",rumour,rumour,0.86,"The tweet references the Ferguson shooting and claims the FBI is investigating and that Darren Wilson is a fugitive, which are unverified assertions lacking evidence. It does not present verifiable facts or sources and uses speculative, conspiratorial language. Therefore it is a rumor about a breaking‑news event in the PHEME corpus.",False,json
258,Who's the daddy? One explanation for Putin's absence. His 32 year old girlfriend checked into Swiss maternity unit.,rumour,not_rumour,0.85,"The tweet discusses a personal claim about Putin's girlfriend and a maternity unit, which is unrelated to any breaking news crisis covered in the PHEME corpus. It does not pertain to a verified or unverified event in a crisis context, making it off‑topic for the rumor classification task. Therefore it is treated as not a rumor about a breaking news event.",False,json
259,"BREAKING Police say SydneySiege is ""over,"" fate of remaining hostages is unknown",not_rumour,not_rumour,0.88,"The tweet refers to a police statement about the status of a known crisis (Sydney siege), which is a breaking news event covered in the PHEME corpus. It reports a specific claim that police say the siege is over but the fate of remaining hostages is unknown, which can be verified against official statements. The language is factual and lacks speculative or conspiratorial elements, so it is not an unverified rumour.",False,json
260,"Sorry, fans. Prince will not be performing at Massey Hall tonight",rumour,not_rumour,0.93,"The tweet concerns a concert cancellation, not a breaking news crisis covered in the PHEME corpus. It makes a straightforward claim about Prince not performing, which can be verified and lacks speculative or conspiratorial language. Therefore it is not a rumour about a crisis.",False,json
261,SydneySiege - Entering 11th hour - At least 15 hostages - 5 hostages escaped - Motivation amp demands unknown - 1 gunman - rotating hostages,not_rumour,rumour,0.66,"The tweet refers to the Sydney siege, a known crisis in the PHEME corpus, but it provides specific casualty numbers and details (e.g., ""rotating hostages"") without any source or verification. Such precise figures are often fluid during an unfolding event and may be speculative, indicating the information is unverified. Therefore it leans toward a rumor rather than confirmed reporting.",False,json
262,Breaking Unconfirmed reports of a gunman at the Trocadero near the Eiffel Tower in Paris. More info when available.,rumour,rumour,0.92,"The tweet refers to a potential shooting incident in Paris, which aligns with the type of crisis events covered in the PHEME corpus. It claims a gunman is present but explicitly labels the information as 'unconfirmed' and provides no source, indicating speculation rather than verified fact. The language is neutral but the lack of verification and the use of 'breaking unconfirmed reports' suggest it is a rumor.",False,json
263,Soldier killed in Canada shooting was a young reservist with a six-year-old son,rumour,rumour,0.73,"The tweet refers to a breaking news incident (a shooting in Canada) and claims the victim was a young reservist with a six‑year‑old son. This personal detail is not a widely reported fact and the tweet provides no source, making it an unverified claim rather than confirmed reporting. Therefore it should be treated as a rumor.",False,json
264,"To various media people - if you don't know something, say so. Speculation fills airtime but doesn't serve your audience. sydneysiege",not_rumour,not_rumour,0.82,"The tweet references the Sydney siege, a known breaking news event, but it does not assert any specific factual claim about the event; it merely urges media to avoid speculation. Since it lacks unverified or speculative content and does not spread a rumor, it aligns with factual commentary rather than a rumor.",False,json
265,"I deleted my suggestion that Paris attacks be blamed on US drones, when it became apparent that even that EXTREME sarcasm was being missed.",not_rumour,rumour,0.92,"The tweet references the Paris attacks, a known event in the PHEME corpus, making it on‑topic. It mentions a claim that the attacks were caused by US drones, which is an unverified, conspiratorial assertion presented without evidence. The language is sarcastic and lacks credible sources, indicating misinformation rather than factual reporting.",False,json
266,My thoughts are with all the people on the missing Germanwings flight and their families!,not_rumour,not_rumour,0.96,"The tweet references the missing Germanwings flight, a known breaking news event, but it only expresses sympathy without making any factual claim or speculation. It does not contain unverified information, conspiracy language, or misinformation. Therefore it aligns with verified reporting or emotional support rather than a rumor.",False,json
267,Witness to CharlieHebdo attack claims gunmen told him it was Al-Qaeda in Yemen i.e. AQAP,rumour,rumour,0.86,"The tweet refers to the Charlie Hebdo attack, a known event in the PHEME corpus, so it is on-topic. It reports a witness claim that the gunmen identified themselves as AQAP, which is an unverified statement lacking corroborating evidence. The language is a direct claim without sources, indicating it is speculative rather than confirmed factual reporting.",False,json
268,"BREAKING 2 more people seen fleeing Sydney building at center of hostage drama, bringing total of those who escaped to 5.",rumour,rumour,0.68,"The tweet refers to a specific breaking news event (a hostage drama in Sydney) which is within the scope of the PHEME corpus. It makes a claim about the number of people fleeing the building (two more, total five). The statement is presented without any source or verification and could be speculative, fitting the pattern of unverified breaking‑news claims, so it is likely a rumour.",False,json
269,Sydneysiege ends with shootout leaving two dead and more injured,rumour,not_rumour,0.82,"The tweet refers to the known Sydney siege, a real breaking news event covered in the PHEME corpus. It states that the siege ended with a shootout, resulting in two deaths and additional injuries, which aligns with verified reports of the incident. Although no source is cited, the claim matches established facts, indicating it is not an unverified rumor.",False,json
270,"Children among at least six people taken hostage at kosher store, reports say. ParisAttacks",not_rumour,rumour,0.78,"The tweet refers to a breaking‑news style claim about a hostage situation at a kosher store during the Paris attacks, which is a topic covered in the PHEME corpus. It asserts that children are among at least six hostages but provides no verifiable source, using vague phrasing like ""reports say."" This lack of concrete evidence and reliance on unconfirmed reports suggests it is an unverified claim rather than confirmed reporting.",False,json
271,"LATEST Numerous gunmen involved in Ottawa shooting attacks, manhunt is on - police spokesman",rumour,rumour,0.78,"The tweet refers to a breaking‑news event (an Ottawa shooting) that appears in the PHEME corpus. It makes a specific claim that ""numerous gunmen"" were involved and that a manhunt is underway, but provides no source or verification and uses sensational language typical of unverified reports. The lack of corroborating evidence and the speculative nature suggest it is not a confirmed fact.",False,json
272,Public servants being asked to stay inside their buildings as the active shooter investigation continues in Ottawa. cbcOTT OTTnews,not_rumour,not_rumour,0.93,"The tweet references an ongoing active shooter investigation in Ottawa and states that public servants are being asked to stay inside, citing a known news outlet (cbcOTT). This is a straightforward factual report rather than an unverified claim or speculation, and it can be corroborated with official statements or news coverage. No conspiratorial or emotional language is present.",False,json
273,Watch video showing gunfire inside Canada's parliament in Ottawa,rumour,rumour,0.88,"The tweet references a dramatic event (gunfire inside Canada's parliament) that would be a breaking news incident, fitting the PHEME crisis topics. It makes a claim about a video showing the event but provides no source or verification, and such a claim is highly sensational and unconfirmed. Therefore it is an unverified claim likely to be misinformation.",False,json
274,Sydney airspace wasn't closed. A second terror suspect wasn't arrested. Myths around sydneysiege debunked.,rumour,not_rumour,0.86,"The tweet refers to the Sydney siege, a known breaking news event in the PHEME corpus, and asserts that specific rumors (airspace closure, a second terror suspect) are false. These claims can be verified against official statements and news reports, and the tweet does not contain speculative or emotional language. Therefore it presents factual corrections rather than unverified rumors.",False,json
275,12 confirmed dead in CharlieHebdo attack,rumour,not_rumour,0.96,"The tweet refers to the Charlie Hebdo attack, a known breaking news event in the PHEME corpus. It asserts a specific death toll (12 confirmed dead), which is a factual claim that can be verified against official reports. There is no speculative language, conspiracy framing, or lack of sources; it simply states a confirmed figure. Therefore it should be classified as verified information.",False,json
276,We are all Charlie Hebdo. Kill us all! CharlieHebdo,not_rumour,not_rumour,0.73,"The tweet does not refer to any specific breaking news event in the PHEME corpus; it is a generic, emotionally charged statement referencing Charlie Hebdo without presenting a verifiable claim. Since it is off‑topic rather than an unverified rumor about a news event, it does not fit the 'rumour' category.",False,json
277,Ultra capitalism backflip - Uber rethinks fee hike amid Sydneysiege,rumour,rumour,0.78,"The tweet references a supposed 'Sydneysiege' and claims Uber is reconsidering a fee hike because of it, but provides no evidence or source. It appears to be a speculative statement about a breaking event, lacking verifiable facts and sounding like a rumor. Therefore it should be classified as a rumour.",False,json
278,The Constitution of the United States does NOT state that citizens can only peacefully assemble in the daytime. FirstAmendment Ferguson,not_rumour,not_rumour,0.78,"The tweet discusses a constitutional interpretation, not a breaking news event or crisis covered in the PHEME rumour corpus. It does not make a claim about an ongoing incident, so it is off-topic for the rumour classification task. Therefore it is not a rumour about a breaking news event.",False,json
279,148 people were on board the Germanwings plane which crashed in the French Alps. Here's what we know so far,rumour,rumour,0.73,"The tweet refers to a known breaking‑news event (the Germanwings crash) and makes a specific claim about the number of people on board. The figure (148) does not match the confirmed count (150), and the tweet offers no source, presenting early, unverified information. Therefore it should be treated as a rumor rather than a verified fact.",False,json
280,Australians use IllRideWithYou hashtag in solidarity with Muslims during Sydney siege,not_rumour,not_rumour,0.88,"The tweet refers to the Sydney siege, a known event in the PHEME corpus, and reports that Australians used a specific hashtag in solidarity. This is a verifiable observation about social media activity rather than an unverified claim or speculation. No conspiratorial language or implausible content is present.",False,json
281,DEVELOPING 2 reported dead in second hostage situation at Paris grocery store,rumour,rumour,0.78,"The tweet refers to a breaking news crisis (a hostage situation in Paris) and claims that two people are dead. It provides no source or verification and uses a developing‑news tone, which is typical of unconfirmed reports. Therefore it is an unverified claim rather than a confirmed fact.",False,json
282,Captain Johnson says Ferguson police did not consult with him before they released the name of DarrenWilson. He wishes they did.,not_rumour,rumour,0.75,"The tweet references a claim about Ferguson police releasing a name without consulting a captain, which is not a verified fact and lacks supporting evidence. It appears to be an unverified statement about a past incident rather than confirmed breaking news, indicating it is likely a rumour.",False,json
283,"BREAKING Germanwings crash victims include 72 German citizens, 35 Spaniards, 2 Americans, per CEO - via",rumour,not_rumour,0.92,"The tweet reports specific numbers of victims by nationality from the Germanwings crash, attributing the information to the CEO and indicating a source ('via'). This is a factual claim that can be verified against official statements, not speculative or unverified. No sensational language or conspiracy cues are present, so it aligns with verified breaking news.",False,json
284,"Jobless bums lineup in rain all day for unannounced, secret Price gig tonight. Live Nation says no dice. Hilarious.",rumour,not_rumour,0.88,"The tweet discusses a rumored secret concert and Live Nation's response, which is unrelated to any breaking news crisis covered in the PHEME corpus. It does not make a claim about a disaster or emergency event, so it falls outside the scope of rumour classification for crises. Therefore it is not a rumour about a PHEME crisis.",False,json
285,Watching Ferguson being on the verge of imposing martial law is far better than any reality TV. Tune in now,not_rumour,rumour,0.88,"The tweet references a current crisis (Ferguson) and claims that martial law is imminent, which is an unverified, sensational assertion without evidence. It lacks sources, uses emotional language, and the claim is implausible, indicating it is likely misinformation rather than a confirmed fact.",False,json
286,BREAKING Three hostages run out of Sydney siege cafe report,rumour,rumour,0.78,"The tweet refers to the Sydney siege, a known crisis in the PHEME corpus, and makes a specific claim that three hostages escaped the cafe. It provides no source or verification and uses sensational 'BREAKING' language, suggesting it is an unverified report rather than confirmed news.",False,json
287,"Police seem relaxed, suggesting all hostages are out and gunman no longer a threat sydneysiege",rumour,rumour,0.86,"The tweet refers to the Sydney siege, a breaking news event in the PHEME corpus. It asserts that police appear relaxed, implying all hostages have been released and the gunman is no longer a threat, but provides no evidence or source. This is an unverified, speculative claim rather than a confirmed fact, fitting the definition of a rumour.",False,json
288,Flight 4U9525 is a flight from Barcelona to Dusseldorf. STD 08 35 ATD 09 00 STA 10 55 Signal lost 09 41,rumour,rumour,0.86,"The tweet refers to a specific flight and claims that signal was lost at a certain time, implying a possible incident. It provides no source or verification and reads like a speculative report rather than confirmed news. Therefore it is an unverified claim about a breaking event in the PHEME corpus.",False,json
289,World waits to see if Putin turns up russia putin coup,not_rumour,rumour,0.88,"The tweet references a possible coup involving Putin, which is a speculative claim about a political event and lacks any verifiable source or confirmation. It uses vague language and appears to be speculation rather than factual reporting, fitting the pattern of unverified rumors in the PHEME corpus.",False,json
290,"Hostages held in Sydney cafe, forced to hold Islamic flag in window",rumour,rumour,0.88,"The tweet refers to a specific alleged incident (hostages in a Sydney cafe forced to display an Islamic flag) that resembles breaking‑news content, but it offers no verifiable source and reads like a sensational, unconfirmed claim. The language is emotionally charged and implausible without evidence, indicating it is likely a rumor rather than confirmed reporting.",False,json
291,"2nd police-involved shooting reported in Ferguson, Mo., overnight",rumour,rumour,0.78,"The tweet refers to a breaking news event (a second police-involved shooting in Ferguson) that is part of the PHEME crisis domain. It makes a specific claim about an incident but provides no source or verification, and such early reports are typically unverified. The language is factual but lacks corroboration, indicating it is likely a rumor at the time of posting.",False,json
292,"Andreas Lubitz, co-pilot who brought down Germanwings flight intentionally, recently commended by the FAA",rumour,rumour,0.88,"The tweet references a past aviation disaster (Germanwings Flight 9525) and makes a specific claim that the FAA recently commended the co‑pilot, which is implausible and lacks verification. It is not a factual report from credible sources and appears to be an unverified, sensational claim, fitting the definition of a rumour. Therefore it should be classified as a rumour.",False,json
293,Apparent hostage situation unfolding in Sydney prime minister convenes security briefing,rumour,rumour,0.78,"The tweet refers to a potential hostage situation in Sydney and mentions the prime minister convening a security briefing, which is a claim about a breaking news crisis. It provides no source or verification and uses language like ""apparent"" suggesting uncertainty. This lack of corroboration and the speculative nature indicate it is an unverified claim rather than confirmed reporting.",False,json
294,"RCMP to hold news conference on Ottawa shootings at 2 pm ET, 11 am PT. Watch live coverage",rumour,not_rumour,0.88,"The tweet refers to a specific, verifiable event—a scheduled RCMP news conference about the Ottawa shootings—with concrete time details. It does not contain speculation, emotional language, or unverified claims, and such announcements can be confirmed through official RCMP channels. Therefore it aligns with factual reporting rather than a rumour.",False,json
295,Statement on appalling attack against CharlieHebdo,not_rumour,not_rumour,0.86,"The tweet references the well-known Charlie Hebdo attack, which is a documented breaking news event in the PHEME corpus. It does not make any specific unverified claim or speculation, merely noting the attack as appalling. Therefore it aligns with factual reporting rather than rumor.",False,json
296,This is trending on French twitter MouradHamydInnocent started by classmates who say Mourad was in class when CharlieHebdo attack happened,rumour,rumour,0.86,"The tweet references the Charlie Hebdo attack, a known crisis in the PHEME corpus, and makes a claim about Mourad's whereabouts that is not supported by evidence. It lacks sources, uses vague language ('started by classmates'), and appears to spread speculation rather than verified facts.",False,json
297,Ottawa hospital confirms it's treating 3 OttawaShooting victims - 2 in stable condition,rumour,not_rumour,0.92,"The tweet refers to a specific breaking news event (an Ottawa shooting) and cites a hospital confirmation that it is treating three victims, with two in stable condition. This is a factual claim that can be verified with official statements, and it lacks speculative or sensational language. Therefore it aligns with verified reporting rather than rumor.",False,json
298,Channel 9 now showing footage of 9 11. You've gotta gotta gotta be kidding me. sydneysiege,not_rumour,rumour,0.78,"The tweet references a claim that Channel 9 is currently showing footage of 9/11, which is a historical event and not a current breaking news item in the PHEME corpus. The statement is an emotional reaction without evidence, suggesting an unverified or possibly false claim. Therefore it fits the definition of a rumour.",False,json
299,MORE Police surround kosher grocery store in eastern Paris where armed man is holding hostage,rumour,rumour,0.78,"The tweet describes a police operation at a kosher grocery store with an armed hostage-taker, which is a breaking‑news style claim. It provides no source or verification and uses urgent language, suggesting it is an unverified report rather than confirmed news. Therefore it aligns with the definition of a rumour.",False,json
300,"The 2011 issue of Charlie Hebdo, whose cover featured Mohammed.",not_rumour,not_rumour,0.93,"The tweet mentions a past magazine issue, not a current breaking news event in the PHEME corpus. It makes a factual claim that can be verified (the 2011 Charlie Hebdo cover featured Mohammed) and contains no speculation or unverified information. Therefore it is not a rumour about a crisis.",False,json
301,"When an ideology resorts to murdering satirists, it is publically admitting how weak, insecure amp ridiculous it is. CharlieHebdo",not_rumour,not_rumour,0.85,"The tweet comments on the Charlie Hebdo attack but does not present a specific, verifiable claim about a current breaking news event; it is an opinion statement rather than a rumor or unverified report. Since it lacks a factual claim that could be false or unverified, it does not fit the 'rumour' category.",False,json
302,JeSuisCharlie part 2. Retweet everywhere in honor of the fabulous satirists under attack,not_rumour,not_rumour,0.92,"The tweet expresses solidarity with satirists after the Charlie Hebdo attack and urges retweets, without presenting any factual claim or unverified information. It does not discuss a specific breaking news event or rumor, and contains no misinformation signals. Therefore it is not a rumor.",False,json
303,"As you hear reports on the Germanwings crash, remember to be patient. The truth takes time.",not_rumour,not_rumour,0.88,"The tweet references the Germanwings crash, a known breaking news event in the PHEME corpus, so it is on-topic. It does not assert any specific factual claim or speculation, merely advises patience while awaiting information. There is no misinformation, conspiracy language, or unverified content present.",False,json
304,This HAS to stop. CharlieHebdo,not_rumour,not_rumour,0.78,"The tweet merely expresses an emotional demand related to Charlie Hebdo without presenting any factual claim or unverified information. It does not convey a specific rumor or verifiable news about a breaking event, making it off‑topic for rumor detection. Therefore it is not classified as a rumor.",False,json
305,All my prayers are going to the hostages in Sydney.. And all not Muslims are terrorists..It's a religion of peace.,not_rumour,rumour,0.78,"The tweet references a current hostage situation in Sydney, which is a breaking news event in the PHEME corpus, but it does not provide verifiable facts; instead it makes an unsubstantiated, emotionally charged claim that ""All not Muslims are terrorists,"" which is a hateful generalisation and lacks any credible source. This makes it an unverified, potentially misleading statement rather than factual reporting.",False,json
306,Update - Reuters reports at least one person killed amp several injured in shootout before hostage-taking in Dammartin-en-Goele in France,rumour,not_rumour,0.96,"The tweet references a specific incident in France and attributes the information to Reuters, a reputable news agency, indicating a verifiable report of casualties. It does not contain speculative language, conspiracy framing, or emotional exaggeration, and the claim can be checked against Reuters' coverage. Therefore it aligns with factual reporting of a breaking news event in the PHEME corpus.",False,json
307,The CEO of Lindt says there are around 50 people holed up in the cafe in central Sydney sydneysiege,rumour,rumour,0.85,"The tweet refers to a breaking news event (a siege in central Sydney) and makes a specific claim about the number of people holed up in a cafe, attributed to the CEO of Lindt. The claim is presented without any source or verification and seems speculative, fitting the pattern of unverified information. Therefore it should be treated as a rumor.",False,json
308,"OTTAWA SHOOTING - Soldier shot at memorial - Parliament Hill on lockdown - Harper, Mulcair, Trudeau, safe",rumour,rumour,0.88,"The tweet refers to a specific breaking‑news incident (an alleged shooting at a memorial on Parliament Hill in Ottawa) that is part of the PHEME crisis set. It makes a concrete claim that a soldier opened fire, causing a lockdown, but provides no source or evidence. The language is sensational and lacks verification, fitting typical unverified rumor patterns.",False,json
309,Jason Kenney says Canadians soldier shot at War Memorial today has died. Employment Minister also says Parliamentary guard wounded. cdnpoli,rumour,rumour,0.86,"The tweet references a supposed shooting at a Canadian war memorial and claims casualties, but provides no source or verification. It appears to be a breaking‑news style claim about a violent incident, which is a type of event covered in the PHEME corpus. The language is unsubstantiated and emotionally charged, suggesting it is an unverified rumor rather than confirmed reporting.",False,json
310,Why we need brave journalists Ferguson,not_rumour,not_rumour,0.78,"The tweet ""Why we need brave journalists Ferguson"" does not reference any specific breaking news event or claim that can be verified or refuted; it appears to be a generic statement about journalists and Ferguson. It lacks a factual claim, source, or rumor content related to the PHEME corpus crises, so it is not a rumor about a breaking news event.",False,json
311,AFP several hostages have been freed at Jewish supermarket in Paris,rumour,rumour,0.66,"The tweet refers to a breaking news incident (hostages at a Jewish supermarket in Paris) and claims several hostages have been freed, citing AFP. However, it provides no verifiable link or confirmation beyond the attribution, and such specific claims are often circulated before official confirmation, indicating it may be unverified. Therefore it leans toward a rumor rather than confirmed reporting.",False,json
312,"LATEST Suspected Ottawa gunman identified as Michael Joseph Hall, a convert to Islam also known as Michael Zehaf-Bibeau -",rumour,rumour,0.88,"The tweet refers to a breaking news event (the Ottawa shooting) which is part of the PHEME corpus. It claims the suspect is Michael Joseph Hall, a convert to Islam also known as Michael Zehaf-Bibeau. This identification conflicts with established reports that the shooter was Michael Zehaf-Bibeau, not a different name, and no source is provided, indicating the claim is unverified and likely misinformation.",False,json
313,If you want to follow the hostage situation in Sydney,rumour,not_rumour,0.88,"The tweet references a hostage situation in Sydney, which aligns with a known breaking news event in the PHEME corpus. It does not make any factual claim, speculation, or unverified statement; it merely suggests following the situation. Therefore, it does not exhibit characteristics of a rumour.",False,json
314,DEVELOPING Pilot locked out of cockpit in Alps crash report.,rumour,rumour,0.78,"The tweet refers to a specific breaking‑news event (a crash in the Alps) and makes a claim that a pilot was locked out of the cockpit. It provides no source or verification and uses the typical 'DEVELOPING' tag, suggesting it is an unverified, emerging report rather than confirmed fact. Therefore it aligns with the definition of a rumour.",False,json
315,"UPDATE Parliament Hill attack Soldier dies of injuries, gunman shot dead OttawaShooting",rumour,not_rumour,0.88,"The tweet refers to a specific, recent incident (the Parliament Hill attack in Ottawa) and reports outcomes (a soldier's death and the gunman's death). It states factual updates without speculative language or unverified claims, matching typical news reporting. Therefore it aligns with verified breaking news rather than a rumor.",False,json
316,CharlieHebdo Stphane Charbonnier and Jean Cabut died for freedom of press. May their bravery amp spirit live forever,rumour,not_rumour,0.96,"The tweet references the Charlie Hebdo attack, a known event in the PHEME corpus, and states that Stéphane Charbonnier and Jean Cabut died, which is a verified fact. It does not make any unverified claim or speculation, merely offering a tribute. There is no misinformation language or lack of sources needed for a factual statement.",False,json
317,Coincidence? Nobelist Malala Youseafzai was to receive honorary Canadian citizenship in Ottawa today,not_rumour,not_rumour,0.73,"The tweet mentions Malala Yousafzai receiving honorary Canadian citizenship, which is not related to any breaking news crisis covered in the PHEME rumour corpus. It makes an unverified claim but is off‑topic rather than a crisis‑related rumour. Therefore it does not fit the rumour category defined for crisis events.",False,json
318,Heavy police activity at Sydney cafe shown on livestream just now. Many shots fired.,rumour,rumour,0.86,"The tweet refers to a potential violent incident in Sydney, which aligns with breaking‑news topics in the PHEME corpus. It makes a specific claim (heavy police presence and many shots fired) but provides no verifiable source or evidence, relying on a vague ""livestream"" reference. The language is sensational and lacks confirmation from credible outlets, indicating it is likely an unverified rumor.",False,json
319,"UPDATED Obama condemns Ottawa shootings as 'outrageous,' offers to help with response",not_rumour,rumour,0.73,"The tweet refers to a breaking news event (Ottawa shootings) that falls within the PHEME crisis topics. It claims that former President Obama condemned the incident and offered assistance, which is a specific statement but lacks citation or verification. The language is emotive and there is no source provided, suggesting the claim is unverified. Therefore it should be treated as a rumor.",False,json
320,"Converts are DISTURBED!! Co-Pilot of GermanWings Airbus Was a Muslim convert. ""Hero of Islamic State"" WhiteMuslims",rumour,rumour,0.96,"The tweet references the GermanWings Airbus crash, a known breaking news event in the PHEME corpus, but it makes an unverified claim that the co‑pilot was a Muslim convert and a 'Hero of Islamic State', without any evidence. The language is sensational, conspiratorial, and lacks credible sources, indicating misinformation rather than factual reporting.",False,json
321,Here are the 3 locations of shootings in Ottawa around Parliament Hill GoofleEarth From,rumour,rumour,0.86,"The tweet references alleged shootings in Ottawa near Parliament Hill, which is a breaking‑news type event that could appear in the PHEME corpus. It makes a specific claim about three shooting locations but provides no evidence, source, or verification, and uses vague language. This lack of corroboration and the sensational nature suggest it is an unverified claim, i.e., a rumour.",False,json
322,"BREAKING Name of co-pilot of crashed Germanwings flight 4U9525 was German, Named Andreas Lubitz",rumour,not_rumour,0.96,"The tweet mentions a specific, verifiable fact about the Germanwings Flight 4U9525 crash: the co-pilot was German and named Andreas Lubitz. This information is well-documented and confirmed by credible sources. There is no speculative language, emotional framing, or lack of evidence. Therefore it is not an unverified claim.",False,json
323,i cant sleep knowing just 15 minutes away innocent people have been hostages for almost 14 hours please pray for the hostages and for sydney,not_rumour,rumour,0.78,"The tweet refers to a hostage situation in Sydney, which aligns with a breaking news crisis. It claims that innocent people have been held hostage for almost 14 hours but provides no source or verifiable evidence, relying on emotional language. The lack of confirmation and sourcing suggests it is an unverified claim, fitting the definition of a rumour.",False,json
324,ArtsBeat Cousin of Cornelius Gurlitt Challenges Will That Leaves Collection to Swiss Museum A cousin of... art,not_rumour,not_rumour,0.78,"The tweet discusses an art-related inheritance claim involving Cornelius Gurlitt's cousin and a Swiss museum, which is unrelated to any breaking news crisis covered in the PHEME rumour corpus. Since it does not pertain to a crisis event, it cannot be classified as a rumor about such events. Therefore it falls outside the rumour category.",False,json
325,"FYI Toronto "" In response to inquiries, we can confirm that Prince will not be performing at tonight.""",rumour,not_rumour,0.88,"The tweet concerns a concert performance (Prince not performing) and does not relate to any breaking news crisis covered in the PHEME rumour corpus. It makes a simple factual statement without speculation or misinformation cues. Since it is off-topic for the crisis-focused corpus, it is not a rumour about those events.",False,json
326,"BREAKING UPDATE Soldier shot at National War Memorial in Ottawa, Canada, police tell News -",rumour,rumour,0.78,"The tweet refers to a specific alleged incident (a soldier being shot at the National War Memorial in Ottawa) that is presented as breaking news but provides no source or verification. It uses sensational language ('BREAKING UPDATE') and lacks corroborating evidence, which are typical signals of an unverified claim. Therefore it should be treated as a rumor rather than confirmed news.",False,json
327,"Germanwings CEO says 72 Germans, 35 Spanish citizens and two Americans were aboard plane that crashed in France",rumour,not_rumour,0.96,"The tweet reports a specific factual claim about passenger nationalities on a Germanwings plane crash, attributing the information to the CEO. It does not contain speculation, conspiracy language, or emotional exaggeration, and such details are typically verifiable through official sources. Therefore it aligns with verified news reporting rather than an unverified rumour.",False,json
328,"OTTAWA SHOOTING - Soldier shot at war memorial - Parliament Hill locked down - PM Harper safe, 'off the hill'",rumour,rumour,0.78,"The tweet refers to a specific breaking‑news event (a shooting in Ottawa) that is part of the PHEME crisis set. It makes several claims (a soldier shot at a war memorial, Parliament Hill lockdown, PM Harper safe) without citing sources and uses urgent, sensational language. The lack of verification and the speculative tone suggest it is an unverified claim rather than confirmed reporting.",False,json
329,Weather deteriorating for GermanWings 4U9525 search amp rescue operation with snow above 1500m in S French Alps. CF,not_rumour,rumour,0.73,"The tweet concerns the GermanWings 4U9525 crash, a known breaking‑news event in the PHEME corpus. It asserts that weather is deteriorating for the search‑and‑rescue effort, but provides no source or verification and uses vague shorthand (""CF""). This lack of corroboration makes the claim unverified, fitting the definition of a rumour.",False,json
330,The surviving staff at CharlieHebdo have just announced that the magazine will publish next week--ON SCHEDULE.,not_rumour,not_rumour,0.86,"The tweet refers to the Charlie Hebdo attack, a known event in the PHEME corpus, and reports that the surviving staff announced a scheduled publication. This claim can be verified through reputable news sources that reported the magazine's planned resumption. The language is factual, lacks sensationalism, and does not present unverified speculation.",False,json
331,Germanwings could face enormous legal liabilities in the crash that killed 150 people,not_rumour,rumour,0.78,"The tweet refers to the Germanwings crash, a known event in the PHEME corpus. It asserts that the airline could face enormous legal liabilities, which is a speculative claim about future legal outcomes and not a confirmed fact. No source is provided and the statement cannot be verified at the time of posting, indicating it is unverified speculation.",False,json
332,When and where - MikeBrown shot by police officer Darren Wilson in Ferguson,not_rumour,not_rumour,0.88,"The tweet references the well-documented 2014 shooting of Michael Brown by Officer Darren Wilson in Ferguson, a confirmed event rather than an unverified claim. It asks for details (when and where) but does not present new or speculative information, nor does it contain conspiratorial language. Therefore it aligns with factual reporting rather than a rumor.",False,json
333,Watch live CBC NN coverage of shooting of soldier at Ottawa Cenotaph shooter still on loose around Parliament Hill,rumour,rumour,0.73,"The tweet refers to a breaking news incident (a shooting at the Ottawa Cenotaph) and claims the shooter is still at large. It does not provide any source or verification, merely urges viewers to watch live coverage, which suggests the information is unverified at the time of posting. Therefore it fits the definition of a rumor rather than confirmed news.",False,json
334,"3rd work in Gurlitt collection found to have been loted, 'Klavierespieler' from Carl Spitzweg to be returned to Jewish heirs",not_rumour,not_rumour,0.92,"The tweet reports a specific development about a work from the Gurlitt collection being returned to Jewish heirs, which is a factual claim about an art restitution event, not a crisis covered by the PHEME corpus. It does not contain speculative language or unverified rumors, and the claim can be verified through news sources. Therefore it is classified as not a rumor.",False,json
335,"""Da man wit the chips"" in this iconic photo from Ferguson has been identified.",not_rumour,rumour,0.66,"The tweet refers to the Ferguson incident, which is part of the PHEME corpus, but it makes a claim about identifying a person in an old photo without providing evidence. This is an unverified speculation rather than a confirmed fact, fitting the definition of a rumour.",False,json
336,A gunman holding hostages in a Sydney cafe is said to be demanding an ISIS flag sydneysiege,rumour,rumour,0.86,"The tweet refers to the Sydney cafe hostage situation, a known breaking‑news event in the PHEME corpus. It claims the gunman is demanding an ISIS flag, which is an unverified detail not confirmed by official sources. The language is speculative and lacks citation, indicating a rumor rather than verified fact.",False,json
337,sydneysiege Up to 20 hostages are being held in darkness in a cafe in Sydney.,rumour,rumour,0.86,"The tweet refers to a breaking‑news style event (a siege in Sydney) that is part of the PHEME crisis topics. It claims that up to 20 hostages are being held in darkness in a cafe, but provides no source or verification and uses dramatic language. The lack of corroborating evidence and the speculative nature of the hostage count indicate it is an unverified claim.",False,json
338,France's top security official confirms that 3 gunmen carried out the attack on CharlieHebdo,rumour,rumour,0.68,"The tweet refers to the Charlie Hebdo attack, a known event in the PHEME corpus, so it is on‑topic. It claims that France's top security official confirmed that three gunmen carried out the attack, which is a specific factual assertion. Because no source is provided and the widely reported facts indicate two gunmen, the claim appears unverified and potentially inaccurate, fitting the definition of a rumor.",False,json
339,DEVELOPING MPs tweeting that gunman has been shot dead. CBC has not confirmed this. Condition of soldier also unknown,rumour,rumour,0.88,"The tweet discusses a developing shooting incident, which is a breaking news event covered in the PHEME corpus. It claims that the gunman has been shot dead, but notes that CBC has not confirmed this, indicating the information is unverified. The lack of confirmation and the tentative language suggest it is a rumor rather than a verified fact.",False,json
340,The Roots of Evil CharlieHebdo,not_rumour,not_rumour,0.85,"The tweet only contains a short phrase referencing Charlie Hebdo without making any factual claim or speculation. It does not present verifiable information nor unverified rumors, and lacks any indication of misinformation. Therefore it is not a rumor.",False,json
341,"Still no information about hostage taker unclear if alive, injured or killed sydneysiege",rumour,not_rumour,0.86,"The tweet refers to the Sydney siege, a known event in the PHEME corpus, and merely states that there is still no information about the hostage taker's status. It does not assert an unverified claim or speculation, but reports uncertainty, which aligns with factual reporting of a lack of data.",False,json
342,All Muslims are not like that... Okay? RT The co-pilot of the Germanwings Airbus was a convert to Islam,rumour,rumour,0.92,"The tweet references the Germanwings Airbus crash and claims the co‑pilot was a convert to Islam, which is a specific, unverified assertion about a breaking news event. It lacks supporting evidence, uses emotive language, and appears to spread speculation rather than confirmed facts.",False,json
343,Our thoughts are with Ottawa.,not_rumour,not_rumour,0.97,"The tweet expresses a generic sentiment of sympathy toward Ottawa without mentioning any specific event, claim, or source. It does not provide verifiable information nor does it present an unverified rumor about a breaking news event. Therefore it is not a rumour related to the PHEME corpus.",False,json
344,Australia's leader Tony Abbott addresses sydneysiege no questions from the media taken,not_rumour,rumour,0.78,"The tweet references a supposed 'Sydney siege' with Tony Abbott addressing it and the media not asking questions, which appears to be an unverified claim about a breaking event. It lacks any source or verifiable detail and uses vague, sensational language, suggesting it is not confirmed factual reporting.",False,json
345,Bottom line cops are supposed to use deadly force only when lives are at risk. You don't shoot robbery suspects. Ferguson,rumour,not_rumour,0.73,"The tweet comments on police use of force and mentions Ferguson, but it does not refer to a specific breaking news event in the PHEME corpus nor make a verifiable claim about an ongoing crisis. It is a general opinion statement rather than an unverified rumor about a news event.",False,json
346,"TWITTER. Charlie Hebdo is a racist publication. Murderers murdering people are not justified in murdering people. Crazy paradox, I know.",not_rumour,not_rumour,0.85,"The tweet does not refer to any specific breaking news event in the PHEME corpus; it is a general opinion about Charlie Hebdo. Since it is off‑topic rather than an unverified claim about a crisis, it does not constitute a rumor about a news event.",False,json
347,Cartoonist's continue to poke at Tyranny. Quite brilliantly too. CharlieHebdo JeSuisCharlie,not_rumour,not_rumour,0.88,"The tweet comments on cartoonists and references Charlie Hebdo, but it does not make a specific claim about a current breaking news event in the PHEME corpus. It is a general opinion statement without verifiable factual content or unverified rumors. Therefore it is not a rumor about a news event.",False,json
348,Gurlitt's Museum Bequest Is Challenged ArtCrimes,not_rumour,not_rumour,0.85,"The tweet mentions a museum bequest related to Gurlitt, which is not a current breaking news event covered in the PHEME rumour corpus of multiple crises. It does not present a verifiable claim about an ongoing crisis, nor does it contain speculative or unverified information about such events. Therefore it is off‑topic rather than a rumour about a breaking news incident.",False,json
349,"SYDNEYSIEGE OVER, police confirm. Reports hostage-taker is down",rumour,rumour,0.73,"The tweet refers to a breaking news event (a siege in Sydney) that is part of the PHEME crisis set. It asserts that the siege is over and the hostage‑taker is down, citing 'police confirm' without providing a verifiable source or link. The claim is presented as a definitive update but lacks independent confirmation, making it an unverified statement that could be rumor.",False,json
350,"Latest reports are that there 13 hostages being held in the centre of Sydney, by two armed Islamic terrorists. Black Islamic flag in window",rumour,rumour,0.88,"The tweet refers to a specific alleged hostage situation in Sydney, which aligns with breaking news topics in the PHEME corpus. It makes a claim about 13 hostages held by armed Islamic terrorists and a flag, but provides no source or verification and uses sensational language. The lack of corroborating evidence and the extreme, emotive framing suggest it is an unverified rumor.",False,json
351,"Every incident report I've seen says ""the suspect was X,"" ""the suspect did Y."" On the Ferguson report, MikeBrown is ALREADY NAMED. HOW??",rumour,rumour,0.82,"The tweet refers to the Ferguson incident, a crisis covered in the PHEME corpus, and claims that the suspect is already named in the report, which is presented without evidence or source. This is an unverified, speculative statement expressed with strong emotion and a rhetorical question, indicating it is likely a rumor rather than a confirmed fact.",False,json
352,Parisians gather under rain by Notre Dame to mourn CharlieHebdo killings Jesuischarlie,not_rumour,not_rumour,0.92,"The tweet describes a public gathering in Paris to mourn the Charlie Hebdo killings, which is a factual observation of a known event. It does not make unverified claims, speculation, or present misinformation, and it aligns with verified reporting of the incident. Therefore it is a factual report rather than a rumor.",False,json
353,Ferguson or Afghanistan? Powerful evidence of growing militarization of US police forces.,not_rumour,rumour,0.78,"The tweet references known crises (Ferguson, Afghanistan) but does not report a specific breaking news fact; it makes a speculative claim about police militarization without evidence or sources. This unverified, opinionated statement aligns with the definition of a rumour.",False,json
354,"France's Interior Ministry says debris located at 2,000 meters altitude in French Alps. Airbus A320 GermanWings",not_rumour,not_rumour,0.73,"The tweet refers to a specific breaking‑news event (a GermanWings Airbus A320 crash in the French Alps) and cites the French Interior Ministry as the source of the debris location, which suggests a factual report rather than speculation. It does not contain emotive language, conspiracy framing, or unverified speculation, so it is likely a confirmed piece of information.",False,json
355,Ferguson Police Department Release First Official Statement On Shooting Of Mike Brown JusticeForMikeBrown,not_rumour,not_rumour,0.82,"The tweet references a specific event (the Ferguson shooting of Mike Brown) that is part of the PHEME corpus. It claims that the Ferguson Police Department released its first official statement, which is a factual report rather than speculation or unverified rumor. There is no conspiratorial language, extreme emotion, or lack of source indicated beyond the statement itself, so it aligns with verified news reporting.",False,json
356,Charlie Hebdo killers tell police 'We are ready to die as martyrs',rumour,not_rumour,0.78,"The tweet refers to the Charlie Hebdo attack, a known breaking news event in the PHEME corpus. It reports a specific claim that the attackers told police they were ready to die as martyrs, which aligns with statements reported by reputable news sources at the time. The claim is presented as a factual quote rather than speculation, and there is no evident conspiratorial language or lack of source that would suggest it is unverified.",False,json
357,JUST IN Police tell it's probable gunman in second Paris hostage situation is man who killed a policewoman yesterday -,rumour,rumour,0.78,"The tweet refers to a current crisis (a second Paris hostage situation) and claims that police believe the gunman is the same individual who killed a policewoman the day before. This is a speculative attribution rather than a confirmed fact, and no source or evidence is provided. The language suggests an unverified claim about a breaking news event, fitting the definition of a rumour.",False,json
358,Hostage situation ongoing in Sydney business district. LIVE UPDATES,rumour,rumour,0.73,"The tweet refers to a potential crisis (a hostage situation in Sydney) which aligns with the types of events in the PHEME corpus. It makes a claim about an ongoing event but provides no source or verifiable evidence, and uses urgent language typical of unverified breaking news. Therefore it is likely an unverified claim rather than confirmed reporting.",False,json
359,Separating fact from fiction on the SydneySiege. Here's what we do and don't know,not_rumour,not_rumour,0.78,"The tweet references the Sydney Siege, a known breaking news event in the PHEME corpus, but it does not assert any specific claim; it merely promises to distinguish known facts from unknowns. Since it does not present unverified or speculative information, it aligns with factual reporting rather than a rumour.",False,json
360,Local news piece on Toronto show tonight prince Princearmy,rumour,not_rumour,0.22,"The tweet mentions a local news piece about a Toronto show and a 'prince' but does not refer to any breaking news event or crisis covered in the PHEME rumour corpus. It lacks a specific claim about a disaster, accident, or other crisis, and provides no verifiable or unverified information related to such events. Therefore it is off‑topic rather than a rumor about a crisis.",False,json
361,Our thoughts are with everyone in Ottawa at this time.,not_rumour,not_rumour,0.92,"The tweet expresses sympathy for people in Ottawa without stating any specific claim or information about a breaking news event. It does not provide verifiable facts, nor does it present unverified or speculative content. Therefore it is not a rumor about a crisis in the PHEME corpus.",False,json
362,"Sad truth, is that if u crticize islam even after CharlieHebdo massacre, u wl still b labeled 'right wing fanatic' or islamophobic!",not_rumour,not_rumour,0.73,"The tweet references the Charlie Hebdo massacre but does not discuss a current breaking news event; it is an opinion about criticism of Islam and labeling. It does not make a verifiable claim about a recent crisis, so it is off-topic for the PHEME rumour corpus. Therefore it is not a rumor about breaking news.",False,json
363,Update Ferguson police release stills from convenience store footage showing robbery,rumour,not_rumour,0.87,"The tweet reports that Ferguson police have released still images from convenience store footage showing a robbery, which is a straightforward factual update without speculation or unverified claims. It does not contain emotional language, conspiracy framing, or lack of source, and appears to be a verifiable news item related to a crisis covered in the PHEME corpus.",False,json
364,Look at his arrive time on the report. This man was still in the store. Exlplain this. Ferguson FergusonShooting,rumour,rumour,0.78,"The tweet references the Ferguson shooting, a known crisis in the PHEME corpus, so it is on-topic. It questions a reported arrival time and suggests the person was still in a store, implying wrongdoing without providing evidence. This is an unverified, speculative claim lacking sources, fitting the pattern of a rumor.",False,json
365,Single-aisle Airbus A320s are the workhorses of the global fleet amp proliferate across European skies 4U9525,not_rumour,not_rumour,0.86,"The tweet describes the Airbus A320 fleet and mentions a flight number, but it does not refer to any current breaking news or crisis event in the PHEME corpus. It makes a general factual statement about aircraft usage rather than presenting an unverified claim about a specific incident. Therefore it is not a rumor about a breaking news event.",False,json
366,BREAKING Sydneysiege latest Armed police have stormed cafe Multiple hostages freed Paramedics entered scene,not_rumour,rumour,0.84,"The tweet refers to a supposed new ""Sydneysiege"" with armed police storming a cafe and freeing hostages, which is a breaking‑news style claim but provides no source or verification. It uses sensational language (""BREAKING"", ""armed police"") and lacks corroborating evidence, making it an unverified claim about a crisis covered in the PHEME corpus. Therefore it should be treated as a rumor.",False,json
367,Car chase under way in Paris as gunfight breaks out. Reports of hostages. Latest from Paris,rumour,rumour,0.82,"The tweet describes a dramatic incident (car chase, gunfight, hostages) in Paris, which aligns with breaking‑news crisis topics covered by the PHEME corpus. It makes specific claims about ongoing violence but provides no source or verification, and the language is sensational and unsubstantiated. Therefore it appears to be an unverified claim rather than confirmed reporting.",False,json
368,Paris staff in solidarity with CharlieHebdo. Freedom of expression is a human right,not_rumour,not_rumour,0.88,"The tweet expresses solidarity with Charlie Hebdo and a statement about freedom of expression, without making a specific factual claim about a breaking news event. It is an opinion/expressive statement rather than an unverified rumor, and does not contain misinformation cues.",False,json
369,What the media won't show Ferguson MikeBrown,not_rumour,rumour,0.86,"The tweet references the Ferguson incident involving Michael Brown, which is part of the PHEME crisis set, so it is on-topic. It makes a vague claim that the media is withholding information, without providing evidence or sources. This is speculative and emotive, fitting the pattern of unverified rumors rather than verified reporting.",False,json
370,Dramatic video of gunfire from inside Parliament Hill,rumour,rumour,0.78,"The tweet references a dramatic video of gunfire inside Parliament Hill, which pertains to a potential breaking news event (a shooting) covered in the PHEME corpus. It makes a claim about the existence of gunfire but provides no verification, source, or context, and uses emotionally charged language. This lack of corroboration and the sensational framing suggest it is an unverified claim rather than confirmed reporting.",False,json
371,The staff of Agence France Presse stand in silence amp solidarity to remember their murdered colleagues. JeSuisCharlie,not_rumour,not_rumour,0.96,"The tweet references the Charlie Hebdo attack, a known breaking news event in the PHEME corpus, but it merely reports staff standing in silence and expresses solidarity, which are observable actions rather than unverified claims. It does not contain speculative or conspiratorial language and can be considered factual reporting of a reaction to the event.",False,json
372,Media told not to leave Moscow amp expect statements fr Kremlin No flag on building putindead,rumour,rumour,0.86,"The tweet references a developing situation in Moscow, claiming that media were instructed not to leave the city and that there would be statements from the Kremlin, plus a claim about a flag on a building being removed. This is a speculative, unverified assertion with no source and vague language, typical of rumor content rather than confirmed reporting. Therefore it should be classified as a rumor.",False,json
373,"I woke up today believing Ottawa was a safe place for my family. I'll go to bed tonight thinking the same thing. Stay strong, stay calm.",not_rumour,not_rumour,0.88,"The tweet expresses personal feelings about safety in Ottawa without referencing any specific breaking news event or crisis covered in the PHEME corpus. It does not make a verifiable claim about an incident, nor does it contain unverified or speculative information about a news event. Therefore it is off-topic for rumor detection and should be treated as not a rumor.",False,json
374,Join us in hating horrible crimes and racist cartoons at the same time CitizenRadio CharlieHebdo,not_rumour,not_rumour,0.35,"The tweet does not reference a specific breaking news event from the PHEME corpus; it is a vague, emotional statement about hate and Charlie Hebdo without any factual claim. Since it lacks a verifiable claim about a news event, it is not a rumor about breaking news, though it is also not a factual report.",False,json
375,Memo to you owe an apology GERMAN NEWS Co-Pilot of Germanwings Airbus Was MUSLIM CONVERT,rumour,rumour,0.86,"The tweet references the Germanwings crash, a known event in the PHEME corpus, so it is on-topic. It claims that the co‑pilot was a Muslim convert, a detail not supported by any source and presented without evidence. The language is sensational and lacks verification, indicating it is an unverified claim likely to be misinformation.",False,json
376,"It didn't take that long. The first Pakistani to say, CharlieHebdo massacre has nothing to with Islam, has emerged.",not_rumour,not_rumour,0.73,"The tweet references the Charlie Hebdo attack, which is a past event, not a current breaking news incident covered in the PHEME multi‑crisis corpus. It makes a claim about a Pakistani individual's statement, without providing evidence, but this claim is unrelated to ongoing crises. Therefore it is off‑topic for the corpus and not a verifiable rumor about breaking news.",False,json
377,"BREAKING Police official tells the Associated Press suspects in Charlie Hebdo massacre killed, hostage freed.",not_rumour,rumour,0.78,"The tweet refers to a breaking news event (the Charlie Hebdo incident) that is part of the PHEME corpus. It claims that police officials said the suspects were killed and a hostage was freed, which is a specific, unverified assertion. The statement lacks corroborating evidence and appears speculative, fitting the pattern of rumor rather than confirmed reporting.",False,json
378,CTV reports that soldier shot at war memorial still alive.,rumour,not_rumour,0.86,"The tweet references a specific breaking news incident (a soldier shot at a war memorial) and cites a news outlet (CTV) as the source, presenting a factual claim that the soldier is still alive. It does not contain speculative language, conspiracy framing, or emotional exaggeration, and the claim can be verified through the cited source, so it aligns with verified reporting.",False,json
379,"Please join me in prayer for those held hostage in Martin Place, Sydney, and for the police who are trying to resolve the situation.",rumour,not_rumour,0.88,"The tweet references a specific ongoing incident (hostages in Martin Place, Sydney) that aligns with a known crisis in the PHEME corpus. It does not assert any unverified claim, but merely expresses a request for prayer and acknowledges police involvement, which are factual statements. There is no conspiratorial language, extreme emotion beyond normal empathy, or lack of sources that would indicate misinformation.",False,json
380,Hostages are posting the requests of the gunman on social media. has asked the media not to publish those requests SydneySiege,rumour,rumour,0.78,"The tweet refers to a current hostage situation (Sydney siege) which is a breaking news event in the PHEME corpus. It claims that hostages are posting the gunman's requests on social media and that the gunman asked the media not to publish them, but provides no source or verification. This is an unverified, speculative statement typical of rumor content.",False,json
381,"GermanWings A320 Airbus 24 yrs old, first flight was in November 1990 4U9525",not_rumour,not_rumour,0.82,"The tweet mentions the GermanWings flight 4U9525 and provides a factual detail about the aircraft's age and first flight date. This is a verifiable piece of information related to a known crisis event, not a speculative or unverified claim. There is no emotive or conspiratorial language, so it aligns with a factual report.",False,json
382,Horrific footage shows police officer begging for his life before gunman shoots him in the head CharlieHebdo,not_rumour,rumour,0.86,"The tweet refers to the Charlie Hebdo incident, which is part of the PHEME corpus. It claims the existence of ""horrific footage"" showing a police officer begging for his life before being shot, but provides no source or verification. The language is highly emotional and the specific footage claim is unverified, indicating it is likely a rumor.",False,json
383,"BREAKING One gunman has been killed following a shooting on Parliament Hill, sources confirm to CTV News.",rumour,not_rumour,0.86,"The tweet refers to a real-world incident (a shooting on Parliament Hill) that is part of the PHEME crisis set. It asserts that a gunman was killed, citing ""sources confirm to CTV News,"" which is a specific, verifiable claim from a mainstream news outlet. There is no conspiratorial language or emotional speculation, and the claim can be checked against news reports, so it is treated as factual reporting.",False,json
384,"JUST IN Two gunmen, dozen hostages inside cafe in Sydney, Australia. ISIS flags remain on display. -",rumour,rumour,0.78,"The tweet refers to a specific alleged incident (hostage situation in a Sydney cafe with ISIS flags) that would be a breaking news event covered by the PHEME corpus. It makes a concrete claim but provides no source or verification, using sensational language like ""JUST IN"" and extreme details, which are typical of unverified rumors. Therefore it is likely an unverified claim rather than confirmed reporting.",False,json
385,". tweets ""Prince will not be performing at Massey Hall tonight."" cbcto",rumour,not_rumour,0.92,The tweet mentions a music performance and does not relate to any breaking news crisis covered in the PHEME rumour corpus. It is off-topic for the corpus and does not contain a verifiable claim about a crisis event. Therefore it is not a rumour in the context of the dataset.,False,json
386,"All evidence indicates copilot of Airbus machine in his 6-months break during his training as a pilot in Germanwings, converted to Islam",rumour,rumour,0.86,"The tweet does not refer to any known breaking‑news crisis covered by the PHEME corpus; it makes an obscure claim about a Germanwings pilot converting to Islam. The statement is unverified, lacks sources, and is implausible, showing typical rumor characteristics. Therefore it should be treated as a rumor.",False,json
387,Thoughts and prayers go out to everyone downtown Ottawa right now. PrayForOttawa Special thanks to the officers protecting us.,not_rumour,not_rumour,0.88,"The tweet references a current event in downtown Ottawa, likely a breaking news incident, but it only offers thoughts, prayers, and thanks without presenting any specific factual claim or unverified information. It does not contain speculation, conspiracy language, or unverifiable statements, so it aligns with verified reporting or emotional response rather than a rumor.",False,json
388,"Local media 3 people appear to escape from Martin Place, Sydney, caf, amid hostage situation -",rumour,rumour,0.86,"The tweet refers to a possible hostage situation in Martin Place, Sydney, which is a breaking‑news crisis that could be covered by the PHEME corpus. It asserts that three people escaped, but provides no source or verification and uses vague language (""appear to""). This lack of corroboration and the speculative nature indicate it is an unverified claim rather than confirmed reporting.",False,json
389,Ferguson police chief says officer Darren Wilson didn't know MikeBrown was a robbery suspect,rumour,rumour,0.78,"The tweet references the Ferguson unrest, a known crisis in the PHEME corpus, but it reports a specific claim about the police chief's statement without providing verification or source. The claim is not a confirmed fact and could be speculative or unverified, fitting the pattern of rumor content.",False,json
390,"3 people appear to escape from Lindt Cafe in Sydney, reports. SydneySiege",rumour,rumour,0.73,"The tweet refers to the Sydney Lindt Cafe siege, a known breaking‑news event in the PHEME corpus. It claims that three people appear to have escaped, but provides no source and uses vague language ('reports'), which is typical of unverified early information. Therefore it is an unverified claim rather than a confirmed fact.",False,json
391,Sunni extremists behind CharlieHebdo attack have no issues mocking Shia holy figures in their own cartoons,not_rumour,rumour,0.86,"The tweet references the Charlie Hebdo attack, a known crisis in the PHEME corpus, but it makes a speculative claim about Sunni extremists mocking Shia holy figures without any supporting evidence or source. The language is emotive and presents an unverified assertion rather than a verifiable fact, indicating potential misinformation.",False,json
392,BREAKING Smoke coming from building where Charlie Hebdo attack suspects located Reuters reporter,not_rumour,rumour,0.73,"The tweet refers to a breaking‑news situation (the Charlie Hebdo attack suspects) which is part of the PHEME crisis set. It claims that smoke is coming from the building where the suspects are located, citing only a vague 'Reuters reporter' without verifiable evidence. The lack of concrete source and the sensational 'BREAKING' framing suggest it is an unverified claim rather than confirmed reporting.",False,json
393,Tragedy mounts as soldier shot this AM dies of his wounds in an Ottawa Hospital. Deep sympathy to his family and friends. shooting ottawa,rumour,rumour,0.73,"The tweet refers to a shooting incident involving a soldier in Ottawa, which fits the type of breaking‑news events covered by the PHEME corpus. It asserts that the soldier died of his wounds, but provides no source or evidence and uses emotional language (""deep sympathy""). Without corroboration from credible outlets, the claim remains unverified, indicating a potential rumor.",False,json
394,"UPDATE A hostage situation is unfolding in a kosher supermarket in Vincennes, eastern Paris. French police on scene. Reports of one injured",not_rumour,rumour,0.78,"The tweet describes a developing hostage situation in a specific location, which is a breaking news event relevant to the PHEME corpus. It asserts that a hostage situation is occurring and that police are present, but provides no source or confirmation, making it an unverified claim. The language is factual in tone but lacks verification, indicating it is likely a rumor at the time of posting.",False,json
395,NEWS Germanwings pilot was muslim convert,rumour,rumour,0.88,"The tweet refers to the Germanwings crash, a known crisis in the PHEME corpus, and makes a specific claim that the pilot was a Muslim convert. This claim is not supported by credible evidence and lacks sources, making it an unverified statement. Therefore it should be treated as a rumor.",False,json
396,Thousands have gathered at Martin Place to honour CharlieHebdo victims. via 9News,not_rumour,not_rumour,0.92,"The tweet reports a specific event—a large public gathering at Martin Place to honour Charlie Hebdo victims, citing 9News as the source. This is a verifiable factual claim about a real-world occurrence, not speculation or unverified information. There are no signs of conspiracy language, extreme emotion, or lack of source credibility, so it aligns with verified news reporting.",False,json
397,"Boko Haram killed 2000 people in Baga over a period of 5 days. No, that won't make news like CharlieHebdo because this is Africa lad.",not_rumour,rumour,0.88,"The tweet discusses a specific alleged attack by Boko Haram in Baga, which aligns with the PHEME corpus topics. It makes a quantitative claim (2000 deaths over 5 days) without citing any source, and the language is emotive and speculative. The lack of verification and the sensational nature suggest it is an unverified rumor rather than confirmed news.",False,json
398,"sydneysiege gunman was reportedly ""extremely agitated"", shouting as some hostages escaped.",not_rumour,not_rumour,0.78,"The tweet refers to the Sydney siege, a known crisis in the PHEME corpus, so it is on-topic. It claims the gunman was ""extremely agitated"" and shouting while hostages escaped, which aligns with contemporaneous news reports and is presented as a reported observation rather than speculation. There is no conspiratorial language or implausible content, and the claim can be verified against credible news sources. Therefore it is treated as factual reporting.",False,json
399,"Religion Of COWARDS- gt Hostages Forced Display Islamic Flag, Women Used AsShields sydneysiege",rumour,rumour,0.86,"The tweet references a specific breaking‑news event (a siege in Sydney) and makes sensational claims that hostages were forced to display an Islamic flag and that women were used as human shields. No sources are provided and the language is emotionally charged and implausible, suggesting it is an unverified claim rather than a confirmed report. Therefore it aligns with the definition of a rumor in the PHEME corpus.",False,json
400,Thoughts also with the Muslim community whose name and religion has again been hijacked against their will. sydneysiege notintheirname,not_rumour,not_rumour,0.82,The tweet references the Sydney siege but does not present a specific claim about a current breaking‑news event; it is a general expression of solidarity and criticism. It lacks verifiable factual statements about an ongoing crisis and does not contain unverified rumors. Therefore it is not a rumor about a breaking news event.,False,json
401,We must confirm to our deepest regret that Germanwings Flight 4U 9525 from Barcelona to Dsseldorf has suffered an accident over the 1 5,rumour,not_rumour,0.96,"The tweet reports that Germanwings Flight 4U9525 suffered an accident, which is a factual event that was confirmed by authorities. It does not contain speculation, conspiracy language, or lack of sources, and the claim can be verified as true. Therefore it is not a rumor.",False,json
402,I want to commend the courage and bravery of the first responders on the ground in Ottawa right now,not_rumour,not_rumour,0.92,"The tweet references an ongoing event in Ottawa and praises first responders, but it does not assert any specific factual claim or unverified information. It is an emotional statement rather than a rumor, and there are no signs of misinformation or speculation.",False,json
403,Islam is not the enemy. Muslims are not the enemy. hatecannotdriveouthate jesuischarlie,not_rumour,not_rumour,0.92,"The tweet expresses a general opinion about Islam and Muslims and includes a hashtag, but it does not reference any specific breaking news event or crisis covered in the PHEME rumour corpus. Since it is off‑topic and does not make a verifiable claim about a news event, it does not constitute a rumour about breaking news. Therefore it is classified as not_rumour.",False,json
404,Single finger raised by CharlieHebdo gunman looks like what ISIS fighters often do in battle. CC,not_rumour,rumour,0.86,"The tweet refers to the Charlie Hebdo shooting, a breaking news event covered in the PHEME corpus. It makes a speculative claim about the gunman's gesture resembling ISIS fighters, without evidence or sources. This is an unverified, emotive observation rather than a factual report, indicating rumor-like content.",False,json
405,Praying for Sydney. Also thank heavens for streaming foreign networks because American media is completely MIA.,not_rumour,not_rumour,0.65,"The tweet mentions Sydney but does not specify any particular breaking‑news event or claim; it is an emotional statement of prayer and a comment on media coverage. There is no verifiable factual claim to assess, nor any unverified speculation. Therefore it does not constitute a rumor about a crisis in the PHEME corpus.",False,json
406,Mike Brown was to start studying at Vatterott College on Monday. Ferguson,not_rumour,not_rumour,0.85,"The tweet mentions a personal education plan and a location (Ferguson) but does not refer to any breaking news crisis covered in the PHEME corpus. It makes a simple statement without speculation or unverified claims about a crisis, so it is not a rumour in that context.",False,json
407,"According to 2014-15 GM Survey, Kobe is the 3rd best shooting guard.",not_rumour,not_rumour,0.97,"The tweet discusses a basketball ranking from a 2014-15 survey, which is unrelated to any breaking news or crisis events covered in the PHEME rumour corpus. Since it does not pertain to a crisis, it cannot be a rumour about such events. Therefore it is classified as not a rumour in this context.",False,json
408,"Proud of NDTV for upholding India's SECULAR credentials! Nidhi Razdan ""NOTORIOUS French magazine attacked by armed men""!! CharlieHebdo",not_rumour,not_rumour,0.73,"The tweet does not reference a specific breaking news event from the PHEME corpus; it appears to be a vague, emotionally charged statement about NDTV and a past incident (Charlie Hebdo). No verifiable claim about a current event is made, and it lacks sources or factual detail, indicating it is off‑topic rather than a rumor about a news event.",False,json
409,Yesterday 4U9525 took exactly the same route so yes it is a normal route!,not_rumour,not_rumour,0.6,"The tweet references flight 4U9525, a past crash, and claims the route is normal, but it does not pertain to a current breaking news event in the PHEME corpus. It makes an unverified statement about a historical flight, which is off‑topic for the rumour classification task focused on ongoing crises.",False,json
410,"I'm not retweeting the pic of MikeBrown's body, but evidently he lost the hat and changed his shoes and shorts. And lost 40 lbs. Ferguson",rumour,rumour,0.86,"The tweet references a supposed image of Michael Brown's body and makes unverified claims about his appearance and weight loss, which are not supported by credible sources. It is not a factual report of a verified breaking news event but rather speculative, emotionally charged content typical of rumors. Therefore it should be classified as a rumor.",False,json
411,Here's everything we know so far about the sydneysiege. Dozens of hostages are being held.,rumour,rumour,0.82,"The tweet refers to a siege event (potentially part of the PHEME crisis set) and claims that dozens of hostages are being held, but provides no source or verification. The language is speculative and lacks corroborating evidence, indicating it is an unverified claim rather than confirmed reporting.",False,json
412,The streets of Times Square have been taken over. Literally. NMOS14 ferguson,not_rumour,rumour,0.88,"The tweet mentions a dramatic claim that Times Square has been ""taken over,"" which is not a known verified event and lacks any source or evidence. It references ""ferguson"" but does not provide context linking it to a confirmed crisis, suggesting it is an unverified, possibly sensational statement. The language is extreme and implausible, indicating a rumor rather than factual reporting.",False,json
413,Sky News reporter at the scene of the sydneysiege. Live now on Sky News,not_rumour,not_rumour,0.73,"The tweet references a specific breaking news event (a siege in Sydney) and claims that a Sky News reporter is on scene providing live coverage. This is a factual statement about news reporting rather than an unverified rumor or speculation. While verification would require checking the broadcast, the content does not contain speculative or conspiratorial language, so it leans toward a verifiable report.",False,json
414,"So Putin is back. He's been busy. There's been a coup, he's been dead, his girlfriend gave birth, he was riding bears etc.",not_rumour,rumour,0.96,"The tweet references alleged dramatic events involving Putin, which are unverified and implausible (e.g., coup, death, girlfriend giving birth, riding bears). It lacks credible sources and reads like speculation or rumor rather than factual reporting. Therefore it is a rumor about a breaking news topic.",False,json
415,"BREAKING UPDATE Gunman demands to speak to Abbott, asks to bring him ISIS flag SydneySiege",rumour,rumour,0.78,"The tweet refers to the Sydney siege, a known breaking news event in the PHEME corpus. It makes a specific claim that the gunman demanded to speak to Abbott and wanted to bring an ISIS flag, but provides no source or verification. The language is sensational and lacks corroboration, indicating it is likely an unverified claim.",False,json
416,Lk t RT Rumors in Switzerland Putin absence due to his girlfriend Alina Kabaeva giving birth in Ticino,rumour,rumour,0.92,"The tweet references a claim about Putin's absence being linked to his girlfriend Alina Kabaeva giving birth in Ticino, which is a speculative, unverified statement lacking credible sources. It fits the PHEME corpus theme of breaking news rumors and contains implausible, conspiratorial content. Therefore it should be classified as a rumor.",False,json
417,MORE Airbus A320 was lost from Flightradar24 at 6800 feet at 09.39 UTC time GermanWings,rumour,rumour,0.86,"The tweet refers to a specific aviation incident (an Airbus A320 disappearance) which aligns with the type of breaking news events in the PHEME corpus. It makes a claim about the aircraft being lost at a certain altitude and time, but provides no verifiable source or evidence, and uses terse, unsubstantiated language typical of rumors. Therefore it is an unverified claim rather than confirmed reporting.",False,json
418,"10 people confirmed dead in Paris attack - rocket launcher used in assault, according to reports",rumour,rumour,0.78,"The tweet refers to a breaking news event (an attack in Paris) that is within the scope of the PHEME corpus. It makes specific claims about casualties and weaponry but provides no credible source, using vague phrasing like ""according to reports."" The lack of verification and reliance on unspecified reports suggest it is an unverified claim rather than confirmed factual reporting.",False,json
419,"My hometown, Sydney, just showed the world how to face terrorism and fear. I'm moved to tears. illridewithyou",not_rumour,rumour,0.73,"The tweet references a terrorism incident in Sydney, which aligns with the PHEME crisis topics, but it offers no concrete, verifiable details—only emotional praise and a vague claim about the city's response. This lack of factual evidence and reliance on subjective language suggests it is an unverified, speculative statement rather than a factual report.",False,json
420,2 babies were among 144 passengers on board crashed Germanwings plane - says in news briefing,rumour,not_rumour,0.86,"The tweet refers to a specific breaking news event (the Germanwings crash) that is part of the PHEME corpus. It reports a concrete detail—two babies among 144 passengers—citing a news briefing, which is a verifiable fact rather than speculation. There is no conspiratorial language or emotional exaggeration, and the claim can be confirmed by official reports.",False,json
421,"CharlieHebdo last cover satirizing ISIS If Mohammed returned ""But I'm the Prophet, blockhead!"" ""Shut up, infidel!""",not_rumour,not_rumour,0.88,"The tweet discusses a satirical Charlie Hebdo cover referencing ISIS and the Prophet Muhammad, which is unrelated to any breaking news event in the PHEME rumour corpus. It does not make a factual claim about a crisis, nor does it present unverified speculation about a news event. Therefore it is not a rumour about a breaking news incident.",False,json
422,Swiss museum will accept Gurlitt art trove A Swiss museum agreed on Monday to accept a priceless collection o...,rumour,not_rumour,0.96,"The tweet reports that a Swiss museum has agreed to accept the Gurlitt art collection, which is a factual news item rather than an unverified claim. It does not involve a crisis covered by the PHEME corpus, and there is no indication of speculation or misinformation. Therefore it is a straightforward factual report.",False,json
423,TWO TORONTO SHOWS TONIGHT? Looks like is hinting at TWO Prince shows tonight.... stay tuned!,rumour,not_rumour,0.88,"The tweet discusses potential concert shows in Toronto, which is unrelated to any breaking news crisis covered in the PHEME rumour corpus. It does not make a claim about a crisis event, nor does it contain verifiable or unverified information about such events. Therefore it is off-topic for the rumour classification task.",False,json
424,Live Nation wants to apologize for any inconvenience experienced by Prince and his fans. Read more here,rumour,not_rumour,0.78,"The tweet mentions Live Nation apologizing to Prince and fans, which is unrelated to any breaking news crisis covered in the PHEME rumour corpus. It does not make a verifiable claim about a crisis event, nor does it contain speculation or misinformation about such events. Therefore it is off‑topic rather than a rumor about a crisis.",False,json
425,"The controversial history of France's ""Charlie Hebdo""",not_rumour,not_rumour,0.88,"The tweet mentions the historical controversy of Charlie Hebdo, which is not a current breaking news event in the PHEME rumour corpus. It does not assert a specific claim about an ongoing crisis, nor does it contain unverified or speculative information. Therefore it is off-topic rather than a rumour about breaking news.",False,json
426,"Plane crashes in southern France, 148 on board Germanwings budget airline was flying from Barcelona to Dusseldorf.",rumour,not_rumour,0.96,"The tweet reports a specific incident—a Germanwings plane crash in southern France with 148 people on board, providing concrete details about the flight route. This aligns with a known, verified event and contains no speculative language, sources, or emotional framing. Therefore it presents verifiable factual information rather than an unverified claim.",False,json
427,"JUST IN U.S. officials tell CBS News the name of the dead Ottawa shooting suspect is Michael Zehaf-Bibeau, a Canadian born in 1982.",rumour,not_rumour,0.88,"The tweet refers to the Ottawa shooting, a crisis covered in the PHEME corpus, and states the suspect's identity, which is a known factual detail. It does not contain speculation, emotional language, or unverified conspiracy claims, and the core claim can be verified from public records.",False,json
428,"In the USA, if a cop says something, it automatically becomes fact. By law media must report it as fact no matter how outrageous. Ferguson",not_rumour,rumour,0.86,"The tweet references the Ferguson incident, which is part of the PHEME crisis dataset, so it is on-topic. It makes a sweeping claim that U.S. law forces media to treat any police statement as fact, which is not supported by any known legal source and appears to be an unverified, emotionally charged assertion. The lack of evidence and the conspiratorial tone indicate it is likely misinformation.",False,json
429,UPDATED Photos from shooting on Parliament Hill,not_rumour,rumour,0.78,"The tweet refers to a breaking news event (a shooting on Parliament Hill) that is part of the PHEME corpus. It asserts the existence of updated photos but provides no source or verification, making it an unverified claim. The language is brief and lacks corroborating evidence, indicating it is likely a rumor rather than confirmed reporting.",False,json
430,"Re Charlie Hebdo Seriously. If your god amp or prophet needs armed men to protect him from cartoons, it pretty much says he's a huge pussy.",not_rumour,not_rumour,0.78,"The tweet comments on Charlie Hebdo and makes a personal, emotional statement rather than reporting or questioning a specific breaking news event in the PHEME corpus. It does not present a verifiable claim about an ongoing crisis, nor does it contain unverified rumor content about such events. Therefore it is not a rumor about a breaking news event.",False,json
431,The Pen vs. the Gun on the life-giving defiance of the CharlieHebdo cartoonists,not_rumour,not_rumour,0.88,"The tweet is a generic, possibly editorial statement about Charlie Hebdo cartoonists and does not reference a specific breaking news event or claim that can be verified. It lacks any factual claim, source, or rumor-like content related to the PHEME corpus crises, making it off-topic rather than a rumor.",False,json
432,Update Reuters reports a witness who says police chased a suspect into Candian parliament in Ottawa amp then heard 30 shots fired inside,rumour,rumour,0.78,"The tweet refers to a dramatic incident (police chasing a suspect into Canadian parliament and 30 shots fired) that would be a breaking news event. It presents the claim as coming from a vague 'witness' and an unspecified 'Update Reuters' without verifiable details, making it unconfirmed. The language is sensational and lacks corroborating sources, indicating it is likely a rumor rather than verified reporting.",False,json
433,Reports in French media of hostage situation as manhunt for CharlieHebdo suspects centres on DammartinEnGoele,rumour,rumour,0.88,"The tweet refers to a specific breaking‑news event (the Charlie Hebdo manhunt) that is part of the PHEME corpus. It claims a hostage situation exists in Dammartin‑en‑Goële, but provides no concrete evidence or source beyond vague ""reports in French media"". This is an unverified claim that was later shown to be false, fitting the definition of a rumour.",False,json
434,I heard Putin escaped the Kremlin and is on his way to his girl in Switzerland. Putindead PutinPregnant,rumour,rumour,0.96,"The tweet references a claim about a high‑profile political figure (Putin) escaping the Kremlin, which is a breaking news topic covered in the PHEME corpus. It presents an unverified, sensational claim with no source and uses speculative language (""I heard""). The claim is implausible and lacks corroboration, indicating it is misinformation rather than confirmed reporting.",False,json
435,We r being told it's still not safe outside downtown. Shooter on the loose. University of Ottawa shut down.,rumour,rumour,0.86,"The tweet refers to an alleged active shooter and a university shutdown, which are breaking‑news style claims that could appear in the PHEME crisis corpus. It offers no verifiable source, uses informal language and urgency, and the specifics (e.g., safety outside downtown, University of Ottawa) cannot be confirmed at face value. Therefore it is an unverified, speculative claim likely to be a rumor.",False,json
436,"Uta Werner, 1st cousin of the late Cornelius Gurlitt, to formally challenge will that named Kunstmuseum Bern as heir.",not_rumour,not_rumour,0.78,"The tweet discusses a legal challenge over a will involving a relative of Cornelius Gurlitt, which is unrelated to any breaking news crisis covered in the PHEME rumour corpus. It does not pertain to a crisis event, so it falls outside the scope of rumor classification for that dataset. Consequently, it is treated as not a rumor about a crisis.",False,json
437,Where should the Gurlitt collection go? Many people sounding off on before the upcoming press conference Monday.,not_rumour,not_rumour,0.73,"The tweet discusses the Gurlitt art collection and a press conference, which is unrelated to any breaking news crisis in the PHEME corpus. It does not make a verifiable claim about a crisis, nor does it contain speculative or unverified information about such events. Therefore it is not a rumour about a PHEME crisis.",False,json
438,"Paris Terrorist was Radicalized by Bushs Iraq War, Abu Ghraib Torture",not_rumour,rumour,0.92,"The tweet references the Paris terrorist attacks, a breaking news event covered in the PHEME corpus, but it makes a speculative causal claim linking the attacker’s radicalisation to Bush's Iraq war and Abu Ghraib torture. This claim lacks verifiable evidence, uses conspiratorial language, and provides no credible sources, indicating it is unverified speculation.",False,json
439,"Ferguson crowd gone, crowd showed restraint, chanted amp yelled at police then left, scene now empty, only media here",not_rumour,not_rumour,0.78,"The tweet refers to the Ferguson unrest, which is part of the PHEME rumour corpus. It reports an observed situation (the crowd leaving, showing restraint, and the scene being empty) without making speculative or unverified claims. The content is a straightforward description rather than a rumor, so it aligns with factual reporting.",False,json
440,"Gunshots heard as well as shouts of ""Allahu Akbar!"" in amateur videos of CharlieHebdo attack",rumour,not_rumour,0.82,"The tweet refers to the Charlie Hebdo attack, which is a known breaking news event in the PHEME corpus. It reports observable details (gunshots and shouts) from amateur videos rather than making an unverified claim or speculation. The content aligns with widely reported facts about the incident, so it is factual reporting.",False,json
441,"In 2009 Ferguson PD beat a black man, then charged him for getting blood on their uniforms",rumour,rumour,0.78,"The tweet references an alleged 2009 incident involving Ferguson police, which is not a known breaking news event in the PHEME corpus and lacks any source or verification. It makes a serious claim (beating and charging) without evidence, showing emotional language and no corroboration, indicating it is an unverified rumor rather than confirmed reporting.",False,json
442,"""Your right to demonstrate is not being denied."" Says dude in a Tank with snipers. Ferguson",not_rumour,rumour,0.78,"The tweet refers to the Ferguson protests, a known event in the PHEME corpus, and makes a claim about authorities' stance while describing a dramatic scene (tank and snipers). It offers no verifiable evidence or source, and the language is emotive and speculative, suggesting it is an unverified claim rather than confirmed reporting.",False,json
443,It seems AKP supporters in Turkey are happy about the terror attack against CharlieHebdo. They seem joyfully celebrating barbaric terror,not_rumour,rumour,0.86,"The tweet refers to the Charlie Hebdo terror attack, a known event in the PHEME corpus, so it is on-topic. It asserts that AKP supporters in Turkey are celebrating the attack, a claim without evidence or sources and expressed with strong emotion. This unverified, speculative statement fits the definition of a rumour.",False,json
444,"Even if MikeBrown was running down the street with a bag full of boosted goods, he deserved a trial. Not a street execution. Ferguson",rumour,rumour,0.78,"The tweet references a specific incident in Ferguson, which is part of the PHEME crisis corpus. It asserts that the individual (MikeBrown) was running with a bag of ""boosted goods"" and deserved a trial, which is an unverified claim lacking evidence. The language is emotive and speculative, indicating it is likely a rumor rather than a verified fact.",False,json
445,French media reporting owner of petrol station saw 2 men wearing masks in car with guns amp rocket launcher CharlieHebdo,rumour,rumour,0.86,"The tweet references a violent incident involving masked men with guns and a rocket launcher at a petrol station, linking it to the Charlie Hebdo context. It lacks any credible source or verification and reads like an unsubstantiated claim circulating as breaking news. The language is sensational and implausible, indicating it is likely a rumor rather than confirmed reporting.",False,json
446,"""The officers were literally putting hands on media personnel, throwing people..."" Ferguson",rumour,rumour,0.78,"The tweet refers to the Ferguson protests, a known event in the PHEME corpus, and makes a claim that police were physically assaulting media personnel. It provides no source or verifiable evidence and uses emotive language, suggesting it is an unverified, possibly speculative report.",False,json
447,News of the attack in Ottawa is extremely disturbing. I pray for everyone's safety.,not_rumour,not_rumour,0.88,"The tweet references a known breaking news event (an attack in Ottawa) and expresses a personal reaction without making any specific unverified claim or speculation. It does not contain conspiracy language or implausible statements, and it aligns with factual reporting of an event that is already reported in the media.",False,json
448,BREAKING NEWS Alert of armed explosives at Sydney's Opera House. All airspace near the area has been closed and diverted.,rumour,rumour,0.88,"The tweet refers to a claimed explosive incident at a high-profile location, which fits the type of crisis covered by the PHEME corpus. It makes a specific claim about armed explosives and airspace closures but provides no source or verification, using sensational language. The lack of corroborating evidence and the implausibility without official confirmation suggest it is an unverified claim.",False,json
449,ISIS is to Islam what the Westboro Baptist Church is to Christianity An abomination. siege sydneysiege MartinPlace Lindt Islamic,not_rumour,rumour,0.68,"The tweet references the Sydney siege, a breaking news event in the PHEME corpus, but it offers an opinionary comparison rather than a verifiable fact. It does not provide confirmed information and contains speculative, emotionally charged language without sources, fitting the rumour category.",False,json
