index,text,true_label,pred_label,confidence,reasoning,parse_error,parse_method
0,"They waited six days to develop the best diversion tactic they could create to demonize MikeBrown and make him the ""bad guy""",rumour,rumour,0.9,"The tweet is about the Ferguson unrest in 2014, specifically mentioning Mike Brown, which indicates it is on-topic. The tweet makes a claim about a diversion tactic to demonize Mike Brown, which is an unverified and emotional claim. The language used suggests a conspiracy theory and lacks credible sources, indicating potential misinformation. The tone and content of the tweet are more speculative than factual, leading to a classification as rumour.",False,json
1,Yeah but turns out he might've been a violent thug who doesn't deserve benefit of the doubt. HandsUpDontRob,rumour,rumour,0.8,"The tweet appears to be related to the Ferguson unrest, referencing the 'HandsUpDontRob' slogan, which was a prominent phrase during the protests. However, the tweet makes a claim about an individual's character, calling them a 'violent thug', which is an unverified and emotional statement. There is no verifiable fact or credible source provided to support this claim. The language used suggests a biased or speculative tone, indicating potential misinformation.",False,json
2,Will it ever stop? Israel is surrounded by a Religious Fanatics. There has to be a solution!,not_rumour,unrelated,1.0,"The tweet does not mention the Charlie Hebdo attack or the Ferguson unrest, instead discussing Israel and religious fanatics, which indicates it is off-topic. The content is unrelated to the specified breaking news events. There are no verifiable facts or specific claims about the tracked events, and the language used is more opinion-based. The lack of connection to the events in question leads to a clear classification.",False,json
3,a particularly interesting question given that St. Louis is home to this thing,not_rumour,unrelated,0.8,"The tweet mentions St. Louis, which is related to the Ferguson unrest in 2014, but it does not provide any specific information or claim about the event. The tweet appears to be vague and does not present any verifiable facts or emotional claims. The lack of specific information makes it difficult to classify as a rumour or verified news. However, since it mentions St. Louis, it is not completely unrelated to the tracked events.",False,json
4,"So last week NYPD tried to tell us that EricGarner wasn't in a chokehold, now Ferguson police telling us MikeBrown assaulted the officer",rumour,rumour,0.8,"The tweet is about the Ferguson unrest, specifically mentioning MikeBrown and the actions of the Ferguson police, which indicates it is on-topic. The tweet presents a claim about the events surrounding MikeBrown's death, comparing it to another incident involving EricGarner. However, the tone seems to question the official narrative, implying potential misinformation or unverified claims. The language used does not provide verifiable facts or credible sources to support its assertions.",False,json
5,"The ""Extremist"" Muslims are actually obeying The Qur'an. The ""Moderate"" Muslims merely stand by and watch. CharlieHebdo",not_rumour,rumour,0.8,"The tweet is about the Charlie Hebdo attack, making a claim about the actions of 'Extremist' and 'Moderate' Muslims. The claim is unverified and presents an emotional, generalized statement about Muslims, lacking credible sources or factual evidence. This language suggests a potential signal of misinformation, as it promotes a divisive and unsubstantiated narrative. The tweet's content is more speculative and emotive than factual, indicating a rumour classification.",False,json
6,Can you explain this tweet? Please,not_rumour,unrelated,1.0,"The tweet does not mention either the Charlie Hebdo attack or the Ferguson unrest, and instead appears to be a request for clarification on the tweet itself. This suggests that the tweet is not about either of the tracked events. The language used is neutral and does not present any claims or information about the events. The tweet's content is unrelated to the specified events.",False,json
7,those cartoons are not made to offend people but to make them think. too bad most are too narrow minded to get it,not_rumour,not_rumour,0.8,"The tweet appears to be related to the Charlie Hebdo attack, as it mentions cartoons, which is a key aspect of the event. However, it does not provide any specific or verifiable information about the attack, instead offering an opinion on the purpose of the cartoons. The language used is subjective and emotional, but does not contain overt signals of misinformation. The tweet's focus on the cartoons suggests it is on-topic, but its lack of factual content means it does not rise to the level of verified news.",False,json
8,"CharlieHebdo suspects killed, hostage freed and safe after police assault. Photo Joel Saget AFP",unrelated,not_rumour,0.9,"The tweet is about the Charlie Hebdo attack, making it on-topic. It reports on the outcome of a police assault, stating that suspects were killed and a hostage was freed, which are verifiable facts. The inclusion of a photo credit from a reputable news agency (AFP) adds credibility to the claim. The language used is factual and objective, with no signs of conspiracy language, extreme emotion, or implausible claims.",False,json
9,what do we gain other than offending mainstream people?,not_rumour,unrelated,0.8,"The tweet does not mention either the Charlie Hebdo attack or the Ferguson unrest explicitly, and its content appears to be a philosophical or rhetorical question about the impact of certain actions on mainstream people. It does not present any verifiable facts or specific claims about the events. The language used is vague and does not contain any signals of misinformation directly related to the tracked events. The tweet seems to be more about the general concept of offending people rather than discussing specific news events.",False,json
10,looks like 6 civilians in the latest photo,unrelated,rumour,0.7,"The tweet mentions 'the latest photo' which implies it is referring to a recent event, but it does not specify which event (Charlie Hebdo or Ferguson) it is talking about. The claim of '6 civilians' is vague and lacks context or verification. Without more information, it's difficult to determine the accuracy of the claim, suggesting it may be speculative or unverified. The lack of specificity and sources indicates potential misinformation.",False,json
11,not laughing. The Christian faith puts up with pics of sexy Jesus and other blasphemy.They don't shoot people.,not_rumour,not_rumour,0.8,"The tweet compares the reaction of the Christian faith to blasphemy with the violent response to the Charlie Hebdo attack, implying a critique of the differing reactions to religious offense. It does not directly report on the events but uses them as a reference point for a broader commentary. The tweet does not provide verifiable facts about the events themselves but rather an opinionated comparison. The language used is emotive but does not contain conspiracy language or implausible claims.",False,json
12,while you're at it why don't you also give address and phone numbers of cops? THIS IS NOT A VIDEO GAME FOR FUCK SAKE,unrelated,unrelated,0.8,"The tweet does not directly mention the Charlie Hebdo attack or the Ferguson unrest, but its content suggests a reaction to a situation involving law enforcement, possibly related to the Ferguson unrest. However, the tweet's language and tone are more emotional and rhetorical than factual, lacking specific claims or verifiable information about the events. The tweet's focus on the behavior of individuals, rather than reporting on the events themselves, further indicates it is not providing factual reporting. The lack of direct reference to either event and the absence of verifiable facts lead to its classification.",False,json
13,"Sadly, since none of the UK press dared reprint the Jyllands-Posten cartoons, I think that's very unlikely.",unrelated,not_rumour,0.9,"The tweet mentions the Jyllands-Posten cartoons, which are related to the Charlie Hebdo attack, as the attack was motivated by the publication of similar cartoons. The tweet does not make a specific claim about the events, but rather expresses an opinion about the likelihood of the UK press reprinting the cartoons. The tweet is on-topic and presents a verifiable fact about the UK press not reprinting the cartoons. The tone is not extreme or emotional, and there are no signals of misinformation.",False,json
14,"our country stood up 4Syrian children ppl, stood up 4 Iraqi ppl but watch their own b treated this way? Ferguson",not_rumour,not_rumour,0.8,"The tweet mentions Ferguson, which is one of the tracked events, indicating it is on-topic. The tweet makes a comparative claim about the country's response to different situations, but it does not present verifiable facts about the Ferguson unrest. Instead, it expresses an emotional opinion, which may indicate a lack of objective reporting. However, it does not contain conspiracy language, extreme emotion, or implausible claims that would clearly signal misinformation.",False,json
15,that's true and sad at the same time,rumour,unrelated,0.9,"The tweet does not explicitly mention either the Charlie Hebdo attack or the Ferguson unrest, and its content is too vague to be linked to a specific event. The phrase 'that's true and sad at the same time' lacks context and does not provide any verifiable facts or claims about the events. The tweet appears to be a generic statement that could apply to various situations, making it difficult to classify as related to either event. Therefore, it is most likely unrelated to the tracked events.",False,json
16,StayWoke Hold on while Chief Jackson sprinkles a little crack on that Mike Brown crime scene ... Ferguson,rumour,rumour,0.9,"The tweet is about the Ferguson unrest, making it on-topic. It specifically claims that Chief Jackson sprinkled crack on the Mike Brown crime scene, which is an unverified and implausible claim. The language used, such as 'StayWoke' and the accusation itself, signals a high likelihood of misinformation and emotional appeal rather than factual reporting. The lack of credible sources or evidence to support this claim further indicates that it is a rumour.",False,json
17,how convenient for killer-cop Darren Wilson no? Thin Blue Line protects him long enough for him to flee amp avoid public scrutiny.,rumour,rumour,0.8,"The tweet is about the Ferguson unrest in 2014, specifically mentioning Darren Wilson, a key figure in the event. The tweet makes a claim about Wilson fleeing and avoiding public scrutiny, which is an unverified and emotional statement. The language used, such as 'how convenient' and 'Thin Blue Line protects him', suggests a conspiracy theory and extreme emotion, indicating a lack of objective fact-based reporting. The tone and content of the tweet imply speculation rather than verified news.",False,json
18,you just agreed with me,not_rumour,unrelated,1.0,"The tweet does not mention either the Charlie Hebdo attack or the Ferguson unrest, and its content appears to be a response to a previous conversation or statement. There is no claim or information presented about either event. The tweet's language is vague and lacks any context related to the tracked events. Therefore, it is classified as unrelated to the events.",False,json
19,im sure none of the officers in fergurson have any infractions against them........,rumour,rumour,0.8,"The tweet is about the Ferguson unrest, making it on-topic. The tweet expresses skepticism about the officers in Ferguson, implying they may have infractions, but it does not provide any verifiable facts or credible sources to support this claim. The tone is speculative and emotional, indicating a lack of concrete evidence. This suggests the tweet is spreading unverified information or speculation.",False,json
20,"You're trying some really difficult mental gymnastics to justify this attack, aren't you?",not_rumour,unrelated,0.8,"The tweet appears to be a response to someone's justification of an attack, but it does not specify which attack it is referring to. However, given the context of the tracked events, it is likely related to either the Charlie Hebdo attack or the Ferguson unrest. The tweet does not present any verifiable facts, but rather an emotional claim. The language used is confrontational, but it does not contain any obvious signals of misinformation.",False,json
21,"HOSTAGE? Fucking hell, when will they realize enough is enough?",unrelated,rumour,0.7,"The tweet mentions a 'HOSTAGE' situation, which could be related to the Charlie Hebdo attack in 2015, where hostages were taken. However, the tweet does not provide any specific or verifiable information about the event, and instead expresses an emotional opinion. The language used is vague and does not present any factual claims. The tweet's content suggests it is related to a breaking news event, but lacks concrete information to be considered factual reporting.",False,json
22,What station are you watching? Several that last bit of info was from fox4 to my memory ...,rumour,unrelated,0.9,"The tweet does not mention either the Charlie Hebdo attack or the Ferguson unrest, and instead appears to be discussing television stations and sources of information. There is no specific claim made about either event, and the content is unrelated to the tracked events. The language used is casual and inquiring, with no signals of misinformation or emotional claims. The tweet's focus on television stations and memory of a news report suggests it is off-topic.",False,json
23,"You talk about taking an officer's word over his ""friend"" ignoring that there are MULTIPLE eyewitness",rumour,rumour,0.8,"The tweet appears to be discussing an event involving a police officer and eyewitnesses, which could be related to the Ferguson unrest. However, it does not mention the Charlie Hebdo attack. The language used is more suggestive of a discussion or debate rather than a factual report, and it lacks specific details or sources to verify the claim. The tweet's focus on the credibility of an officer's word versus that of eyewitnesses implies a discussion about evidence or testimony, likely in the context of the Ferguson unrest.",False,json
24,"That only proves what I said earlier, that black men are arrested and convicted for situations white men get away with.",rumour,unrelated,0.8,"The tweet discusses racial disparities in the justice system, which is related to the Ferguson unrest in 2014, but it does not provide specific, verifiable facts about the event. The claim made is more of a general statement about societal issues rather than a direct report on the Ferguson unrest or the Charlie Hebdo attack. The language used is emotional and lacks specific sources or data to support the claim. The tweet's focus on a broader social issue rather than the specifics of either event suggests it is somewhat related but does not directly address the events.",False,json
25,Every idiot know fashists from Hamas start War against Israel. Advice Your Hate will kill you from inside!,unrelated,unrelated,1.0,"The tweet does not mention the Charlie Hebdo attack or the Ferguson unrest, instead discussing a completely different topic involving Hamas and Israel. The language used is emotional and contains unverified claims, but the key factor is that it's off-topic regarding the specified events. There are no verifiable facts or credible sources provided in the tweet. The content is unrelated to the tracked events.",False,json
26,making it worst for who? Are you threatening me? Do you think Islamists need excuse to kill??,not_rumour,rumour,0.8,"The tweet appears to be related to the Charlie Hebdo attack, as it mentions Islamists and killing, which is a key aspect of the event. However, the tweet does not present verifiable facts, but rather an emotional and speculative claim. The language used is confrontational and lacks credible sources, which are signals of potential misinformation. The tweet's content is more of a reaction or opinion rather than a factual report, which suggests it may not be verified news.",False,json
27,"the answer to your question is ""Yes, Constantly""",rumour,unrelated,0.99,"The tweet does not mention either the Charlie Hebdo attack or the Ferguson unrest, and its content appears to be a vague and generic statement that does not relate to any specific news event. There is no claim or information presented that could be verified or linked to these events. The tweet's lack of context and relevance to the tracked events indicates it is off-topic. The statement seems to be a response to an unspecified question and does not contain any signals of misinformation about the tracked events.",False,json
28,"per chief belmar ""a shot was fired inside the car, and Brown was eventually shot about 35 feet away from the vehicle.""",rumour,not_rumour,0.9,"The tweet is about the Ferguson unrest, specifically referencing the shooting of Brown, which is a key event in the unrest. The tweet quotes Chief Belmar, which suggests that the information is from a credible source. The claim made is specific and verifiable, as it provides details about the shooting. The language used is neutral and factual, without any signals of misinformation or emotional tone.",False,json
29,The traitor n coward hiding from justice!!,not_rumour,unrelated,0.9,"The tweet does not mention either the Charlie Hebdo attack or the Ferguson unrest, and its language appears to be a general expression of outrage or condemnation without any specific context or factual information about the events. The tone is emotional, but there is no clear claim or statement related to the tracked events. The lack of specific details or references to the events suggests that the tweet is off-topic. The language used is vague and does not provide any verifiable facts or credible sources.",False,json
30,"Besides, the case is still active. My guess is there are plenty more. FergusonHistory",rumour,rumour,0.8,"The tweet mentions 'FergusonHistory', indicating it is related to the Ferguson unrest. However, the tweet's content is speculative, with the author stating 'My guess is there are plenty more', which suggests unverified claims. The language used does not present verifiable facts, and the tone implies uncertainty. The tweet lacks concrete information or credible sources to support its claim.",False,json
31,yeah but he didn't fill him full of lead! He was a thug that deserved justice. These pigs should be slaughtered!!!,rumour,rumour,0.8,"The tweet appears to be related to the Ferguson unrest, as it mentions a 'thug' and 'pigs', which could be referring to the police and the individual involved in the incident. However, the language used is highly emotional and lacks any verifiable facts or credible sources. The tone suggests a strong opinion rather than a factual report, and the call for violence against the police is an extreme claim. The tweet's content and tone indicate it is more speculative and emotive than factual.",False,json
32,kashmiries will b liberated InshaAllah. But even if india breaks balochstn dat wnt do any good,unrelated,unrelated,1.0,"The tweet does not mention the Charlie Hebdo attack or the Ferguson unrest, instead discussing Kashmir and Balochistan, which are unrelated to the specified events. The language used is emotive and speculative, with no verifiable facts or credible sources provided. The tweet's content is off-topic and does not pertain to the tracked events. Therefore, it is classified as unrelated.",False,json
33,is that why they brought in StL police?,rumour,not_rumour,0.7,"The tweet appears to be related to the Ferguson unrest 2014, as 'StL' is an abbreviation for St. Louis, the city where Ferguson is located. The tweet seems to be questioning the involvement of St. Louis police, but it does not provide any specific claim or information about the event. The language used is vague and lacks context, making it difficult to determine if it presents verifiable facts or unverified claims. However, given the lack of explicit misinformation signals and the relevance to the Ferguson event, it is more likely to be a query about the event rather than a rumour or unrelated content.",False,json
34,no very imaginable It is only a minority in denial unfortunately they form the chattering classes,unrelated,unrelated,0.9,"The tweet does not explicitly mention the Charlie Hebdo attack or the Ferguson unrest, and its language is vague and general, lacking specific references to either event. The tone appears to be more philosophical or opinion-based rather than factual reporting. There are no clear claims or verifiable facts presented in the tweet. The content seems off-topic or unrelated to the specified breaking news events.",False,json
35,"Islam until now, has stifled criticism of itself, this is no longer viable,",not_rumour,unrelated,0.8,"The tweet does not directly mention the Charlie Hebdo attack or the Ferguson unrest, and its content appears to be a general statement about Islam and criticism. The statement seems to be an opinion rather than a factual report about a specific event. There are no clear signals of misinformation such as conspiracy language or implausible claims, but the tweet's relevance to the specified events is unclear. The tweet's focus is more on a general topic rather than providing information about the breaking news events.",False,json
36,but he would have written his own incident report re jaywalking amp subsequent contact.,rumour,unrelated,0.9,"The tweet does not mention the Charlie Hebdo attack or the Ferguson unrest, and its content appears to be about a completely different topic, discussing an incident report and jaywalking. There is no clear connection to either of the tracked events. The language used is vague and does not provide any specific information that could be linked to the events. The tweet seems to be off-topic and unrelated to the breaking news events.",False,json
37,People on Twitter? Forgive me I need more than that. Their track record isn't good.,rumour,unrelated,0.9,"The tweet does not mention either the Charlie Hebdo attack or the Ferguson unrest, and instead appears to express skepticism about the credibility of information on Twitter. It does not present any specific claim or information about the events, and its tone is more general and philosophical. The tweet's content is off-topic and unrelated to the tracked events. Therefore, it can be classified as unrelated to the breaking news events.",False,json
38,The local elections where city and county leaders are chosen.,not_rumour,unrelated,1.0,"The tweet does not mention the Charlie Hebdo attack or the Ferguson unrest, instead discussing local elections, which indicates it is off-topic and unrelated to the specified events. There are no claims or information presented about the tracked events. The content is about a different topic altogether, focusing on local leadership elections. This suggests a clear lack of relevance to the breaking news events in question.",False,json
39,there is nothing to protest in what Sakshi Maharaj said.... congress poodles find everything wrong with Hindu's.,unrelated,unrelated,1.0,"The tweet does not mention the Charlie Hebdo attack or the Ferguson unrest, instead discussing a statement by Sakshi Maharaj and Congress's reaction to it, which is unrelated to the tracked events. The tweet's content is off-topic and does not provide any information about the specified breaking news events. There are no verifiable facts or claims related to Charlie Hebdo or Ferguson in the tweet. The language used is emotional and opinion-based, but the tweet's irrelevance to the events is the primary reason for its classification.",False,json
40,Protestors outside Ferguson police dept now,not_rumour,not_rumour,0.8,"The tweet is about the Ferguson unrest, making it on-topic. It reports a specific event, 'Protestors outside Ferguson police dept now', which is a factual claim. The tweet does not present any emotional language, conspiracy theories, or unverified claims, suggesting it is a factual report. The lack of additional context or sources does not necessarily indicate misinformation in this case.",False,json
41,"Answer ""STAND YOUR GROUND LAW"" In every state.",rumour,unrelated,0.9,"The tweet does not directly mention the Charlie Hebdo attack or the Ferguson unrest, and instead appears to reference a law, 'STAND YOUR GROUND LAW', which is related to self-defense laws in the United States. This law has been discussed in the context of various events, including the Ferguson unrest, but the tweet does not provide any specific information or claim about the events. The tweet seems to be off-topic or unrelated to the specific events of Charlie Hebdo and Ferguson. The lack of direct reference to either event and the focus on a legal concept suggests the tweet is not about the tracked events.",False,json
42,is it true there another terror attack near the Aifel tower?,unrelated,rumour,0.8,"The tweet asks about another terror attack near the Eiffel tower, which is related to the Charlie Hebdo attack in 2015, as both are about terror attacks in France. However, the tweet does not provide any verified information or credible sources to support its claim. The language used is speculative and inquiring, indicating that the tweet is seeking confirmation rather than stating a fact. The lack of specific details and sources suggests that this is an unverified claim.",False,json
43,"Why are you not calling them Islamic, Muslim Terrorists? Thats what they are. fvckingscum",unrelated,rumour,0.8,"The tweet is related to the Charlie Hebdo attack, as it mentions 'Islamic, Muslim Terrorists', which is a topic relevant to the event. However, the tweet does not present verifiable facts, but rather expresses an opinion with extreme emotion and lacks credible sources. The language used is also inflammatory and does not provide any new information about the event. The tone and content suggest a strong emotional response rather than a factual report.",False,json
44,Muslims....I dare you to tell the truth,not_rumour,unrelated,0.9,"The tweet does not mention either the Charlie Hebdo attack or the Ferguson unrest, and its content is too vague to be related to these events. The tweet appears to be a provocative statement rather than a factual report or a discussion about a specific news event. There is no verifiable claim or information presented in the tweet. The tone is emotional and confrontational, but the lack of context or connection to the tracked events makes it unrelated.",False,json
45,Last week I suggested they are the same person. Neither denied.,rumour,unrelated,0.9,"The tweet does not mention either the Charlie Hebdo attack or the Ferguson unrest, and its content appears to be about a personal claim or speculation without any context related to these events. The language used is vague and lacks any specific details that could link it to the tracked events. The tweet's focus on a personal suggestion and the lack of denial from unspecified individuals does not provide any verifiable information about the events. Therefore, the tweet is classified as unrelated to the tracked events.",False,json
46,at war with itself ?? How is that ??,unrelated,unrelated,0.9,"The tweet does not mention either the Charlie Hebdo attack or the Ferguson unrest, and its content is too vague to be related to these events. The phrase 'at war with itself' is ambiguous and lacks context, making it impossible to link to a specific news event. The tweet appears to be off-topic or a vague statement, and there is no signal of it being related to the tracked events. The lack of specific information or credible sources makes it unlikely to be classified as a rumour or verified news.",False,json
47,they left him in the streets for 10mins or so with him just lying there..,rumour,rumour,0.7,"The tweet appears to be about a breaking news event, likely referring to the Ferguson unrest in 2014, given the context of someone being left in the streets. The claim made is about the duration of time a person was left lying in the streets, which could be related to the shooting of Michael Brown. However, the tweet lacks specific details and verifiable facts, presenting an unverified claim. The language used is emotional but does not contain overt signals of misinformation like conspiracy language or implausible claims.",False,json
48,PrayForParis Police Two hostage situations Paris CharlieHebdo. Watch,unrelated,not_rumour,0.8,"The tweet is about the Charlie Hebdo attack, which is one of the tracked events, making it on-topic. The tweet mentions 'Two hostage situations Paris CharlieHebdo', which is a factual report of the event. Although the tweet is brief and lacks specific details, it does not present any unverified or emotional claims that would indicate misinformation. The use of 'PrayForParis' and 'Watch' suggests a call to attention rather than a spread of unconfirmed information.",False,json
49,"That's what is wrong with the country, people take no responsibility for their own actions. Seemed like an 'innocent"" kid",not_rumour,unrelated,0.8,"The tweet appears to be discussing a topic related to social responsibility and perceived innocence, which could be tangentially related to the Ferguson unrest. However, it does not provide any specific or verifiable information about the event, instead expressing a vague opinion. The language used is emotional and lacks concrete facts or credible sources, suggesting it may not be a reliable source of information about the event. The tweet's relevance to the Ferguson unrest is plausible but lacks direct connection to the Charlie Hebdo attack.",False,json
50,installed video cameras on patrol cars to make video amp audio recording of contact with the public or suspect,rumour,unrelated,0.8,"The tweet discusses the installation of video cameras on patrol cars, which is a topic related to law enforcement and potentially relevant to the Ferguson unrest in 2014, given the context of police interactions with the public. However, it does not directly mention either the Charlie Hebdo attack or the Ferguson unrest, and its focus is on a specific policy or technological implementation rather than a breaking news event. The tweet presents a factual statement without emotional language or unverified claims. It appears to be more about a general policy or action taken by law enforcement, which could be related to events like Ferguson but is not directly about the event itself.",False,json
51,... I think this is not terrorism ...,not_rumour,rumour,0.8,"The tweet is on-topic as it mentions a perspective on an event, likely referring to the Charlie Hebdo attack or another terrorist incident. The tweet makes a claim about the nature of the event, specifically questioning whether it is terrorism. However, this claim is not supported by verifiable facts within the tweet itself and expresses a personal opinion or speculation. The lack of credible sources or evidence to back the claim suggests it may be unverified.",False,json
52,Photos from the aftermath of the attack on the Charlie Hebdo newspaper in Paris,not_rumour,not_rumour,0.9,"The tweet is about the Charlie Hebdo attack, making it on-topic. It claims to have photos from the aftermath, which is a verifiable fact as the attack did occur and photos from the scene were widely reported by credible sources. The tweet does not present any unverified or emotional claims, and there are no signals of misinformation. The language used is straightforward and factual, indicating a high level of confidence in its classification.",False,json
53,"Obviously not, with that question",rumour,unrelated,0.9,"The tweet does not mention either the Charlie Hebdo attack or the Ferguson unrest, and its content is too vague to be related to any specific event. The phrase 'with that question' implies a response to a previous query, but without context, it's impossible to determine its relevance to the tracked events. The tweet lacks any concrete information or claim about the events. Therefore, it is classified as unrelated to the tracked events.",False,json
54,Gracias amigo Israel hoy llora por sus hnos de Francia.!,unrelated,unrelated,0.8,"The tweet mentions 'Francia' which translates to France, indicating it is related to the Charlie Hebdo attack. However, the content is more of a condolence message than a factual report, and it does not provide any specific information about the event. The language used is emotional but does not contain unverified claims or speculation. The tweet is on-topic but does not fit into the 'not_rumour' category due to its lack of factual information.",False,json
55,"haha yes... Takes one to know one, I guess",not_rumour,unrelated,0.9,"The tweet does not mention either the Charlie Hebdo attack or the Ferguson unrest, and its content appears to be a casual, conversational phrase without any context related to these events. The phrase 'haha yes... Takes one to know one, I guess' seems to be a response to an unspecified statement or situation, lacking any direct connection to the tracked events. There are no verifiable facts or claims presented in the tweet. The tweet's off-topic nature leads to its classification.",False,json
56,Of course. RT The surviving staff at CharlieHebdo have just announced that the magazine will publish next week--ON SCHEDULE.,not_rumour,not_rumour,0.9,"The tweet is about the Charlie Hebdo attack, specifically stating that the magazine will publish next week on schedule. This claim is verifiable and presents a factual report about the magazine's plans after the attack. There are no signals of misinformation, such as conspiracy language or extreme emotion, and the claim is plausible given the context. The tweet appears to be a factual report based on an announcement from the surviving staff at Charlie Hebdo.",False,json
57,does it matter? I'm a regular human being,not_rumour,unrelated,0.9,"The tweet does not mention either the Charlie Hebdo attack or the Ferguson unrest, and its content appears to be a philosophical or emotional statement unrelated to these events. There is no specific claim or information about the events, and the language used is vague and open-ended. The tweet lacks any signals of misinformation or verifiable facts, and its tone is more introspective than informative. Overall, the tweet is off-topic and does not provide any relevant information about the tracked events.",False,json
58,"In the best tradition of Woodward and Bernstein, well done The Washington Post.",not_rumour,unrelated,0.9,"The tweet does not mention the Charlie Hebdo attack or the Ferguson unrest, and instead appears to be praising The Washington Post in a general sense, referencing the investigative journalists Woodward and Bernstein. There is no specific claim made about either event, and the tone is one of admiration rather than reporting or speculation. The lack of any direct reference to the tracked events indicates that the tweet is off-topic. The language used is positive and does not contain any signals of misinformation.",False,json
59,"Ironic thing is? Never in Jews history, jews harmed anyone, yet victimized by hateful religions cultures.",unrelated,unrelated,0.9,"The tweet does not directly mention the Charlie Hebdo attack or the Ferguson unrest, instead making a general statement about Jewish history and victimization. The claim is not specific to either event and lacks verifiable facts or credible sources. The language used is emotional and general, lacking concrete evidence or references to the tracked events. The tweet appears to be off-topic and unrelated to the specified breaking news events.",False,json
60,the riots to begin shortly I'm sure....,not_rumour,rumour,0.8,"The tweet mentions 'the riots', which could be related to the Ferguson unrest in 2014, but it does not provide any specific information or context about the event. The phrase 'to begin shortly I'm sure' is speculative and implies a prediction rather than a report of verified facts. The tone is also suggestive of anticipation or expectation rather than a neutral or factual report. The lack of specific details and the speculative nature of the claim suggest that this tweet is more likely to be a rumour.",False,json
61,I'm so confused. Are you saying bigotry isn't wrong?,unrelated,unrelated,0.9,"The tweet does not mention the Charlie Hebdo attack or the Ferguson unrest, and instead appears to be a philosophical or moral inquiry about bigotry. There is no specific claim made about either event, and the language used is more related to a general discussion on values rather than reporting or discussing news events. The tweet lacks any direct connection to the tracked events, making it off-topic. The language is also vague and does not provide any verifiable facts or sources related to the events.",False,json
62,A brilliant bit of news in an otherwise horrific story.,unrelated,unrelated,0.8,"The tweet does not provide any specific information about the Charlie Hebdo attack or the Ferguson unrest, and its language is too vague to be classified as related to either event. The phrase 'a brilliant bit of news in an otherwise horrific story' is too general and does not present any verifiable facts. The tweet appears to be off-topic or unrelated to the tracked events. The lack of specific details or context suggests that the tweet is not about the Charlie Hebdo attack or the Ferguson unrest.",False,json
63,they must of run a cartoon with mohamed islam nibbling pork rinds from allu akbars shitty camel asshole,unrelated,rumour,0.9,"The tweet appears to reference the Charlie Hebdo attack, which involved a cartoon controversy, but it does so in a highly inflammatory and speculative manner, lacking any verifiable facts or credible sources. The language used is extreme and emotional, indicating a high likelihood of misinformation. The tweet does not provide any confirmed information about the events and instead relies on unverified claims and offensive language. This suggests that the tweet is more rumour than factual reporting.",False,json
64,Sounds like typical scramble to 'backfill facts' after a crime.,rumour,unrelated,0.8,"The tweet appears to be commenting on the general handling of crime reporting, suggesting a 'scramble to backfill facts' without referencing specific events like Charlie Hebdo or Ferguson. This implies the tweet is not directly about either event but rather a general commentary. The language used does not present verifiable facts but rather an opinion or speculation about how crimes are reported. The lack of specific details about the events in question suggests it's more about the process of reporting crimes than the events themselves.",False,json
65,This is the real face of Islam unbound. Both Radical and Moderate must subscribe to this or be removed in kind by Islam,not_rumour,unrelated,0.9,"The tweet does not directly mention the Charlie Hebdo attack or the Ferguson unrest, instead making a general statement about Islam. The language used is emotional and lacks specific, verifiable facts about either event. The tone suggests a broad, unsubstantiated claim about Islam, which indicates the tweet is not about reporting or discussing the specific events of Charlie Hebdo or Ferguson. The lack of direct reference to either event and the presence of emotional language suggest the tweet is off-topic.",False,json
66,So you stand with Thugs! SMH,not_rumour,unrelated,0.8,"The tweet does not explicitly mention the Charlie Hebdo attack or the Ferguson unrest, but the term 'thugs' could be related to the Ferguson unrest, which involved protests and riots. However, the tweet lacks context and does not provide any verifiable facts or credible sources. The language used is emotional and accusatory, which could indicate a lack of objective reporting. The tweet appears to be more of a personal opinion or reaction rather than a factual report.",False,json
67,"... and pls pardon my letting slip the imperial American ""we"" ... too easy to type without thinking ... ugh.",unrelated,unrelated,1.0,"The tweet does not mention the Charlie Hebdo attack or the Ferguson unrest, and its content appears to be a personal reflection on language usage, making it off-topic and unrelated to the specified events. There are no claims or information presented about the events, and the tone is introspective rather than informative. The lack of any reference to the events indicates that the tweet is not about breaking news. The language used is personal and does not contain any signals of misinformation about the events.",False,json
68,yes like us today... and sadness just after...,not_rumour,unrelated,0.9,"The tweet does not explicitly mention either the Charlie Hebdo attack or the Ferguson unrest, and its content is too vague to be linked to either event. The language used is emotional and does not provide any verifiable facts or specific claims about the events. The tweet appears to be off-topic or unrelated to the tracked events. Given the lack of specific information, it's reasonable to conclude that the tweet is not about the specified events.",False,json
69,I can confirm that the people of GAZA are totally terrified just in case anyone is interested,not_rumour,unrelated,1.0,"The tweet does not mention the Charlie Hebdo attack or the Ferguson unrest, instead referencing the people of Gaza, which is unrelated to the specified events. The tweet expresses an emotional claim about the people of Gaza being terrified, but does not provide any verifiable facts or credible sources to support this claim. The lack of relevance to the specified events and the absence of factual information lead to the conclusion that the tweet is off-topic. The tweet's content and tone do not align with the breaking news events in question.",False,json
70,Could've been a 60 count box which are 40. Box like this,rumour,unrelated,1.0,"The tweet does not mention either the Charlie Hebdo attack or the Ferguson unrest, and its content appears to be about a box count, which is unrelated to the tracked events. There is no claim or information about the events, and the language used does not suggest any connection to the topics. The tweet's content is off-topic and lacks any signals of being about the breaking news events. Therefore, it is classified as unrelated.",False,json
71,BREAKING French police tell AP suspects in CharlieHebdo attack have taken a hostage northeast of Paris.,unrelated,not_rumour,0.9,"The tweet is about the Charlie Hebdo attack, which is one of the tracked events, making it on-topic. The tweet claims that suspects in the attack have taken a hostage northeast of Paris, citing French police as the source, which is a verifiable fact. The language used is neutral and factual, with no signals of misinformation or emotional claims. The tweet also mentions a credible news source (AP), which adds to its credibility.",False,json
72,It's amazing she wasn't killed. ThankGoodness I hope somebody's comping her hospitalbill,rumour,unrelated,0.9,"The tweet does not explicitly mention the Charlie Hebdo attack or the Ferguson unrest, and its content appears to be about an individual's well-being and hospital bill. The language used is emotional but does not provide any specific claim or information about the events. The tweet lacks context and verifiable facts, making it difficult to link it to either of the tracked events. It seems to be off-topic or unrelated to the specified breaking news events.",False,json
73,Funny how things develop. How can some minorities cry racism amp then justify it with looting amp committing other crimes?,rumour,rumour,0.8,"The tweet appears to be related to the Ferguson unrest in 2014, as it mentions minorities crying racism and justifying it with looting and other crimes, which is a narrative that emerged during the Ferguson protests. However, the tweet does not present verifiable facts, but rather an emotional and speculative claim. The language used is also suggestive of a biased perspective, which may indicate misinformation. The tweet's focus on justifying or criticizing the actions of protesters rather than reporting on the events themselves suggests that it is not a factual report, but rather an opinionated commentary.",False,json
74,Not surprising at all. Report Ferguson cop identified as unarmed teen's killer skipped town days ago,rumour,rumour,0.7,"The tweet is about the Ferguson unrest, making it on-topic. It claims that the Ferguson cop who killed an unarmed teen skipped town days ago, which could be a verifiable fact. However, the tweet does not provide any sources to confirm this information, and the language used is somewhat emotive. The claim itself is plausible and related to the event, but the lack of sources reduces confidence in its accuracy.",False,json
75,"when you draw a picture of a black person and call them monkeys like they did that's not freedom if speech, called haterd!",unrelated,unrelated,0.8,"The tweet appears to reference the Charlie Hebdo attack, which was known for its controversial cartoons, but it does so in a way that is more about expressing outrage and less about reporting facts. The language used is emotional and accuses the publication of 'haterd', indicating a strong opinion rather than a factual report. The tweet does not provide any verifiable information about the events themselves but rather interprets the actions of Charlie Hebdo. The lack of specific details about the events and the presence of emotional language suggest that this tweet is not a factual report but rather an opinionated reaction.",False,json
76,"they never make it out alive. Would like to hear their motives and mindset directly, rather than constructed narratives.",unrelated,rumour,0.8,"The tweet appears to be related to a breaking news event, possibly referring to the perpetrators of an attack, but it does not specify which event. The language used is vague and does not present verifiable facts, instead expressing a desire to understand the motives behind an event. The tone is more contemplative than informative, lacking specific details or sources to support its claims. The tweet's ambiguity and lack of concrete information suggest it is not providing verified news or factual reporting.",False,json
77,with the writing in black surely it is inclusive! Or is that reverse discrimination!,not_rumour,unrelated,0.9,"The tweet does not mention either the Charlie Hebdo attack or the Ferguson unrest, and its content appears to be about a different topic, possibly related to social issues or discrimination, but without clear context. The language used is vague and does not provide any specific information about the events in question. The tone seems to be questioning or speculative, but it does not directly relate to the tracked events. Therefore, the tweet is classified as unrelated to the specified breaking news events.",False,json
78,"Police reports released this morning indicate Mike Brown was a suspect in a ""strong-armed"" robbery in FergusonSo kill him?",rumour,rumour,0.8,"The tweet is about the Ferguson unrest, specifically mentioning Mike Brown, which indicates it is on-topic. The tweet references 'police reports' which could be a credible source, but the tone and language used, such as 'So kill him?', introduce an emotional and speculative element. The claim about Mike Brown being a suspect in a robbery is verifiable and was reported by credible sources at the time, but the tweet's presentation and questioning tone may imply unverified or speculative interpretation of these facts. Overall, the tweet mixes verifiable information with emotional speculation.",False,json
79,"that's not news lol, think we all gathered that!",unrelated,unrelated,0.9,"The tweet does not provide any specific information about the Charlie Hebdo attack or the Ferguson unrest, and its content appears to be a reaction to some news or statement without referencing the events directly. The language used is casual and dismissive, lacking any factual claims or verifiable information. Given the lack of context and the absence of any direct reference to the tracked events, the tweet seems unrelated to the specified news events. The tone suggests a response to something, but without more context, it's clear the tweet itself does not contribute to or discuss the events in question.",False,json
80,"BREAKING PHOTO Hostages being led away from the scene of Paris Kosher grocery siege, gunman killed via",unrelated,not_rumour,0.9,"The tweet is about the Paris Kosher grocery siege, which is related to the Charlie Hebdo attack in 2015. The tweet reports on a specific event with a verifiable fact, stating that hostages are being led away from the scene and the gunman has been killed. This information can be confirmed by credible sources, and there are no signals of misinformation or unverified claims. The language used is factual and objective, indicating a high level of confidence in the classification.",False,json
81,"some idiot photoshopped that June 9 date on there. Seriously, research before spreading rumors",rumour,unrelated,0.8,"The tweet discusses a photoshopped image with a specific date, implying it is about a breaking news event, but it does not directly mention Charlie Hebdo or Ferguson, instead focusing on the act of spreading rumors. The language used indicates skepticism towards unverified information. However, the tweet does not provide any factual information about the events themselves. It appears to be a commentary on the spread of misinformation rather than a report on the events.",False,json
82,And not take off running when the cops roll up on them. Getting more ridiculous by the minute! Ferguson,rumour,rumour,0.8,"The tweet is about the Ferguson unrest, making it on-topic. The tweet expresses frustration and uses the phrase 'Getting more ridiculous by the minute', which indicates an emotional claim rather than a verifiable fact. There are no specific signals of misinformation like conspiracy language or implausible claims, but the tone is subjective and lacks credible sources. The tweet seems to be a commentary on the events rather than a factual report.",False,json
83,Unbelieveable ..... We R in double digits with white men killing black male children. This has got 2 stop ppl! racism,rumour,unrelated,0.8,"The tweet mentions 'white men killing black male children', which appears to be related to the Ferguson unrest in 2014, a event that involved racial tensions and police brutality. However, the tweet does not provide any specific or verifiable information about the event, instead making a general and emotional claim. The language used is also emotive and lacks credible sources, which are signals of potential misinformation. The tweet's content is more related to the general topic of racism and police brutality rather than providing factual information about the Ferguson unrest.",False,json
84,doesn't it auto credit him at the bottom? Apologies if not but seems to say via,not_rumour,unrelated,0.99,"The tweet does not mention the Charlie Hebdo attack or the Ferguson unrest, and its content appears to be about a technical issue or a question regarding auto-crediting someone, which is unrelated to the specified events. There is no claim or information about the events, and the language used does not indicate any connection to them. The tweet's focus is on an unclear topic that does not pertain to the tracked events.",False,json
85,At the Ferguson police dept headquarters That's what I'm talking about.,not_rumour,unrelated,0.8,"The tweet mentions the Ferguson police department, which is directly related to the Ferguson unrest in 2014, making it on-topic. The tweet expresses excitement or approval but does not provide any specific claim or fact about the event. It lacks verifiable information and seems to be an expression of sentiment rather than a report of news. The lack of concrete details or sources suggests it's not presenting verified news.",False,json
86,"Copyright is owned by my employer, the St. Louis Post-Dispatch. Even stylized versions are copyright infringement.",not_rumour,unrelated,1.0,"The tweet does not mention the Charlie Hebdo attack or the Ferguson unrest, instead discussing copyright infringement in relation to the St. Louis Post-Dispatch. This indicates the tweet is off-topic and unrelated to the specified breaking news events. There are no claims or information about the events, making it clear that the content is not relevant. The tweet's focus is on intellectual property rights, further confirming its irrelevance to the tracked events.",False,json
87,"Thank you PBO. Ferguson MikeBrown you may want to verse yourself on ""The Little Rock 9"" and Eisenhower.",not_rumour,not_rumour,0.8,"The tweet mentions Ferguson and MikeBrown, which are related to the Ferguson unrest in 2014, making it on-topic. The tweet does not present a specific claim about the event but rather suggests learning from a historical event, 'The Little Rock 9' and Eisenhower. The tone is advisory rather than speculative or emotional, and there's no apparent conspiracy language or implausible claims. The tweet seems to encourage education on a related historical topic rather than spreading unverified information.",False,json
88,"Heart-wrenching. Little babies. Note young boy wearing ""Caution Extreme Awesomeness"" t-shirt. Wear it proud.",not_rumour,unrelated,0.99,"The tweet does not mention either the Charlie Hebdo attack or the Ferguson unrest, and instead appears to be discussing a completely unrelated topic, likely a photo or image of a young boy wearing a t-shirt. There is no claim or information presented about either of the tracked events. The language used is emotional and descriptive, but lacks any context or connection to the specified events. The tweet's content suggests it is off-topic and unrelated to the breaking news events.",False,json
89,"I am Charlie BUT I am an American first. Die Islam just die,",not_rumour,rumour,0.9,"The tweet mentions 'I am Charlie', which is a reference to the Charlie Hebdo attack in 2015, indicating it is on-topic. However, the tweet expresses an emotional and extreme sentiment with 'Die Islam just die', which is not a verifiable fact or a neutral report of the event. This language suggests a strong opinion rather than a factual report, and there's no credible source or evidence provided to support the claim. The tone and content signal a high likelihood of misinformation or unverified claims.",False,json
90,"seemingly so, can't believe the media are criminalising the poor boy. It's horrendous.",not_rumour,rumour,0.8,"The tweet appears to be about a breaking news event, likely the Ferguson unrest, given the mention of 'the poor boy' which could refer to Michael Brown. However, the tweet does not present verifiable facts, instead expressing an emotional opinion about the media's portrayal of the event. The language used, such as 'can't believe' and 'horrendous', indicates a strong emotional tone, which may signal unverified or speculative claims. The lack of specific details or credible sources also suggests that the tweet may be spreading unconfirmed information.",False,json
91,how very brave of you to publish that but not the cartoons in question. 'freedom of the press' my arse.,not_rumour,not_rumour,0.8,"The tweet appears to be about the Charlie Hebdo attack, as it mentions publishing cartoons, which is a key aspect of the event. The tweet does not present verifiable facts, but rather expresses an opinion and criticism. The language used is emotional and does not provide any credible sources to support its claim. The tone suggests a reaction to the event, rather than reporting on it.",False,json
92,Same here. Justice system is fucked in this country.,rumour,unrelated,0.9,"The tweet does not specifically mention either the Charlie Hebdo attack or the Ferguson unrest, and its language is too vague to be directly linked to either event. The phrase 'Justice system is fucked in this country' is a general statement that could apply to numerous situations, making it difficult to tie it to a specific news event without more context. The tweet lacks verifiable facts and seems to express a general sentiment rather than report on or discuss a specific news event. Given its lack of specificity and relevance to the tracked events, the tweet is best classified as unrelated.",False,json
93,They've already said he shot him once from the car. Christ.,rumour,rumour,0.7,"The tweet appears to be about a shooting event, which could be related to either the Charlie Hebdo attack or the Ferguson unrest. However, the language used is vague and lacks specific details or context that would confirm its relation to either event. The tweet seems to imply a personal or emotional reaction rather than a factual report, suggesting it might be speculative or unverified. The lack of clear connection to either event and the absence of credible sources or verifiable facts lead to a classification of 'rumour'.",False,json
94,Eastern Kentucky University professor cited as source in this story.,not_rumour,unrelated,1.0,"The tweet does not mention either the Charlie Hebdo attack or the Ferguson unrest, and instead references an Eastern Kentucky University professor being cited as a source in a story, which is unrelated to the tracked events. There is no claim or information presented about the events. The tweet appears to be off-topic and lacks any connection to the specified breaking news events. It does not present any verifiable facts or unverified claims about the events.",False,json
95,The CIA-----created Al Qaeda Pictures and videos,unrelated,unrelated,0.9,"The tweet is unrelated to the Charlie Hebdo attack 2015 and Ferguson unrest 2014, as it mentions the CIA and Al Qaeda without referencing either event. The claim about the CIA creating Al Qaeda is also a conspiracy theory that has been debunked by credible sources. The tweet lacks verifiable facts and sources, and its language suggests misinformation. The topic is off-topic and irrelevant to the tracked events.",False,json
96,please view amp RT original tweet,rumour,unrelated,1.0,"The tweet does not mention either the Charlie Hebdo attack or the Ferguson unrest, and instead appears to be a request to view a retweet of an original tweet, providing no information about the events. The content is off-topic and unrelated to the tracked events. There are no claims or information presented about the events. The tweet lacks any relevant context or details.",False,json
97,. Backfilling And still no narrative of the shooting from bullet 1 to bullet X. They hope we and lazy media don't notice.,rumour,rumour,0.8,"The tweet appears to be discussing a shooting event, which could be related to either the Charlie Hebdo attack or the Ferguson unrest. However, it does not provide any specific details or verifiable facts about the event, instead expressing skepticism about the narrative of the shooting. The language used suggests a lack of trust in official sources and implies a conspiracy, which is a common signal of misinformation. The tweet's focus on the lack of a narrative and the use of phrases like 'they hope we and lazy media don't notice' indicates speculation rather than factual reporting.",False,json
98,Germans used to get upset when we condemned the Nazis. You'll get over it when you get it.,unrelated,unrelated,0.9,"The tweet does not mention the Charlie Hebdo attack or the Ferguson unrest, and instead appears to be a general statement about condemnation and upset. It does not present any verifiable facts or specific claims about either event. The language used is vague and emotional, but the tweet's content is not related to the tracked events. Therefore, the tweet is classified as unrelated to the breaking news events.",False,json
99,the sad part is they do that with a bomb around them in a crowd,not_rumour,unrelated,0.7,"The tweet does not explicitly mention either the Charlie Hebdo attack or the Ferguson unrest, and its language is vague and could apply to various situations. The mention of 'a bomb around them in a crowd' could potentially relate to the Charlie Hebdo attack, but the context is unclear. The tweet's tone is emotional and does not provide verifiable facts. Given the lack of specific information and the tweet's ambiguity, it's difficult to classify it as directly related to either event.",False,json
100,Please check these inconsistencies How is it that these inconsistencies are overlooked by MSM?,rumour,unrelated,0.8,"The tweet does not explicitly mention the Charlie Hebdo attack or Ferguson unrest, and its content is too vague to be directly linked to either event. The language used suggests a questioning of mainstream media (MSM) and implies the presence of unaddressed inconsistencies, but it lacks specific claims or facts about the events. The tone appears to be inquiring and skeptical, which could be a precursor to speculation or rumor. However, without more context, the tweet's relevance to the tracked events is unclear, leaning towards it being unrelated due to lack of direct reference.",False,json
101,If this was in the UK the pair would either be banged up or shot dead long ago,unrelated,unrelated,0.8,"The tweet appears to be making a comparative statement about how a situation would be handled in the UK, implying it is related to a news event, but it does not provide any specific, verifiable information about the Charlie Hebdo attack or the Ferguson unrest. The language used is speculative and emotional, lacking concrete facts or credible sources. The tweet seems to be more of an opinion or reaction rather than a factual report or verified news. It does not directly address either event with confirmed information.",False,json
102,Gendarmerie arrive at the hostage taking in Dammartin-en-Goele. Latest Pic Martmann Reuters,unrelated,not_rumour,0.9,"The tweet is about the Charlie Hebdo attack in 2015, specifically mentioning a hostage taking in Dammartin-en-Goele, which is a verified event related to the attack. The tweet provides a specific and factual update, mentioning the arrival of gendarmerie and attributing the information to a credible source, Reuters. There are no signals of misinformation, such as conspiracy language or extreme emotion, and the claim is verifiable. The tweet presents a factual report of a breaking news event.",False,json
103,Offend -it's your right. CharlieHebdo,not_rumour,not_rumour,0.8,"The tweet is about the Charlie Hebdo event, as it mentions 'CharlieHebdo' directly. However, it does not present any specific claim or fact about the event, instead focusing on the concept of the right to offend. The tweet lacks any signal of misinformation such as conspiracy language or implausible claims, but it also does not provide verifiable facts. It appears to be a statement of principle related to the event rather than a report of the event itself.",False,json
104,no need for those first four words. really touching. brave woman.,unrelated,unrelated,0.9,"The tweet does not mention either the Charlie Hebdo attack or the Ferguson unrest, and its content appears to be a vague comment about a statement or message, without providing any context or information about the events. The language used is emotional but lacks any specific claim or fact related to the tracked events. The tweet seems to be off-topic and unrelated to the breaking news events. Therefore, it is classified as unrelated.",False,json
105,Terror may not have a religion but terrorists do claim to have one amp they kill in its name,not_rumour,unrelated,0.8,"The tweet discusses terrorism and religion, which is related to the Charlie Hebdo attack, but it does not specifically mention either the Charlie Hebdo attack or the Ferguson unrest. The tweet presents a general statement about terrorism and does not provide any verifiable facts or sources. The language used is more philosophical and does not contain any signals of misinformation such as conspiracy language or extreme emotion. The tweet is more of a commentary on terrorism rather than a report on a specific event.",False,json
106,Waiting for the European op-eds blaming Islamic aggression on Israeli aggression.,unrelated,rumour,0.8,"The tweet is related to the Charlie Hebdo attack, as it mentions Islamic aggression, which is a topic relevant to the event. However, the tweet does not present verifiable facts about the attack, but rather expresses an expectation or opinion about potential op-eds. The language used is not neutral and implies a specific perspective on the event. The tweet does not provide any credible sources or evidence to support its claim.",False,json
107,Sh t! RT Swat team in Ferguson have state mandated 'murder insurance' to protect them from lawsuits if they kill anyone.,rumour,rumour,0.8,"The tweet is about the Ferguson unrest, making it on-topic. It claims that the SWAT team in Ferguson has 'murder insurance' to protect them from lawsuits, which is an unverified and potentially sensational claim. There are signals of misinformation, including extreme language and a lack of credible sources. The tweet's tone and content suggest speculation rather than factual reporting.",False,json
108,Horrible! Charlie Hebdo shooting latest 12 dead and gunmen still at large,unrelated,not_rumour,0.9,"The tweet is about the Charlie Hebdo shooting, making it on-topic. It reports 12 dead and gunmen still at large, which are verifiable facts from the event. The language used is straightforward and lacks emotional or conspiracy-driven tone, suggesting it's based on factual reporting. The information can be confirmed by credible sources, indicating it's not a rumour.",False,json
109,wow u don't even know me but u see me as a racist? That seems logical hope you're proud,not_rumour,unrelated,0.99,"The tweet does not mention the Charlie Hebdo attack or the Ferguson unrest, and instead appears to be a personal response to an accusation of racism. There is no specific claim or information about either event, and the language used is emotional and defensive. The tweet is off-topic and unrelated to the tracked events. The tone and content suggest a personal or social media interaction rather than a discussion of news events.",False,json
110,he won't call it an act of terror though,not_rumour,rumour,0.7,"The tweet appears to be related to a breaking news event, likely the Charlie Hebdo attack, as it mentions an 'act of terror'. However, the tweet does not provide any verifiable facts or credible sources to support its claim. The language used is also somewhat vague and emotional, which could indicate speculation or unverified information. The tweet's focus on what someone 'won't call' an act of terror implies a critique of a public figure's response, which may be a matter of interpretation rather than fact.",False,json
111,"""Yes We Can"".. now where did I hear that slogan before...",unrelated,unrelated,0.99,"The tweet does not mention the Charlie Hebdo attack or the Ferguson unrest, and instead appears to reference a slogan, suggesting it is off-topic. The slogan 'Yes We Can' is associated with Barack Obama's presidential campaign, which is unrelated to the specified events. There is no claim or information presented about the tracked events, indicating the tweet is not relevant to the topic. The lack of any connection to the events leads to a high confidence classification as unrelated.",False,json
112,"CharlieHebdo attack shows a complete change in terrorist methods', French FM tells me gt",unrelated,not_rumour,0.9,"The tweet is about the Charlie Hebdo attack, making it on-topic. It quotes the French FM, implying a credible source, and presents a factual claim about the attack showing a change in terrorist methods. There are no obvious signals of misinformation, such as conspiracy language or extreme emotion. The tweet appears to be a factual report of a statement from a credible source.",False,json
113,The tone of their reporting was weasely at times.,not_rumour,unrelated,0.9,"The tweet does not mention either the Charlie Hebdo attack or the Ferguson unrest, and its content is too vague to be related to these events. The phrase 'The tone of their reporting' suggests a critique of media coverage, but without context, it's impossible to link it to a specific event. The tweet lacks any specific claim or factual information about the tracked events. Therefore, it is classified as unrelated to the tracked events.",False,json
114,Oh yeah you're being targeted because you're African American. ThisIsnt1955,not_rumour,unrelated,0.8,"The tweet appears to be related to the Ferguson unrest 2014, as it mentions being targeted because of being African American, which is a relevant topic to the event. However, the tweet does not provide any specific or verifiable information about the event, and its tone is more emotional and general. The language used, such as 'ThisIsnt1955', suggests a commentary on racial issues rather than a factual report of the event. The tweet's content is more of a social commentary than a news report or a claim about the event.",False,json
115,Get ready to tweet the address SpikeLee and other vigilantes .,rumour,rumour,0.8,"The tweet mentions Spike Lee and vigilantes, which could be related to the Ferguson unrest in 2014, as Spike Lee was involved in discussions around the event. However, the tweet does not provide any factual information or verified claims about the event. The language used seems to be more of a call to action or a provocative statement rather than a factual report. The lack of specific details or credible sources makes it difficult to classify as verified news.",False,json
116,They'll be easy to spot...,rumour,unrelated,0.9,"The tweet 'They'll be easy to spot...' does not provide any specific information or context about the Charlie Hebdo attack or the Ferguson unrest, making it difficult to determine its relevance to either event. The language used is vague and lacks any verifiable facts or credible sources. Given the lack of context and information, it appears to be unrelated to the tracked events. The tweet's brevity and ambiguity suggest it is not about either event.",False,json
117,"wonderful, no teeth lingering in the air though...? -",unrelated,unrelated,0.9,"The tweet does not mention either the Charlie Hebdo attack or the Ferguson unrest, and its content appears to be unrelated to these events. The language used is vague and does not provide any context or information about the events. The tweet's tone and content suggest it is off-topic and does not contain any verifiable facts or claims related to the tracked events. Therefore, it is classified as unrelated.",False,json
118,nothing about this humorous. You seem to be missing that point,unrelated,unrelated,0.7,"The tweet does not explicitly mention either the Charlie Hebdo attack or the Ferguson unrest, but the phrase 'nothing about this humorous' could be interpreted as a reference to the satirical nature of Charlie Hebdo. However, without more context, it's difficult to determine the specific event being referred to. The tone of the tweet appears to be more emotional than factual, and there is no verifiable information presented. The tweet seems to be more of a commentary or opinion rather than a factual report.",False,json
119,Killing of policewoman in Paris linked to CharlieHebdo killers.,unrelated,not_rumour,0.9,"The tweet is about the Charlie Hebdo attack, a tracked event, and makes a specific claim about the killing of a policewoman being linked to the Charlie Hebdo killers. This claim is verifiable and was reported by credible news sources at the time. The language used is factual and does not contain emotional or conspiracy-driven language. The tweet presents confirmed information about the event.",False,json
120,I hope they kill them. No mercy.,unrelated,unrelated,0.8,"The tweet does not provide any specific information or context about the Charlie Hebdo attack or the Ferguson unrest, making it difficult to determine its relevance to either event. However, the language used is extreme and emotional, suggesting a strong opinion rather than a factual report. The tweet's content is more indicative of a personal reaction or sentiment rather than a news report or factual update. Given the lack of specific references to either event and the nature of the statement, it appears to be more of an emotional outburst than a verified news report or a rumor about a specific event.",False,json
121,How to face Islam and terrorism ???,unrelated,unrelated,0.8,"The tweet is related to the Charlie Hebdo attack, as it mentions Islam and terrorism, which are relevant to the event. However, it does not provide any specific information or claim about the event, and instead poses a vague and open-ended question. The language used is also quite general and does not contain any verifiable facts or credible sources. The tweet's tone is more inquiring and emotional rather than informative, which suggests it is not a verified news report.",False,json
122,"Michael Brown, unarmed black teen killed by police in Ferguson was set to start college on Monday.",not_rumour,not_rumour,0.9,"The tweet is about the Ferguson unrest, specifically mentioning Michael Brown, which indicates it is on-topic. The claim that Michael Brown was set to start college on Monday is a verifiable fact that has been reported by credible sources. There are no signals of misinformation, such as conspiracy language or extreme emotion, in the tweet. The statement appears to be a factual report about the circumstances surrounding Michael Brown's death.",False,json
123,"the Gov have sat back amp let this happen, go for the jugular France amp the UK",unrelated,rumour,0.8,"The tweet appears to be related to the Charlie Hebdo attack or possibly other geopolitical events, as it mentions 'France'. However, the language used is vague and emotional, with phrases like 'go for the jugular' and 'let this happen', which suggests a lack of verifiable facts and the presence of unverified claims. The tone implies a conspiracy or criticism of government inaction without providing specific, credible information. The tweet does not clearly reference the Ferguson unrest, and its connection to either event is speculative.",False,json
124,time for a stand to be made,not_rumour,unrelated,0.9,"The tweet 'time for a stand to be made' does not specifically mention either the Charlie Hebdo attack or the Ferguson unrest, and its language is too vague to be directly linked to either event. The phrase could be applied to a wide range of situations, making it off-topic or unrelated to the specified events. There are no verifiable facts or specific claims made about the events. The tweet's ambiguity suggests it is not about the tracked events.",False,json
125,"U mean as in the gang ""bloods""?",rumour,unrelated,0.8,"The tweet appears to be a question about a gang, which is somewhat related to the Ferguson unrest, but it does not provide any specific information or claim about the event. The tweet seems to be seeking clarification rather than spreading information. There is no verifiable fact or unverified claim presented in the tweet. The context is unclear, but it seems to be more related to the topic than completely off-topic.",False,json
126,is islam a race now?,unrelated,unrelated,0.8,"The tweet 'is islam a race now?' appears to be related to the Charlie Hebdo attack, which involved a satirical magazine that published cartoons of the Prophet Muhammad, sparking debates about free speech, religion, and racism. However, the tweet does not directly mention the event or provide any factual information about it. The question seems to be more about the concept of race and religion, which is a topic of discussion that can be related to the broader context of the Charlie Hebdo attack but does not provide any specific claim or fact about the event. The tweet's brevity and lack of context make it difficult to classify as a verified news report or a direct rumor about the events.",False,json
127,It is very necessary to take actions against the supporting countries of these Islamic Terrorists,unrelated,unrelated,0.9,"The tweet does not specifically mention the Charlie Hebdo attack or the Ferguson unrest, and its language is more general, focusing on 'Islamic Terrorists' and 'supporting countries', which does not directly relate to either event. The tweet expresses an opinion rather than stating a verifiable fact about the events. It lacks specific details or credible sources to support its claim, indicating it's not about reporting facts on the tracked events. The language used suggests a broader, unrelated topic.",False,json
128,in one photo it looked like a pistol fell on floor as he got out and he recovered it when he got in.,unrelated,rumour,0.7,"The tweet appears to describe a specific incident involving a person and a pistol, which could be related to either the Charlie Hebdo attack or the Ferguson unrest. However, the language used is vague and lacks specific details or context that would confirm its relation to either event. The tweet does not present verifiable facts or cite credible sources, and its focus on a specific, potentially sensational detail raises suspicions of unverified claims. The lack of clear connection to either event and the speculative nature of the claim suggest it may be a rumour.",False,json
129,because u or other don't know Islam so it's bad.,unrelated,unrelated,0.9,"The tweet does not directly mention the Charlie Hebdo attack or the Ferguson unrest, and its content appears to be a vague statement about Islam. The statement lacks context and does not provide any specific information about either event. It seems to be an off-topic or unrelated comment, possibly in response to a different conversation or topic. The tweet's ambiguity and lack of clear connection to the tracked events lead to its classification.",False,json
130,U mean ur justifying Godase?,not_rumour,unrelated,0.9,"The tweet does not mention either the Charlie Hebdo attack or the Ferguson unrest, and its content appears to be a vague question or statement that is not related to these events. The language used is brief and lacks context, making it difficult to determine its relevance to any specific news event. The tweet's brevity and lack of specific details suggest it is not about the tracked events. Therefore, it is classified as unrelated to the specified breaking news events.",False,json
131,"they shot her up with less lethals then blamed ""black people"" then killed another black man over it. Fuckers.",rumour,rumour,0.8,"The tweet appears to be about the Ferguson unrest, referencing the use of less lethal force and the killing of a black man, which suggests it is related to the event. However, the language used is emotional and lacks specific details or credible sources to support the claims made. The tone and content indicate a high likelihood of unverified or speculative information. The tweet's focus on blaming and using extreme language also signals potential misinformation.",False,json
132,to call a bitch when I see a bitch.,rumour,unrelated,1.0,"The tweet does not mention the Charlie Hebdo attack or the Ferguson unrest, and its content appears to be a phrase or lyric that is unrelated to either event. The language used is informal and lacks any context or information about the tracked events. There are no signals of misinformation or verifiable facts, as the tweet is simply off-topic. The tweet's content does not provide any meaningful information about the events.",False,json
133,"jesuisAhmed seems a better HT IMO only I am not, I live, no stigma for my apparent religion. I have privilege to choose",unrelated,not_rumour,0.8,"The tweet mentions 'jesuisAhmed', which is related to the Charlie Hebdo attack in 2015, as 'Je suis Ahmed' was a hashtag used to show solidarity with Ahmed Merabet, a Muslim police officer who was killed in the attack. The tweet does not make any specific claim about the event but rather expresses a personal sentiment. It does not present verifiable facts or unverified claims, and there are no signals of misinformation. The tweet is on-topic but does not provide any new information about the event.",False,json
134,Why we must not let the Isis propoganda machine win CharlieHebdo JeSuisCharlie,not_rumour,not_rumour,0.9,"The tweet is about the Charlie Hebdo attack, as indicated by the hashtag #CharlieHebdo and #JeSuisCharlie, which were widely used to show support for the victims. The tweet does not make a specific claim about the event, but rather expresses an opinion on how to respond to it. The language used is emotional, but it does not present unverified or implausible claims. The tweet is on-topic and does not contain signals of misinformation.",False,json
135,"Im n StLouis amp saw video on sat imdtly after, it cont'd to film after sheet. Frm inside bttm Apt acros strt ill keep srchng",not_rumour,rumour,0.8,"The tweet appears to be about the Ferguson unrest in 2014, as it mentions being in St. Louis and references a video taken after an incident. The language used is informal and lacks specific details, but it seems to be a personal account of witnessing something related to the event. However, the claim is unverified and lacks credible sources or concrete evidence. The tone is also somewhat vague and emotional, which raises concerns about the reliability of the information.",False,json
136,"the G20 riots here, sure gave us a glimpse of our own loss of freedoms to protest. dd",rumour,unrelated,0.9,"The tweet mentions 'the G20 riots', which is not directly related to the Charlie Hebdo attack 2015 or Ferguson unrest 2014, indicating it's off-topic. The tweet does not make any specific claim about the tracked events, instead, it draws a comparison to a different event. There are no signals of misinformation or unverified claims about the tracked events, as it does not discuss them. The tweet's content is unrelated to the specified events.",False,json
137,I hope no one accepts KKK money. But it'll come up that intl hacker and player going by supports ME hate.,rumour,unrelated,0.9,"The tweet does not directly mention the Charlie Hebdo attack or the Ferguson unrest, and its content appears to be about an unrelated topic, discussing the KKK and an international hacker, which does not pertain to either of the specified events. The language used is vague and lacks specific references to the tracked events. There are no clear claims or facts presented that relate to the Charlie Hebdo attack or Ferguson unrest. The tweet's content is off-topic and does not provide any information about the specified events.",False,json
138,"I know, I tweeted in support of your point, sorry if it didn't sound that way",rumour,unrelated,1.0,"The tweet does not mention either the Charlie Hebdo attack or the Ferguson unrest, and instead appears to be a response to a previous conversation or tweet. It does not contain any information or claims related to the tracked events. The language used is vague and does not provide any context or facts about the events. Therefore, the tweet is classified as unrelated to the tracked events.",False,json
139,"If no one knows where he is, and he killed someone, what else can we call him",rumour,unrelated,0.8,"The tweet does not explicitly mention the Charlie Hebdo attack or the Ferguson unrest, and its language is too vague to be directly linked to either event. The phrase 'what else can we call him' implies a discussion about an individual, possibly a perpetrator, but without context, it's impossible to determine if this is related to a specific news event. The tweet lacks specific details, verifiable facts, or credible sources, making it difficult to classify as factual reporting. Given the lack of clear connection to either event, the tweet appears to be off-topic or unrelated.",False,json
140,We should just let them kill each other off and be done with it,unrelated,unrelated,0.9,"The tweet does not provide any specific information or claim about the Charlie Hebdo attack or the Ferguson unrest, instead expressing a vague and emotional statement. The language used is extreme and lacks any verifiable facts or credible sources. The tweet appears to be off-topic and unrelated to the breaking news events. The tone and content suggest a personal opinion rather than a factual report or verified information.",False,json
141,"JUST IN Two brothers responsible for Charlie Hebdo massacre have been killed in Dammartin standoff, according to multiple reports",unrelated,not_rumour,0.9,"The tweet is about the Charlie Hebdo attack, a tracked event, making it on-topic. It reports that the two brothers responsible for the massacre have been killed, citing multiple reports as the source. This claim is verifiable and was later confirmed by credible news sources, indicating a factual reporting of the event. The language used is neutral and objective, without signs of conspiracy or extreme emotion.",False,json
142,RIP satire CharlieHebdo The cartoonists Charb amp Cabu are dead.,unrelated,not_rumour,0.9,"The tweet is about the Charlie Hebdo attack, specifically mentioning the death of cartoonists Charb and Cabu, which is a verifiable fact from the 2015 event. The tone is somber and pays respect, without presenting unverified claims or speculation. The information is consistent with confirmed reports from credible sources, indicating a factual reporting of the event. The language used does not signal misinformation or extreme emotion beyond a respectful tribute.",False,json
143,"""Cowardly?"" It's not because you defend someone's right to free speech that you have to approve of everything they say.",unrelated,not_rumour,0.8,"The tweet discusses the concept of defending someone's right to free speech without approving of their statements, which is a relevant topic in the context of the Charlie Hebdo attack. However, it does not make a specific claim about the events themselves, instead focusing on a broader philosophical issue. The language used is neutral and does not contain emotional appeals or conspiracy language. The tweet appears to be related to the Charlie Hebdo event, but it does not provide new information or make a verifiable claim about the event.",False,json
144,"No, there are many many cases for any religion. Look at Christianity and the IRF or the KKK or the crusades.",not_rumour,unrelated,0.9,"The tweet does not directly mention the Charlie Hebdo attack or the Ferguson unrest, and instead discusses general cases of religious extremism, drawing comparisons between different religions. It does not present any specific claim about the events, and its content appears to be a response to an unseen statement or question. The tweet's focus on broader themes rather than specific events suggests it is not directly related to the tracked events. The language used is general and does not contain signals of misinformation like conspiracy language or extreme emotion.",False,json
145,"when W amp Cheney LIED to the whole world about Iraq in the 1st place, were they Muslims too?",not_rumour,unrelated,0.9,"The tweet does not directly mention or discuss the Charlie Hebdo attack or the Ferguson unrest, instead referencing a past event involving Iraq and making a comparison to Muslims. This indicates the tweet is off-topic and unrelated to the specified breaking news events. The content appears to be a commentary on a historical event and its perceived connection to current issues, but it lacks any direct connection to the tracked events. The language used is more opinionated and comparative rather than factual reporting about the Charlie Hebdo or Ferguson events.",False,json
146,Almost as if they think they're an oil company.,not_rumour,unrelated,0.9,"The tweet does not mention either the Charlie Hebdo attack or the Ferguson unrest, and its content appears to be a vague statement that could be related to various topics, but does not provide any specific information or claim about the tracked events. The language used is metaphorical and lacks context, making it impossible to link it directly to the events in question. The tweet's ambiguity and lack of direct reference to the events suggest it is off-topic. There are no signals of misinformation because the tweet does not make a claim about the events.",False,json
147,for his and his family's death!,unrelated,unrelated,0.9,The tweet appears to be a fragment of a sentence and does not provide any clear information about the Charlie Hebdo attack or the Ferguson unrest. It lacks context and does not make a specific claim about either event. The language used is emotional but does not provide any factual information. The tweet seems unrelated to the specific events of Charlie Hebdo or Ferguson as it does not mention them or provide any relevant details.,False,json
148,"No confirmation yet, but hopefully good news",unrelated,unrelated,0.8,"The tweet does not explicitly mention either the Charlie Hebdo attack or the Ferguson unrest, making it unclear if it's related to these events. The language used is vague and does not provide any specific claim or fact about the events. The phrase 'No confirmation yet, but hopefully good news' suggests a lack of verified information, which could imply speculation or unverified claims if it were related to the events. However, without clear context linking it to the tracked events, it's more appropriate to classify it as unrelated.",False,json
149,"look at the times on the frames. 52 to 53. And somebody said ferguson said he paid, so was there another altercation?",rumour,rumour,0.8,"The tweet mentions 'Ferguson', which is one of the tracked events, indicating it is on-topic. However, the tweet speculates about an 'altercation' and references unverified claims ('somebody said Ferguson said he paid'), which suggests a lack of concrete evidence. The language used implies uncertainty and questioning, rather than presenting verifiable facts. The tweet's speculative nature and reliance on unconfirmed information are signals of potential misinformation.",False,json
150,but when will he lead,not_rumour,unrelated,0.9,"The tweet does not mention either the Charlie Hebdo attack or the Ferguson unrest, and its content is too vague to be related to these events. The phrase 'but when will he lead' lacks context and does not provide any information about the events in question. There are no signals of misinformation, but the tweet is clearly off-topic. The tweet's ambiguity and lack of relevance to the tracked events lead to its classification.",False,json
151,. You got that right Amy! This is all they want is to STIR THE POT THAT IS RUNNING OVER!,not_rumour,unrelated,0.8,"The tweet does not mention the Charlie Hebdo attack or the Ferguson unrest explicitly, and its language suggests a general and emotional response rather than a specific claim about either event. The phrase 'STIR THE POT' implies a reaction to some form of controversy or conflict, but without clear context, it's difficult to link directly to either event. The tone is emotional and lacks specific details or verifiable facts about the events in question. Given the lack of direct reference to either event and the absence of factual information, the tweet appears to be unrelated or too vague to be classified as a rumour about the specified events.",False,json
152,He admitted the OFFicer stopped MichaelBrown for walking in the street-not a robbery.,rumour,not_rumour,0.9,"The tweet is about the Ferguson unrest, specifically referencing the incident involving Michael Brown. It presents a claim about the reason for the officer stopping Brown, which is a matter of public record and has been verified by official investigations. The tweet does not exhibit signals of misinformation such as conspiracy language or extreme emotion. The claim is based on factual reporting and confirmed information about the events.",False,json
153,"France faces 2 hostage-taking attacks Paris kosher market attack has 5 hostages, some wounded",unrelated,not_rumour,0.9,"The tweet is about a hostage-taking attack at a Paris kosher market, which is related to the Charlie Hebdo attack in 2015, as both events occurred in Paris and are connected to terrorist activities. The tweet presents a specific claim about the number of hostages and wounded, which can be verified through credible news sources. The language used is factual and does not contain emotional or conspiracy-related content. The information provided is plausible and consistent with the timeline of the Charlie Hebdo attack.",False,json
154,i kno shopliftin is a crime but he doesn't deserve to die. They hav to stop usin the lame self defence excuse.,rumour,unrelated,0.8,"The tweet appears to be discussing a situation where someone was killed, possibly in relation to a shoplifting incident, and criticizes the use of self-defense as an excuse. The language and context suggest it is related to the Ferguson unrest, which involved protests and discussions about police use of force. However, the tweet does not provide specific, verifiable facts about the event, instead expressing a personal opinion. The lack of specific details and the presence of emotional language indicate that this tweet is not a verified news report.",False,json
155,My heart is tearing apart. This is so close... so close.,unrelated,unrelated,0.8,"The tweet expresses a strong emotional response but does not provide any specific information or claim about the Charlie Hebdo attack or the Ferguson unrest. It lacks context and does not mention either event explicitly. The language used is vague and emotional, suggesting a personal reaction rather than a factual report. Given the lack of specific details or references to the events, the tweet is difficult to classify as related to either news event.",False,json
156,"Martyr wannabes inspired by jihadists that want to control and run the world, they can't have it so they kill the innocent.",unrelated,rumour,0.8,"The tweet discusses 'jihadists' and 'killing the innocent', which could be related to the Charlie Hebdo attack, but it does not specifically mention the event or provide factual information about it. The language used is emotional and speculative, with phrases like 'martyr wannabes' and 'control and run the world', which are not verifiable facts. The tweet lacks specific details and credible sources, indicating a high likelihood of unverified claims. The tone and content suggest a strong opinion rather than a factual report.",False,json
157,What? We should share racist cartoons because some people got murdered for them?,not_rumour,not_rumour,0.8,"The tweet is related to the Charlie Hebdo attack, as it mentions 'racist cartoons' which is a reference to the satirical cartoons that the magazine published, leading to the attack. The tweet does not present verifiable facts but rather expresses an opinion or emotional response to the event. There are no signals of misinformation such as conspiracy language or implausible claims, but the tone is emotional and lacks sources. The tweet is on-topic but does not provide factual reporting or confirmed information.",False,json
158,he never lied about the theft Clear reason this case shouldn't have no problems in court. Seems He told the truth on his part,rumour,unrelated,0.9,"The tweet does not mention the Charlie Hebdo attack or the Ferguson unrest, and instead discusses a court case and theft, which is unrelated to the tracked events. The language used is vague and does not provide any specific information about the events. There are no signals of misinformation or emotional claims related to the tracked events, as the tweet is off-topic. The tweet's content suggests a discussion about a legal case, which is not relevant to the Charlie Hebdo attack or Ferguson unrest.",False,json
159,The whole police force there is probably a member. I would not be surprised!,rumour,rumour,0.8,"The tweet appears to be related to the Ferguson unrest, as it mentions a police force, which was a key aspect of the event. However, the claim that the whole police force is 'probably a member' of something unspecified is vague and lacks concrete evidence or credible sources. The tone is also speculative and emotional, suggesting a lack of verifiable facts. The language used implies a conspiracy theory, which is a common signal of misinformation.",False,json
160,I don't buy into any. Spirituality is enough.,not_rumour,unrelated,1.0,"The tweet does not mention either the Charlie Hebdo attack or the Ferguson unrest, and instead discusses spirituality, indicating it is off-topic and unrelated to the tracked events. There are no claims or information presented about the events, and the language used does not suggest any connection to them. The tweet's content is focused on a personal belief or opinion unrelated to news or factual reporting. Therefore, it is classified as unrelated to the tracked events.",False,json
161,Here is an so called Secular Indian Parliamentarian's thought.This party has ruled us for 60 years,unrelated,unrelated,1.0,"The tweet does not mention the Charlie Hebdo attack or the Ferguson unrest, and instead appears to discuss an Indian parliamentarian, indicating it is off-topic. There is no claim or information related to either of the tracked events. The content seems to be about Indian politics and is unrelated to the specified breaking news events. The language used does not suggest any connection to the events in question.",False,json
162,get folks to slam the police stations phone line 314-522-3100,not_rumour,rumour,0.8,"The tweet appears to be related to the Ferguson unrest 2014, as it mentions a phone number with a 314 area code, which is the area code for St. Louis, Missouri, where Ferguson is located. The tweet does not provide any factual information about the event, but rather seems to be encouraging a specific action. The language used is more of a call to action rather than a report of verified news. The tweet lacks any credible sources or verifiable facts, which suggests it may be more speculative or emotive in nature.",False,json
163,"Right. Think first, type later.",not_rumour,unrelated,0.9,"The tweet does not mention either the Charlie Hebdo attack or the Ferguson unrest, and its content is too vague to be related to these events. The phrase 'Right. Think first, type later.' appears to be a general statement or advice, rather than a claim or report about a specific event. There is no verifiable information or emotional claim that would link it to the tracked events. The tweet's lack of context or specific details makes it unrelated to the breaking news events.",False,json
164,Cowardly attack on Charlie Hebdo's offices. The humourless fanatics can fuck off. Freedom of speech is more important than your feelings.,not_rumour,not_rumour,0.9,"The tweet is about the Charlie Hebdo attack, making it on-topic. It expresses a clear opinion against the attack and in favor of freedom of speech, but does not present any unverified or speculative claims about the event itself. The language used is emotional but does not indicate misinformation or conspiracy theories. The tweet's content is more of a reaction to a verified news event rather than spreading unconfirmed information.",False,json
165,The truth just came out today of what happened maybe you should check it out. He attack the police,not_rumour,rumour,0.8,"The tweet mentions 'He attack the police', which could be related to either the Charlie Hebdo attack or the Ferguson unrest, as both events involved interactions with police. However, the language used is vague and lacks specific details or context, making it difficult to verify the claim. The phrase 'The truth just came out today' suggests that the tweet may be referring to unverified or emerging information, which is a common characteristic of rumors. The lack of credible sources or concrete evidence also supports this classification.",False,json
166,een notoir haatzaaier als vandaag? Echt? partoftheproblem,not_rumour,unrelated,0.8,"The tweet does not explicitly mention the Charlie Hebdo attack or the Ferguson unrest, and its content appears to be a vague and emotional statement. The language used is not specific to either event, and there is no clear claim or information being presented. The tweet seems to be expressing a sentiment or opinion rather than reporting or discussing a factual event. Given the lack of specific references to either event, the tweet is likely unrelated to the tracked events.",False,json
167,Spray tan orange skin color is a dead give away. The kind most Fox news 'journalists' seem to use,unrelated,unrelated,1.0,"The tweet does not mention the Charlie Hebdo attack or the Ferguson unrest, and instead appears to be a comment about Fox News journalists. There is no claim or information related to either of the tracked events. The tweet's content is off-topic and unrelated to the specified breaking news events. It expresses a subjective opinion about Fox News journalists' appearance.",False,json
168,"they're you go, you have your answer. Propagated by media to brainwash. Think for yourself for once instead of being fed",unrelated,unrelated,0.9,"The tweet does not explicitly mention the Charlie Hebdo attack or Ferguson unrest, and its language is vague and general, suggesting it is off-topic or unrelated to the specific events. The tweet's tone and language imply a critique of media coverage, but without specific reference to either event. The lack of concrete details or facts about the events further supports this conclusion. The tweet's focus on perceived media manipulation and call to 'think for yourself' is too broad and does not provide any verifiable information about the events.",False,json
169,you're basically saying if 1 media outlet reports something then every media outlet is responsible juststop,not_rumour,unrelated,0.9,"The tweet does not directly mention the Charlie Hebdo attack or the Ferguson unrest, and its content appears to be a response to a general statement about media responsibility, lacking specific claims or references to the tracked events. The language used is more related to a discussion on media ethics rather than reporting on or discussing the events themselves. There are no signals of misinformation or unverified claims about the events because the tweet is not about the events. The tweet's focus is on a broader topic of media accountability.",False,json
170,why does one feel that this may have something to so with freedom of speech -,unrelated,rumour,0.6,"The tweet is related to the Charlie Hebdo attack, as it mentions 'freedom of speech', a key aspect of the event. However, it does not present any verifiable facts or specific claims about the attack, instead expressing a vague feeling. The language used is speculative and lacks concrete information, but it does not contain obvious signals of misinformation. The tweet's relevance to the event and lack of concrete claims make it difficult to classify as outright rumour or fact.",False,json
171,Loved your Paris Post hy Not post on Proximity Based Travel Network?,not_rumour,unrelated,0.99,"The tweet does not mention the Charlie Hebdo attack or the Ferguson unrest, and instead appears to be about a travel network post, indicating it is off-topic and unrelated to the tracked events. There are no claims or information presented about the events, and the language used does not suggest any connection to the events. The tweet's content is about a post on a travel network, which is not relevant to the breaking news events. This suggests a high confidence in the classification as unrelated.",False,json
172,we have laws against racism. they actually keep many white people from getting jobs.,rumour,unrelated,0.9,"The tweet does not mention the Charlie Hebdo attack or the Ferguson unrest, and instead discusses laws against racism and their impact on job opportunities. This topic is unrelated to the specified breaking news events. The tweet presents an unverified and potentially emotional claim without providing credible sources or evidence. Its focus on racism and job opportunities is off-topic and does not pertain to the tracked events.",False,json
173,"No, it doesn't. It does show how a media circus can inflame passions and fan the flames of hatred in a jiffy.",not_rumour,unrelated,0.7,"The tweet does not directly mention the Charlie Hebdo attack or the Ferguson unrest, but it discusses the impact of media on inflaming passions and hatred, which could be related to either event. However, the tweet does not provide any specific claim or fact about the events, and its language is more general and abstract. The tone is also somewhat emotional, but it does not contain any obvious signals of misinformation. The tweet's relevance to the tracked events is indirect and interpretative, making it difficult to classify as a clear rumour or factual report.",False,json
174,brown was placed in a coroner's vehicle there was ems and ambulance on scene theres a vid on utube,rumour,rumour,0.7,"The tweet mentions 'brown' being placed in a coroner's vehicle and references an EMS and ambulance presence, which could relate to the Ferguson unrest of 2014, specifically the shooting of Michael Brown. However, the tweet lacks specific details and credible sources to confirm its claims. The mention of a video on 'utube' is vague and does not constitute a reliable source. Given the context, the tweet seems to be about the Ferguson event but lacks verifiable information.",False,json
175,not a shovel A...SPADE LOL,rumour,unrelated,0.99,"The tweet does not mention the Charlie Hebdo attack or the Ferguson unrest, and its content appears to be a joke or a play on words, with no apparent connection to either event. The language used is informal and lacks any specific claim or information about the events. There are no signals of misinformation or verifiable facts presented. The tweet's off-topic nature suggests it is unrelated to the tracked events.",False,json
176,"Do you really think US govt is your government, govt only for European American not anyone else.",not_rumour,unrelated,0.9,"The tweet does not mention the Charlie Hebdo attack or the Ferguson unrest, and instead makes a general statement about the US government. This suggests that the tweet is off-topic and unrelated to the specified events. The language used is also vague and does not provide any specific information or claims about the events. The tweet appears to be expressing a general opinion or sentiment rather than reporting or discussing a specific news event.",False,json
177,PHOTOS Two standoffs in Paris,unrelated,not_rumour,0.8,"The tweet mentions 'Two standoffs in Paris', which is related to the Charlie Hebdo attack in 2015, as the event occurred in Paris. The tweet does not present any unverified or emotional claims, and it does not contain conspiracy language or implausible claims. The phrase 'PHOTOS' suggests that the tweet may be accompanied by visual evidence, which could be verifiable. The tweet's brevity and lack of specific details make it difficult to classify as rumour, but its relevance to the Charlie Hebdo event and potential for verifiable evidence suggest it is not entirely speculative.",False,json
178,"2 2 your timing was insensitive 2 an OPEN situation in France. Suggest U wait 3-4 hours then GO, hit that",unrelated,unrelated,0.7,"The tweet mentions an 'OPEN situation in France', which could be related to the Charlie Hebdo attack in 2015, but the context and language used are vague and do not provide any specific or verifiable information about the event. The tone appears to be advisory or cautionary rather than informative, and there's no clear claim or fact being presented. The tweet's content and language suggest it is not providing factual reporting or confirmed information about the events. The mention of France could imply a connection to Charlie Hebdo, but the lack of clarity and specific details makes it difficult to classify as directly related or factual.",False,json
179,GET IN! Fucking lunatic prick,unrelated,unrelated,0.9,"The tweet does not mention either the Charlie Hebdo attack or the Ferguson unrest, and its language and content are not related to these events. The tweet appears to be an expression of anger or frustration, but it does not provide any information or claim about a specific event. The lack of context and the use of profanity suggest that the tweet is not about reporting or discussing news. Therefore, the tweet is classified as unrelated to the tracked events.",False,json
180,theve acted the same even over a bag of chips,rumour,unrelated,0.9,"The tweet does not mention either the Charlie Hebdo attack or the Ferguson unrest, and its content appears to be a vague statement about someone's behavior over a trivial matter. There is no clear connection to either event, and the language used is informal and lacks context. The tweet does not present any verifiable facts or claims related to the tracked events. Therefore, it is classified as unrelated to the events.",False,json
181,Boy do I agree with this. We should have done this years ago. This cult is nothing but trouble for everyone,unrelated,unrelated,0.9,"The tweet does not mention either the Charlie Hebdo attack or the Ferguson unrest, and its content appears to be about a general topic, possibly related to a 'cult', without providing any specific information or context that links it to the tracked events. The language used is vague and does not present verifiable facts. The tweet's focus on agreement with an unspecified statement and its emotional tone suggest it is not about reporting or discussing factual information regarding the specified events. Therefore, it is classified as unrelated to the tracked events.",False,json
182,"learn to understand wht he was saying properly GG ""KID""",unrelated,unrelated,0.9,"The tweet does not mention the Charlie Hebdo attack or the Ferguson unrest, and its content appears to be a vague and unrelated message. There is no specific claim or information about either event, and the language used is informal and lacks context. The tweet's tone and language suggest it is not related to the tracked events. Therefore, it is classified as unrelated.",False,json
183,Is he Stressing Restraint by the over equipped PD??,not_rumour,rumour,0.8,"The tweet appears to be related to the Ferguson unrest, as it mentions 'over equipped PD', which is likely referring to the police department's equipment and tactics during the protests. The tweet does not present verifiable facts, but rather an emotional and speculative claim. The language used is vague and open to interpretation, which may indicate a lack of credible sources or information. The tone suggests a questioning of the police's actions, but does not provide any concrete evidence or facts.",False,json
184,The information evolving just gets more and more heinous MikeBrown,not_rumour,rumour,0.8,"The tweet mentions 'MikeBrown', which is a reference to Michael Brown, a key figure in the Ferguson unrest in 2014. The language used is emotional, describing the information as 'heinous', but it does not present a specific claim about the event. The tweet appears to be related to the Ferguson unrest, but it lacks verifiable facts or credible sources to support its statement. The tone suggests a reaction to the event rather than a report of it.",False,json
185,dudes running around shaming people for jumping to conclusions while doing the same thing. It's funny,rumour,unrelated,0.9,"The tweet does not specifically mention the Charlie Hebdo attack or the Ferguson unrest, and its content appears to be a general commentary on people's behavior during discussions of breaking news events. The tweet does not present any verifiable facts or claims about the events, and its tone is more observational and sarcastic. The lack of specific references to the events and the absence of any factual information suggest that the tweet is not directly related to the tracked events. The tweet's focus on the behavior of people discussing news events rather than the events themselves indicates it is off-topic.",False,json
186,I just believe in GOD amp I do not fear death for it is a part of our lives.,unrelated,unrelated,1.0,"The tweet does not mention the Charlie Hebdo attack or the Ferguson unrest, and instead expresses a personal belief in God and a perspective on death. This content is unrelated to the specified breaking news events. The tweet lacks any factual information or claims about the events, and its language is focused on personal faith. Therefore, it is off-topic and does not pertain to either event.",False,json
187,Things must and will change. Tell everyone to get out the Vote.,rumour,unrelated,0.9,"The tweet does not mention either the Charlie Hebdo attack or the Ferguson unrest specifically, and its message about voting seems unrelated to these events. The language used is general and does not present any verifiable facts or claims about the events. The tweet's focus on voting and change suggests it is more about a general call to action rather than discussing or reporting on the specified events. Therefore, it is classified as unrelated to the tracked events.",False,json
188,And does UK or USA care...I didn't think so. FreedomOfSpeech hypocrites,unrelated,unrelated,0.8,"The tweet appears to be related to the Charlie Hebdo attack, as it mentions 'FreedomOfSpeech', which was a key issue in the aftermath of the attack. However, the tweet does not provide any specific or verifiable information about the event, instead expressing a general sentiment of criticism towards the UK and USA. The language used is emotional and does not contain any concrete facts or credible sources. The tweet's focus on criticizing hypocrisy regarding freedom of speech suggests it is related to the event, but its lack of specific information and verifiable claims makes it more of a commentary than a factual report.",False,json
189,"you never know, they might just find something offensive in this too.",not_rumour,unrelated,0.8,"The tweet does not explicitly mention either the Charlie Hebdo attack or the Ferguson unrest, and its content is too vague to be directly linked to either event. The phrase 'you never know, they might just find something offensive in this too' is ambiguous and lacks context, making it difficult to determine its relevance to the specified events. The tweet's tone suggests speculation or uncertainty rather than presenting factual information. Given its ambiguity and lack of direct reference to the events, the tweet is best classified as unrelated.",False,json
190,Will our own neighbors shoot with deadly force? StLouis its time for Federal Assistance.,not_rumour,rumour,0.8,"The tweet mentions 'StLouis', which is near Ferguson, indicating it is related to the Ferguson unrest. However, the tweet does not provide any verifiable facts or credible sources, instead making an emotional claim about the need for 'Federal Assistance'. The language used is speculative and lacks concrete information, suggesting it may be an unverified claim. The tone is also emotive, which can be a signal of misinformation.",False,json
191,Bloody Muslims need to chuck them back to where they came from. Hell!,not_rumour,unrelated,0.9,"The tweet does not provide any factual information or specific claims about the Charlie Hebdo attack or Ferguson unrest, instead expressing a hateful and emotional statement. The language used is extreme and lacks any credible sources or verifiable evidence. The tweet's content is more related to a reaction or opinion rather than a report or discussion of the events. It does not contribute to an informed conversation about either event.",False,json
192,and where did you SEE them fighting or getting Attacked?,rumour,unrelated,0.8,"The tweet appears to be a response to a claim about someone seeing people fighting or getting attacked, but it does not provide any specific information about the Charlie Hebdo attack or the Ferguson unrest. The language used is questioning and does not present any verifiable facts. The tweet seems to be seeking clarification or evidence, rather than making a claim about the events. The lack of specific details about the events suggests that the tweet is not making a direct claim about either event.",False,json
193,"-apologies, but this is what I got Ferguson is a city in St. Louis County, Missouri, United States Population 21,135 2012",not_rumour,unrelated,0.9,"The tweet provides factual information about Ferguson, stating its location and population, which is verifiable and not related to the unrest event. It does not mention the Charlie Hebdo attack or the Ferguson unrest, focusing solely on demographic data. The information is presented in a neutral tone without emotional language or conspiracy theories. The tweet's content is unrelated to the breaking news events of the Charlie Hebdo attack or the Ferguson unrest.",False,json
194,Islamic law will not wash in our Western society. Those who object get a passport and one way ticket to Saudi Emirates,unrelated,unrelated,0.9,"The tweet does not directly mention the Charlie Hebdo attack or the Ferguson unrest, instead making a general statement about Islamic law in Western society. The language used is emotional and does not present verifiable facts, suggesting a lack of credible information. The tone implies a controversial opinion rather than a factual report about either event. This indicates the tweet is off-topic and unrelated to the specified breaking news events.",False,json
195,"And that's in war. Human history is that of war. No matter the religion, race, place or time. It has nothing to do 3",not_rumour,unrelated,0.9,"The tweet does not mention the Charlie Hebdo attack or the Ferguson unrest specifically, and its content appears to be a philosophical or general statement about human history and war. It does not present any verifiable facts or claims related to the tracked events. The language used is vague and does not contain any signals of misinformation about the specific events. The tweet seems to be off-topic and unrelated to the breaking news events in question.",False,json
196,or perhaps it's not as great as you think.. Do you want me to believe the majority of Islam followers wants to kill me?,unrelated,unrelated,0.8,"The tweet does not directly mention the Charlie Hebdo attack or the Ferguson unrest, but it implies a discussion about Islam and violence, which could be related to the Charlie Hebdo attack. However, the tweet's focus is on the speaker's perception of Islam and its followers, rather than providing factual information about the events. The language used is emotional and does not present verifiable facts. The tweet appears to be more of a personal opinion or reaction rather than a report on the events.",False,json
197,yes my brother is his size....,rumour,unrelated,0.9,"The tweet does not mention either the Charlie Hebdo attack or the Ferguson unrest, and its content appears to be a personal and vague statement. There is no clear connection to the tracked events, and the language used is informal and lacks context. The tweet does not present any verifiable facts or claims related to the events. It seems to be an off-topic or irrelevant post.",False,json
198,Vous tes tout le monde!,not_rumour,unrelated,0.9,"The tweet 'Vous tes tout le monde!' does not mention either the Charlie Hebdo attack or the Ferguson unrest, and its content is too vague to be related to these events. It appears to be a phrase in French that translates to 'You are all the world!' or a similar expression of solidarity or unity, without any specific claim or reference to the tracked events. The tweet lacks any signal of being about breaking news or specific events, making it off-topic. Therefore, it is classified as unrelated to the tracked events.",False,json
199,Every 28 hours a black male is killed in the United States by police or vigilantes. Ferguson Can I have your source?,rumour,rumour,0.8,"The tweet is about the Ferguson unrest, making it on-topic. It presents a specific claim about the frequency of black males being killed by police or vigilantes in the United States. However, the claim is not supported by a credible source within the tweet itself, and the language used does not provide verifiable facts. The request for a source at the end suggests skepticism about the claim, indicating it may be unverified.",False,json
200,Yes they will...that's the world we're always in personal choices-actions-consequences...and me?,not_rumour,unrelated,0.9,"The tweet does not mention the Charlie Hebdo attack or Ferguson unrest explicitly, and its content appears to be a vague philosophical statement. There is no specific claim or information about either event, and the language used is abstract and unrelated to the topics. The tweet lacks any signals of being about breaking news events, and its tone is more introspective than informative. Therefore, it is classified as unrelated to the tracked events.",False,json
201,"And worse, it took 'em a week to come up with that half assed story.",rumour,unrelated,0.8,"The tweet does not explicitly mention either the Charlie Hebdo attack or the Ferguson unrest, but its tone and language suggest it might be referring to one of these events or a similar situation. However, without specific details or context, it's difficult to determine which event it's about or what 'half assed story' it refers to. The tweet lacks verifiable facts and seems to express dissatisfaction or skepticism about an official account or response. Given the lack of clear connection to either event and the absence of factual information, the tweet is best classified as unrelated due to insufficient context.",False,json
202,"The Israeli are proud ppl, they dont defame dead by putting images all over internet.",not_rumour,unrelated,0.9,"The tweet does not mention the Charlie Hebdo attack or the Ferguson unrest, and instead discusses the Israeli people and their behavior regarding images of the dead on the internet. This topic is unrelated to the specified breaking news events. The tweet's content does not provide any factual information or credible sources about the tracked events. It appears to be an off-topic statement with no connection to the events in question.",False,json
203,God bless him and comfort his loved ones.,unrelated,unrelated,0.9,"The tweet does not mention either the Charlie Hebdo attack or the Ferguson unrest, and its content is a general expression of condolence. It does not present any verifiable facts or make a specific claim about either event. The language used is emotional but lacks any signal of misinformation or conspiracy. The tweet appears to be off-topic or unrelated to the specified events.",False,json
204,UPDATE CharlieHebdo's editor-in-chief was killed in attack - Magazine's lawyer well..,unrelated,not_rumour,0.9,"The tweet is about the Charlie Hebdo attack, specifically stating that the editor-in-chief was killed, which is a verifiable fact. The tweet presents this information in a straightforward manner without emotional language or conspiracy theories. The claim made is about a confirmed event and the death of the editor-in-chief is a fact that has been widely reported by credible sources. The lack of a specific source in the tweet does not necessarily indicate misinformation since the fact itself is well-documented.",False,json
205,Merci pour tes mots Jeff. Ca fait peur de savoir que des malades se baladent dans Paris quand tu as de la famille l-bas.,not_rumour,not_rumour,0.8,"The tweet mentions 'Paris' and expresses fear about 'des malades' (sick or crazy people) walking around, which could be related to the Charlie Hebdo attack in 2015. However, it does not provide any specific or verifiable information about the event. The language used is emotional and does not cite any credible sources. The tweet appears to be a personal reaction to the event rather than a factual report.",False,json
206,Usually if something doesn't sound right...it isn't. I'm sure there is more to this than aftermath snipets.. Need full story,rumour,rumour,0.6,"The tweet does not explicitly mention either the Charlie Hebdo attack or the Ferguson unrest, but its language suggests it is responding to a news event. The tweet expresses skepticism and a desire for more information, which could be related to either event. However, without specific details, it's difficult to determine the exact context. The tone is cautious and inquiring, rather than speculative or conspiratorial.",False,json
207,Human Rights Chief has to read 7th century diktats of feudal Arabia which are considered God given.Opinion will change!,not_rumour,unrelated,0.9,"The tweet does not mention the Charlie Hebdo attack or the Ferguson unrest, and instead discusses human rights and feudal Arabia, which is unrelated to the specified events. The language used is opinionated and does not present verifiable facts about the events in question. There are no specific claims made about the Charlie Hebdo attack or Ferguson unrest. The tweet's content is off-topic and does not pertain to the tracked events.",False,json
208,Possibly because police did not put two incidents together yet. AND officers who shoot Brown didn't knew this.,rumour,rumour,0.8,"The tweet is about the Ferguson unrest, specifically referencing the shooting of Brown, which indicates it is on-topic. The tweet speculates about the police's knowledge and actions, presenting an unverified claim without citing credible sources. The language used is somewhat speculative, implying a connection between incidents that may not be confirmed. The tone is not overly emotional or conspiratorial, but the claim is not verifiable based on the information provided.",False,json
209,"CHARLIEHEBDO SHOOTING Gunmen shouted 'we have avenged the prophet"" during attack"" Now that's tolerance for you",unrelated,not_rumour,0.9,"The tweet is about the Charlie Hebdo attack, making it on-topic. It claims that the gunmen shouted 'we have avenged the prophet' during the attack, which is a verifiable fact reported by credible sources. The tone of the tweet is emotional, but the claim itself is based on confirmed information. The language used, such as 'Now that's tolerance for you', adds an opinionated layer but does not alter the factual basis of the claim.",False,json
210,hasn't your show been cancelled...enough?,not_rumour,unrelated,0.99,"The tweet does not mention the Charlie Hebdo attack or the Ferguson unrest, and its content appears to be a sarcastic comment about a TV show. There is no claim or information related to either of the tracked events. The tone is informal and conversational, with no signals of misinformation about the events. The tweet is off-topic and unrelated to the tracked events.",False,json
211,Just saw TOM JACKSON reading event's of the lead up to shooting seems put together in a hurry to SMEAR Michael Brown .,rumour,rumour,0.8,"The tweet is about the Ferguson unrest, specifically mentioning Michael Brown, which indicates it is on-topic. The tweet makes a claim that an event or report seems put together to smear Michael Brown, which is an unverified and emotional claim. There are signals of misinformation, such as conspiracy language and a lack of sources. The tone suggests speculation rather than verified news or factual reporting.",False,json
212,Don't understand your argument - we're both on same side. Was repeating what Dorian said. Also Chief walked stmt back later,rumour,unrelated,0.9,"The tweet does not mention the Charlie Hebdo attack or the Ferguson unrest, and instead appears to be a response to a conversation or argument. It references a statement made by 'Dorian' and a retraction by 'Chief', but does not provide any context or information about the events in question. The language used is conversational and does not contain any signals of misinformation or emotional claims. The tweet is therefore off-topic and unrelated to the tracked events.",False,json
213,"They know they don't need to convince the public, just have enough lies to justify the internal investigation.",not_rumour,unrelated,0.8,"The tweet does not explicitly mention the Charlie Hebdo attack or the Ferguson unrest, and its language is vague and general, suggesting it may not be directly related to either event. The phrase 'internal investigation' could apply to many contexts, and without more specific information, it's difficult to link it to a particular news event. The tone of the tweet implies skepticism or criticism, but it does not provide enough detail to determine if it's discussing a verified news story or spreading unverified claims. Given the lack of specific references to either event, the tweet appears to be off-topic or unrelated.",False,json
214,nah...you followed blindly and believed all his shit. Lurk moar and believe less.,rumour,unrelated,0.9,"The tweet does not mention the Charlie Hebdo attack or the Ferguson unrest, and its content appears to be a personal opinion or argument with someone, lacking any specific claim or information about the events. The language used is informal and emotional, but it does not provide any signals of misinformation related to the tracked events because it is off-topic. The tweet's focus is on advising someone to be more skeptical and not follow blindly, without referencing any news event. Therefore, it is classified as unrelated to the tracked events.",False,json
215,"the point of releasing the video was to slander mike brown an give him a ""dangerous black male"" aesthetic",rumour,rumour,0.8,"The tweet is about the Ferguson unrest in 2014, specifically referencing Mike Brown, which indicates it is on-topic. The tweet makes a claim about the intention behind releasing a video, implying a narrative about Mike Brown's portrayal. The claim is presented as an opinion or interpretation rather than a verifiable fact, and it lacks specific evidence or credible sources to support it. This suggests the tweet may contain unverified claims or speculation.",False,json
216,That is not up to me. And who was the punishment taken out on?,not_rumour,unrelated,0.9,"The tweet does not mention either the Charlie Hebdo attack or the Ferguson unrest, and its content appears to be a vague statement that could be related to various topics. There is no specific claim or information about the events, and the language used is neutral and lacks any signals of misinformation. The tweet seems to be a response to an unknown question or statement, and its context is unclear. Overall, the tweet is off-topic and unrelated to the tracked events.",False,json
217,You Better Get Informed Instead of saying me idiot.,unrelated,unrelated,0.9,"The tweet does not mention either the Charlie Hebdo attack or the Ferguson unrest, and its content appears to be a vague statement without any specific claim or reference to a breaking news event. The language used is informal and lacks context, making it difficult to link to any particular news event. The tweet's tone seems to be more of a personal statement rather than a report or discussion of a news event. Therefore, it is classified as unrelated to the tracked events.",False,json
218,let a man eat his chips in peace.,not_rumour,unrelated,1.0,"The tweet does not mention the Charlie Hebdo attack or the Ferguson unrest, and its content appears to be unrelated to these events. The phrase 'let a man eat his chips in peace' seems to be a humorous or casual statement without any connection to breaking news. There are no signals of misinformation or unverified claims, simply because the tweet does not address the tracked events. The tweet's off-topic nature leads to a clear classification.",False,json
219,"NO, we WON'T. ""Now they're gonna think we're all bad guys"", a Muslim bar owner from the neighborhood told me CharlieHebdo""",not_rumour,not_rumour,0.8,"The tweet is about the Charlie Hebdo attack, as indicated by the mention of 'CharlieHebdo'. It presents a quote from a Muslim bar owner, which suggests a personal perspective or reaction to the event rather than a factual report. The quote itself does not make a specific claim about the attack, but rather expresses a concern about perception. The tweet does not contain overt signals of misinformation, but its focus is on a personal reaction rather than verified news.",False,json
220,or he did but -geeze it seems he lost it! Bogus bull!,rumour,unrelated,0.8,"The tweet does not explicitly mention the Charlie Hebdo attack or the Ferguson unrest, and its language is vague and emotional, suggesting it may not be directly related to either event. The phrase 'Bogus bull' implies a negative reaction to something, but without context, it's unclear what the tweet is referring to. The tone is informal and opinionated, lacking any verifiable facts or credible sources. Given the lack of clear connection to either event and the absence of factual information, the tweet appears to be unrelated or too ambiguous to be classified as a rumour about the specified events.",False,json
221,so they killed him for stealing chips and juice gtfoh point is he was unarmed,rumour,rumour,0.8,"The tweet appears to be discussing an event where someone was killed, and it mentions the person being unarmed, which is a key detail in the context of the Ferguson unrest in 2014. The mention of 'stealing chips and juice' and being 'unarmed' aligns with the narrative surrounding the shooting of Michael Brown, a pivotal event in the Ferguson unrest. The tweet does not provide verifiable facts or sources but discusses a specific incident related to one of the tracked events. The language used is emotional but refers to a real event, suggesting it is not entirely off-topic or a baseless rumor.",False,json
222,"OK I misunderstood it. No struggle, but Brown was in the police car at one point.",rumour,rumour,0.8,"The tweet appears to be related to the Ferguson unrest in 2014, specifically referencing an incident involving a person named Brown, likely Michael Brown. The tweet claims that Brown was in a police car at one point, but does not provide any sources or context to verify this information. The language used is somewhat ambiguous and does not present clear, verifiable facts. The tweet seems to be discussing a specific event, but the information provided is not conclusive or definitively verified.",False,json
223,"mam u r correct,infact god bcmes happy that my son is doing right thing",not_rumour,unrelated,1.0,"The tweet does not mention the Charlie Hebdo attack or the Ferguson unrest, and its content appears to be a personal conversation about a son doing the right thing, with no connection to either event. The language used is informal and emotional, but it does not contain any claims or information related to the tracked events. The tweet lacks any reference to news, facts, or credible sources, indicating it is off-topic. Therefore, it is classified as unrelated to the specified events.",False,json
224,absolutely not! That's a false choice. You don't have to smear one to defend the other.,rumour,unrelated,0.9,"The tweet does not mention either the Charlie Hebdo attack or the Ferguson unrest, and its content appears to be a response to a general statement or question rather than a discussion about a specific news event. The language used is argumentative but does not provide any factual information about the tracked events. The tweet's focus is on defending a position rather than reporting or discussing news. Therefore, it is classified as unrelated to the specified events.",False,json
225,Too bad they werent smart enough to arm themselves.,unrelated,rumour,0.8,"The tweet appears to be related to one of the tracked events, likely referring to the victims or participants in either the Charlie Hebdo attack or the Ferguson unrest. However, it does not provide any verifiable facts or credible information about the events. Instead, it expresses an opinion or emotional claim about the situation, which lacks concrete evidence or sources to support it. The tone and language used suggest a speculative or unverified nature.",False,json
226,The West doesn't have the balls.,unrelated,unrelated,0.9,"The tweet does not mention either the Charlie Hebdo attack or the Ferguson unrest, and its content is too vague to be related to these events. The phrase 'The West doesn't have the balls' is an opinion or statement that lacks context and does not provide any factual information about the specified events. It appears to be an off-topic or emotional statement rather than a factual report or claim about the events. Therefore, it is classified as unrelated to the tracked events.",False,json
227,and the last time i checked the eyewitness testimony overrides the testimony of the defident's friends,rumour,unrelated,0.9,"The tweet does not explicitly mention the Charlie Hebdo attack or the Ferguson unrest, and its language suggests a general discussion about the reliability of eyewitness testimony versus the testimony of a defendant's friends. The tweet does not present any verifiable facts or specific claims about either event. The language used is vague and could apply to various situations, indicating that the tweet is likely off-topic or unrelated to the specified events. The lack of specific details or context about the events suggests a low likelihood of the tweet being about the tracked events.",False,json
228,. THIS. This is what the police reaction reminds me of.,not_rumour,unrelated,0.8,"The tweet is brief and lacks specific details about the Charlie Hebdo attack or Ferguson unrest, making it difficult to determine its relevance or factual accuracy. However, the phrase 'This is what the police reaction reminds me of' suggests a comparative or reflective statement rather than a factual report. The tweet does not present verifiable facts or cite credible sources, and its vague nature could be interpreted as an emotional or speculative comment. Given its lack of clear connection to either event and absence of factual information, the tweet seems more off-topic or too vague to be classified as a rumour or verified news.",False,json
229,pity to see France helpless in hands of Muslims,unrelated,rumour,0.8,"The tweet mentions France, which is relevant to the Charlie Hebdo attack in 2015, indicating it is on-topic. However, the tweet expresses an opinion with the phrase 'helpless in hands of Muslims', which is an emotional and unverified claim. This kind of language can be a signal of misinformation, as it lacks specific facts and sources to support the assertion. The tone suggests a biased perspective rather than a factual report.",False,json
230,They found something unrelated to the shooting and this will be the free ticket. This poor dead kid villified,rumour,rumour,0.8,"The tweet mentions a 'poor dead kid villified', which suggests it is referring to a specific event, likely the Ferguson unrest in 2014, where Michael Brown, a young African American, was killed, sparking widespread protests. The language used is emotional and implies a narrative of victimization, but does not provide verifiable facts or credible sources to support its claims. The phrase 'this will be the free ticket' is ambiguous and could imply speculation or an unverified claim. The overall tone and content suggest the tweet is related to one of the tracked events but lacks concrete, verified information.",False,json
231,"Yes, Eric Garner killed over cigarettes and Mike Brown killed over Swisher Sweets cigars.",rumour,unrelated,0.8,"The tweet mentions Mike Brown, which is related to the Ferguson unrest in 2014, but it also mentions Eric Garner, who is not directly related to either the Charlie Hebdo attack or the Ferguson unrest. The tweet makes a claim about the reasons for their deaths, which can be verified as factual. The deaths of Eric Garner and Mike Brown were highly publicized and the circumstances surrounding their deaths are well-documented. The tweet does not present any unverified or emotional claims, but rather states a fact about the events.",False,json
232,"Not respect the religion of others is right to want to be respected? It is the law of life,he who sows the wind reaps storm!",unrelated,unrelated,0.8,"The tweet appears to be related to the Charlie Hebdo attack, as it mentions respecting the religion of others, which was a central issue in the attack. However, the tweet does not present any verifiable facts or specific claims about the event, instead making a general philosophical statement. The language used is emotional and lacks sources, which are signals of potential misinformation. The tweet's focus on a general principle rather than a specific fact or claim about the event suggests it is not a direct report of the news.",False,json
233,If God put Humans on Earth then he's a fucking idiot,unrelated,unrelated,1.0,"The tweet does not mention the Charlie Hebdo attack or the Ferguson unrest, and instead expresses a philosophical or theological opinion. It does not present any verifiable facts or claims related to the tracked events. The language used is emotional and provocative, but it is not related to the breaking news events in question. The tweet is off-topic and unrelated to the specified events.",False,json
234,"BBC reporter noting that Charlie Hebdo also mocks Christians, Jews and atheists. Oddly, though, those groups don't seem to bomb them.",not_rumour,not_rumour,0.9,"The tweet is about the Charlie Hebdo attack, making it on-topic. It presents a claim that Charlie Hebdo mocks various religious groups, which is a verifiable fact. The tweet does not contain conspiracy language, extreme emotion, or implausible claims, and it references a BBC reporter, implying a credible source. The tone is more analytical than speculative, suggesting that the information is based on factual reporting.",False,json
235,The world is looking at these pics. What douchebags. Maybe we can waterboard a protester?,not_rumour,rumour,0.8,"The tweet appears to be related to the Ferguson unrest 2014, as it mentions a protester, which suggests a connection to the event. However, the tweet does not provide any factual information or verifiable claims about the event, instead expressing a personal opinion and using extreme language. The mention of waterboarding a protester is an unverified and emotional claim, which indicates a lack of credible information. The tone and language used are more indicative of an opinionated reaction rather than a factual report.",False,json
236,And a strongarm robbery at that. At a different store.,rumour,unrelated,0.9,"The tweet does not mention either the Charlie Hebdo attack or the Ferguson unrest, and instead talks about a strongarm robbery at a different store, which is unrelated to the tracked events. There is no specific claim made about the breaking news events, and the content appears to be off-topic. The language used is neutral and does not present any emotional or conspiracy-related tone. The tweet lacks any connection to the specified events, leading to a classification as unrelated.",False,json
237,". no, but being killed as the result of attempting to wrestle an Officer's gun can get you killed - rightfully so!",rumour,unrelated,0.8,"The tweet appears to be related to the Ferguson unrest, as it mentions an Officer's gun, which could be a reference to the Michael Brown shooting. However, the tweet does not provide any specific or verifiable information about the event. The language used is more opinion-based and emotional, rather than factual reporting. The tweet seems to be expressing a viewpoint on the use of force by officers, rather than reporting on the event itself.",False,json
238,BREAKING NEWS Market gunman threatens to kill hostages if police storm terrorist brothers. -Paris police,unrelated,not_rumour,0.9,"The tweet is about the Charlie Hebdo attack in 2015, specifically mentioning 'terrorist brothers' which refers to the perpetrators of the attack. The language used is factual and reports on a specific event, without emotional or conspiracy-driven tone. The tweet does not present unverified claims but rather reports on the situation as it unfolded, indicating a breaking news report. The information is consistent with verified reports from the time of the attack.",False,json
239,Odd. Its a Daily Beast article. Should be fine.,rumour,unrelated,0.9,"The tweet does not mention either the Charlie Hebdo attack or the Ferguson unrest, and instead appears to be discussing a Daily Beast article without providing any context or information about the events. The tweet's content is off-topic and unrelated to the tracked events. There is no claim or information presented about the events, and the tweet does not exhibit any signals of misinformation. The tweet's brevity and lack of context make it clear that it is not about the specified events.",False,json
240,I think you are looking to make a point that just doesn't apply in this instance,unrelated,unrelated,0.9,"The tweet does not mention either the Charlie Hebdo attack or the Ferguson unrest, and its content appears to be a vague response to an unspecified statement, lacking any specific claim or information about the events. The language used is general and does not provide any verifiable facts or emotional claims related to the tracked events. The tweet seems to be off-topic and unrelated to the breaking news events in question. Therefore, it is classified as unrelated.",False,json
241,yes Twitter and similar are better tools for free speech than mainstream media.,not_rumour,unrelated,0.9,"The tweet does not mention the Charlie Hebdo attack or the Ferguson unrest, and instead discusses the role of social media in free speech. It does not present any specific claim about the events, and its content is unrelated to the tracked events. The tweet's focus is on the comparison between social media and mainstream media, which is off-topic. Therefore, the tweet is classified as unrelated to the tracked events.",False,json
242,according to their initial report Brown initiates contact. NOW the cop stopped him as a potential suspect?,rumour,rumour,0.8,"The tweet appears to be discussing the Ferguson unrest, specifically the events surrounding Michael Brown. It mentions an initial report and a cop stopping Brown as a potential suspect, which suggests it is referencing factual information about the case. However, the tone and language used imply some skepticism or questioning of the official narrative, which could indicate a degree of speculation or unverified claim. The tweet does not provide explicit sources or verifiable evidence to support its claims.",False,json
243,I saw that too..like are you assuming it was him the same day it happened lol,rumour,unrelated,0.8,"The tweet appears to be a response to another tweet or statement, but it does not provide any specific information about the Charlie Hebdo attack or the Ferguson unrest. The language used is vague and does not make any direct claims about either event. The tweet seems to be discussing an assumption or speculation made by someone else, but it does not present any verifiable facts. The lack of specific information and context suggests that the tweet is not making a direct claim about either event.",False,json
244,There is nothing wrong with cartoon but how it shows the face of their Prophet,not_rumour,not_rumour,0.8,"The tweet discusses the depiction of a prophet in cartoons, which is related to the Charlie Hebdo attack in 2015, as the attack was motivated by the magazine's publication of cartoons depicting the Prophet Muhammad. The tweet does not present a specific claim about the events but rather expresses an opinion on the content that led to the attack. The statement lacks verifiable facts and sources, focusing on the speaker's perspective on the matter. It does not contain overt signals of misinformation like conspiracy language but is more of an opinion or reaction to the events.",False,json
245,why do you want to gratuitously offend ordinary muslims ?,unrelated,unrelated,0.6,"The tweet appears to be related to the Charlie Hebdo attack, as it mentions offending Muslims, which could be connected to the magazine's controversial cartoons. However, the tweet does not make a specific claim about the event, instead posing a question that seems to be more about the motivations behind offending Muslims. The language used is emotional but does not contain overt signals of misinformation. The tweet's relevance to the Charlie Hebdo event is implied but not explicitly stated, which affects the confidence in its classification.",False,json
246,No he can't but since witnesses lied shouldn't we wait for the rest of the story?,rumour,rumour,0.8,"The tweet appears to be related to a breaking news event, likely the Ferguson unrest, as it mentions witnesses and waiting for the rest of the story, which could imply a discussion about the events surrounding the unrest. However, the tweet does not present verifiable facts and instead expresses skepticism about witness testimony, which could be seen as speculation. The language used does not contain extreme emotion or conspiracy language, but it does lack specific details or sources to support its claim. The tweet's relevance to the Ferguson unrest and its speculative nature suggest it should be classified as 'rumour'.",False,json
247,"no more freedom of speech, no more journalists or journalism. Just political correct crap off the media because of fear",unrelated,unrelated,0.8,"The tweet discusses the impact of events on freedom of speech and journalism, which could be related to the Charlie Hebdo attack, but it does not specifically mention either the Charlie Hebdo attack or the Ferguson unrest. The language used is more general and expresses an opinion about the state of journalism and freedom of speech. The tweet lacks specific, verifiable facts about the events and instead presents an emotional, generalized claim. It does not provide credible sources or evidence to support its assertions.",False,json
248,all white boys ready to take out them black ones with no disregard.,not_rumour,unrelated,0.8,"The tweet does not mention the Charlie Hebdo attack or the Ferguson unrest specifically, but its content appears to be related to racial tensions, which could be linked to the Ferguson unrest. However, the language used is vague, emotional, and lacks any specific reference to the events, making it difficult to classify as directly related. The tone suggests a provocative or inflammatory statement rather than a factual report. The lack of clear connection to either event and the absence of factual information lead to its classification.",False,json
249,"An investigation takes time, jumping to conclusions based on questionably credible witnesses is ignorant amp irresponsible.",rumour,unrelated,0.8,"The tweet discusses the importance of not jumping to conclusions based on questionable sources, which could be related to either the Charlie Hebdo attack or the Ferguson unrest, as both events involved investigations and public speculation. However, the tweet does not make a specific claim about either event, nor does it present verifiable facts. The language used is cautionary and does not contain signals of misinformation like conspiracy language or extreme emotion. The tweet's relevance to the tracked events is indirect at best, focusing on a general principle of investigation rather than specific details of the events.",False,json
250,I didn't mean the police. I meant the looters,not_rumour,unrelated,0.6,"The tweet appears to be a response to a previous statement or question, and it mentions 'looters', which is a term often associated with the Ferguson unrest in 2014. However, the tweet does not provide any specific information or context about the event, and it seems to be a clarification or correction rather than a statement of fact. The language used is vague and does not present any verifiable facts. The tweet is likely related to the Ferguson unrest, but its lack of context and clarity makes it difficult to classify as a verified news report.",False,json
251,Everyone wants answers. Can't have police randomly shooting people. But it's not an excuse to destroy my property.,not_rumour,not_rumour,0.8,"The tweet discusses police shooting people and property destruction, which aligns with the themes of the Ferguson unrest in 2014. It does not mention the Charlie Hebdo attack. The tweet expresses a personal concern and a desire for accountability but does not present verifiable facts or specific claims about the events. The language used is emotional but does not contain conspiracy theories or implausible claims.",False,json
252,Islamophobia is a fatuous phrase designed to silence criticism of an evil ideology.,unrelated,unrelated,0.9,"The tweet does not directly mention the Charlie Hebdo attack or the Ferguson unrest, and instead makes a general statement about Islamophobia. This suggests that the tweet is not specifically about either of the tracked events. The language used is also more opinion-based and emotional, rather than factual or informative. The tweet's focus on the term 'Islamophobia' and its implications indicates that it is not directly related to the breaking news events in question.",False,json
253,don't deny the truth go to any Islamic country and say you're gay and they will kill you,unrelated,unrelated,0.9,"The tweet does not directly mention the Charlie Hebdo attack or the Ferguson unrest, instead making a general statement about Islamic countries and their treatment of gay individuals. This statement is not verifiable in the context of the tweet and lacks credible sources. The language used is also emotional and makes a broad, unverified claim. The tweet is off-topic and unrelated to the specified breaking news events.",False,json
254,"I do respect individual peaceful Xtians, Muslims, Jews etc. I do not have to respect dangerous Neolithic beliefs.",unrelated,unrelated,0.9,"The tweet does not mention the Charlie Hebdo attack or the Ferguson unrest, and instead discusses respect for individual beliefs. It does not present any claims or information related to the tracked events. The language used is general and does not contain any specific details about the events. The tweet appears to be off-topic and unrelated to the breaking news events.",False,json
255,Hope they get evidence from it as to who these evil people are.,not_rumour,not_rumour,0.7,"The tweet appears to be related to a breaking news event, likely referring to the Charlie Hebdo attack or Ferguson unrest, as it mentions 'these evil people', which could be a reference to the perpetrators of one of these events. However, the tweet does not provide any specific or verifiable information about the events, instead expressing a hope that evidence will be found. The language used is emotional but does not contain conspiracy language or implausible claims. The tweet's vagueness and lack of specific details make it difficult to classify as verified news, but it does not seem to be entirely unrelated or spreading unconfirmed information.",False,json
256,No one should feel entitled to special treatment. Especially when they think irrational violence is acceptable.,unrelated,unrelated,0.9,"The tweet does not explicitly mention the Charlie Hebdo attack or the Ferguson unrest, and its language is too general to be directly linked to either event. The statement appears to be a philosophical or moral commentary rather than a report of factual information about a specific news event. The lack of specific details or references to the events in question suggests the tweet is not about the tracked events. The tone is more about a general principle than a report or claim about a specific incident.",False,json
257,i wasn't talking to you. I was talking to the white guy lol,not_rumour,unrelated,1.0,"The tweet does not mention either the Charlie Hebdo attack or the Ferguson unrest, and its content appears to be a personal and unrelated conversation. There is no claim or information about the events, and the language used is casual and conversational. The tweet lacks any context or connection to the tracked events, indicating it is off-topic. Therefore, it is classified as unrelated to the breaking news events.",False,json
258,"Hey, you know, I have other paid work to do.",rumour,unrelated,1.0,"The tweet does not mention the Charlie Hebdo attack or the Ferguson unrest, and instead discusses the user's work schedule, indicating it is off-topic and unrelated to the tracked events. There are no claims or information presented about the events. The tweet's content is neutral and does not exhibit any signals of misinformation. The language used is casual and does not imply any connection to the breaking news events.",False,json
259,"actually, Twitter is an open forum, by design. enjoy feigning outrage and crocodile tears though, ciao!",not_rumour,unrelated,0.99,"The tweet does not mention the Charlie Hebdo attack or the Ferguson unrest, and instead appears to be a response to an unrelated conversation about Twitter and online discourse. The language used is emotional and confrontational, but it does not contain any claims or information about the tracked events. The tweet's content is off-topic and unrelated to the breaking news events in question. Therefore, it can be classified as unrelated to the tracked events.",False,json
260,You're missing facts. County police took over investigation same night. Google it,rumour,not_rumour,0.8,"The tweet appears to be related to the Ferguson unrest 2014, as it mentions 'County police took over investigation', which is a fact related to the event. The tweet does not present any unverified or emotional claims, but rather suggests that the recipient is missing facts and should verify the information through a credible source like Google. The language used is neutral and does not contain any signals of misinformation. The tweet seems to be encouraging fact-checking rather than spreading rumors.",False,json
261,police are humans too and when confronted with that situation no training is perfect to predict a response,rumour,unrelated,0.8,"The tweet appears to be related to the Ferguson unrest 2014, as it mentions police response in a confrontational situation, which is a key aspect of the event. However, it does not present any specific, verifiable facts about the event, instead offering a general, philosophical statement about police training and human response. The language used is emotional and speculative, lacking concrete evidence or credible sources to support its claim. The tweet's focus on the human aspect of police response suggests it is more of a commentary than a factual report.",False,json
262,". There was no ""gun control"" in the 7th Century. They just plain KILL. No reason. Just KILL.",unrelated,unrelated,0.9,"The tweet does not directly mention the Charlie Hebdo attack or the Ferguson unrest, and its content appears to be a general statement about violence and gun control, lacking specific references to either event. The language used is emotional and lacks verifiable facts or credible sources. The statement seems to be an opinion or a commentary rather than a factual report about the tracked events. Therefore, it is classified as unrelated to the specified breaking news events.",False,json
263,and since white people make up the greater majority it would have been impossible for Obama to be POTUS w o them,rumour,unrelated,1.0,"The tweet does not mention the Charlie Hebdo attack or the Ferguson unrest, instead discussing the demographics of the US presidential election. This indicates that the tweet is off-topic and unrelated to the specified breaking news events. The tweet's content is focused on a different topic, making it clear that it does not pertain to either of the tracked events. The language used is also speculative and lacks any direct connection to the events in question.",False,json
264,Staff observe minute of silence at headquarters for the victims of CharlieHebdo JeSuisCharlie,not_rumour,not_rumour,0.9,"The tweet is about the Charlie Hebdo attack, making it on-topic. It reports a specific action (staff observing a minute of silence) in response to the event, which is a verifiable fact. The tweet does not contain unverified claims, speculation, or emotional language that would indicate misinformation. The use of the hashtag #JeSuisCharlie is a known and verified solidarity movement related to the Charlie Hebdo attack.",False,json
265,warm words for these fighters of liberty with pensil ! thx,not_rumour,not_rumour,0.8,"The tweet mentions 'fighters of liberty with pensil', which appears to be a reference to the Charlie Hebdo attack, as the magazine is known for its satirical cartoons. The tone is supportive and does not present any specific claim or fact about the event. The language used is vague and emotional, but it does not contain any signals of misinformation or unverified claims. The tweet seems to be an expression of solidarity rather than a report of the event.",False,json
266,why cant the federal govt take control of this scene?,rumour,rumour,0.8,"The tweet is related to the Ferguson unrest 2014, as it mentions the federal government taking control of a scene, which is a plausible topic of discussion during the event. The tweet does not present any verifiable facts, but rather expresses a question or frustration about the situation. There are no clear signals of misinformation, but the tone is emotional and lacks specific details or sources. The tweet's relevance to the Ferguson unrest and lack of clear factual information or conspiracy language lead to its classification.",False,json
267,What an inhumane statement. WHATISWRONGWITHYOU,rumour,unrelated,0.9,"The tweet does not mention either the Charlie Hebdo attack or the Ferguson unrest, and its content appears to be a reaction to an unspecified statement, making it off-topic and unrelated to the tracked events. The language used is emotional but does not provide any factual information about the events. There are no verifiable claims or sources presented in the tweet. The tweet's lack of context and relevance to the specified events leads to its classification.",False,json
268,How can it be SAFE in FergusonMO when the Cops have Guns amp CAN shoot at you amp SWAT aka FERGiraq has EVERYTHING,not_rumour,rumour,0.8,"The tweet is about the Ferguson unrest, making it on-topic. It expresses concern about safety in Ferguson, specifically mentioning the presence of guns and SWAT, but does not provide verifiable facts or credible sources to support its claims. The language used is emotional and implies a negative perception of the police, which could indicate a biased or speculative perspective. The tweet lacks concrete evidence or references to confirmed events, suggesting it may contain unverified claims.",False,json
269,the fact you excuse murder of children deny blame says it all. Should defend ICC no prob,not_rumour,unrelated,0.9,"The tweet does not explicitly mention the Charlie Hebdo attack or the Ferguson unrest, and its content appears to be more focused on a general statement about excusing murder and defending the ICC, without providing specific details or context related to either event. The language used is emotional and does not present verifiable facts about the events in question. The lack of specific references to Charlie Hebdo or Ferguson suggests the tweet is not directly about these events.",False,json
270,"""This is a dark day for freedom of expression"" CharlieHebdo JeSuisCharlie",not_rumour,not_rumour,0.9,"The tweet is about the Charlie Hebdo attack, as indicated by the hashtag #CharlieHebdo and #JeSuisCharlie, which were widely used to show solidarity with the victims. The tweet describes the event as 'a dark day for freedom of expression', which is a factual and verifiable statement. There are no signals of misinformation, such as conspiracy language or implausible claims. The tone is emotional but does not present unverified information.",False,json
271,"Pls. Dont link it to Islam.They are simply terrorists. Like any other groups in Israel, Ireland, Spain Mexico or even Washington!",not_rumour,rumour,0.8,"The tweet appears to be related to the Charlie Hebdo attack, as it mentions linking an event to Islam and terrorists, which was a topic of discussion during that time. However, it does not provide any specific or verifiable information about the event, instead making a general statement about terrorism. The language used is emotional and lacks credible sources, which could indicate a potential for misinformation. The tweet's focus on distancing the attack from Islam suggests it is on-topic but does not present factual reporting.",False,json
272,But the Kalashnikov is mightier than both,not_rumour,rumour,0.6,"The tweet appears to reference the Charlie Hebdo attack, which involved the use of Kalashnikov rifles. However, the phrase 'mightier than both' is ambiguous and lacks context, making it unclear what specific claim is being made. The tone is somewhat provocative, but without more information, it's difficult to determine if it's presenting verifiable facts or unverified claims. The tweet seems to be related to the Charlie Hebdo event, but its brevity and lack of clarity make it hard to classify as factual reporting.",False,json
273,I am not angry. Have a good day.,not_rumour,unrelated,1.0,"The tweet does not mention either the Charlie Hebdo attack or the Ferguson unrest, and its content is a personal statement that is unrelated to these events. There is no claim or information presented about the events, and the tone is neutral and does not indicate any speculation or misinformation. The tweet's focus is on the author's emotional state and a greeting, which is off-topic. Therefore, the tweet is classified as unrelated to the tracked events.",False,json
274,they must have a trial be judge by law .But it is not necessary to add comments.Unless u were a witness SHUT UP,unrelated,unrelated,0.8,"The tweet does not explicitly mention the Charlie Hebdo attack or the Ferguson unrest, but it implies a discussion about a trial or legal proceedings, which could be related to either event. However, the language used is vague and does not provide any specific information about the events. The tone is more focused on criticizing people for commenting without being witnesses, rather than providing factual information. The lack of specific details and the general nature of the statement suggest that it is not directly related to either event.",False,json
275,Update - French television channel 'France 2' are reporting that the hostage held by suspected CharlieHebdo gunmen is male and 26 years old,unrelated,not_rumour,0.9,"The tweet is about the Charlie Hebdo attack, making it on-topic. It reports a specific claim about a hostage being held by suspected gunmen, citing 'French television channel France 2' as the source. This presents verifiable facts and attributes the information to a credible news source, indicating a low likelihood of misinformation. The language used is neutral and factual, further supporting the classification as verified news.",False,json
276,it says June 9 2014 smh,rumour,unrelated,0.8,"The tweet mentions a date 'June 9 2014', which could be related to the Ferguson unrest that occurred in August 2014, but the content does not provide any specific information about the event, and the phrase 'smh' is an expression of disappointment or frustration, the tweet lacks context and does not present verifiable facts about the events. The tweet seems to be more of a personal reaction rather than a factual report. Given the lack of specific information and the vague nature of the tweet, it's difficult to classify it as a rumour or verified news. The tweet appears to be somewhat related but lacks substance to be considered as either 'not_rumour' or 'rumour'.",False,json
277,Looks like Ferguson PD spent their whole week on a smear campaign against MikeBrown instead of investigating or being at all helpful.,rumour,rumour,0.8,"The tweet is about the Ferguson unrest, making it on-topic. It claims the Ferguson PD spent their time on a smear campaign against Mike Brown instead of investigating, which is a specific but unverified claim. The language used is emotional and lacks sources, indicating potential misinformation. The tone suggests a critical perspective without providing factual evidence to support the claim.",False,json
278,he wasn't shot TEN times. Stop making the independent media look bad.,rumour,rumour,0.8,"The tweet appears to be related to the Ferguson unrest 2014, as it mentions someone being shot, which is a reference to the shooting of Michael Brown. The tweet disputes a claim about the number of times the person was shot, which suggests it is engaging with a specific news report or claim. However, the tweet does not provide any verifiable facts or credible sources to support its claim, and its tone is somewhat confrontational. The language used, such as 'Stop making the independent media look bad', implies a level of emotional investment and potential bias.",False,json
279,they put him in a minivan?,rumour,unrelated,0.8,"The tweet 'they put him in a minivan?' does not provide any clear context or information about the Charlie Hebdo attack or the Ferguson unrest, making it difficult to determine its relevance to either event. The tweet's content is vague and lacks specific details, which suggests it may not be related to either tracked event. The language used is also neutral and does not contain any signals of misinformation or emotional claims. Given the lack of context and information, the tweet appears to be unrelated to the tracked events.",False,json
280,"a cop, not matter his race has a right to defend himself against attack..",rumour,rumour,0.8,"The tweet appears to be related to the Ferguson unrest 2014, as it mentions a cop defending himself, which could be a reference to the events surrounding the shooting of Michael Brown. However, the tweet does not provide any specific or verifiable information about the event, and instead presents a general and subjective claim. The language used is emotional and lacks credible sources, which raises concerns about misinformation. The tweet's focus on the right to self-defense also suggests a potential bias or agenda.",False,json
281,"Blacks go to jail more often. Also true. That could account for some of the discrepancy. However, even if it counted as HALF of",rumour,unrelated,0.8,"The tweet does not mention the Charlie Hebdo attack or the Ferguson unrest directly, but it touches on a related topic of racial disparities in the justice system, which was a key issue in the Ferguson unrest. However, the tweet's content is more focused on a general statement about racial disparities in jail sentences rather than specific events or facts about the Ferguson unrest or Charlie Hebdo attack. The language used is somewhat vague and lacks specific references to credible sources or data. Given the lack of direct connection to either event and the absence of verifiable information, the tweet is best classified as unrelated to the specific breaking news events of Charlie Hebdo and Ferguson.",False,json
282,and millions of them condemning such violence !!,unrelated,unrelated,0.7,"The tweet is vague and does not directly mention either the Charlie Hebdo attack or the Ferguson unrest, but it implies a reaction to a violent event, suggesting it might be related to one of these events. However, it lacks specific details or context to confirm its relevance to either event. The tweet expresses a general sentiment about condemning violence, which could apply to numerous situations, not just the specified events. Given its lack of specificity and direct connection to the events, it's challenging to classify it as directly related or not.",False,json
283,"Capt Ron Johnson truly cares, I love this guy.",not_rumour,unrelated,0.8,"The tweet mentions 'Capt Ron Johnson', who was a key figure in the Ferguson unrest in 2014, indicating it is related to one of the tracked events. However, the tweet expresses a personal opinion about Capt Johnson, stating he 'truly cares', which is an emotional claim rather than a verifiable fact. There are no signals of misinformation such as conspiracy language or implausible claims, but the tweet does not provide any factual information about the events. The tweet's content is more about expressing admiration for an individual involved in the event rather than reporting or discussing the event itself.",False,json
284,"that's because the black communities are under attack, from our own government.",not_rumour,rumour,0.8,"The tweet mentions 'black communities are under attack, from our own government', which could be related to the Ferguson unrest in 2014, a event that involved racial tensions and allegations of government or police misconduct. However, the statement is quite general and does not provide specific, verifiable facts about the event. It expresses a claim that could be seen as emotional or speculative rather than a factual report. The lack of specific details or credible sources to back the claim suggests it may not be a verified news report.",False,json
285,"I too am Irish, amp Muslim. and express my right to defend my Religious views. but I also support your right to express yours too.",not_rumour,unrelated,0.9,"The tweet does not mention the Charlie Hebdo attack or the Ferguson unrest, and instead discusses the right to express religious views. It appears to be a statement of personal opinion and does not provide any information about the tracked events. The language used is general and does not contain any specific claims or facts related to the events. The tweet is off-topic and unrelated to the breaking news events.",False,json
286,Fact Dorian Johnson admitted to robbing store. that's an ACTUAL fact .,rumour,rumour,0.8,"The tweet mentions Dorian Johnson and a store robbery, which is related to the Ferguson unrest in 2014, as Dorian Johnson was a witness in the Michael Brown case. However, the tweet's claim about Dorian Johnson admitting to robbing a store is not verified in the context provided. The tweet lacks credible sources to support its claim, which raises concerns about its accuracy. The language used is assertive but lacks concrete evidence, suggesting potential misinformation.",False,json
287,I was just going off what I read in the ferguson tag early last night. Wasn't any real news out at that point.,rumour,not_rumour,0.8,"The tweet is about the Ferguson unrest, making it on-topic. However, the tweet does not present any specific claim or fact about the event, instead mentioning that there was no real news at a certain point. The language used is casual and does not contain any signals of misinformation or extreme emotion. The tweet seems to be a personal reflection on the lack of information at a particular time.",False,json
288,"CharlieHebdo suspects killed, according to .",unrelated,not_rumour,0.9,"The tweet is about the Charlie Hebdo attack, making it on-topic. It claims that the suspects were killed, which is a verifiable fact. The tweet does not present emotional language or implausible claims, and it implies a source (although it is not specified), suggesting a factual reporting style. The information can be confirmed by credible sources, which reported the death of the suspects.",False,json
289,MikeBrown would need to be shot in Benghazi for foxnews to cover it,rumour,unrelated,0.8,"The tweet mentions MikeBrown, which refers to the Ferguson unrest in 2014, making it on-topic. However, the tweet does not present verifiable facts about the event, but rather makes a claim about Fox News' coverage, which is an opinionated and emotional statement. The tweet does not provide any credible sources to support its claim, and its tone suggests a conspiracy or bias. The language used is also hyperbolic and implausible, indicating a lack of factual reporting.",False,json
290,This guy is 100 full of shit. The story just keeps changing.,rumour,unrelated,0.8,"The tweet does not provide any specific information about the Charlie Hebdo attack or the Ferguson unrest, and its language suggests a reaction to someone else's claim rather than a direct report on either event. The phrase 'the story just keeps changing' implies skepticism towards an unverified or evolving narrative, but does not itself present a verifiable fact or a direct claim about the events. The tone is critical and emotional, indicating a lack of objective reporting. Given the lack of specific reference to either event and the focus on criticizing an unspecified story, the tweet is best classified as unrelated to the tracked events.",False,json
291,Paris is on alert after gunmen killed twelve people at the office of satirical magazine Charlie Hebdo,unrelated,not_rumour,0.99,"The tweet is about the Charlie Hebdo attack, a verified breaking news event. It reports a specific claim that gunmen killed twelve people at the office of Charlie Hebdo, which is a factual and confirmed piece of information. The tweet does not present any unverified or emotional claims, and it does not exhibit signals of misinformation. The information is consistent with credible sources and historical records of the event.",False,json
292,There was every color in that.,not_rumour,unrelated,0.9,"The tweet does not mention either the Charlie Hebdo attack or the Ferguson unrest, and its content 'There was every color in that' is too vague to be related to either event. The tweet lacks any specific claim or information about the events, and its language does not suggest it is discussing a news event. The tweet appears to be off-topic or irrelevant to the tracked events. The lack of context or details makes it unlikely to be related to either event.",False,json
293,What do you mean 'if'? There's pictures and his friend admitted it.,rumour,unrelated,0.8,"The tweet does not explicitly mention the Charlie Hebdo attack or the Ferguson unrest, and its content appears to be a response to a question or statement that is not provided. The language used is vague and lacks context, making it difficult to determine its relevance to either event. The mention of 'pictures' and a 'friend admitted it' suggests a discussion about a specific incident, but without more information, it is unclear what incident is being referred to. The tweet's lack of clear connection to either event leads to its classification as unrelated.",False,json
294,BREAKING Gunmen in CharlieHebdo massacre reportedly killed justice?,unrelated,rumour,0.8,"The tweet is about the Charlie Hebdo attack, making it on-topic. The claim that the gunmen 'reportedly killed justice' is vague and does not present verifiable facts, instead appearing to make an emotional or speculative statement. There are signals of potential misinformation due to the lack of specificity and sources. The language used is sensational and does not clearly convey confirmed information about the event.",False,json
295,you are jumping to conclusions moron. Are you some dope that believes everything the govt tells you?,rumour,unrelated,0.8,"The tweet does not mention either the Charlie Hebdo attack or the Ferguson unrest specifically, and its content appears to be a response to someone else's statement, lacking any direct reference to these events. The language used is confrontational and emotional, suggesting a reaction to a claim rather than a factual report. There are no verifiable facts presented, and the tone implies a disagreement with an unspecified statement. The tweet's relevance to the tracked events is unclear, but its off-topic nature and lack of specific claims suggest it is unrelated.",False,json
296,maybe those so-called Muslims terrorist are CIA operatives. We can go on and on wih this.,not_rumour,rumour,0.9,"The tweet is about the Charlie Hebdo attack, implying a conspiracy theory that the terrorists are CIA operatives. This claim is unverified and lacks credible sources, indicating a high likelihood of misinformation. The language used is speculative and emotional, further suggesting that the tweet is spreading unconfirmed information. The absence of factual reporting or confirmed information leads to the conclusion that the tweet is a rumour.",False,json
297,"Suspects in CharlieHebdo attack spoke to police by phone and said they wanted to die as martyrs, says MP.",unrelated,not_rumour,0.9,"The tweet is about the Charlie Hebdo attack, making it on-topic. It presents a specific claim that suspects spoke to police by phone and expressed a desire to die as martyrs, which is attributed to an MP, implying a credible source. The language used is factual and lacks emotional tone or conspiracy language, suggesting verifiable information. The claim appears to be based on a statement from a member of parliament, which adds to its credibility.",False,json
298,"Quick justice with a gun in this really dangerous world where minorities rule rather than appreciate ""Law and Order"".",unrelated,unrelated,0.8,"The tweet does not directly mention the Charlie Hebdo attack or the Ferguson unrest, but its language and tone suggest a connection to the broader themes of law and order, potentially related to the Ferguson unrest. However, the tweet's focus on 'minorities rule' and 'quick justice with a gun' introduces a speculative and emotionally charged claim without verifiable facts or credible sources. The language used signals a potential for misinformation due to its extreme and divisive tone. The tweet's content is more aligned with being off-topic or unrelated due to its lack of direct reference to either event and its speculative nature.",False,json
299,What a difference a new police officer makes.,not_rumour,unrelated,0.9,"The tweet does not mention either the Charlie Hebdo attack or the Ferguson unrest, and its content is too vague to be related to these events. The phrase 'a new police officer' could be related to Ferguson, but without more context, it's impossible to confirm. The tweet lacks any specific claim or factual information about the events. Overall, the tweet appears to be off-topic or unrelated to the tracked events.",False,json
300,I'm not talking about religion in general. I'm focusing on Islam. Surely you can't be serious.,not_rumour,unrelated,0.9,"The tweet does not directly mention the Charlie Hebdo attack or the Ferguson unrest, and its content seems to be focused on a discussion about religion, specifically Islam. The language used is vague and does not provide any specific claim or fact related to the tracked events. The tone appears to be defensive or argumentative but lacks any concrete information about the events in question. Given the lack of direct reference to either event, the tweet is best classified as unrelated.",False,json
301,BREAKING - At least five hostages in Paris kosher supermarket AFP,unrelated,not_rumour,0.9,"The tweet is about a breaking news event related to the Charlie Hebdo attack in 2015, specifically mentioning a hostage situation in a Paris kosher supermarket. The claim is specific and verifiable, citing a credible news source (AFP). There are no signals of misinformation, such as conspiracy language or extreme emotion, and the tone is factual and objective. The tweet reports confirmed information about the event, which suggests a high level of confidence in its accuracy.",False,json
302,Come on. You're linking to motherjones now?,not_rumour,unrelated,0.9,"The tweet does not mention the Charlie Hebdo attack or the Ferguson unrest, and instead appears to be a response to someone linking to an article from Mother Jones, which suggests it is off-topic and unrelated to the tracked events. There is no specific claim made about either event, and the tone is more critical of a source rather than discussing the events themselves. The lack of any direct reference to the events indicates it is not about them.",False,json
303,Celui-Ci est la bande de fanatiques,unrelated,unrelated,0.7,"The tweet is in French and translates to 'This one is a band of fanatics', which could be related to the Charlie Hebdo attack, but it lacks specific details or context to confirm its relevance to the event. The language used is emotional and does not provide verifiable facts. There are no clear signals of misinformation, but the tweet's vagueness and lack of credible sources make it difficult to classify as factual reporting. The tweet's brevity and ambiguity suggest it may be expressing an opinion rather than reporting verified information.",False,json
304,Second hostage situation unfolding at Paris grocery store fb,unrelated,not_rumour,0.9,"The tweet mentions a 'hostage situation unfolding at Paris grocery store', which is related to the Charlie Hebdo attack in 2015, as the attack was followed by a hostage situation at a kosher grocery store in Paris. The tweet presents a factual claim that can be verified with credible sources. There are no signals of misinformation, such as conspiracy language or extreme emotion, in the tweet. The claim is concise and to the point, suggesting a factual report of a breaking news event.",False,json
305,"""In deliberately targeting journalists the terrorists were attacking freedom and democracy."" - Theresa May CharlieHebdo",unrelated,not_rumour,0.9,"The tweet is about the Charlie Hebdo attack, quoting Theresa May's statement that the terrorists were attacking freedom and democracy by targeting journalists. This statement is a verified quote and presents a factual perspective on the event. There are no signals of misinformation, such as conspiracy language or unverified claims. The tweet is on-topic and provides a factual quote from a credible source.",False,json
306,The name of the officer who fatally shot teenager MichaelBrown will be released shortly. Watch CNN Ferguson,rumour,not_rumour,0.9,"The tweet is about the Ferguson unrest in 2014, specifically mentioning the officer who fatally shot Michael Brown, which is a key event related to the unrest. The tweet claims that the officer's name will be released shortly and directs the reader to watch CNN for more information, implying that it is based on factual reporting. There are no obvious signals of misinformation, such as conspiracy language or extreme emotion. The tweet appears to be a factual update on a breaking news event.",False,json
307,"he is not hiding, he is saving his life...",not_rumour,unrelated,0.8,"The tweet does not explicitly mention either the Charlie Hebdo attack or the Ferguson unrest, and its language is vague and open to interpretation. The phrase 'he is saving his life' could potentially relate to various events or situations, but without more context, it's impossible to determine its relevance to the specified events. The tweet's tone appears emotional and lacks concrete facts or credible sources. Given the lack of clear connection to the tracked events, the tweet is likely unrelated.",False,json
308,so MikeBrown's hat disappeared and he changed into shoes right? Ferguson pants.,rumour,rumour,0.8,"The tweet appears to be about the Ferguson unrest, referencing 'MikeBrown', which is likely a reference to Michael Brown, a key figure in the events. However, the tweet's claim about a hat disappearing and changing into shoes is implausible and lacks any credible sources or context, indicating a lack of factual basis. The language used is also vague and seems to be making an unclear point, which may be a signal of misinformation or confusion. The tweet does not present verifiable facts and seems to be speculative or joking.",False,json
309,"The kid was jaywalking, with collaborating witnesses. Yes. You've heard of the broken window theory?",not_rumour,rumour,0.7,"The tweet appears to be discussing the Ferguson unrest, referencing a kid jaywalking and the broken window theory, which suggests it is related to the event. However, the tweet does not provide verifiable facts or credible sources to support its claims, and the tone seems speculative. The mention of 'collaborating witnesses' could imply some form of evidence, but without further context, it's difficult to assess the credibility of the statement. The language used does not strongly indicate misinformation but lacks concrete facts.",False,json
310,"very true - but I don't think anyone can deny that he blew up because of critics, not because of some public love.",unrelated,unrelated,0.8,"The tweet does not explicitly mention the Charlie Hebdo attack or the Ferguson unrest, and its language suggests a discussion about an individual's actions and motivations, which is unclear without context. The phrase 'blew up' is also ambiguous and could refer to various situations. The tweet's content and tone do not provide enough information to link it directly to either of the specified events. The language used is speculative and lacks concrete facts or credible sources.",False,json
311,Have you seen this? will be supporting this bill. You all should too.,not_rumour,unrelated,1.0,"The tweet does not mention either the Charlie Hebdo attack or the Ferguson unrest, and instead appears to be about supporting a bill, which is unrelated to the specified events. There is no claim or information presented about the events, and the content is off-topic. The tweet lacks any context or details that could be connected to the tracked events. Therefore, it is classified as unrelated.",False,json
312,"So now that the cops admit they didn't know about the shoplifting, what were those grounds again?",rumour,not_rumour,0.8,"The tweet appears to be related to the Ferguson unrest in 2014, as it mentions shoplifting and cops, which were key elements in the controversy surrounding the event. The tweet questions the grounds for a particular action, implying a discussion about the legitimacy of police actions. The language used is inquiring and does not present unverified claims or emotional appeals. The tweet seems to be seeking clarification on a specific aspect of the event, suggesting it is based on factual reporting or verified information.",False,json
313,"It sucks that he died but damn, attacking 2 ppl and 1 being a cop? That's just stupid. Especially if the cops have a reputation.",rumour,unrelated,0.8,"The tweet appears to be discussing a violent incident involving a cop, which could be related to the Ferguson unrest. However, it does not explicitly mention the event or provide any verifiable facts. The language used is more emotional and speculative, suggesting that the tweet is expressing an opinion rather than reporting confirmed information. The lack of specific details and credible sources suggests that the tweet is not a reliable source of information.",False,json
314,"I know that's the scary part. It like a bate and switch. Or, wag the dog. It takes the focus off of the officer.",rumour,rumour,0.8,"The tweet appears to be related to the Ferguson unrest, as it mentions 'the officer', which could be a reference to the police officer involved in the incident. However, the tweet does not provide any specific or verifiable information about the event. The language used, such as 'bate and switch' and 'wag the dog', suggests a speculative or conspiratorial tone. The tweet's focus on the perceived distraction from the officer's actions implies an unverified claim or opinion.",False,json
315,"Wow, missed that one.. Outcome of the fundraising just made me cry. Yes, I'm sleep-deprived",not_rumour,unrelated,0.9,"The tweet does not mention either the Charlie Hebdo attack or the Ferguson unrest, and instead discusses a fundraising outcome, indicating it is off-topic. There is no specific claim made about the events, and the language used is emotional and personal. The lack of any reference to the tracked events suggests the tweet is unrelated to them. The tone and content suggest a personal reflection rather than a report on news events.",False,json
316,Boosting signal Ferguson police chief just confirmed that officer's interaction with Michael Brown NOT related to the robbery.,rumour,not_rumour,0.9,"The tweet is about the Ferguson unrest, making it on-topic. It claims that the Ferguson police chief confirmed the officer's interaction with Michael Brown was not related to the robbery, which is a specific and verifiable claim. The language used is neutral and does not contain emotional appeals or conspiracy language, suggesting it is based on factual reporting. The tweet also implies a credible source, the police chief, which adds to its credibility.",False,json
317,So a large Negro robbed a store and then the cops saw a large Negro. WHAT WERE THEY SUPPOSED TO DO?!?! Perhaps not execute him. Ferguson,rumour,rumour,0.8,"The tweet is about the Ferguson unrest, making it on-topic. It presents an emotional and hypothetical scenario related to the events in Ferguson, rather than providing verifiable facts. The language used is provocative and lacks credible sources, indicating potential misinformation. The tweet's focus on a specific, unverified claim about the actions of the individual and the police suggests it is more speculative than factual.",False,json
318,often enough I fear for my life when I criticise a certain religion.,not_rumour,unrelated,0.9,"The tweet does not directly mention the Charlie Hebdo attack or the Ferguson unrest, and its content is more related to personal feelings and opinions about criticizing a certain religion. The statement is vague and does not provide any specific information or claims about the events. The language used is emotional but does not contain conspiracy language or implausible claims. The tweet appears to be off-topic and unrelated to the specified breaking news events.",False,json
319,"Arab cartoonists join others in condemning the attacks,and lampooning the attackers",not_rumour,not_rumour,0.9,"The tweet is about the Charlie Hebdo attack, as it mentions cartoonists condemning and lampooning the attackers, which is a relevant and factual aspect of the event. The claim is verifiable and does not present any emotional or conspiracy language. The tone is informative, and the statement can be confirmed by credible sources. The tweet does not mention the Ferguson unrest, but its relevance to the Charlie Hebdo attack makes it on-topic.",False,json
320,"Or it may well be that the French police want them alive, so as not to give them the bonus of being martyrs.",unrelated,rumour,0.8,"The tweet is about the Charlie Hebdo attack, as it mentions the French police, implying a connection to the event. The tweet speculates about the motivations of the French police, suggesting they want the perpetrators alive to prevent martyrdom, which is an unverified claim. This speculation does not present verifiable facts and lacks credible sources, indicating a potential rumour. However, it does not contain extreme conspiracy language or implausible claims, making it a reasoned speculation rather than outright misinformation.",False,json
321,"As a Muslim, killing innocent people in the name of Islam is much, much more offensive to me than any cartoon can ever be. CharlieHebdo",not_rumour,not_rumour,0.9,"The tweet is about the Charlie Hebdo attack, making it on-topic. It presents a personal opinion from a Muslim perspective, condemning the killing of innocent people in the name of Islam. The tweet does not provide any unverified claims or speculation, but rather an emotional and personal stance on the event. The language used is not indicative of misinformation or conspiracy theories.",False,json
322,"Has condemned Boko Haram already or is it not the ""appropriate timing"" yet?",unrelated,unrelated,0.99,"The tweet does not mention the Charlie Hebdo attack or the Ferguson unrest, instead referencing Boko Haram, which is a different event. This indicates that the tweet is off-topic and unrelated to the specified breaking news events. The tweet's content does not provide any information about the Charlie Hebdo attack or the Ferguson unrest, and its focus on Boko Haram suggests a distinct topic. Therefore, the tweet is classified as unrelated to the tracked events.",False,json
323,"i'm not sure how that matters, he's still underage",rumour,unrelated,0.99,"The tweet does not mention either the Charlie Hebdo attack or the Ferguson unrest, and its content appears to be a response to an unrelated conversation. There is no specific claim made about either event, and the language used does not suggest any connection to these topics. The tweet's focus on an individual being underage implies a discussion about a different subject altogether. Therefore, the tweet is classified as unrelated to the tracked events.",False,json
324,Aljazeera cameraman released after 6 yrs of horribles in the Freedom College of Guantanamo France JeSuisCharlie,unrelated,rumour,0.8,"The tweet mentions 'JeSuisCharlie', which is a hashtag related to the Charlie Hebdo attack in 2015, indicating it is on-topic. However, the claim about an Aljazeera cameraman being released after 6 years in 'Guantanamo France' is implausible and lacks credible sources, suggesting misinformation. The mention of 'Guantanamo France' and 'Freedom College' seems to be a mix-up of facts, as Guantanamo is a detention center in Cuba, not France. This inconsistency raises concerns about the tweet's credibility.",False,json
325,As you wish. I hope someday you'll realise that not everyone was bad for christians had the KKK as well.,unrelated,unrelated,0.9,"The tweet does not directly mention the Charlie Hebdo attack or the Ferguson unrest, and its content appears to be a vague statement about historical or social issues, lacking specific references to either event. The mention of the KKK suggests a discussion about racism or extremism, but it does not provide any clear connection to the tracked events. The language used is more emotional and speculative rather than factual or informative. The tweet's lack of direct relevance to the specified events indicates it is off-topic.",False,json
326,"The American People have soundly rejected the GW Bush doctrine, including no longer blind support of Israel.",unrelated,unrelated,1.0,"The tweet does not mention the Charlie Hebdo attack or the Ferguson unrest, instead discussing the GW Bush doctrine and US support of Israel, making it off-topic and unrelated to the specified events. There is no claim or information about the tracked events, and the content appears to be a general political statement. The tweet lacks any connection to the breaking news events in question. Therefore, it is classified as unrelated.",False,json
327,"It's a Dumb and Dumber police department the chiefs explanations add up to. ""0"". Haven't they interviewed any witnesses?",rumour,rumour,0.8,"The tweet appears to be related to the Ferguson unrest, as it mentions a police department and the chief's explanations, which could be connected to the events in Ferguson. However, the tweet does not provide any specific or verifiable information about the events, instead expressing criticism and skepticism towards the police department's handling of the situation. The language used is emotional and does not present any concrete facts or evidence. The tweet's focus on criticizing the police department's actions suggests it is related to the Ferguson unrest, but its lack of concrete information and verifiable claims means it does not rise to the level of verified news or factual reporting.",False,json
328,information verification takes time especially when people are rioting. Executive witness is alleged accomplice,rumour,unrelated,0.8,"The tweet mentions 'people are rioting', which could be related to either the Ferguson unrest or other events, and 'Executive witness is alleged accomplice', which might pertain to the Charlie Hebdo attack or another incident. However, the tweet does not make a specific claim about either event but rather comments on the process of information verification during riots. The language used is neutral and does not present extreme emotion or conspiracy theories. The tweet seems to be more about the general challenge of verifying information during chaotic events rather than spreading unverified claims about a specific incident.",False,json
329,thank you for proving my precise point. Let's let the evidence speak.,rumour,unrelated,0.9,"The tweet does not mention either the Charlie Hebdo attack or the Ferguson unrest, and its content appears to be a response to a previous statement or argument, lacking any specific claim or information about the tracked events. The language used is vague and does not provide any verifiable facts or evidence related to the events. The tweet seems to be part of a conversation or debate, but it does not contain any information that would link it to the Charlie Hebdo attack or the Ferguson unrest. Therefore, it is classified as unrelated to the tracked events.",False,json
330,"""As they left, one came back to finish off a policeman who lay wounded in the street"" sequence's strange FF",not_rumour,not_rumour,0.8,"The tweet appears to describe a scene from the Charlie Hebdo attack, specifically mentioning a policeman being shot, which is a known fact from the event. The language used is descriptive but does not contain overt emotional appeals, conspiracy theories, or unverified claims. The mention of a 'sequence's strange FF' is unclear but does not seem to add any speculative or unconfirmed information to the description. The tweet's focus on a specific, verifiable aspect of the attack suggests it is reporting on confirmed information.",False,json
331,Unarmed weren't only ones in Ferguson. Rioters and looters ruin protests for good folks.,not_rumour,not_rumour,0.8,"The tweet is about the Ferguson unrest, making it on-topic. It claims that not only unarmed individuals were present, but also rioters and looters, which is a verifiable fact supported by news reports from the time. The tone is somewhat emotional but does not present unverified or implausible claims. The statement can be seen as a commentary on the events rather than a factual report, but it does not spread misinformation.",False,json
332,Er is ALTIJD tijd voor instagramfilters Our vantage point on the gunfire and explosions in Dammartin,unrelated,not_rumour,0.8,"The tweet mentions 'gunfire and explosions in Dammartin', which is related to the Charlie Hebdo attack in 2015, as Dammartin-en-Goele was a location involved in the aftermath of the attack. The tweet does not make any specific unverified claims but rather seems to be a personal or observational comment. The mention of 'our vantage point' suggests a firsthand account or proximity to the event, but without more context, it's hard to verify the specifics. The tone seems more observational than speculative or conspiratorial.",False,json
333,". If you want credibility, why don't you link to a news source that isn't your own?",rumour,unrelated,0.9,"The tweet does not directly mention the Charlie Hebdo attack or the Ferguson unrest, and instead appears to be a critique of a news source's credibility. It does not present any specific claim about either event, but rather questions the reliability of a source. The tone is inquiring and skeptical, but does not contain emotional language or implausible claims. The tweet's focus is on the credibility of news sources rather than the events themselves.",False,json
334,what should that 'ruthless' response look like?,not_rumour,unrelated,0.8,"The tweet does not mention either the Charlie Hebdo attack or the Ferguson unrest explicitly, and its content is too vague to be directly linked to either event. It appears to be a question about an unspecified 'ruthless' response without providing context. The lack of specific details or references to the events makes it difficult to classify as related to either news event. The tweet seems to be off-topic or unrelated to the tracked events.",False,json
335,"my brother played, I'm familiar with their size",rumour,unrelated,0.99,"The tweet does not mention either the Charlie Hebdo attack or the Ferguson unrest, and its content appears to be about a personal experience or a sports-related topic. There is no claim or information related to the tracked events. The language used is vague and lacks any connection to the specified news events. Therefore, the tweet is classified as unrelated to the tracked events.",False,json
336,CAUTION Attack on could well be an orchestrated manipulation designed to stigmatise a community,not_rumour,rumour,0.8,"The tweet is related to a breaking news event but does not specify which one, implying a connection to either the Charlie Hebdo attack or the Ferguson unrest. It suggests the attack could be 'an orchestrated manipulation designed to stigmatise a community', which introduces a speculative and unverified claim. This kind of language often signals conspiracy theories or unconfirmed speculation. The lack of specific details and the speculative nature of the claim indicate it's more aligned with unverified information.",False,json
337,". Police say 11 now dead in ""carnage"" at CharlieHebdo HQ in Paris - follow our coverage.",unrelated,not_rumour,0.9,"The tweet is about the Charlie Hebdo attack, a tracked event, and reports on the number of deaths, presenting a verifiable fact. The language used is factual and does not contain emotional or conspiracy-related claims. The tweet also invites followers to 'follow our coverage', implying a credible news source. The information provided is consistent with verified reports from the event.",False,json
338,yes. any and everything to cover the cops ass. ageold white supremacist move actually. and u kno what. it'll prolly wrk,rumour,rumour,0.8,"The tweet appears to be about the Ferguson unrest, referencing cops and white supremacist moves, which suggests it is on-topic. However, the language used is emotional and lacks specific verifiable facts, instead presenting an opinionated claim. The tone implies a conspiracy and lacks credible sources, indicating potential misinformation. The tweet's content and tone suggest it is more speculative than factual.",False,json
339,OMG best thing anyone's ever said to me,unrelated,unrelated,1.0,"The tweet does not mention either the Charlie Hebdo attack or the Ferguson unrest, and instead appears to be a personal and emotional statement. There is no claim or information presented about either event. The language used is casual and expressive, but lacks any context or connection to the tracked events. Therefore, the tweet is classified as unrelated to the events.",False,json
340,"Agree those Cops in Ferguson are filled with FEAR so they hide behind military equipment, outrageous tactics",rumour,rumour,0.8,"The tweet is about the Ferguson unrest, making it on-topic. It presents an opinionated claim about the police being filled with fear and using military equipment, which is an emotional and subjective statement. While the use of military equipment by police in Ferguson was a verified fact, the tweet's language and tone suggest a lack of objectivity and verifiable evidence to support the claim that police were 'filled with fear'. The statement appears to be more of an interpretation or opinion rather than a factual report.",False,json
341,"How did suspects known to French security services get hold of an RPG? But that may be a reason for the tank, yes.",unrelated,rumour,0.8,"The tweet is about the Charlie Hebdo attack, specifically questioning how suspects obtained an RPG, which is a relevant aspect of the event. The tweet presents a question rather than a statement, which implies it is seeking information rather than spreading unverified claims. However, the mention of a tank seems speculative and lacks context or credible sources to support the claim. The tone is inquiring rather than conspiratorial, but the lack of verifiable information and the speculative nature of the question about the tank lean towards it being a rumour.",False,json
342,"NIGGA, PLEASE. "" Important new image in Ferguson via .",not_rumour,rumour,0.8,"The tweet is about the Ferguson unrest, making it on-topic. However, the language used is informal and emotional, with no specific claim or verifiable fact presented. The tone suggests skepticism or dismissal rather than providing credible information, and there's a lack of sources or evidence to support any claim. The phrase 'NIGGA, PLEASE' indicates a strong emotional tone which is often associated with unverified or speculative content.",False,json
343,I'm watching! Ready to hear some common sense today.,not_rumour,unrelated,0.9,"The tweet does not mention either the Charlie Hebdo attack or the Ferguson unrest, and its content is too vague to be related to these events. It expresses a general sentiment of anticipation without providing any context or information about a specific news event. The tweet lacks any claim or statement that could be verified or classified as a rumour. Therefore, it is considered unrelated to the tracked events.",False,json
344,Agreed regarding the lack of discipline maintaining the respect of people you're charged to protect is part too.,not_rumour,unrelated,0.8,"The tweet does not explicitly mention the Charlie Hebdo attack or the Ferguson unrest, and its language is vague and general, suggesting a lack of specific reference to either event. The phrase 'people you're charged to protect' could be interpreted in many contexts, but without more information, it's unclear how it relates to the tracked events. The tone is more opinion-based than factual, and there's no verifiable claim or credible source cited. Given the lack of clear connection to the events, the tweet appears to be off-topic or unrelated.",False,json
345,no it's not useless. It explains what had been put officers mind. May have been why he attempted to make contact,rumour,unrelated,0.7,"The tweet appears to be a response to a discussion about the actions of an officer, likely in the context of the Ferguson unrest. It does not provide any specific or verifiable information about the event, but rather offers an interpretation of the officer's mindset. The language used is vague and does not contain any direct references to the Charlie Hebdo attack or Ferguson unrest, but the context suggests it might be related to the latter. The tweet's focus on understanding the officer's actions implies it is not entirely unrelated to the tracked events.",False,json
346,Very hard to believe! Thank you very much for this information. I am so sorry for EEUU,not_rumour,unrelated,0.9,"The tweet does not mention either the Charlie Hebdo attack or the Ferguson unrest, and its content appears to be a vague expression of gratitude and apology, without providing any specific information or claim about the events. The mention of 'EEUU' (likely referring to the United States) does not provide enough context to link the tweet to either event. The language used is emotional but lacks any concrete reference to the tracked events. Therefore, the tweet is classified as unrelated to the specified breaking news events.",False,json
347,"I don't think these type of Muslims know what the word ""martyr"" means.",unrelated,rumour,0.8,"The tweet appears to be related to the Charlie Hebdo attack, as it mentions Muslims and the concept of martyrdom, which was a topic of discussion during the attack. However, the tweet does not provide any verifiable facts or specific claims about the event, instead expressing a subjective opinion. The language used is emotional and lacks credible sources, which may indicate a signal of misinformation. The tweet's focus on the interpretation of a religious term rather than the event itself makes it more of an opinion piece than a factual report.",False,json
348,supposed to be in the case file.No wonder there's nothing in Wilson's file that shows previous problems.,rumour,rumour,0.7,"The tweet appears to be related to the Ferguson unrest, specifically referencing a case file and an individual named Wilson, likely referring to Darren Wilson, the police officer involved in the shooting of Michael Brown. The tweet implies that there is a lack of information in Wilson's file regarding previous problems, which could be interpreted as a factual claim or speculation. However, without further context or credible sources, it is difficult to verify the accuracy of this claim. The language used is somewhat vague and does not provide explicit evidence or sources to support the statement.",False,json
349,""" Twin hostage situations Erupt in Paris. Two victims have been killed. Our updated story",unrelated,not_rumour,0.9,"The tweet is about a breaking news event, specifically the Charlie Hebdo attack in Paris, which is one of the tracked events. It reports on twin hostage situations and mentions two victims being killed, presenting this as factual information. The language used is straightforward and lacks emotional or conspiracy-driven tone, suggesting a factual report. The tweet also mentions an 'updated story', implying a credible news source.",False,json
