text,is_rumor,user.handle,topic,label,cleaned_tweet,word_count
Charlie Hebdo gunmen reportedly heard shouting: 'Prophet has been avenged' http://t.co/6Q9j9NkVO5 http://t.co/HxMmpdlA38,1,MailOnline,charliehebdo,rumour,Charlie Hebdo gunmen reportedly heard shouting 'Prophet has been avenged',10
Here’s the grocery store in eastern Paris where hostage crisis is unfolding http://t.co/r4rG2j2Maq http://t.co/KVzJB8m9rH,0,MailOnline,charliehebdo,not_rumour,Heres the grocery store in eastern Paris where hostage crisis is unfolding,12
"Charlie Hebdo, we love you",0,thedailymash,charliehebdo,not_rumour,"Charlie Hebdo, we love you",5
"Charlie Hebdo massacre in Paris carried out with military precision - gunmen appeared to seek out journalists by name, police suggest.",1,peterallenparis,charliehebdo,rumour,"Charlie Hebdo massacre in Paris carried out with military precision - gunmen appeared to seek out journalists by name, police suggest.",21
It would go some way as a tribute to those killed at #CharlieHebdo if papers in every democracy published this Thurs http://t.co/CyqwWWWgJh,0,DJack_Journo,charliehebdo,not_rumour,It would go some way as a tribute to those killed at CharlieHebdo if papers in every democracy published this Thurs,21
MORE: Official: French terror suspects want to be martyrs; are holed up with hostage north of Paris: http://t.co/sJXudtGUOV,1,AP,charliehebdo,rumour,MORE Official French terror suspects want to be martyrs are holed up with hostage north of Paris,17
"Paris Murder Suspects Cornered with Hostage
http://t.co/yzHJi4Hw54",1,TIME,charliehebdo,rumour,Paris Murder Suspects Cornered with Hostage,6
"One of the people in the world I hate the most is Laden, because he tarred the bright face of Islam.*** #CharlieHebdo http://t.co/N4J7m6I5OP",0,israfilaydemir,charliehebdo,not_rumour,"One of the people in the world I hate the most is Laden, because he tarred the bright face of Islam. CharlieHebdo",22
"""I may not agree with what you say but will defend your right to say it."" - Voltaire #shocked #JeSuisCharlie http://t.co/DtA3cdpUhU",0,_charlesbrun,charliehebdo,not_rumour,"""I may not agree with what you say but will defend your right to say it."" - Voltaire shocked JeSuisCharlie",20
"Islam, ""the religion of peace, ""is a violent murderous death cult and should be treated as such. #CharlieHebdo http://t.co/GrhBu1ln2q",0,billhobbs,charliehebdo,not_rumour,"Islam, ""the religion of peace, ""is a violent murderous death cult and should be treated as such. CharlieHebdo",18
"#Picture
IS terrorist scum executes injured police man in #Paris.
#CharlieHebdo http://t.co/wov8G7GL0b",0,Conflict_Report,charliehebdo,not_rumour,Picture IS terrorist scum executes injured police man in Paris. CharlieHebdo,11
This Is Why I and Other Muslims Won't Apologize for the Charlie Hebdo Attacks http://t.co/DuFup9v1iH http://t.co/kSgh0NujBW,0,VICE,charliehebdo,not_rumour,This Is Why I and Other Muslims Won't Apologize for the Charlie Hebdo Attacks,14
#CharlieHebdo attack suspects take 1 person hostage North-East of Paris (police source) http://t.co/LdSF5QeCiv http://t.co/2y5fPwHXA7,1,FRANCE24,charliehebdo,rumour,CharlieHebdo attack suspects take 1 person hostage North-East of Paris police source,12
"#CharlieHebdo massacre: modus operandi, efficiency &amp; focus point to jihad returnees, guys trained to kill repeatedly not one-time kamikazes",0,FHeisbourg,charliehebdo,not_rumour,"CharlieHebdo massacre modus operandi, efficiency amp focus point to jihad returnees, guys trained to kill repeatedly not one-time kamikazes",19
#CharlieHebdo The four Hero's of freedom of expression who were killed by terrorists in Paris. #ParisShooting http://t.co/rbZ4ZSyehB,0,ivivekbansal,charliehebdo,not_rumour,CharlieHebdo The four Hero's of freedom of expression who were killed by terrorists in Paris. ParisShooting,16
"#CharlieHebdo hostage freed in Dammartin - Kouachi brothers both killed, AFP reports http://t.co/7N7uvClhWY",1,Telegraph,charliehebdo,rumour,"CharlieHebdo hostage freed in Dammartin - Kouachi brothers both killed, AFP reports",12
→ http://t.co/DVGUfqUEq4 Charlie Hebdo  86 Charlie Hebdo attack: Helicopters hunt for suspects in woods of France http://t.co/8WhrB18Em7,0,brownjenjen,charliehebdo,not_rumour,Charlie Hebdo 86 Charlie Hebdo attack Helicopters hunt for suspects in woods of France,14
"I'm a Muslim journalist. Although I disagree w/ anti-Islam cartoons, my faith compels me to respect the rights of others. #JeSuisCharlie",0,sarah_harvard,charliehebdo,not_rumour,"I'm a Muslim journalist. Although I disagree w anti-Islam cartoons, my faith compels me to respect the rights of others. JeSuisCharlie",21
"Saudi government to give 1,000 lashes today, outside a mosque, to a Saudi blogger who ""insulted islam” #jesuischarlie http://t.co/q8WzV7dkiO",0,bengoldacre,charliehebdo,not_rumour,"Saudi government to give 1,000 lashes today, outside a mosque, to a Saudi blogger who ""insulted islam jesuischarlie",18
"Been watching UK news all morning, seen no mention of multiple attacks on mosques in France after yesterday http://t.co/NzRUHI1CDw",0,sunny_hundal,charliehebdo,not_rumour,"Been watching UK news all morning, seen no mention of multiple attacks on mosques in France after yesterday",18
"""This kind of terrorism, they haven't seen for a long, long time,"" @6ideas says of people in Paris. #CharlieHebdo http://t.co/oOXJnjHTuy”",0,9_mas,charliehebdo,not_rumour,"""This kind of terrorism, they haven't seen for a long, long time,"" says of people in Paris. CharlieHebdo",18
"Absurdly, I'm told this is not time to talk about reforming Muslim attitudes to ""blasphemy"". Seriously. What planet are we on? #CharlieHebdo",0,MaajidNawaz,charliehebdo,not_rumour,"Absurdly, I'm told this is not time to talk about reforming Muslim attitudes to ""blasphemy"". Seriously. What planet are we on? CharlieHebdo",22
"This is Melbourne right now! 
#JeSuisCharlie
#CharlieHebdo 
http://t.co/6Vyt2viHo2 http://t.co/EYcFr2BfSd",0,HuffPostUKPics,charliehebdo,not_rumour,This is Melbourne right now! JeSuisCharlie CharlieHebdo,7
Breaking: Gunman at Paris store threatens to kill hostages if #CharlieHebdo suspects are harmed. http://t.co/YPIlwckuuw,1,WSJ,charliehebdo,rumour,Breaking Gunman at Paris store threatens to kill hostages if CharlieHebdo suspects are harmed.,14
A good summary via @AntonLaGuardia. #JeSuisCharlie #CharlieHebdo http://t.co/938GZ4T6d3,0,dpjankowski,charliehebdo,not_rumour,A good summary via . JeSuisCharlie CharlieHebdo,7
.@AmbJohnBolton: We have to WAKE UP --America has to acknowledge that we are still at war w/terrorism #ParisShooting #JeSuisCharlie @FoxNews,0,greta,charliehebdo,not_rumour,. We have to WAKE UP --America has to acknowledge that we are still at war w terrorism ParisShooting JeSuisCharlie,20
"AFP reports there are 2 dead, and 5 hostages being held in the Kosher store in Eastern Paris; separate incident to charlie hebdo shooters.",1,ShirazMaher,charliehebdo,rumour,"AFP reports there are 2 dead, and 5 hostages being held in the Kosher store in Eastern Paris separate incident to charlie hebdo shooters.",24
BREAKING: Smoke coming from building where Charlie Hebdo attack suspects located: Reuters reporter,0,Reuters,charliehebdo,not_rumour,BREAKING Smoke coming from building where Charlie Hebdo attack suspects located Reuters reporter,13
#JesuisAhmed commemorates Muslim police officer Ahmed Merabet murdered in Charlie Hebdo attack http://t.co/qfxjQMhUoN http://t.co/U1AyY3wWYY,0,HuffPostUK,charliehebdo,not_rumour,JesuisAhmed commemorates Muslim police officer Ahmed Merabet murdered in Charlie Hebdo attack,12
"Trocadero, it was a fasle alert (Ministry of Interior) Via @WilliamMolinie",1,JulienPain,charliehebdo,rumour,"Trocadero, it was a fasle alert Ministry of Interior Via",10
#BREAKING Schools near Paris hostage-taking go into lockdown: officials,0,AFP,charliehebdo,not_rumour,BREAKING Schools near Paris hostage-taking go into lockdown officials,9
Horrific footage shows police officer begging for his life before gunman shoots him in the head http://t.co/ZzU755hwuJ #CharlieHebdo,0,MailOnline,charliehebdo,not_rumour,Horrific footage shows police officer begging for his life before gunman shoots him in the head CharlieHebdo,17
"""There are no jokes in Islam."" -Ayatollah Khomeini 
""Every joke is a tiny revolution."" -George Orwell #CharlieHebdo",0,Gavin_McInnes,charliehebdo,not_rumour,"""There are no jokes in Islam."" -Ayatollah Khomeini ""Every joke is a tiny revolution."" -George Orwell CharlieHebdo",17
"Police have surrounded the area where the #CharlieHebdo attack suspects are believed to be: http://t.co/3tGXEIX4F2
https://t.co/aBSezf2QWS",1,CNN,charliehebdo,rumour,Police have surrounded the area where the CharlieHebdo attack suspects are believed to be,14
People held pencils in tribute to #CharlieHebdo victims during the moment of silence in Paris http://t.co/XU9pm0XmH3 http://t.co/7tgmW4LqWw,0,nytimesworld,charliehebdo,not_rumour,People held pencils in tribute to CharlieHebdo victims during the moment of silence in Paris,15
"I am in Paris right now. The mood is somber, but rational: no over-reaction. Free speech, not bigotry. #JeSuisCharlie",0,JulianBurnside,charliehebdo,not_rumour,"I am in Paris right now. The mood is somber, but rational no over-reaction. Free speech, not bigotry. JeSuisCharlie",19
#CharlieHebdo cartoonist was on al Qaeda's wanted list: http://t.co/nEojRxbetR (Pic: EPA) http://t.co/m8oO7gnXJf,0,Telegraph,charliehebdo,not_rumour,CharlieHebdo cartoonist was on al Qaeda's wanted list Pic EPA,10
"Charlie Hebdo's last cartoon on Twitter: Abu Bakr al-Baghdadi saying ""and especially, health!"" (New Year's greeting) http://t.co/UMEWDeR6z4",0,DavidKenner,charliehebdo,not_rumour,"Charlie Hebdo's last cartoon on Twitter Abu Bakr al-Baghdadi saying ""and especially, health!"" New Year's greeting",16
"Ahmed Merabet, a French #Muslim Cop, first victim of #CharlieHebdo attack, #JeSuisCharlie #IamCharlie #ParisShooting http://t.co/G8D3mixbjX",1,Ironyisfunny8,charliehebdo,rumour,"Ahmed Merabet, a French Muslim Cop, first victim of CharlieHebdo attack, JeSuisCharlie IamCharlie ParisShooting",14
"Great picture by Banksy. So simple, yet so powerful. #JeSuisCharlie 
Please share. http://t.co/v1ojeJ4d2l",1,Renzo_Soprano,charliehebdo,rumour,"Great picture by Banksy. So simple, yet so powerful. JeSuisCharlie Please share.",12
"#CharlieHebdo Uncensored video of Shooting: http://t.co/6m6DuFb8i3
#cabu Bernard Maris #Wolinski #attentat #Tignous #fusillade",0,SmartestConman,charliehebdo,not_rumour,CharlieHebdo Uncensored video of Shooting cabu Bernard Maris Wolinski attentat Tignous fusillade,12
#CharlieHebdo editor-in-chief: 'How people can attack a newspaper. A newspaper is not a weapon of war.' http://t.co/K7ZHV9C27F,0,Independent,charliehebdo,not_rumour,CharlieHebdo editor-in-chief 'How people can attack a newspaper. A newspaper is not a weapon of war.',16
"BREAKING:
#Paris is exploding with support for #CharlieHebdo. #ParisShooting http://t.co/hMROBwtwRI",0,Bipartisanism,charliehebdo,not_rumour,BREAKING Paris is exploding with support for CharlieHebdo. ParisShooting,9
Map locating the Paris offices of satirical magazine Charlie Hebdo #AFP http://t.co/nJYCABZqAG,0,AFP,charliehebdo,not_rumour,Map locating the Paris offices of satirical magazine Charlie Hebdo AFP,11
Couple of go-arounds at CDG. Unknown if weather related or any connection to #CharlieHebdo shooting 5 km from airport http://t.co/TsUCRotwNK,0,flightradar24,charliehebdo,not_rumour,Couple of go-arounds at CDG. Unknown if weather related or any connection to CharlieHebdo shooting 5 km from airport,19
Zuckerberg on #CharlieHebdo: Facebook will protect free speech http://t.co/xHhVh8IXbX http://t.co/t10RSN5I2s,0,mashable,charliehebdo,not_rumour,Zuckerberg on CharlieHebdo Facebook will protect free speech,8
Sums up the absurdity of the killings. #CharlieHebdo (by @davpope) http://t.co/VZk0mRqgKy #cartoon,0,_amroali,charliehebdo,not_rumour,Sums up the absurdity of the killings. CharlieHebdo by cartoon,10
"World sends messages of condolence, outrage, defiance via #JeSuisCharlie after Paris attack: http://t.co/deqrOSVi0m http://t.co/Ama2pSOvZN",0,ABC,charliehebdo,not_rumour,"World sends messages of condolence, outrage, defiance via JeSuisCharlie after Paris attack",12
"#CharlieHebdo: If we talk about ‘war’, we fall into the trap set by murderers, @robinlustig http://t.co/AwHoRooAyG http://t.co/kD7XkvUaUV",0,IndyVoices,charliehebdo,not_rumour,"CharlieHebdo If we talk about war, we fall into the trap set by murderers,",14
The car used by armed gunmen who stormed the Paris offices of satirical newspaper #CharlieHebdo Photo D. Faget #AFP http://t.co/ZBkDglcBcE,0,AFPphoto,charliehebdo,not_rumour,The car used by armed gunmen who stormed the Paris offices of satirical newspaper CharlieHebdo Photo D. Faget AFP,19
Breaking: Shots fired northeast of Paris involving men believed to be Charlie Hebdo suspects http://t.co/tYCeEMKwOo,1,WSJ,charliehebdo,rumour,Breaking Shots fired northeast of Paris involving men believed to be Charlie Hebdo suspects,14
Parisians gather under rain by Notre Dame to mourn #CharlieHebdo killings #Jesuischarlie http://t.co/618DSKj5bV,0,RuthBenderParis,charliehebdo,not_rumour,Parisians gather under rain by Notre Dame to mourn CharlieHebdo killings Jesuischarlie,12
"BREAKING NEWS: Shots Fired, Hostages Taken in Town Northeast of Paris http://t.co/cvtBTLqc6e",1,business,charliehebdo,rumour,"BREAKING NEWS Shots Fired, Hostages Taken in Town Northeast of Paris",11
"The Last Picture of #CharlieHebdo' Victim. ""No Terrorists Attack in #France Yet - Wait The End of 2015's Greetings"" http://t.co/vP2jMnnzvo",0,martelf,charliehebdo,not_rumour,"The Last Picture of CharlieHebdo' Victim. ""No Terrorists Attack in France Yet - Wait The End of 2015's Greetings""",19
We are observing a minute's silence today at 11am. If you support press freedom please share &amp; join us #JeSuisCharlie http://t.co/RpO4aXd7PE,0,MENnewsdesk,charliehebdo,not_rumour,We are observing a minute's silence today at 11am. If you support press freedom please share amp join us JeSuisCharlie,20
The attack on Charlie Hebdo is likely to radicalize all sides in the debate about Islam and Islamism. That's what terrorists are aiming for.,0,uli_speck,charliehebdo,not_rumour,The attack on Charlie Hebdo is likely to radicalize all sides in the debate about Islam and Islamism. That's what terrorists are aiming for.,24
Thousands have gathered at Martin Place to honour #CharlieHebdo victims. (via @deborah_knight) #9News http://t.co/zGSR8TbDaC,0,9NewsAUS,charliehebdo,not_rumour,Thousands have gathered at Martin Place to honour CharlieHebdo victims. via 9News,12
I join mass posting of cartoons in solidarity with #CharlieHebdo. We will not be intimidated. #JeSuisCharlie @newint http://t.co/IvQEuKUGc0,0,PeterTatchell,charliehebdo,not_rumour,I join mass posting of cartoons in solidarity with CharlieHebdo. We will not be intimidated. JeSuisCharlie,16
"Third thought: defending the rights that Charlie Hebdo defended means defending free speech, not attacking Muslims.",0,kenanmalik,charliehebdo,not_rumour,"Third thought defending the rights that Charlie Hebdo defended means defending free speech, not attacking Muslims.",16
The Pen vs. the Gun: @PGourevitch on the life-giving defiance of the #CharlieHebdo cartoonists http://t.co/F6alYXXjtU,0,NewYorker,charliehebdo,not_rumour,The Pen vs. the Gun on the life-giving defiance of the CharlieHebdo cartoonists,13
There can be no justification whatsoever for such taking of life #CharlieHebdo (2/2),0,elondonmosque,charliehebdo,not_rumour,There can be no justification whatsoever for such taking of life CharlieHebdo 2 2,14
The latest on the manhunt for Charlie Hebdo suspects: http://t.co/F3hv000UQX http://t.co/r0TgWbIxsr,1,WSJ,charliehebdo,rumour,The latest on the manhunt for Charlie Hebdo suspects,9
World’s Press Condemns Attack Against #CharlieHebdo #jesuischarlie http://t.co/Jyfjz7noMG http://t.co/2xeKhgGily,0,NewspaperWorld,charliehebdo,not_rumour,Worlds Press Condemns Attack Against CharlieHebdo jesuischarlie,7
PHOTOS: Two standoffs in Paris http://t.co/tRQVOdVkTt #ParisShooting #CharlieHebdo http://t.co/QSLIIMk9ir,0,cnni,charliehebdo,not_rumour,PHOTOS Two standoffs in Paris ParisShooting CharlieHebdo,7
These cartoons are all poignant tributes to victims of the Charlie Hebdo attack http://t.co/Q9SLIvYt7o http://t.co/fKRn7dO6ZD,0,Independent,charliehebdo,not_rumour,These cartoons are all poignant tributes to victims of the Charlie Hebdo attack,13
"Breaking: Kouachi brothers dead; hostage freed after raid in Dammartin-en-Goele, says person familiar with matter  http://t.co/FYkXChPD4d",1,WSJ,charliehebdo,rumour,"Breaking Kouachi brothers dead hostage freed after raid in Dammartin-en-Goele, says person familiar with matter",15
Charlie Hebdo to continue publishing in the wake of the attack http://t.co/6bMvM3wgkL http://t.co/dBBG4L40Kx,0,WSJeurope,charliehebdo,not_rumour,Charlie Hebdo to continue publishing in the wake of the attack,11
I haven't drawn an editorial cartoon for more than a year... thought it was time to pick up my pen... #JeSuisCharlie http://t.co/8ZaQFJJ4QW,0,parkertoons,charliehebdo,not_rumour,I haven't drawn an editorial cartoon for more than a year... thought it was time to pick up my pen... JeSuisCharlie,21
"BREAKING: French police convoy, helicopters rush to scene of operation to detain #CharlieHebdo shooting suspects, AP says",1,FoxNews,charliehebdo,rumour,"BREAKING French police convoy, helicopters rush to scene of operation to detain CharlieHebdo shooting suspects, AP says",17
Twitter campaign launched  following #CharlieHebdo massacre with #JeSuisCharlie (IAmCharlie). http://t.co/b1YcqtC5LE http://t.co/GrFOgOnKRh,0,DailyMirror,charliehebdo,not_rumour,Twitter campaign launched following CharlieHebdo massacre with JeSuisCharlie IAmCharlie .,10
"Suspects in Charlie Hebdo attack killed after hostage situation northeast of Paris, police sources say - @AP, @AFP http://t.co/ZFJYh80uxy",0,BreakingNews,charliehebdo,not_rumour,"Suspects in Charlie Hebdo attack killed after hostage situation northeast of Paris, police sources say - ,",17
BREAKING: Gunmen in #CharlieHebdo massacre reportedly killed: http://t.co/pOJLo4rJps http://t.co/XN0zMd5kaO,0,vicenews,charliehebdo,not_rumour,BREAKING Gunmen in CharlieHebdo massacre reportedly killed,7
Nice work from Banksy #JeSuisCharlie http://t.co/w9pJIrf7cP,1,AnonOpsLegion,charliehebdo,rumour,Nice work from Banksy JeSuisCharlie,5
Banksy's illustrated response to the Charlie Hebdo attack isn't by Banksy. But it is striking http://t.co/NQueBlmfOt http://t.co/HedHlyB24X,1,Independent,charliehebdo,rumour,Banksy's illustrated response to the Charlie Hebdo attack isn't by Banksy. But it is striking,15
"Showing solidarity with the victims is necessary, but not enough. We must insist to coexist, and reject those who don't. #CharlieHebdo",0,iyad_elbaghdadi,charliehebdo,not_rumour,"Showing solidarity with the victims is necessary, but not enough. We must insist to coexist, and reject those who don't. CharlieHebdo",21
A look at the irreverent covers of #CharlieHebdo: http://t.co/qf1IrCuONy http://t.co/WEDybNqLub,0,WSJ,charliehebdo,not_rumour,A look at the irreverent covers of CharlieHebdo,8
"I am still confused as to why these ""highly trained"" individuals left their ID in the getaway car. #CharlieHebdo",1,juliamacfarlane,charliehebdo,rumour,"I am still confused as to why these ""highly trained"" individuals left their ID in the getaway car. CharlieHebdo",19
Policeman seriously injured in new #Paris shooting as seven arrests made - live updates http://t.co/cCc9GdG3HV http://t.co/JqhZChVPCw,1,TelegraphNews,charliehebdo,rumour,Policeman seriously injured in new Paris shooting as seven arrests made - live updates,14
Witnesses say several masked men were involved in the shooting at #CharlieHebdo's Paris HQ. http://t.co/xcK8lY9IeR http://t.co/QPKtv7stET,1,SkyNews,charliehebdo,rumour,Witnesses say several masked men were involved in the shooting at CharlieHebdo's Paris HQ.,14
"In support of freedom of expression through words, not bullets #JeSuisCharlie http://t.co/zdIRzEjKDJ",0,ssu_sverige,charliehebdo,not_rumour,"In support of freedom of expression through words, not bullets JeSuisCharlie",11
Meet the Indian Islamist politician who wants to award $5M to the #CharlieHebdo killers. http://t.co/F69LJdObER http://t.co/FqUoGXDceR,0,TarekFatah,charliehebdo,not_rumour,Meet the Indian Islamist politician who wants to award 5M to the CharlieHebdo killers.,14
All European flags fly at half-mast today to pay tribute to the victims of the terrorist attack in Paris http://t.co/S98A1Y5B7p,0,eu_eeas,charliehebdo,not_rumour,All European flags fly at half-mast today to pay tribute to the victims of the terrorist attack in Paris,19
"I am a Muslim and I am trully condemning the France Gunmen for their idiotic and barbaric action! 

#JeSuisCharlie http://t.co/fgZixpykvG",0,fahdisme,charliehebdo,not_rumour,I am a Muslim and I am trully condemning the France Gunmen for their idiotic and barbaric action! JeSuisCharlie,19
READ MORE: Second hostage situation unfolding in eastern Paris http://t.co/Eh0dByqdYb http://t.co/eLrCndD0y2,0,CBSNews,charliehebdo,not_rumour,READ MORE Second hostage situation unfolding in eastern Paris,9
Sarkozy on #CharlieHebdo in 2011: prefer “an excess of caricature to an excess of censorship” http://t.co/aQZBlwbwjJ http://t.co/JDSRgnFoft,0,TheEconomist,charliehebdo,not_rumour,Sarkozy on CharlieHebdo in 2011 prefer an excess of caricature to an excess of censorship,15
"#CharlieHebdo RT @JeffreyGoldberg: The gunmen's basic message: If you don't stop calling our religion intolerant &amp; violent, we'll murder you",0,Ostrov_A,charliehebdo,not_rumour,"CharlieHebdo RT The gunmen's basic message If you don't stop calling our religion intolerant amp violent, we'll murder you",19
"The silence you hear is 2,000,000,000 Muslims not condemning this terror attack.

#CharlieHebdo",0,Bidenshairplugs,charliehebdo,not_rumour,"The silence you hear is 2,000,000,000 Muslims not condemning this terror attack. CharlieHebdo",13
Car used by gunmen in #CharlieHebdo attack removed by police from road in northern Paris http://t.co/AQAzDDybrM http://t.co/OGr27G6pRQ,0,BBCBreaking,charliehebdo,not_rumour,Car used by gunmen in CharlieHebdo attack removed by police from road in northern Paris,15
Simply put by our French colleagues in solidarity with the journalists of #CharlieHebdo http://t.co/mXwAsi2N4S,0,NeilMackay,charliehebdo,not_rumour,Simply put by our French colleagues in solidarity with the journalists of CharlieHebdo,13
"we strongly condemn #CharlieHebdo attack
""Because ISLAM denounces any violence"". 
#charliehebdoattack left 12 dead. http://t.co/ewtMxNHjMi",0,islamicfreedom,charliehebdo,not_rumour,"we strongly condemn CharlieHebdo attack ""Because ISLAM denounces any violence"". charliehebdoattack left 12 dead.",14
France raises national alert system to highest level after attack at Charlie Hebdo HQ http://t.co/TyRyAhzSPP http://t.co/cWYQCmwg0z,0,NBCNews,charliehebdo,not_rumour,France raises national alert system to highest level after attack at Charlie Hebdo HQ,14
→ http://t.co/sSMzywa1dP Charlie Hebdo cartoons: media around the world chart different courses #CharlieHebdo 943 http://t.co/uIeIo0KsvI,0,johnspatricc,charliehebdo,not_rumour,Charlie Hebdo cartoons media around the world chart different courses CharlieHebdo 943,12
"Tributes, fear and resilience in Paris a day after the ‘Charlie Hebdo’ attack http://t.co/pJLw31QhOY @MEMMOSDubai #Dubai #UAE",0,MEMMOSdubai,charliehebdo,not_rumour,"Tributes, fear and resilience in Paris a day after the Charlie Hebdo attack Dubai UAE",15
"I would rather die standing up, than live life on my knees. #JeSuisCharlie #IamCharlie http://t.co/VekwGbshpq",0,Benoit_CR,charliehebdo,not_rumour,"I would rather die standing up, than live life on my knees. JeSuisCharlie IamCharlie",14
"#CharlieHebdo’s Charb who was massacred today: ""The Kurds defend us all"". Rest in peace brother. #TwitterKurds http://t.co/edIZbJEvja",0,gilgameshh,charliehebdo,not_rumour,"CharlieHebdos Charb who was massacred today ""The Kurds defend us all"". Rest in peace brother. TwitterKurds",16
A picture that sums up #islam. #CharlieHebdo http://t.co/hx7uzbIEXM,0,redbrasco,charliehebdo,not_rumour,A picture that sums up islam. CharlieHebdo,7
"Schools closed, Dammartin-en-Goele residents told to stay indoors, town 'like warzone' http://t.co/G6eunBDIrj http://t.co/FAtmW7d3xk",1,RT_com,charliehebdo,rumour,"Schools closed, Dammartin-en-Goele residents told to stay indoors, town 'like warzone'",11
"Israel, where Muslim women and children were slaughtered in Palestine this world?

#RespectForMuslims
#CharlieHebdo http://t.co/LCrI2NOQN8",0,Mehmet_Canturk,charliehebdo,not_rumour,"Israel, where Muslim women and children were slaughtered in Palestine this world? RespectForMuslims CharlieHebdo",14
"#CharlieHebdo editor-in-chief Stephane Charbonnier, known as ""Charb"", &amp; 3 other cartoonists killed - judicial sources http://t.co/R6fzwhMB6l",1,BBCBreaking,charliehebdo,rumour,"CharlieHebdo editor-in-chief Stephane Charbonnier, known as ""Charb"", amp 3 other cartoonists killed - judicial sources",15
Map shows where gun attack on satirical magazine #CharlieHebdo took place in central Paris http://t.co/5AZAKumpNd http://t.co/ECFYztMVk9,0,BBCNewsGraphics,charliehebdo,not_rumour,Map shows where gun attack on satirical magazine CharlieHebdo took place in central Paris,14
"More relevant than ever.
#CharlieHebdo #PeshawarAttack #MumbaiAttacks #Sept11 #PewChurchAttack #SydneySeige #EveryDay http://t.co/N1AYgwjz3v",0,SheikhImaan,charliehebdo,not_rumour,More relevant than ever. CharlieHebdo PeshawarAttack MumbaiAttacks Sept11 PewChurchAttack SydneySeige EveryDay,11
"#NATO SG statement on terrorist attack in #Paris, #France  http://t.co/UBFmqktXjC http://t.co/KZCi5UR5fx",0,NATO,charliehebdo,not_rumour,"NATO SG statement on terrorist attack in Paris, France",9
MUSLIMS around the world celebrate terrorist attack killing 12 in Paris http://t.co/LdWu6Ie24y,0,TRobinsonNewEra,charliehebdo,not_rumour,MUSLIMS around the world celebrate terrorist attack killing 12 in Paris,11
#CharlieHebdo. We must reprint his work (yes HIS work - the main cartoonist). BBC spits on the dead by censoring it http://t.co/jyZHiyCR0H,0,LouiseMensch,charliehebdo,not_rumour,CharlieHebdo. We must reprint his work yes HIS work - the main cartoonist . BBC spits on the dead by censoring it,22
Anjem Choudary claims: 'Muslims don't believe in freedom of speech' after #CharlieHebdo attack http://t.co/V8954pwRoy http://t.co/MZQSRSFZrq,0,Independent,charliehebdo,not_rumour,Anjem Choudary claims 'Muslims don't believe in freedom of speech' after CharlieHebdo attack,13
FRENCH POLICE START RAID ON CHARLIE HEBDO SUSPECTS' HIDEOUT.,0,PzFeed,charliehebdo,not_rumour,FRENCH POLICE START RAID ON CHARLIE HEBDO SUSPECTS' HIDEOUT.,9
Live video from standoff north of Paris with brothers suspected in the Charlie Hebdo attack http://t.co/mPaB3pGQdA http://t.co/1MU2eqChai,0,nytimes,charliehebdo,not_rumour,Live video from standoff north of Paris with brothers suspected in the Charlie Hebdo attack,15
The New Yorker cartoon following the #CharlieHebdo incident. http://t.co/oq4bUId1BU,0,RamziHabre,charliehebdo,not_rumour,The New Yorker cartoon following the CharlieHebdo incident.,8
"Breaking News: Reports of Gunfire and Hostage in Search for Suspects in Paris Attack
http://t.co/U8BE162qls",1,nytimes,charliehebdo,rumour,Breaking News Reports of Gunfire and Hostage in Search for Suspects in Paris Attack,14
"The cartoons are here, amongst other places - http://t.co/eVkPpzpJf1 #JeSuisCharlie",0,stephenfry,charliehebdo,not_rumour,"The cartoons are here, amongst other places - JeSuisCharlie",9
"Our sympathies &amp; prayers are with the victims, their families &amp; the French people.  #Ahmadiyya Muslims totally condemn murder #CharlieHebdo",0,pressahmadiyya,charliehebdo,not_rumour,"Our sympathies amp prayers are with the victims, their families amp the French people. Ahmadiyya Muslims totally condemn murder CharlieHebdo",20
"Sad truth, is that if u crticize #islam even after #CharlieHebdo massacre, u wl still b labeled 'right wing fanatic' or islamophobic!",0,fgautier26,charliehebdo,not_rumour,"Sad truth, is that if u crticize islam even after CharlieHebdo massacre, u wl still b labeled 'right wing fanatic' or islamophobic!",22
#BREAKING - Hostage taken at kosher shop in #Paris by ‘suspect in police officer shooting' https://t.co/4yt6nafpIg http://t.co/f9N8Bjn68I,1,FRANCE24,charliehebdo,rumour,BREAKING - Hostage taken at kosher shop in Paris by suspect in police officer shooting',15
AFP: several hostages have been freed at Jewish supermarket in #Paris,1,SkyNewsBreak,charliehebdo,rumour,AFP several hostages have been freed at Jewish supermarket in Paris,11
It seems AKP supporters in Turkey are happy about the terror attack against #CharlieHebdo. They seem joyfully celebrating barbaric terror,0,EmreUslu,charliehebdo,not_rumour,It seems AKP supporters in Turkey are happy about the terror attack against CharlieHebdo. They seem joyfully celebrating barbaric terror,20
OFFICIAL: Police launch assault where #CharlieHebdo suspects holed up (AFP): http://t.co/yvvkRFLiMl http://t.co/2xVhMWliRS,0,YahooNewsUK,charliehebdo,not_rumour,OFFICIAL Police launch assault where CharlieHebdo suspects holed up AFP,10
BREAKING: Paris police say shots fired at satirical newspaper Charlie Hebdo; witness says multiple gunmen involved.,1,FoxNews,charliehebdo,rumour,BREAKING Paris police say shots fired at satirical newspaper Charlie Hebdo witness says multiple gunmen involved.,16
Every newspaper should publish a free issue of #charliehebdo so we can all see the reason 12 people have died today. http://t.co/XazdjLCAOR,0,AndyBarnett6,charliehebdo,not_rumour,Every newspaper should publish a free issue of charliehebdo so we can all see the reason 12 people have died today.,21
"Children among at least six people taken hostage at kosher store, reports say. #ParisAttacks http://t.co/qxlwCWdaVB http://t.co/Om5eouAAdt",0,SkyNews,charliehebdo,not_rumour,"Children among at least six people taken hostage at kosher store, reports say. ParisAttacks",14
Wrote and drew this on #CharlieHebdo and the history of cartoonists killed for their work http://t.co/uVX99m0lJJ http://t.co/CuO6799Prp,0,mollycrabapple,charliehebdo,not_rumour,Wrote and drew this on CharlieHebdo and the history of cartoonists killed for their work,15
So heartbroken for France...thinking of all my French friends across the sea today #JeSuisCharlie http://t.co/LkRSIyVsCC,0,CHARLENEKAYE,charliehebdo,not_rumour,So heartbroken for France...thinking of all my French friends across the sea today JeSuisCharlie,14
Nova Scotia CAN Halifax → http://t.co/e4jajXcp4L » UPDATE » 659 Charlie Hebdo  Charlie Hebdo has had a long tradition of disrespect and pro…,0,smitharyy,charliehebdo,not_rumour,Nova Scotia CAN Halifax UPDATE 659 Charlie Hebdo Charlie Hebdo has had a long tradition of disrespect and pro,19
Did you hear about the #LoveBomb by British Muslims at French Embassy London yday? #CharlieHebdo  @mrjamesob @LBC http://t.co/0439amYA3m,0,Malsharifi,charliehebdo,not_rumour,Did you hear about the LoveBomb by British Muslims at French Embassy London yday? CharlieHebdo,15
In sympathy and solidarity with @Charlie_Hebdo_  #CharlieHebdo http://t.co/W2CBdVJ0k6,0,JandMo,charliehebdo,not_rumour,In sympathy and solidarity with CharlieHebdo,6
Two people reportedly seriously hurt in a shootout in the hunt for the #ParisAttack gunmen http://t.co/CVcFrESdld http://t.co/8EmDi6eZL3,1,SkyNews,charliehebdo,rumour,Two people reportedly seriously hurt in a shootout in the hunt for the ParisAttack gunmen,15
". 
                 Take a stand and RT:

                  I am #CharlieHebdo
                  I am #CharlieHebdo http://t.co/OpdN8c5VQo",0,TarekFatah,charliehebdo,not_rumour,. Take a stand and RT I am CharlieHebdo I am CharlieHebdo,12
"A sad sad day for journalism but now we are all #CharlieHebdo 
please Retweet and Show our Support http://t.co/ufflZfhoaX",0,cheguwera,charliehebdo,not_rumour,A sad sad day for journalism but now we are all CharlieHebdo please Retweet and Show our Support,18
"At least 12 killed in today's attack on satirical magazine #CharlieHebdo in Paris, official says. http://t.co/zUfxcG3Rfs",1,cnnbrk,charliehebdo,rumour,"At least 12 killed in today's attack on satirical magazine CharlieHebdo in Paris, official says.",15
Thougts and prayers go out to everyone involved in the Paris terrorist situation - Hope everyone comes out save! 🙏,0,OMGitsAliA,charliehebdo,not_rumour,Thougts and prayers go out to everyone involved in the Paris terrorist situation - Hope everyone comes out save!,19
"More Charlie Hebdo covers, including ""the life of Mohamed"". These are people willing to kill over a cartoon. http://t.co/VAEnDpBYSu",0,thejohnsimpson,charliehebdo,not_rumour,"More Charlie Hebdo covers, including ""the life of Mohamed"". These are people willing to kill over a cartoon.",18
"Cartoonist promises to draw Mohamed every day for the rest of the year #CharlieHebdo
http://t.co/FLxOuc7MA9 http://t.co/Gxk5jwgkyv",0,Independent,charliehebdo,not_rumour,Cartoonist promises to draw Mohamed every day for the rest of the year CharlieHebdo,14
"Bibi’s vulgarity: Using Paris shooting to justify Israeli colonialism | Haaretz
http://t.co/fsBO5fg2aI #CharlieHebdo http://t.co/YnF3JT6Q5m",0,jvplive,charliehebdo,not_rumour,Bibis vulgarity Using Paris shooting to justify Israeli colonialism Haaretz CharlieHebdo,11
"More than 80,000 police officers are involved in search for #CharlieHebdo suspects Cherif and Said Kouachi. http://t.co/qB4b5cKvPg",0,cnni,charliehebdo,not_rumour,"More than 80,000 police officers are involved in search for CharlieHebdo suspects Cherif and Said Kouachi.",16
"Horrible tragedy in Paris today was not done by Muslims, but done by terrorists. Let us unite against hate + pray for peace. #CharlieHebdo",0,UncleRUSH,charliehebdo,not_rumour,"Horrible tragedy in Paris today was not done by Muslims, but done by terrorists. Let us unite against hate pray for peace. CharlieHebdo",23
"RT @socdec: #Charb, cartoonist killed in #ParisShooting, after death threats http://t.co/AKQHq6bqGf #CharlieHebdo #JeSuisCharlie",0,calestous,charliehebdo,not_rumour,"Charb, cartoonist killed in ParisShooting, after death threats CharlieHebdo JeSuisCharlie",10
I Support Satirical Cartoons of Religion #CharlieHebdo http://t.co/kNpuLy0aai,0,TriviumPaolo,charliehebdo,not_rumour,I Support Satirical Cartoons of Religion CharlieHebdo,7
Chilling video allegedly of #CharlieHebdo attackers filmed from rooftop. A cry of 'Allahou Akbar' followed by shots http://t.co/G3rHLmAFtH …,1,connellyandrew,charliehebdo,rumour,Chilling video allegedly of CharlieHebdo attackers filmed from rooftop. A cry of 'Allahou Akbar' followed by shots,17
BREAKING UPDATE - FRANCE: Police order all shops closed in famed Jewish neighborhood in central Paris following attacks.,1,IsraelHatzolah,charliehebdo,rumour,BREAKING UPDATE - FRANCE Police order all shops closed in famed Jewish neighborhood in central Paris following attacks.,18
"Today, the whole world is Charlie (via @diklo69) http://t.co/vOuXCrsPKq #JeSuisCharlie",0,LaurensJulien,charliehebdo,not_rumour,"Today, the whole world is Charlie via JeSuisCharlie",8
Newspaper front pages after the attack on Charlie Hebdo – in pictures http://t.co/5HazSPUc71 http://t.co/c0lNK7eyzg,0,guardian,charliehebdo,not_rumour,Newspaper front pages after the attack on Charlie Hebdo in pictures,11
"URGENT: #CharlieHebdo suspects located in Aisne, northern France - reports via @le_Parisien http://t.co/MHmEQPX2D6 http://t.co/8kSi0WaQBG",1,RT_com,charliehebdo,rumour,"URGENT CharlieHebdo suspects located in Aisne, northern France - reports via",11
"French MP says those who attacked Charlie Hebdo are murderers and barbarians 
http://t.co/77d5dBBptH",0,bbcworldservice,charliehebdo,not_rumour,French MP says those who attacked Charlie Hebdo are murderers and barbarians,12
The last person killed in Charlie Hebdo attacks was Muslim police officer http://t.co/qQXNLUDYPG http://t.co/PJH6tlyrpC,1,Independent,charliehebdo,rumour,The last person killed in Charlie Hebdo attacks was Muslim police officer,12
"UPDATED: Blast erupts near French mosque in wake of #CharlieHebdo attack, according to report http://t.co/MDJT3YSq5i http://t.co/3vqFRmTB1V",0,NBCNews,charliehebdo,not_rumour,"UPDATED Blast erupts near French mosque in wake of CharlieHebdo attack, according to report",14
All who said #JeSuisCharlie this week must today say #JeSuisJuif - I am a Jew. Stand with France's Jews against this vile attack.,0,AJCGlobal,charliehebdo,not_rumour,All who said JeSuisCharlie this week must today say JeSuisJuif - I am a Jew. Stand with France's Jews against this vile attack.,23
In case you are confused. Check who's the terrorist and who's the #Muslim. #JeSuisCharlie #JeSuisAhmed http://t.co/WSq17Z1TQb,0,Patrick_Baz,charliehebdo,not_rumour,In case you are confused. Check who's the terrorist and who's the Muslim. JeSuisCharlie JeSuisAhmed,15
The only way Global Media can pay respect to #CharlieHebdo martyrs is by reprinting and republishing them. Again &amp; again &amp; again &amp; again....,0,cvoter,charliehebdo,not_rumour,The only way Global Media can pay respect to CharlieHebdo martyrs is by reprinting and republishing them. Again amp again amp again amp again....,24
Attack on #CharlieHebdo:The intl community cannot allow extremists to silence the free flow of opinions http://t.co/1BgO8HRRbf #pressfreedom,0,UNESCO,charliehebdo,not_rumour,Attack on CharlieHebdo The intl community cannot allow extremists to silence the free flow of opinions pressfreedom,17
"Police: Four of France's most celebrated cartoonists killed: Charb, Cabu, Wolinski, &amp; Tignous http://t.co/g0dRKU3qCV #CharlieHebdo",1,thedailybeast,charliehebdo,rumour,"Police Four of France's most celebrated cartoonists killed Charb, Cabu, Wolinski, amp Tignous CharlieHebdo",14
"This was a well-planned attack: the gunmen hit #CharlieHebdo in the middle of the weekly conference, with all staff present.",1,daphneedenis,charliehebdo,rumour,"This was a well-planned attack the gunmen hit CharlieHebdo in the middle of the weekly conference, with all staff present.",20
Too many news organisations now showing online footage of killings at #CharlieHebdo office but not the cartoons for which they were murdered,0,AnshelPfeffer,charliehebdo,not_rumour,Too many news organisations now showing online footage of killings at CharlieHebdo office but not the cartoons for which they were murdered,22
Charlie Hebdo will print 1 million copies of next issue. http://t.co/AsJqXcoKAP #JeSuisCharlie http://t.co/HzQKnNo7FC,0,BoingBoing,charliehebdo,not_rumour,Charlie Hebdo will print 1 million copies of next issue. JeSuisCharlie,11
"Much respect to @washingtonpost for this. Seriously, thank you:
http://t.co/V78xiVa4Ba http://t.co/j9rHfjeYFD",0,mirandachale,charliehebdo,not_rumour,"Much respect to for this. Seriously, thank you",8
JUST IN: A separate shooting and hostage situation at a supermarket in eastern Paris has been reported ... developing,1,CBSNews,charliehebdo,rumour,JUST IN A separate shooting and hostage situation at a supermarket in eastern Paris has been reported ... developing,19
"#MaryamRajavi condemns #CharlieHebdo attack in #Paris,offers her condolences to Fr ppl and Gov http://t.co/MJ9GQkU1aP http://t.co/VTxBG5Gy2v",0,iran_policy,charliehebdo,not_rumour,"MaryamRajavi condemns CharlieHebdo attack in Paris,offers her condolences to Fr ppl and Gov",13
"Where's #JihadistJoe when you need him?

Oh, that's right! Twitter banned him for tweeting the truth about Islam.

#CharlieHebdo",0,sherlockmichael,charliehebdo,not_rumour,"Where's JihadistJoe when you need him? Oh, that's right! Twitter banned him for tweeting the truth about Islam. CharlieHebdo",19
12 people have reportedly been killed in a shooting at French satirical magazine Charlie Hebdo http://t.co/j5QlD3v5IS http://t.co/eXEx2Sm7K5,0,Variety,charliehebdo,not_rumour,12 people have reportedly been killed in a shooting at French satirical magazine Charlie Hebdo,15
"ID card of Said Kouachi, suspect in #CharlieHebdo attack, found in car left by 2 suspects http://t.co/QBuyFSVORd http://t.co/FyiSZvWJJ5",1,BBCBreaking,charliehebdo,rumour,"ID card of Said Kouachi, suspect in CharlieHebdo attack, found in car left by 2 suspects",16
Condolences to staff at Charlie Hebdo &amp; their loved ones. They stood for free speech &amp; paid with their lives.  I stand with #CharlieHebdo,0,PeterTatchell,charliehebdo,not_rumour,Condolences to staff at Charlie Hebdo amp their loved ones. They stood for free speech amp paid with their lives. I stand with CharlieHebdo,24
"Even for a hardened news man, today's mass shooting at #CharlieHebdo is ferociously shocking - writes @JonSnowC4 http://t.co/AcIzmQcx0a",0,Hayley_Barlow,charliehebdo,not_rumour,"Even for a hardened news man, today's mass shooting at CharlieHebdo is ferociously shocking - writes",16
#CharlieHebdo: Everything you need to know about the magazine that refuses to be censored http://t.co/4LNGobrht7 http://t.co/t70U7NEBae,0,Independent,charliehebdo,not_rumour,CharlieHebdo Everything you need to know about the magazine that refuses to be censored,14
"Everytime a satirist is murdered, 1,000 more satirists rise up to take their place. 
#JeSuisCharlie",0,TheGoodGodAbove,charliehebdo,not_rumour,"Everytime a satirist is murdered, 1,000 more satirists rise up to take their place. JeSuisCharlie",15
Cartoonist @davpope takes on the #CharlieHebdo attack: http://t.co/eFaaaLWLzP http://t.co/UV4C791jpT,0,SpeedReads,charliehebdo,not_rumour,Cartoonist takes on the CharlieHebdo attack,6
"Please, RT! #CharlieHebdo attack has another victim! Via @MiddleEastMnt #ParisShooting http://t.co/PNesB88POL",0,LatuffCartoons,charliehebdo,not_rumour,"Please, RT! CharlieHebdo attack has another victim! Via ParisShooting",9
Remember this? Those men died for our right to freedom of speech. Don't let that sacrifice be in vain. #CharlieHebdo http://t.co/vXzD9am4Zq,0,JuliaHB1,charliehebdo,not_rumour,Remember this? Those men died for our right to freedom of speech. Don't let that sacrifice be in vain. CharlieHebdo,20
"JUST IN: Two brothers responsible for Charlie Hebdo massacre have been killed in Dammartin standoff, according to multiple reports",0,CBSNews,charliehebdo,not_rumour,"JUST IN Two brothers responsible for Charlie Hebdo massacre have been killed in Dammartin standoff, according to multiple reports",19
"Seeing condemnations from Muslim figures, worldwide. Tmrw, there will be articles on 'why don't they condemn terrorism?' Sigh. #CharlieHebdo",0,hahellyer,charliehebdo,not_rumour,"Seeing condemnations from Muslim figures, worldwide. Tmrw, there will be articles on 'why don't they condemn terrorism?' Sigh. CharlieHebdo",19
Police say 12 now dead in #CharlieHebdo attack including 2 police officers; prosecutor says gunmen still at large http://t.co/4AaqPAQMOb,1,BBCBreaking,charliehebdo,rumour,Police say 12 now dead in CharlieHebdo attack including 2 police officers prosecutor says gunmen still at large,18
Photos from the scene of the Paris shooting at #CharlieHebdo office: http://t.co/dqcYAoG2ku http://t.co/mN0eKhoOK2,0,WSJ,charliehebdo,not_rumour,Photos from the scene of the Paris shooting at CharlieHebdo office,11
➟ http://t.co/aWMUyu93fj » UPDATE » 692 Charlie Hebdo  Charlie Hebdo shooting: arrests made as police hunt for suspects – live updates #Cha…,0,barbjonn,charliehebdo,not_rumour,UPDATE 692 Charlie Hebdo Charlie Hebdo shooting arrests made as police hunt for suspects live updates Cha,17
There is never justification for violence because one is offended by a cartoon. Ever. #CharlieHebdo http://t.co/RhBpC5Iwh9,0,AnnTelnaes,charliehebdo,not_rumour,There is never justification for violence because one is offended by a cartoon. Ever. CharlieHebdo,15
"Liberty, equality and fraternity. Freedom of the press, the satire and humor. #JeSuisCharlie http://t.co/uE84TgQeFz",0,europeanleft,charliehebdo,not_rumour,"Liberty, equality and fraternity. Freedom of the press, the satire and humor. JeSuisCharlie",13
"France, turning on your own Muslim citizens &amp; ""blaming Islam"" for #CharlieHebdo feeds the extremists' agenda. Don't help them.",0,WajahatAli,charliehebdo,not_rumour,"France, turning on your own Muslim citizens amp ""blaming Islam"" for CharlieHebdo feeds the extremists' agenda. Don't help them.",19
"Thoughts with those affected by #CharlieHebdo attack, particularly those brave #police colleagues killed in the line of duty. #policefamily",0,PoliceChiefs,charliehebdo,not_rumour,"Thoughts with those affected by CharlieHebdo attack, particularly those brave police colleagues killed in the line of duty. policefamily",19
Special forces stands on the roof of a building in Dammartin-en-Goele where a hostage-taking is underway #AFP http://t.co/gcm7TRRVfd,1,AFPphoto,charliehebdo,rumour,Special forces stands on the roof of a building in Dammartin-en-Goele where a hostage-taking is underway AFP,17
Tensions high: French police stop scooter near scene of kosher grocery http://t.co/ezfzdBjrbb http://t.co/MXJqNSM1Jm,0,Independent,charliehebdo,not_rumour,Tensions high French police stop scooter near scene of kosher grocery,11
BREAKING: French police descend on town where gunmen resembling suspected #CharlieHebdo attackers hit gas station http://t.co/pEFLi4EjX0,1,NBCNews,charliehebdo,rumour,BREAKING French police descend on town where gunmen resembling suspected CharlieHebdo attackers hit gas station,15
"If the #CharlieHebdo killings are what many think they are, there are dark days ahead for #France and Europe. Everyone will lose.",0,ChrChristensen,charliehebdo,not_rumour,"If the CharlieHebdo killings are what many think they are, there are dark days ahead for France and Europe. Everyone will lose.",22
"What we currently know about the shooting at the offices of Charlie Hebdo, the deadliest in France in decades. http://t.co/RHaa1NUha3",0,washingtonpost,charliehebdo,not_rumour,"What we currently know about the shooting at the offices of Charlie Hebdo, the deadliest in France in decades.",19
"Charlie Hebdo's Nov 2011 CHARIA HEBDO ""guest-edited"" by Muhammad:""100 lashes of the whip if you don't die laughing."" http://t.co/5EzG448CNm",0,ceciliauddenm,charliehebdo,not_rumour,"Charlie Hebdo's Nov 2011 CHARIA HEBDO ""guest-edited"" by Muhammad ""100 lashes of the whip if you don't die laughing.""",19
"“If liberty means anything at all, it means the right to tell people what they do not want to hear."" #CharlieHebdo http://t.co/GM9Qn6dUWc",0,LibertarianGeo,charliehebdo,not_rumour,"If liberty means anything at all, it means the right to tell people what they do not want to hear."" CharlieHebdo",21
"Gunmen in #CharlieHebdo attack  ""will (be) chased as long as necessary,"" French President says http://t.co/mnAeA7j7fY http://t.co/JxFvJhiazn",0,cnni,charliehebdo,not_rumour,"Gunmen in CharlieHebdo attack ""will be chased as long as necessary,"" French President says",14
At least 2 injured in new shootout in Eastern Paris / 5 hostages held in Kosher supermarket http://t.co/LdSF5QeCiv http://t.co/cmqBNfDpwd,1,FRANCE24,charliehebdo,rumour,At least 2 injured in new shootout in Eastern Paris 5 hostages held in Kosher supermarket,16
"BREAKING: Suspects in the #CharlieHebdo massacre killed by police, local mayor tells CNN: http://t.co/qB4b5cKvPg http://t.co/6sg4RCfZee",0,cnni,charliehebdo,not_rumour,"BREAKING Suspects in the CharlieHebdo massacre killed by police, local mayor tells CNN",13
#Islam is not the #terrorists who attacked Charlie Hebdo. Islam is the policeman who died defending Charlie Hebdo.,0,MaanImranKhan,charliehebdo,not_rumour,Islam is not the terrorists who attacked Charlie Hebdo. Islam is the policeman who died defending Charlie Hebdo.,18
Paris attack suspects have taken a hostage. French police have them cornered near Paris airport. Live: http://t.co/fw92nASZxK,1,mashable,charliehebdo,rumour,Paris attack suspects have taken a hostage. French police have them cornered near Paris airport. Live,16
Second hostage situation unfolding at Paris grocery store http://t.co/dug7LMmVmz,0,washingtonpost,charliehebdo,not_rumour,Second hostage situation unfolding at Paris grocery store,8
#BREAKING Police launch assault where Charlie Hebdo suspects holed up: official source,0,AFP,charliehebdo,not_rumour,BREAKING Police launch assault where Charlie Hebdo suspects holed up official source,12
Some hostages seen leaving Paris kosher market after police raid http://t.co/mavZxj17F7 http://t.co/arlafQgjK0,0,mashable,charliehebdo,not_rumour,Some hostages seen leaving Paris kosher market after police raid,10
"Eyewitness: terrorists said, “Tell the media that this is al Qaeda in the Yemen” before attacking #CharlieHebdo http://t.co/dTaPFkFr5F",1,thedailybeast,charliehebdo,rumour,"Eyewitness terrorists said, Tell the media that this is al Qaeda in the Yemen before attacking CharlieHebdo",17
"Muslims pray for the Friday prayer next to a sign reading #JeSuisCharlie in Saint-Etienne,France. By @JpKphotographer http://t.co/irukD1LedH",0,StephaneArnaud_,charliehebdo,not_rumour,"Muslims pray for the Friday prayer next to a sign reading JeSuisCharlie in Saint-Etienne,France. By",15
UPDATE: #CharlieHebdo's editor-in-chief was killed in attack - Magazine's lawyer http://t.co/kLKwMSlo7g,1,SputnikInt,charliehebdo,rumour,UPDATE CharlieHebdo's editor-in-chief was killed in attack - Magazine's lawyer,10
The world stood united to defend free expression #JeSuisCharlie. Now it must stand united to defend human life #JeSuisJuif – I Am a Jew.,0,AvivaKlompas,charliehebdo,not_rumour,The world stood united to defend free expression JeSuisCharlie. Now it must stand united to defend human life JeSuisJuif I Am a Jew.,23
"True cowardice: @nydailynews blurred out stereotypical imam in cover of #CharlieHebdo, left image of stereotypical Hasidic Jew.",0,benshapiro,charliehebdo,not_rumour,"True cowardice blurred out stereotypical imam in cover of CharlieHebdo, left image of stereotypical Hasidic Jew.",16
"Mad respect for this girl in the ruins of Aleppo, Syria holding up a #JeSuisCharlie sign. http://t.co/5fJKZBrnHK",0,Khanoisseur,charliehebdo,not_rumour,"Mad respect for this girl in the ruins of Aleppo, Syria holding up a JeSuisCharlie sign.",16
"#JeSuisCharlie #CharlieHebd #ChalieHebdo One Child, one teacher, one book, and one pen,can Change the World -Malala-  http://t.co/I2MpQdnA7G",0,lluisahicart,charliehebdo,not_rumour,"JeSuisCharlie CharlieHebd ChalieHebdo One Child, one teacher, one book, and one pen,can Change the World -Malala-",16
Update - AP: French police are chasing a Peugeot on A2 motorway and say hostages have been taken northeast of #Paris #CharlieHebdo,1,SkyNewsBreak,charliehebdo,rumour,Update - AP French police are chasing a Peugeot on A2 motorway and say hostages have been taken northeast of Paris CharlieHebdo,22
#CharlieHebdo journalists inside dammartin asked to avoid filming police positions to not alert suspects where they are.,0,kimwillsher1,charliehebdo,not_rumour,CharlieHebdo journalists inside dammartin asked to avoid filming police positions to not alert suspects where they are.,17
The building of 1 of the biggest TV channels in Germany (Berlin) today. We are with you #PrayForParis #JeSuisCharlie http://t.co/TF6YwIgfnv,0,janascody,charliehebdo,not_rumour,The building of 1 of the biggest TV channels in Germany Berlin today. We are with you PrayForParis JeSuisCharlie,19
Here comes another Pakistani's take #CharlieHebdo. How does one country produce so many brilliant minds? http://t.co/hcB5kLz3Zd,0,TarekFatah,charliehebdo,not_rumour,Here comes another Pakistani's take CharlieHebdo. How does one country produce so many brilliant minds?,15
Suspected #CharlieHebdo gunmen reportedly came out shooting at police #ParisAttacks http://t.co/kwHPTFi96R http://t.co/hjNezDkaVp,1,SkyNews,charliehebdo,rumour,Suspected CharlieHebdo gunmen reportedly came out shooting at police ParisAttacks,10
"“There are causes worth dying for, but none worth killing for.” ~ Albert Camus
#CharlieHebdo",0,craigstone_,charliehebdo,not_rumour,"There are causes worth dying for, but none worth killing for. Albert Camus CharlieHebdo",14
Another shooting reported at the Trocadero near the Eiffel Tower (LIVE UPDATES) http://t.co/cI8cztQjE6,1,RT_com,charliehebdo,rumour,Another shooting reported at the Trocadero near the Eiffel Tower LIVE UPDATES,12
The attack on Charlie Hebdo is an obscenity. Everyone civilized must show solidarity with France. Vive la France! Vive la presse libre!,0,DouglasLKennedy,charliehebdo,not_rumour,The attack on Charlie Hebdo is an obscenity. Everyone civilized must show solidarity with France. Vive la France! Vive la presse libre!,22
Paris Mayor Anne Hidalgo rushing to scene of hostage situation in Porte de Vincennes area of Paris: http://t.co/qB4b5cKvPg,0,cnni,charliehebdo,not_rumour,Paris Mayor Anne Hidalgo rushing to scene of hostage situation in Porte de Vincennes area of Paris,17
BREAKING: Paris: 10 dead in attack on satirical paper that poked fun at Mohammed http://t.co/4qqVIjLP8A #CharlieHebdo http://t.co/kqQecEWknq,1,ynetnews,charliehebdo,rumour,BREAKING Paris 10 dead in attack on satirical paper that poked fun at Mohammed CharlieHebdo,15
"A great many frauds, the Guardian included, claiming to be ""Charlie Hebdo"" but too cowardly to publish their cartoons.",0,wikileaks,charliehebdo,not_rumour,"A great many frauds, the Guardian included, claiming to be ""Charlie Hebdo"" but too cowardly to publish their cartoons.",19
I love these powerful and important images put out by artists in response to the Charlie Hebdo attack. http://t.co/ZTmKkkR5pg,0,meganeellison,charliehebdo,not_rumour,I love these powerful and important images put out by artists in response to the Charlie Hebdo attack.,18
"The extremists will benefit from an escalation, it justifies them. People who just want to coexist are thrown under the bus. #CharlieHebdo",0,iyad_elbaghdadi,charliehebdo,not_rumour,"The extremists will benefit from an escalation, it justifies them. People who just want to coexist are thrown under the bus. CharlieHebdo",22
The people tweeting from the scene of the #CharlieHebdo attack http://t.co/5kVRfAHoXO http://t.co/bTRU4jFCeE,0,BBCtrending,charliehebdo,not_rumour,The people tweeting from the scene of the CharlieHebdo attack,10
Prophet Mohammed cartoons republished by Danish newspaper in wake of #CharlieHebdo attack http://t.co/TouN7YJbfn http://t.co/FhDgXNpofN,0,Independent,charliehebdo,not_rumour,Prophet Mohammed cartoons republished by Danish newspaper in wake of CharlieHebdo attack,12
UPDATE: Police officer shot outside Paris this morning dies http://t.co/OoALEHIyC4 #Montrouge http://t.co/OgAwuVq0rM,1,RT_com,charliehebdo,rumour,UPDATE Police officer shot outside Paris this morning dies Montrouge,10
"Oct 1 cover #CharlieHebdo criticizing ISIS: 'I am the prophet, idiot' beheader: 'STFU, infidel!' #freedomofexpression http://t.co/HAV5tktU7y",0,bouckap,charliehebdo,not_rumour,"Oct 1 cover CharlieHebdo criticizing ISIS 'I am the prophet, idiot' beheader 'STFU, infidel!' freedomofexpression",15
The Pen Is Mightier Than The Sword: 28 Cartoonists Pay Tribute To Charlie Hebdo Victims: http://t.co/sSfQMaSviI http://t.co/0nOThrr8VX,0,boredpanda,charliehebdo,not_rumour,The Pen Is Mightier Than The Sword 28 Cartoonists Pay Tribute To Charlie Hebdo Victims,15
"Daily Mail describing Charlie Hebdo as ""notoriously anti-Islamic magazine in Paris"". See what's already happening?",0,DickDelingpole,charliehebdo,not_rumour,"Daily Mail describing Charlie Hebdo as ""notoriously anti-Islamic magazine in Paris"". See what's already happening?",15
"#CharlieHebdo Shooting Video Uncensored: http://t.co/6m6DuFb8i3
#ParisShooting #parisattack #franceattack #FranceShooting",0,SmartestConman,charliehebdo,not_rumour,CharlieHebdo Shooting Video Uncensored ParisShooting parisattack franceattack FranceShooting,8
"Photo of the 2 cartoonists killed in the attack on #CharlieHebdo in #Paris today. RIP.

via @LePoint. http://t.co/mms8xWU1Ze",1,rConflictNews,charliehebdo,rumour,Photo of the 2 cartoonists killed in the attack on CharlieHebdo in Paris today. RIP. via .,17
"You can kill journalists, cartoonists. You can't kill the freedom of the press. You have only made their message stronger. #JeSuisCharlie",0,EmilyKoch22,charliehebdo,not_rumour,"You can kill journalists, cartoonists. You can't kill the freedom of the press. You have only made their message stronger. JeSuisCharlie",21
"#CharlieHebdo attack, now car set on fire outside synagogue - more Islamist terror in #France? http://t.co/mUjQ9qJdrN http://t.co/kAQrLbZJLy",0,michaeldickson,charliehebdo,not_rumour,"CharlieHebdo attack, now car set on fire outside synagogue - more Islamist terror in France?",15
This is what Paris looked like last night #charliehebdo http://t.co/HLeIy0187C http://t.co/LFqlElCl6C,0,thei100,charliehebdo,not_rumour,This is what Paris looked like last night charliehebdo,9
Amidst 100s gathered as close to #CharlieHebdo office as we can get… France observes silence… Notre Dame bells ring http://t.co/RbTC6Si5Hy,0,camanpour,charliehebdo,not_rumour,Amidst 100s gathered as close to CharlieHebdo office as we can get France observes silence Notre Dame bells ring,19
"Cartoons don't denigrate Islam, executing cartoonists does #charliehebdo @FT http://t.co/BobAEoCk23 via @FT",0,khalafroula,charliehebdo,not_rumour,"Cartoons don't denigrate Islam, executing cartoonists does charliehebdo via",9
"Muslims get judged every day because of all these terrorist attacks. They are VICTIMS, not supporters. #CharlieHebdo http://t.co/LbXhLcnby7",0,tobeymonster,charliehebdo,not_rumour,"Muslims get judged every day because of all these terrorist attacks. They are VICTIMS, not supporters. CharlieHebdo",17
BREAKING: Gunfire and new explosions heard at the site of hostage-taking in eastern Paris: Reuters reporter http://t.co/3B69JzccUW,0,Reuters,charliehebdo,not_rumour,BREAKING Gunfire and new explosions heard at the site of hostage-taking in eastern Paris Reuters reporter,16
"#CHARLIEHEBDO SHOOTING: Gunmen shouted 'we have avenged the prophet"" during attack - reports http://t.co/3Jsosc7yl3 http://t.co/nAerF1Ep7A",1,RT_com,charliehebdo,rumour,"CHARLIEHEBDO SHOOTING Gunmen shouted 'we have avenged the prophet"" during attack - reports",13
"“I don’t feel as though I’m killing someone with a pen."" -Stephane Charbonnier 1967-2015 #CharlieHebdo http://t.co/RmJlpSsaNt",1,notrexmurphy,charliehebdo,rumour,"I dont feel as though Im killing someone with a pen."" -Stephane Charbonnier 1967-2015 CharlieHebdo",15
"The ""Extremist"" Muslims are actually obeying The Qur'an.
The ""Moderate"" Muslims merely stand by and watch.

#CharlieHebdo",0,TRobinsonNewEra,charliehebdo,not_rumour,"The ""Extremist"" Muslims are actually obeying The Qur'an. The ""Moderate"" Muslims merely stand by and watch. CharlieHebdo",17
"#Paris #CDG air traffic controllers end ATIS message with ""I AM CHARLIE"" #CharlieHebdo #avgeek http://t.co/Pq9Sp6MCN7",0,FlynKangaroo,charliehebdo,not_rumour,"Paris CDG air traffic controllers end ATIS message with ""I AM CHARLIE"" CharlieHebdo avgeek",14
"Cartoonists Cabu and Charb died in the attack against #CharlieHebdo, @LePoint reports http://t.co/nBdM0iZIq4  http://t.co/XMCXKb8QtK",1,CecileBrisson,charliehebdo,rumour,"Cartoonists Cabu and Charb died in the attack against CharlieHebdo, reports",11
Steve Bell on the Charlie Hebdo attackers – cartoon http://t.co/OkFs66mAmX http://t.co/jDclFGrzXD,0,guardian,charliehebdo,not_rumour,Steve Bell on the Charlie Hebdo attackers cartoon,8
"DEVELOPING: Police pursuing #CharlieHebdo shooting suspects, helicopters deployed - LIVE FEED: http://t.co/GRxHibEau2 http://t.co/pDlmmCax1B",1,RT_com,charliehebdo,rumour,"DEVELOPING Police pursuing CharlieHebdo shooting suspects, helicopters deployed - LIVE FEED",11
"Residents of Dammartin-en-Goele told to stay inside, schools on lockdown, mayor's press office tells CNN. http://t.co/7Bxdhozq4H",0,cnnbrk,charliehebdo,not_rumour,"Residents of Dammartin-en-Goele told to stay inside, schools on lockdown, mayor's press office tells CNN.",15
"#CharlieHebdo on Jazeera : Double standard of freedom of expression

http://t.co/gVjlX2NpAd",0,TariqRamadan,charliehebdo,not_rumour,CharlieHebdo on Jazeera Double standard of freedom of expression,9
"Massive protest in #Gaza over #CharlieHebdo attack
They returning favor to French people who stood by them http://t.co/CQpD0KGabJ",0,rishibagree,charliehebdo,not_rumour,Massive protest in Gaza over CharlieHebdo attack They returning favor to French people who stood by them,17
Reports of an explosion at a kebab shop close to a mosque near Lyon.  No indication of link to #CharlieHebdo attack. http://t.co/IZgGQj70kR,0,BBCOS,charliehebdo,not_rumour,Reports of an explosion at a kebab shop close to a mosque near Lyon. No indication of link to CharlieHebdo attack.,21
'One million copies' of #CharlieHebdo to be published as French media vow to keep it running  http://t.co/dr8bWwaxlp http://t.co/oIeK0NDhpl,0,Independent,charliehebdo,not_rumour,'One million copies' of CharlieHebdo to be published as French media vow to keep it running,16
"Remembering the four French ""Charlie Hebdo"" cartoonists killed in terror attack today http://t.co/nv5A2qKNQN http://t.co/TZovXRJpVp",0,BuzzFeedNews,charliehebdo,not_rumour,"Remembering the four French ""Charlie Hebdo"" cartoonists killed in terror attack today",12
"If you tweeted #JeSuisCharlie, now we need you to tweet #JeSuisJuif",0,simoncobbs1,charliehebdo,not_rumour,"If you tweeted JeSuisCharlie, now we need you to tweet JeSuisJuif",11
"Remember that #CharlieHebdo, like Theo Van Gogh, criticized ALL religions and people, not just #Islam and #Muslims! http://t.co/bH9I4ZkECh",0,CasMudde,charliehebdo,not_rumour,"Remember that CharlieHebdo, like Theo Van Gogh, criticized ALL religions and people, not just Islam and Muslims!",17
Charlie Hebdo: There is no way they will make us put down our pens http://t.co/jiZefdY9kO,0,RSS_Org,charliehebdo,not_rumour,Charlie Hebdo There is no way they will make us put down our pens,14
This Michael Shaw cartoon from the @NewYorker archives says a little and says a lot. #charliehebdo http://t.co/FqL1EhMLwj,0,AMLwhere,charliehebdo,not_rumour,This Michael Shaw cartoon from the archives says a little and says a lot. charliehebdo,15
'Explosions' heard at site of hostage situation at grocery in Paris neighborhood of Vincennes - @FRANCE24 broadcast http://t.co/ZFJYh80uxy,0,BreakingNews,charliehebdo,not_rumour,'Explosions' heard at site of hostage situation at grocery in Paris neighborhood of Vincennes - broadcast,16
"Those who died at #CharlieHebdo will live forever, because pens are more powerful than guns. Don't ever let terror make you think otherwise.",0,EmilyZDavis,charliehebdo,not_rumour,"Those who died at CharlieHebdo will live forever, because pens are more powerful than guns. Don't ever let terror make you think otherwise.",23
Update - AFP reports at least five people have been taken hostage and one person wounded after shooting at kosher grocery in eastern #Paris,1,SkyNewsBreak,charliehebdo,rumour,Update - AFP reports at least five people have been taken hostage and one person wounded after shooting at kosher grocery in eastern Paris,24
"Breaking News: Paris Police Respond to Report of Second Hostage-Taking
http://t.co/U8BE162qls",0,nytimes,charliehebdo,not_rumour,Breaking News Paris Police Respond to Report of Second Hostage-Taking,10
Graphic: Video shows gunmen with automatic rifles during attack on #CharlieHebdo in #Paris: https://t.co/fQXxNsJOWq http://t.co/Y0uxe72R2N,1,Charles_Lister,charliehebdo,rumour,Graphic Video shows gunmen with automatic rifles during attack on CharlieHebdo in Paris,13
LIVE: Police close in on Charlie Hebdo suspects; hostages taken in eastern Paris http://t.co/F6LMSCjCT4 http://t.co/WCjr5CthJZ,0,ReutersLive,charliehebdo,not_rumour,LIVE Police close in on Charlie Hebdo suspects hostages taken in eastern Paris,13
#CharlieHebdo Stéphane Charbonnier and Jean Cabut died for freedom of press. May their bravery &amp; spirit live forever http://t.co/JBjJicdNbq,1,TurkKick,charliehebdo,rumour,CharlieHebdo Stphane Charbonnier and Jean Cabut died for freedom of press. May their bravery amp spirit live forever,18
"Gunman holding hostages at kosher supermarket in eastern Paris killed, local reports say http://t.co/kmYZ5XwvYO",0,BBCBreaking,charliehebdo,not_rumour,"Gunman holding hostages at kosher supermarket in eastern Paris killed, local reports say",13
"Children being let out of school lockdown near Paris, as police hunt #CharlieHebdo suspects. http://t.co/7Bxdhozq4H http://t.co/8UdTgzIVft",0,cnnbrk,charliehebdo,not_rumour,"Children being let out of school lockdown near Paris, as police hunt CharlieHebdo suspects.",14
#CharlieHebdo will continue publishing in wake of the attack: http://t.co/djW9x4BqHQ http://t.co/xDlLZ4AtPe,0,WSJ,charliehebdo,not_rumour,CharlieHebdo will continue publishing in wake of the attack,9
BREAKING: Police: Hostage-taker at Paris market is suspect in slaying of policewoman a day earlier.,1,AP,charliehebdo,rumour,BREAKING Police Hostage-taker at Paris market is suspect in slaying of policewoman a day earlier.,15
Charlie Hebdo: appears that Charlie Hebdo suspects have been killed – live updates http://t.co/Opa6b0FlQT,0,guardian,charliehebdo,not_rumour,Charlie Hebdo appears that Charlie Hebdo suspects have been killed live updates,12
"Video showing #CharlieHebdo attack. ""Allahu akbar"" shouts http://t.co/y1ErbSGv5P",1,mathieuvonrohr,charliehebdo,rumour,"Video showing CharlieHebdo attack. ""Allahu akbar"" shouts",7
"Gunshots heard as well as shouts of ""Allahu Akbar!"" in amateur videos of #CharlieHebdo attack http://t.co/3Jsosc7yl3 http://t.co/NM8T2KJJGx",1,RT_com,charliehebdo,rumour,"Gunshots heard as well as shouts of ""Allahu Akbar!"" in amateur videos of CharlieHebdo attack",15
Those who seek to end #freespeech w/ violence are moral &amp; intellectual cowards. Its defenders are heroes of the open society. #JeSuisCharlie,0,andrewcopson,charliehebdo,not_rumour,Those who seek to end freespeech w violence are moral amp intellectual cowards. Its defenders are heroes of the open society. JeSuisCharlie,22
"Kill them &amp; when you're done kill their pet goat❌RT""@sammy2168: @jjauthor  @FlyoverCulture @DrMartyFox http://t.co/0oTaUVvisg” #CharlieHebdo",0,peddoc63,charliehebdo,not_rumour,"Kill them amp when you're done kill their pet goatRT"" CharlieHebdo",11
"I'm so saddened by the tragic events at Charlie Hebdo and my heart goes out to their families, friends and community in France.",0,MeganBoone,charliehebdo,not_rumour,"I'm so saddened by the tragic events at Charlie Hebdo and my heart goes out to their families, friends and community in France.",23
Nova Scotia CAN Halifax → http://t.co/OVRzKZxJpq » UPDATE » 442 Charlie Hebdo  Charlie Hebdo Paris shooting: 12 dead after gunmen storm sat…,0,smitharyy,charliehebdo,not_rumour,Nova Scotia CAN Halifax UPDATE 442 Charlie Hebdo Charlie Hebdo Paris shooting 12 dead after gunmen storm sat,18
→ http://t.co/5i6MJ1eC3g 41 Charlie Hebdo Paris shooting: New killing of police officer rocks French capital #Charli… http://t.co/LKdsgu5P0P,0,smitharyy,charliehebdo,not_rumour,41 Charlie Hebdo Paris shooting New killing of police officer rocks French capital Charli,14
BREAKING: Several schools evacuated as police surround #CharlieHebdo shooting suspects http://t.co/G6eunBDIrj http://t.co/WoemzPtIRa,0,RT_com,charliehebdo,not_rumour,BREAKING Several schools evacuated as police surround CharlieHebdo shooting suspects,10
Post the caricatures in solidarity and respect for the heroes from the satiric magazine #CharlieHebdo http://t.co/Ts1qzQKGtV,0,nein6,charliehebdo,not_rumour,Post the caricatures in solidarity and respect for the heroes from the satiric magazine CharlieHebdo,15
"The instrumentalization of Charlie Hebdo: Some defend freedom of speech all the time. Others only when they can use it to spy, drone, more.",0,wikileaks,charliehebdo,not_rumour,"The instrumentalization of Charlie Hebdo Some defend freedom of speech all the time. Others only when they can use it to spy, drone, more.",24
"The shooting @ ""Charlie Hebdo"", in France, is a horrible tragedy. Ignorance, hatred and cowardice has no religion, no political allegiance.",0,jeffstinco,charliehebdo,not_rumour,"The shooting ""Charlie Hebdo"", in France, is a horrible tragedy. Ignorance, hatred and cowardice has no religion, no political allegiance.",20
Rage against the murders of freethinkers and Long Live #CharlieHebdo and the continued fight for the right and need to criticise Islam.,0,MaryamNamazie,charliehebdo,not_rumour,Rage against the murders of freethinkers and Long Live CharlieHebdo and the continued fight for the right and need to criticise Islam.,22
Israeli news is carrying a live interview with a woman whose niece is one of the hostages in #Paris. Niece is inside with a 6-month-old baby,1,debra_kamin,charliehebdo,rumour,Israeli news is carrying a live interview with a woman whose niece is one of the hostages in Paris. Niece is inside with a 6-month-old baby,26
VIDEO Ambulances &amp; police race to site of hostage scene north-east of Paris as #CharlieHebdo gunmen reported killed http://t.co/1X6svwi3zz,0,SkyNews,charliehebdo,not_rumour,VIDEO Ambulances amp police race to site of hostage scene north-east of Paris as CharlieHebdo gunmen reported killed,18
Charlie Hebdo shooting: reports of attacks on Mosques in France – live updates http://t.co/MhzOEjovPg,0,guardian,charliehebdo,not_rumour,Charlie Hebdo shooting reports of attacks on Mosques in France live updates,12
"Why the killing of Charlie Hebdo cartoonists will make art stronger
http://t.co/kePuer7hTe http://t.co/zDyDWhhPyU",0,artnet,charliehebdo,not_rumour,Why the killing of Charlie Hebdo cartoonists will make art stronger,11
"#BREAKING
Both #CharlieHebdo suspects killed after police operation in Dammartin-en-Goele, reports AFP",1,euronews,charliehebdo,rumour,"BREAKING Both CharlieHebdo suspects killed after police operation in Dammartin-en-Goele, reports AFP",12
#Banksy's take on #CharlieHebdo. #JeSuisCharlie #NousSommesCharlie http://t.co/f6Y07d9fJ1,1,juliamacfarlane,charliehebdo,rumour,Banksy's take on CharlieHebdo. JeSuisCharlie NousSommesCharlie,6
"BBC reporter noting that Charlie Hebdo also mocks Christians, Jews and atheists. Oddly, though, those groups don't seem to bomb them.",0,JazzShaw,charliehebdo,not_rumour,"BBC reporter noting that Charlie Hebdo also mocks Christians, Jews and atheists. Oddly, though, those groups don't seem to bomb them.",21
"2 police officers killed during Charlie Hebdo attack were Ahmed Merabet, Franck Brinsolaro, police spokeswoman says. http://t.co/CrGFTVwYKo",0,cnnbrk,charliehebdo,not_rumour,"2 police officers killed during Charlie Hebdo attack were Ahmed Merabet, Franck Brinsolaro, police spokeswoman says.",16
Police surround a business where two suspects in the Charlie Hebdo attack may be barricaded http://t.co/pTzQlm1Mpy http://t.co/TaBppJpb4Q,0,nytimes,charliehebdo,not_rumour,Police surround a business where two suspects in the Charlie Hebdo attack may be barricaded,15
Paris is on the highest terrorist alert after 12 people were shot dead at the offices of a satirical weekly magazine. http://t.co/040PfC0If8,1,business,charliehebdo,rumour,Paris is on the highest terrorist alert after 12 people were shot dead at the offices of a satirical weekly magazine.,21
Pray for the victims. Deadly terrorist attack on French magazine Charlie Hebdo in Paris #FreePress http://t.co/HCEG92Zxtz,0,Parazhit,charliehebdo,not_rumour,Pray for the victims. Deadly terrorist attack on French magazine Charlie Hebdo in Paris FreePress,15
"Funny how #KillAllChristians wasn't trending when Anders Breivak murdered 77 innocent souls.

#JeSuisCharlie http://t.co/ol8OZugnV1",0,elhelwy,charliehebdo,not_rumour,Funny how KillAllChristians wasn't trending when Anders Breivak murdered 77 innocent souls. JeSuisCharlie,13
"Video footage of the the Paris shooting from French TV, via @nycjim, including a shout of Allahu akbar http://t.co/zRCnE2NeQ6",1,NickKristof,charliehebdo,rumour,"Video footage of the the Paris shooting from French TV, via , including a shout of Allahu akbar",18
It’s horrible that Paris has to deal with all these violent attacks. What a way to start 2015. 😡,0,Rene,charliehebdo,not_rumour,Its horrible that Paris has to deal with all these violent attacks. What a way to start 2015.,18
Here is a 1st list of the demonstrations planned today throughout France to pay tribute to #CharlieHebdo &amp; to protest http://t.co/4HvlTG6Jvn,0,AgnesCPoirier,charliehebdo,not_rumour,Here is a 1st list of the demonstrations planned today throughout France to pay tribute to CharlieHebdo amp to protest,20
The #CharlieHebdo magazine covers the Islamic terrorists didn't want you to see http://t.co/AUkRckrdOJ http://t.co/bpmGf56tAa,0,JGreenDC,charliehebdo,not_rumour,The CharlieHebdo magazine covers the Islamic terrorists didn't want you to see,12
60 seconds of #solidarite. @INM_ie #CharlieHebdo #JeSuisCharlie http://t.co/eIKTErJ2dY,0,Independent_ie,charliehebdo,not_rumour,60 seconds of solidarite. CharlieHebdo JeSuisCharlie,6
"Jews, Catholics, Muslims, white people, black people. Everyone attacked by Charlie Hebdo, yet who reacts like this? http://t.co/fkvhfJxPoO",0,MrHarryCole,charliehebdo,not_rumour,"Jews, Catholics, Muslims, white people, black people. Everyone attacked by Charlie Hebdo, yet who reacts like this?",17
Charlie Hebdo killers are dead. Sources say they are not in Paradise.,1,cjwerleman,charliehebdo,rumour,Charlie Hebdo killers are dead. Sources say they are not in Paradise.,12
This illustration by @LucilleClerc says it all. #JeSuisCharlie http://t.co/UctYcW96A4,1,erichbergen,charliehebdo,rumour,This illustration by says it all. JeSuisCharlie,7
"Gallows humor ""Give yourselves up or our elite cartoonist will draw a caricature of the Prophet"" #CharlieHebdo http://t.co/ea9y049Lqf",0,ImadMesdoua,charliehebdo,not_rumour,"Gallows humor ""Give yourselves up or our elite cartoonist will draw a caricature of the Prophet"" CharlieHebdo",17
BREAKING: 10 reported dead in Charlie Hebdo HQ shooting - local media http://t.co/Q27XnP3AS3,1,RT_com,charliehebdo,rumour,BREAKING 10 reported dead in Charlie Hebdo HQ shooting - local media,12
Breaking News: Local Mayor tells @CNN #CharlieHebdo suspects #Kouachi bros are dead. http://t.co/HlhbTJmm1D http://t.co/xufmRl174D,0,AC360,charliehebdo,not_rumour,Breaking News Local Mayor tells CharlieHebdo suspects Kouachi bros are dead.,11
"French cartoonist Charb among dead in #CharlieHebdo attack, his cartoons often attacked racism and islamophobia. http://t.co/Nmi5g98WO0",0,bouckap,charliehebdo,not_rumour,"French cartoonist Charb among dead in CharlieHebdo attack, his cartoons often attacked racism and islamophobia.",15
Salman Rushdie makes an impassioned plea to defend the art of satire #CharlieHebdo http://t.co/brDi8yvxKf http://t.co/GXppLKIzc0,0,TheIndyPeople,charliehebdo,not_rumour,Salman Rushdie makes an impassioned plea to defend the art of satire CharlieHebdo,13
"Breaking: Police suspect gunmen have taken one hostage, after shots were fired involving Charlie Hebdo suspects http://t.co/FYkXChPD4d",1,WSJ,charliehebdo,rumour,"Breaking Police suspect gunmen have taken one hostage, after shots were fired involving Charlie Hebdo suspects",16
"This HAS to stop. 

#CharlieHebdo http://t.co/lPrNCPNB5E",0,officialroycey,charliehebdo,not_rumour,This HAS to stop. CharlieHebdo,5
The #CharlieHebdo attack suspects have reportedly fired shots while robbing a petrol station http://t.co/joSfDCybpI http://t.co/7xQIrb4vbU,1,SkyNews,charliehebdo,rumour,The CharlieHebdo attack suspects have reportedly fired shots while robbing a petrol station,13
"France: ‘Dark day for freedom of expression’ as gunmen attack satirical newspaper
http://t.co/AD5u7mQLAb #CharlieHebdo",0,AmnestyOnline,charliehebdo,not_rumour,France Dark day for freedom of expression as gunmen attack satirical newspaper CharlieHebdo,13
Charlie Hebdo's latest issue. They made fun of all religions... http://t.co/FdMHriGpzh,0,ElBeardsley,charliehebdo,not_rumour,Charlie Hebdo's latest issue. They made fun of all religions...,10
Imagine the thousands of Muslims living in France whose lives will never be the same after today. #CharlieHebdo,0,Sumi_hasan,charliehebdo,not_rumour,Imagine the thousands of Muslims living in France whose lives will never be the same after today. CharlieHebdo,18
"“If liberty means anything at all, it means the right to tell people what they do not want to hear.” (George Orwell) #CharlieHebdo",0,Book_Fair,charliehebdo,not_rumour,"If liberty means anything at all, it means the right to tell people what they do not want to hear. George Orwell CharlieHebdo",23
US Embassy in Paris changes Twitter pic to #JeSuisCharlie @USEmbassyFrance http://t.co/amZEARKIHq,0,donie,charliehebdo,not_rumour,US Embassy in Paris changes Twitter pic to JeSuisCharlie,9
"As a Muslim, killing 12 innocent people in the name of Islam is much, much more offensive to than any cartoon can ever be #CharlieHebdo",0,Sumi_hasan,charliehebdo,not_rumour,"As a Muslim, killing 12 innocent people in the name of Islam is much, much more offensive to than any cartoon can ever be CharlieHebdo",25
A few of the best cartoons drawn &amp; shared in solidarity with #CharlieHebdo after yesterday's massacre #JeSuisCharlie http://t.co/qLj480gcxd,0,Beltrew,charliehebdo,not_rumour,A few of the best cartoons drawn amp shared in solidarity with CharlieHebdo after yesterday's massacre JeSuisCharlie,17
Charlie Hebdo: Don’t blame this bloodshed on France’s Muslims | Nabila Ramdani http://t.co/XZlutySyZn,0,guardian,charliehebdo,not_rumour,Charlie Hebdo Dont blame this bloodshed on Frances Muslims Nabila Ramdani,11
"Appalled by the attack on Charlie Hebdo in Paris, 10 - probably journalists - now confirmed dead. An attack on free speech everywhere.",1,tnewtondunn,charliehebdo,rumour,"Appalled by the attack on Charlie Hebdo in Paris, 10 - probably journalists - now confirmed dead. An attack on free speech everywhere.",23
#JeSuisCharlie: The hashtag of solidarity after Paris attack that killed 12. http://t.co/6zTlicOuuO via @mashable http://t.co/G8IBEpkA5T,0,nycjim,charliehebdo,not_rumour,JeSuisCharlie The hashtag of solidarity after Paris attack that killed 12. via,12
→ http://t.co/xPvOBDBRHv Charlie Hebdo  584 Satirical Newspaper Charlie Hebdo Braved Earlier Attack And Threats Befo… http://t.co/cwi3JMqz5h,0,brownjenjen,charliehebdo,not_rumour,Charlie Hebdo 584 Satirical Newspaper Charlie Hebdo Braved Earlier Attack And Threats Befo,13
VIDEO from the scene of fatal shooting in Paris http://t.co/sL3aG464Lt #CharlieHebdo http://t.co/FLC3mR5C2S,0,RT_com,charliehebdo,not_rumour,VIDEO from the scene of fatal shooting in Paris CharlieHebdo,10
Freedom of expression should never be an act of bravery. Whoever threatens it is an enemy of all freedom-loving people. #CharlieHebdo,0,MsIntervention,charliehebdo,not_rumour,Freedom of expression should never be an act of bravery. Whoever threatens it is an enemy of all freedom-loving people. CharlieHebdo,21
"Even before #Charlie Hebdo killings, in many places journalism had become a life-threatening proposition. http://t.co/Fig0E5Vmkn",0,PostBaron,charliehebdo,not_rumour,"Even before Charlie Hebdo killings, in many places journalism had become a life-threatening proposition.",14
UK police hold 2 minutes silence for slain Paris officers http://t.co/EG2PvT6CXj #CharlieHebdo http://t.co/sMyXXLcNN7,0,RTUKnews,charliehebdo,not_rumour,UK police hold 2 minutes silence for slain Paris officers CharlieHebdo,11
Charlie Hebdo attack: what we know so far  – live updates http://t.co/FzR7qMoeKB @claire_phipps http://t.co/YDuMHPAHrt,0,guardian,charliehebdo,not_rumour,Charlie Hebdo attack what we know so far live updates,10
"#CharlieHebdo Attack UPDATE: Cartoonists Cabu, Charb, Wolinski die - report http://t.co/3Jsosc7yl3 http://t.co/3H1ZbykE0D",1,RT_com,charliehebdo,rumour,"CharlieHebdo Attack UPDATE Cartoonists Cabu, Charb, Wolinski die - report",10
While the BBC and UK press shamed themselves yesterday censoring #CharlieHebdo cartoons you know who reprinted them? Al Jazeera.,0,LouiseMensch,charliehebdo,not_rumour,While the BBC and UK press shamed themselves yesterday censoring CharlieHebdo cartoons you know who reprinted them? Al Jazeera.,19
Journalists in Beijing gather for #JeSuisCharlie photo. Police are not pleased http://t.co/JzgjhtaD88 (AFP) http://t.co/RKBmlSDygM,0,joshchin,charliehebdo,not_rumour,Journalists in Beijing gather for JeSuisCharlie photo. Police are not pleased AFP,12
French media calling #CharlieHebdo attack the worst attack in France in decades http://t.co/K7ZHV9C27F http://t.co/jju1vgQiii,0,Independent,charliehebdo,not_rumour,French media calling CharlieHebdo attack the worst attack in France in decades,12
Charlie Hebdo staff vow to publish next week with 1m print run http://t.co/u8cCyfXW8o,0,guardian,charliehebdo,not_rumour,Charlie Hebdo staff vow to publish next week with 1m print run,12
historic moment as the #EiffelTower goes dark to unify the world around #CharlieHebdo . #JeSuisCharlie #ParisShooting http://t.co/c5iwqgw6aA,0,ozchrisrock,charliehebdo,not_rumour,historic moment as the EiffelTower goes dark to unify the world around CharlieHebdo . JeSuisCharlie ParisShooting,16
Police have surrounded this building where the suspected #CharlieHebdo attackers are holed-up http://t.co/B0TRvE2iYs http://t.co/becxNG0Kxi,1,NBCNews,charliehebdo,rumour,Police have surrounded this building where the suspected CharlieHebdo attackers are holed-up,12
"Everyone who blamed #CharlieHebdo cartoons for provoking its own slaughter, tell that to the dead shoppers at a Kosher supermarket in Paris",0,Cameron_Gray,charliehebdo,not_rumour,"Everyone who blamed CharlieHebdo cartoons for provoking its own slaughter, tell that to the dead shoppers at a Kosher supermarket in Paris",22
Is this the day that free speech died a little? @NewYorker cartoonist's poignant response to the #CharlieHebdo attack http://t.co/11lRJ4A0yZ,0,ArentsHA,charliehebdo,not_rumour,Is this the day that free speech died a little? cartoonist's poignant response to the CharlieHebdo attack,17
Saudi Arabia condemns killings at Charlie Hebdo but calls for an international law to criminalise insults to Islam. Amazing!,0,AmalFarahUK,charliehebdo,not_rumour,Saudi Arabia condemns killings at Charlie Hebdo but calls for an international law to criminalise insults to Islam. Amazing!,19
#CharlieHebdo cartoon attributed to #banksy is really by @LucilleClerc #JeSuisCharlie https://t.co/FZB4b7iMc2 http://t.co/S6s7ZKyOeN,1,sdkstl,charliehebdo,rumour,CharlieHebdo cartoon attributed to banksy is really by JeSuisCharlie,9
"Islamophobia: a word created by fascists, used by cowards, to manipulate morons. @YoungBLKRepub   http://t.co/uJowPJhbAi #CharlieHebdo",0,peddoc63,charliehebdo,not_rumour,"Islamophobia a word created by fascists, used by cowards, to manipulate morons. CharlieHebdo",13
Banksy's response to the Charlie Hebdo attack is striking. But it isn't by Banksy http://t.co/LQNdK2Qkge http://t.co/cWhJZOLLhr,1,Independent,charliehebdo,rumour,Banksy's response to the Charlie Hebdo attack is striking. But it isn't by Banksy,14
Paris terror attack: What you need to know about Charlie Hebdo http://t.co/aEwtP48NRb http://t.co/qwCz9DpYW8,0,NBCNews,charliehebdo,not_rumour,Paris terror attack What you need to know about Charlie Hebdo,11
"Paris, London, Madrid, San Francisco, New York. Video footage from #JeSuisCharlie gatherings around the world: http://t.co/IDEN8LHSEE",0,WSJ,charliehebdo,not_rumour,"Paris, London, Madrid, San Francisco, New York. Video footage from JeSuisCharlie gatherings around the world",15
#CharlieHebdo - Hollande: Media shooting was 'undoubtedly terrorist attack'. Photo: Kenzo Tribouillard #AFP http://t.co/ZK41w7J7yc,0,AFPphoto,charliehebdo,not_rumour,CharlieHebdo - Hollande Media shooting was 'undoubtedly terrorist attack'. Photo Kenzo Tribouillard AFP,13
"Police seen in Longpont, a village near to a petrol station reportedly robbed by the two #CharlieHebdo suspects. http://t.co/cQsXx2q9PT",1,BBCOS,charliehebdo,rumour,"Police seen in Longpont, a village near to a petrol station reportedly robbed by the two CharlieHebdo suspects.",18
"""After twenty years of writing about Muslim fundamentalist violence, I am running out of synonyms for atrocity"" http://t.co/ngPatcYWYc",0,thevichar,charliehebdo,not_rumour,"""After twenty years of writing about Muslim fundamentalist violence, I am running out of synonyms for atrocity""",17
"Suspect in Montrouge killing also suspected in today's market standoff in Paris, source tells CNN affiliate BFMTV. http://t.co/7Bxdhozq4H",1,cnnbrk,charliehebdo,rumour,"Suspect in Montrouge killing also suspected in today's market standoff in Paris, source tells CNN affiliate BFMTV.",17
New York Times Square #JeSuisCharlie http://t.co/QneXYbY0Bt,0,MMourreau,charliehebdo,not_rumour,New York Times Square JeSuisCharlie,5
The Eiffel Tower went dark last night to remember the victims of #CharlieHebdo http://t.co/bRbNU7lcIH #JeSuisCharlie http://t.co/X41DzXqXqJ,0,CultureTrip,charliehebdo,not_rumour,The Eiffel Tower went dark last night to remember the victims of CharlieHebdo JeSuisCharlie,14
"The Salafi Response To The Terrorist Attacks In Paris, France: “Were they forbidding an evil?” by @AbuKhadeejahSP http://t.co/QcFbpdNH2e",0,SalafiPubs,charliehebdo,not_rumour,"The Salafi Response To The Terrorist Attacks In Paris, France Were they forbidding an evil? by",16
"R.I.P. Ahmed Merabet, a French Muslim cop, first victim of #CharlieHebdo #ParisShooting http://t.co/CYQZhV8Sxc",1,ozchrisrock,charliehebdo,rumour,"R.I.P. Ahmed Merabet, a French Muslim cop, first victim of CharlieHebdo ParisShooting",12
We begin in Paris with a moment of silence for those killed in the #CharlieHebdo attacks. http://t.co/KAZQB07OKy http://t.co/XDgW3uXmoF,0,NewDay,charliehebdo,not_rumour,We begin in Paris with a moment of silence for those killed in the CharlieHebdo attacks.,16
This comment sent to BBC about the Paris attacks and the hashtags going around is just perfect. http://t.co/yO4JuMlBPp,0,thatshaikh,charliehebdo,not_rumour,This comment sent to BBC about the Paris attacks and the hashtags going around is just perfect.,17
"We are all Charlie Hebdo. Kill us all! 
#CharlieHebdo @Charlie_Hebdo_ http://t.co/7jFelOTDxw",0,channeldraw,charliehebdo,not_rumour,We are all Charlie Hebdo. Kill us all! CharlieHebdo,9
"Today's #CharlieHebdo cover on Houellebecq: ""In 2022 I'll observe Ramadan"" http://t.co/G7zbitA3Cj",0,mathieuvonrohr,charliehebdo,not_rumour,"Today's CharlieHebdo cover on Houellebecq ""In 2022 I'll observe Ramadan""",10
.@mrjamesob gave a masterclass in dealing with people who demand an apology from Muslims for #CharlieHebdo attack http://t.co/4y9oBXtwvf,0,LBC,charliehebdo,not_rumour,. gave a masterclass in dealing with people who demand an apology from Muslims for CharlieHebdo attack,17
Armed police arrest young people on a scooter as they arrive near kosher store #ParisAttacks http://t.co/M4aH8CyXma http://t.co/rjTNwgJn8l,0,SkyNews,charliehebdo,not_rumour,Armed police arrest young people on a scooter as they arrive near kosher store ParisAttacks,15
"DEVELOPING: Women, children held in second Paris hostage situation; may be related to massacre http://t.co/F4K3C1lot7",0,FoxNews,charliehebdo,not_rumour,"DEVELOPING Women, children held in second Paris hostage situation may be related to massacre",14
Our cowardice helped to allow this attack - @DAaronovitch on #CharlieHebdo http://t.co/MO0rqnomiP http://t.co/jGs2NGnAOp,0,thetimes,charliehebdo,not_rumour,Our cowardice helped to allow this attack - on CharlieHebdo,10
"So all you #JeSuisCharlie sheep, you make me sick, condemn the killings but don't make heroes and martyrs out of the racist idiots.",0,TheAdly,charliehebdo,not_rumour,"So all you JeSuisCharlie sheep, you make me sick, condemn the killings but don't make heroes and martyrs out of the racist idiots.",23
"Gunshots heard, smoke seen at site of police operation in Dammartin-en-Goele, northeast of Paris - @Reuters, @SkyNews http://t.co/ZFJYh80uxy",0,BreakingNews,charliehebdo,not_rumour,"Gunshots heard, smoke seen at site of police operation in Dammartin-en-Goele, northeast of Paris - ,",16
"Hundreds of Muslims in Sweden celebrate terrorist attack on Charlie Hebdo in France shouting,“Islam will take over the world” @Kelawalababa",0,jayeshdewana12,charliehebdo,not_rumour,"Hundreds of Muslims in Sweden celebrate terrorist attack on Charlie Hebdo in France shouting,Islam will take over the world",19
Ten dead in shooting at Paris offices of satirical magazine Charlie Hebdo – live updates http://t.co/JXujfbiZGu,1,guardian,charliehebdo,rumour,Ten dead in shooting at Paris offices of satirical magazine Charlie Hebdo live updates,14
#CharlieHebdo Islam has lost its right as a religion. It shd be declared perverted philosophy like nazism &amp; its glorification banned.,0,RightWingSpeaks,charliehebdo,not_rumour,CharlieHebdo Islam has lost its right as a religion. It shd be declared perverted philosophy like nazism amp its glorification banned.,21
A James O’Brien master class in how to deal with people demanding that Muslims apologise for #Charliehebdo https://t.co/l5qVL7m2Ca,0,LBC,charliehebdo,not_rumour,A James OBrien master class in how to deal with people demanding that Muslims apologise for Charliehebdo,17
A picture says more than a thousand words. #CharlieHebdo http://t.co/f4HSXz0qIj,0,LeahVdc,charliehebdo,not_rumour,A picture says more than a thousand words. CharlieHebdo,9
French newspaper Charlie Hebdo's last tweet before gunmen attack http://t.co/vsjId0EWRk http://t.co/yJhgbhIXQ6,0,MailOnline,charliehebdo,not_rumour,French newspaper Charlie Hebdo's last tweet before gunmen attack,9
#BREAKING - At least 2 dead in  hostage standoff in Paris Kosher supermarket (AFP) http://t.co/OYSXRQ9xuv http://t.co/SQUsZcitcO,1,France24_en,charliehebdo,rumour,BREAKING - At least 2 dead in hostage standoff in Paris Kosher supermarket AFP,14
#BREAKING Charlie Hebdo gunmen's hostage freed and safe after police assault,1,AFP,charliehebdo,rumour,BREAKING Charlie Hebdo gunmen's hostage freed and safe after police assault,11
BREAKING: French Interior minister: Suspects in Paris terror attack believed to be holding at least 1 hostage near Dammartin-en-Goele.,1,ABC,charliehebdo,rumour,BREAKING French Interior minister Suspects in Paris terror attack believed to be holding at least 1 hostage near Dammartin-en-Goele.,19
12 people have been confirmed dead in attack on French satire magazine #CharlieHebdo: http://t.co/VzRHTuAfCp,0,NYMag,charliehebdo,not_rumour,12 people have been confirmed dead in attack on French satire magazine CharlieHebdo,13
Update - AFP reports #CharlieHebdo will publish an edition of the magazine as normal next week,0,SkyNewsBreak,charliehebdo,not_rumour,Update - AFP reports CharlieHebdo will publish an edition of the magazine as normal next week,16
"Gunmen at #CharlieHebdo's Paris HQ shouted they had ""avenged the prophet"", reports say http://t.co/1z7NtGWe5i http://t.co/IEWCMH7oUV",1,SkyNews,charliehebdo,rumour,"Gunmen at CharlieHebdo's Paris HQ shouted they had ""avenged the prophet"", reports say",13
"Good morning from #Paris where we will have the latest on the #CharlieHebdo attack. 9am in Paris, 3am in the east http://t.co/oRX61fCUke",0,ChrisCuomo,charliehebdo,not_rumour,"Good morning from Paris where we will have the latest on the CharlieHebdo attack. 9am in Paris, 3am in the east",21
"Parisians will take to the streets tonight, for freedom of the press, democracy and the Republic #CharlieHebdo http://t.co/AndFUOD3a4",0,siobhanheanue,charliehebdo,not_rumour,"Parisians will take to the streets tonight, for freedom of the press, democracy and the Republic CharlieHebdo",17
"Why Muslims should embrace free speech, even if it includes insults to their Prophet http://t.co/S12EYrY2Qs #CharlieHebdo",0,sunny_hundal,charliehebdo,not_rumour,"Why Muslims should embrace free speech, even if it includes insults to their Prophet CharlieHebdo",15
"We will not be intimidated by brutal, violent attacks on our freedom #JeSuisCharlie",0,eucopresident,charliehebdo,not_rumour,"We will not be intimidated by brutal, violent attacks on our freedom JeSuisCharlie",13
#JesuisCharlie is quickly spreading as a sign of support to victims of today’s shooting http://t.co/DC2vhjcHIL http://t.co/4T5PW9MboQ,0,FRANCE24,charliehebdo,not_rumour,JesuisCharlie is quickly spreading as a sign of support to victims of todays shooting,14
#CharlieHebdo: Nothing can justify attack &amp; those who organised &amp; committed these crimes should be brought to justice http://t.co/eoDTplTQll,0,hrw,charliehebdo,not_rumour,CharlieHebdo Nothing can justify attack amp those who organised amp committed these crimes should be brought to justice,18
Updates on #CharlieHebdo shooting from @nytimes staff @mmcphate @HannahOlivennes @karaszpalko @cbtly &amp; others: http://t.co/TekFzlVjQE,0,nytimesworld,charliehebdo,not_rumour,Updates on CharlieHebdo shooting from staff amp others,8
Police officer at scene of Paris hostage situation tells the BBC two people are confirmed to have died http://t.co/0wLOuy8soe,1,BBCBreaking,charliehebdo,rumour,Police officer at scene of Paris hostage situation tells the BBC two people are confirmed to have died,18
#illridewithyou and #respectformuslims and #jesuischarlie all trended worldwide. Not so much on #jesuisjuif. Jewish blood is cheap.,0,benshapiro,charliehebdo,not_rumour,illridewithyou and respectformuslims and jesuischarlie all trended worldwide. Not so much on jesuisjuif. Jewish blood is cheap.,17
You can't kill free speech #CharlieHebdo,0,ThePoke,charliehebdo,not_rumour,You can't kill free speech CharlieHebdo,6
"Schools close, people told to stay indoors amid Dammartin-en-Goele #CharlieHebdo manhunt  http://t.co/D8ZTxcCaK5 http://t.co/juVYYleAJ4",1,BBCBreaking,charliehebdo,rumour,"Schools close, people told to stay indoors amid Dammartin-en-Goele CharlieHebdo manhunt",11
What we do and don't know about the standoff with the Charlie Hebdo attack suspects http://t.co/JzHXO8cAxV http://t.co/hpjA5U77Ce,0,nytimes,charliehebdo,not_rumour,What we do and don't know about the standoff with the Charlie Hebdo attack suspects,15
BREAKING: Two Charlie Hebdo attack suspects in Dammartin-en-Goele killed by security forces: govt source. http://t.co/oZmSoaIueK,0,Reuters,charliehebdo,not_rumour,BREAKING Two Charlie Hebdo attack suspects in Dammartin-en-Goele killed by security forces govt source.,14
"An 11-month old baby is among the hostages at the Kosher supermarket in Paris. Unbearably sad.
http://t.co/yXXlHehst9",1,BklynMiddleton,charliehebdo,rumour,An 11-month old baby is among the hostages at the Kosher supermarket in Paris. Unbearably sad.,16
IN PICTURES: French cops close in on suspected #CharlieHebdo terrorists outside Paris http://t.co/YioY54CqRi http://t.co/IGPF43HRsy,0,NBCNews,charliehebdo,not_rumour,IN PICTURES French cops close in on suspected CharlieHebdo terrorists outside Paris,12
"The 2011 issue of Charlie Hebdo, whose cover featured Mohammed. http://t.co/eSflYdFBRH",0,Rajyasree,charliehebdo,not_rumour,"The 2011 issue of Charlie Hebdo, whose cover featured Mohammed.",10
A quick infographic explaining some of the immediate anti-Muslim backlash in France: http://t.co/Wuh9TW9IxA #CharlieHebdo,0,steveplrose,charliehebdo,not_rumour,A quick infographic explaining some of the immediate anti-Muslim backlash in France CharlieHebdo,13
Minute's silence at Guardian office for #CharlieHebdo http://t.co/H4FQcR33uy,0,ianprior,charliehebdo,not_rumour,Minute's silence at Guardian office for CharlieHebdo,7
"This is a time to stand with the victims, condemn terror, and remind people of Breivik, Mcveigh and others. #perspective #CharlieHebdo",0,Aboujahjah,charliehebdo,not_rumour,"This is a time to stand with the victims, condemn terror, and remind people of Breivik, Mcveigh and others. perspective CharlieHebdo",21
Charlie Hebdo attack: minute's silence held for victims around the world http://t.co/BP9uXF8M7F http://t.co/3uDo93WC5K,0,guardian,charliehebdo,not_rumour,Charlie Hebdo attack minute's silence held for victims around the world,11
Police release pictures of man and woman suspected of shooting a policewoman in #ParisAttacks http://t.co/zZIgbWOmcP http://t.co/FWKi6cYfk4,0,SkyNews,charliehebdo,not_rumour,Police release pictures of man and woman suspected of shooting a policewoman in ParisAttacks,14
"#JeSuisCharlie 
They're only cartoons ,or am I also prone to being killed for posting them http://t.co/f0bWALfCPl",0,notxsane,charliehebdo,not_rumour,"JeSuisCharlie They're only cartoons ,or am I also prone to being killed for posting them",15
"Western double standards hit a new low following #CharlieHebdo 
By cartoonist @LatuffCartoons http://t.co/cvuwTFU7XY",0,RanaHarbi,charliehebdo,not_rumour,Western double standards hit a new low following CharlieHebdo By cartoonist,11
"""To kill someone for making fun of you is a tacit confession of your own impotence""  http://t.co/M8UXYm5N4e #CharlieHebdo #JeSuisCharlie",0,Salon,charliehebdo,not_rumour,"""To kill someone for making fun of you is a tacit confession of your own impotence"" CharlieHebdo JeSuisCharlie",18
MORE PHOTOS: Armed gunmen fire at police near #CharlieHebdo HQ #ParisShooting http://t.co/bb3JNdmTeF,1,TheAnonMessage,charliehebdo,rumour,MORE PHOTOS Armed gunmen fire at police near CharlieHebdo HQ ParisShooting,11
Update - AFP says gunman who has taken a hostage at kosher supermarket in Paris believed to be suspect in killing of policewoman on Thursday,1,SkyNewsBreak,charliehebdo,rumour,Update - AFP says gunman who has taken a hostage at kosher supermarket in Paris believed to be suspect in killing of policewoman on Thursday,25
"11 just killed in Paris by ""Alu Akhbar"" shouting armed men in attack on  satirical mag Charlie Hebdo. Background: http://t.co/MUf8ACNbVS",1,wikileaks,charliehebdo,rumour,"11 just killed in Paris by ""Alu Akhbar"" shouting armed men in attack on satirical mag Charlie Hebdo. Background",19
"Front pages from around the world, as publications react to #CharlieHebdo attack: http://t.co/hrslXlve4D via @Newseum http://t.co/ZD62G2klC7",0,USATODAY,charliehebdo,not_rumour,"Front pages from around the world, as publications react to CharlieHebdo attack via",13
"What Charlie Hebdo does, and why terrorists use it as ""a pretext to justify their violence."" By @emserre, from 2012. http://t.co/BIXn9x5GAp",0,laurenzcollins,charliehebdo,not_rumour,"What Charlie Hebdo does, and why terrorists use it as ""a pretext to justify their violence."" By , from 2012.",20
".@FT calls #CharlieHebdo ""stupid"" &amp; calls for editorial ""common sense."" Capitulation of free speech http://t.co/qUBNEvWzBY h/t @LukeReuters",0,bopanc,charliehebdo,not_rumour,". calls CharlieHebdo ""stupid"" amp calls for editorial ""common sense."" Capitulation of free speech h t",16
"#CharlieHebdo last cover satirizing #ISIS If Mohammed returned:""But I'm the Prophet, blockhead!"" ""Shut up, infidel!"" http://t.co/ausIfclXrF",0,emmarichard,charliehebdo,not_rumour,"CharlieHebdo last cover satirizing ISIS If Mohammed returned ""But I'm the Prophet, blockhead!"" ""Shut up, infidel!""",16
"#CharlieHebdo: Angela Merkel says shooting in France is not only attack on French citizens, but on freedoms of press and speech (@Reuters)",0,euronews,charliehebdo,not_rumour,"CharlieHebdo Angela Merkel says shooting in France is not only attack on French citizens, but on freedoms of press and speech",21
"For those who, like me, wish Christooher Hitchens were here to comment, do read this: http://t.co/rJKcBzGk0r (via @elvis717) #JeSuisCharlie",0,stephenfry,charliehebdo,not_rumour,"For those who, like me, wish Christooher Hitchens were here to comment, do read this via JeSuisCharlie",17
Donald Trump labelled a 'moron' for blaming #CharlieHebdo attacks on France's lack of guns http://t.co/ToHck32lt0 http://t.co/BtTgviKx4t,0,Independent,charliehebdo,not_rumour,Donald Trump labelled a 'moron' for blaming CharlieHebdo attacks on France's lack of guns,14
MT @Paris The Eiffel tower to switch off the lights at 20h in tribute to #CharlieHebdo victims http://t.co/s0yWX90f2L,0,francediplo_EN,charliehebdo,not_rumour,MT The Eiffel tower to switch off the lights at 20h in tribute to CharlieHebdo victims,16
"Killing of policewoman in Paris linked to #CharlieHebdo killers, police tell French media after identifying suspect http://t.co/vMD7kvcrjr",1,BBCBreaking,charliehebdo,rumour,"Killing of policewoman in Paris linked to CharlieHebdo killers, police tell French media after identifying suspect",16
Never was it more appropriate to say “F*** ‘em if they can’t take a joke”. Charlie Hebdo an absolute equal opportunity offender of satire.,0,Colvinius,charliehebdo,not_rumour,Never was it more appropriate to say F em if they cant take a joke. Charlie Hebdo an absolute equal opportunity offender of satire.,24
"FRANCE - PHOTO: Ahmed Merabet, French #Muslim Cop, first victim of #CharlieHebdo attack today. http://t.co/osFUOA9o1F",1,World_newsstand,charliehebdo,rumour,"FRANCE - PHOTO Ahmed Merabet, French Muslim Cop, first victim of CharlieHebdo attack today.",14
"#CharlieHebdo Satire was the father of true political freedom, born in the 18th century; the scourge of bigots and tyrants. Sing its praises",0,simon_schama,charliehebdo,not_rumour,"CharlieHebdo Satire was the father of true political freedom, born in the 18th century the scourge of bigots and tyrants. Sing its praises",23
French police launch assault at site north of Paris where two suspected Charlie Hebdo killers are holding a hostage http://t.co/WBAbocdrBQ,0,BBCBreaking,charliehebdo,not_rumour,French police launch assault at site north of Paris where two suspected Charlie Hebdo killers are holding a hostage,19
"#JeSuisCharlie: Cartoonists pay tribute to #CharlieHebdo victims: http://t.co/RkYfIcAlID 
http://t.co/hiWvfDm6FM",0,AnonOpsLegion,charliehebdo,not_rumour,JeSuisCharlie Cartoonists pay tribute to CharlieHebdo victims,7
"Rushdie: ""Religions, like all other ideas, deserve criticism, satire, and, yes, our fearless disrespect"" #CharlieHebdo",0,joshglancy,charliehebdo,not_rumour,"Rushdie ""Religions, like all other ideas, deserve criticism, satire, and, yes, our fearless disrespect"" CharlieHebdo",15
"#CharlieHebdo suspects, the #KouachiBrothers, both killed, local mayor tells CNN. http://t.co/7Bxdhozq4H http://t.co/l1f32IA2yK",0,cnnbrk,charliehebdo,not_rumour,"CharlieHebdo suspects, the KouachiBrothers, both killed, local mayor tells CNN.",10
"Reports gunmen shouted ""Allahu Akbar"" &amp; ""the prophet was avenged"". If we don't share these, they win. #JeSuisCharlie http://t.co/0ykqcFmUJ7",1,Whoozley,charliehebdo,rumour,"Reports gunmen shouted ""Allahu Akbar"" amp ""the prophet was avenged"". If we don't share these, they win. JeSuisCharlie",18
French police are looking for two more suspects in the #Montrouge shooting: https://t.co/3GAC1myxzZ http://t.co/5wX2rPoGF5,0,Observers,charliehebdo,not_rumour,French police are looking for two more suspects in the Montrouge shooting,12
"George Orwell: “If liberty means anything at all, it means the right to tell people what they do not want to hear."" #CharlieHebdo",0,StewartWood,charliehebdo,not_rumour,"George Orwell If liberty means anything at all, it means the right to tell people what they do not want to hear."" CharlieHebdo",23
Love is stronger than hate #CharlieHebdo http://t.co/XegvHUoHsD,0,monaeltahawy,charliehebdo,not_rumour,Love is stronger than hate CharlieHebdo,6
"#France's most famous cartoonist, 87 year old Uderzo - father of Asterix - comes out of retirement for #CharlieHebdo. http://t.co/SyNChbpYD6",0,WilliamsJon,charliehebdo,not_rumour,"France's most famous cartoonist, 87 year old Uderzo - father of Asterix - comes out of retirement for CharlieHebdo.",19
'This is not just an attack on freedom of expression. It is an attack on freedom full stop': https://t.co/8Y6EU0TFYf,0,DouglasKMurray,charliehebdo,not_rumour,'This is not just an attack on freedom of expression. It is an attack on freedom full stop',18
Police vehicles chase #CharlieHebdo suspects on French motorway http://t.co/k3G8Y2jdE8 http://t.co/MBUxnx3KRv,1,itvnews,charliehebdo,rumour,Police vehicles chase CharlieHebdo suspects on French motorway,8
#BREAKING: Police storm hostage-taker at Paris grocer http://t.co/EoIuN5exh1 http://t.co/uBrUorAGcA,0,CTVNews,charliehebdo,not_rumour,BREAKING Police storm hostage-taker at Paris grocer,7
"Police in Dammartin-en-Goele ""now relaxed,"" handing out rations of French cheese to journalists. #LabelleFrance",0,NTarnopolsky,charliehebdo,not_rumour,"Police in Dammartin-en-Goele ""now relaxed,"" handing out rations of French cheese to journalists. LabelleFrance",14
"Attack on #CharlieHebdo is ""brazen assault on free expression in the heart of Europe"" says @RobertMMahoney http://t.co/K7qmDH22IH",0,pressfreedom,charliehebdo,not_rumour,"Attack on CharlieHebdo is ""brazen assault on free expression in the heart of Europe"" says",15
"We're different, pls understand #JeSuisCharlie #NotInMyName http://t.co/4uoMLjd0t7",0,rasyadrizq,charliehebdo,not_rumour,"We're different, pls understand JeSuisCharlie NotInMyName",6
The right 2 draw Muhammad without being shot is as precious to many of us as Muhammad is to the #CharlieHebdo killers http://t.co/QeDw4tRoK9,0,holland_tom,charliehebdo,not_rumour,The right 2 draw Muhammad without being shot is as precious to many of us as Muhammad is to the CharlieHebdo killers,22
"At least 5 hostages in kosher supermarket in eastern Paris, according to reports: http://t.co/lmUljawKdu http://t.co/B1CKrZGJwf",0,CBSNLive,charliehebdo,not_rumour,"At least 5 hostages in kosher supermarket in eastern Paris, according to reports",13
Gunfire and explosions at printworks where #CharlieHebdo suspects are holed up. http://t.co/ATmBpjwW3b http://t.co/xjzsLbZD0s,0,SkyNews,charliehebdo,not_rumour,Gunfire and explosions at printworks where CharlieHebdo suspects are holed up.,11
Why #CharlieHebdo magazine was targeted for the attack: http://t.co/3s9g3KumkJ #ParisShooting http://t.co/sixK6vrTmI,0,Telegraph,charliehebdo,not_rumour,Why CharlieHebdo magazine was targeted for the attack ParisShooting,9
"We're not responsible of http://t.co/SBWJDNXpjH, this is a fake, and maybe a scam. Avoid it ! #OpCharlieHebdo #JeSuisCharlie #CharlieHebdo",0,OpCharlieHebdo,charliehebdo,not_rumour,"We're not responsible of this is a fake, and maybe a scam. Avoid it ! OpCharlieHebdo JeSuisCharlie CharlieHebdo",18
"Put your pencils up! 
@iGaddo your cartoon screams defiance. I love it and stand with you. #JeSuisCharlie http://t.co/yW5fPm3VZr",0,EmilyZDavis,charliehebdo,not_rumour,Put your pencils up! your cartoon screams defiance. I love it and stand with you. JeSuisCharlie,16
Video: Bangs heard coming from site of hostage situation in Paris neighborhood of Vincennes - @timchester on Vine http://t.co/jLgbryQaod,0,BreakingNews,charliehebdo,not_rumour,Video Bangs heard coming from site of hostage situation in Paris neighborhood of Vincennes - on Vine,17
"As tribute to the victims &amp; statement to the world.
 
#JeSuisCharlie http://t.co/TJLbOGPTT4",0,marcelkittel,charliehebdo,not_rumour,As tribute to the victims amp statement to the world. JeSuisCharlie,11
Breaking: Paris police say 12 dead after shooting at Charlie Hebdo http://t.co/kugeXjzDlf,1,TIME,charliehebdo,rumour,Breaking Paris police say 12 dead after shooting at Charlie Hebdo,11
One of the best #JeSuisCharlie cartoons I have seen so far by @RteeFufkin http://t.co/VNMqFaJLxW,0,SirWilliamD,charliehebdo,not_rumour,One of the best JeSuisCharlie cartoons I have seen so far by,12
Gunman at Paris grocery store threatens to kill hostages if police storm the #CharlieHebdo brothers. http://t.co/EBbK7ny8Cx,1,FoxNews,charliehebdo,rumour,Gunman at Paris grocery store threatens to kill hostages if police storm the CharlieHebdo brothers.,15
Hostages held at kosher supermarket in eastern Paris seen leaving site following apparent police assault http://t.co/B6ZsJBjzEM,1,BBCBreaking,charliehebdo,rumour,Hostages held at kosher supermarket in eastern Paris seen leaving site following apparent police assault,15
Good backgrounder from The New Yorker from 2012: The Charlie Hebdo Affair: Laughing at Blasphemy http://t.co/LDwDceoxFg,0,BarbaraDemick,charliehebdo,not_rumour,Good backgrounder from The New Yorker from 2012 The Charlie Hebdo Affair Laughing at Blasphemy,15
12 people now known to have died after gunmen stormed the Paris HQ of magazine #CharlieHebdo http://t.co/ImgE2AACPw http://t.co/h2wgFokYVW,1,SkyNews,charliehebdo,rumour,12 people now known to have died after gunmen stormed the Paris HQ of magazine CharlieHebdo,16
"#Paris, now. In front of Notre-Dame. #silence #charliehebdo http://t.co/6EP3Vci23H",0,FredericSays,charliehebdo,not_rumour,"Paris, now. In front of Notre-Dame. silence charliehebdo",8
"So now let's talk seriously about #CharlieHebdo and Western double standard on freedom of speech.
#JenesuisPAScharlie http://t.co/XzsJQF12Uv",0,Pray4Pal,charliehebdo,not_rumour,So now let's talk seriously about CharlieHebdo and Western double standard on freedom of speech. JenesuisPAScharlie,16
Radikal of Turkey mourns with Charlie Hebdo staff and people of France and says #JeSuisCharlie http://t.co/vXNLWB71mB,0,radikal,charliehebdo,not_rumour,Radikal of Turkey mourns with Charlie Hebdo staff and people of France and says JeSuisCharlie,15
"Details of attacks on Muslim community in France, grenades, &amp; shootings in aftermath of the #CharlieHebdo attack http://t.co/4u5fsWL75w",0,AamerAnwar,charliehebdo,not_rumour,"Details of attacks on Muslim community in France, grenades, amp shootings in aftermath of the CharlieHebdo attack",17
"Suspected #CharlieHebdo killers are in same jihadist group as hostage-taker in Paris store, police union rep says. http://t.co/7Bxdhozq4H",1,cnnbrk,charliehebdo,rumour,"Suspected CharlieHebdo killers are in same jihadist group as hostage-taker in Paris store, police union rep says.",17
Please don't watch or share the video of  execution of a policeman. Spare a thought for his family and all innocents killed. #CharlieHebdo,0,SukhSandhu,charliehebdo,not_rumour,Please don't watch or share the video of execution of a policeman. Spare a thought for his family and all innocents killed. CharlieHebdo,23
"""I strongly condemn the horrific shooting at the offices of Charlie Hebdo magazine in Paris"" —President Obama http://t.co/qr9zeGU04o",0,WhiteHouse,charliehebdo,not_rumour,"""I strongly condemn the horrific shooting at the offices of Charlie Hebdo magazine in Paris"" President Obama",17
Julian Assange has lost the plot. Blames “Jewish pro-censorship lobby” for legitimizing the Charlie Hebdo massacre. http://t.co/QZClfKB6ZH,0,stillgray,charliehebdo,not_rumour,Julian Assange has lost the plot. Blames Jewish pro-censorship lobby for legitimizing the Charlie Hebdo massacre.,16
If we submit to extremists this Cartoon by Robert Mankoff from The New Yorker will be the norm. #CharlieHebdo http://t.co/sNMbQVPlqJ,0,SMSFCoach,charliehebdo,not_rumour,If we submit to extremists this Cartoon by Robert Mankoff from The New Yorker will be the norm. CharlieHebdo,19
"France faces 2 hostage-taking attacks; Paris kosher market attack has 5 hostages, some wounded: http://t.co/dWlaFSDKjL",1,AP,charliehebdo,rumour,"France faces 2 hostage-taking attacks Paris kosher market attack has 5 hostages, some wounded",14
We stand w/the int'l community in defense of freedom of press. Our thoughts R w/the victims &amp; families #CharlieHebdo http://t.co/dymLeiXPy1,0,OECD,charliehebdo,not_rumour,We stand w the int'l community in defense of freedom of press. Our thoughts R w the victims amp families CharlieHebdo,21
"48 hrs, &amp; Paris makes #CharlieHebdo honorary citizen. 20 mths &amp; our craven elites won’t even name a Lee Rigby memoral for fear of “offence”.",0,A_Liberty_Rebel,charliehebdo,not_rumour,"48 hrs, amp Paris makes CharlieHebdo honorary citizen. 20 mths amp our craven elites wont even name a Lee Rigby memoral for fear of offence.",25
Cartoonists stand in solidarity with #CharlieHebdo victims with these powerful images http://t.co/Tbg2WDiIHF http://t.co/MhPgwnz9gQ,0,MotherJones,charliehebdo,not_rumour,Cartoonists stand in solidarity with CharlieHebdo victims with these powerful images,11
World leaders condemn attack on Charlie Hebdo in Paris http://t.co/yesdm54WVA,0,TIME,charliehebdo,not_rumour,World leaders condemn attack on Charlie Hebdo in Paris,9
Love is stronger than hate/L'amour plus fort que la haine h/t @bouckap #CharlieHebdo http://t.co/TvgGJIMdr0,0,monaeltahawy,charliehebdo,not_rumour,Love is stronger than hate L'amour plus fort que la haine h t CharlieHebdo,14
"#CHARLIEHEBDO Shooting Wrap-up: 12 dead, 3 gunmen at large, Paris on high terrorist alert http://t.co/3Jsosc7yl3 http://t.co/uAEdhUuO03",1,RT_com,charliehebdo,rumour,"CHARLIEHEBDO Shooting Wrap-up 12 dead, 3 gunmen at large, Paris on high terrorist alert",14
BREAKING: Astonishing video of the Paris terror attack as it was happening &gt; http://t.co/sglPyWCWhL (via @BBCDanielS ) #CharlieHebdo,0,piersmorgan,charliehebdo,not_rumour,BREAKING Astonishing video of the Paris terror attack as it was happening gt via CharlieHebdo,15
"#JeSuisCharlie  Hey folks, enter for free paypal sums !
http://t.co/lIlT8irzFy",0,doyouevendress,charliehebdo,not_rumour,"JeSuisCharlie Hey folks, enter for free paypal sums !",9
"Six days after Charlie Hebdo’s offices were firebombed, their front cover was this. “Love is stronger than hate.” http://t.co/7YInU4Cc00",0,SimonNRicketts,charliehebdo,not_rumour,"Six days after Charlie Hebdos offices were firebombed, their front cover was this. Love is stronger than hate.",18
"Pictures From #CharlieHebdo Solidarity Vigils Across The Globe
http://t.co/PwIlxlQEuD http://t.co/dgR5c4Tr6m",0,BuzzFeed,charliehebdo,not_rumour,Pictures From CharlieHebdo Solidarity Vigils Across The Globe,8
"#CharlieHebdo: Europe has a terrorism problem, not a Muslim problem http://t.co/miZoer532S (Pic: F Strazzari) http://t.co/w9VlkOerBF",0,Telegraph,charliehebdo,not_rumour,"CharlieHebdo Europe has a terrorism problem, not a Muslim problem Pic F Strazzari",13
"Paris police: 10 dead, 5 injured at #CharlieHebdo shooting",1,mathieuvonrohr,charliehebdo,rumour,"Paris police 10 dead, 5 injured at CharlieHebdo shooting",9
People should actually know the difference. #JeSuisCharlie http://t.co/QIVgReU6Kh,0,Londonandreams,charliehebdo,not_rumour,People should actually know the difference. JeSuisCharlie,7
"MT @davpope Can't sleep, thoughts with my French cartooning colleagues, their families &amp; loved ones #CharlieHebdo http://t.co/qim5rAa9Et",0,Trushar,charliehebdo,not_rumour,"MT Can't sleep, thoughts with my French cartooning colleagues, their families amp loved ones CharlieHebdo",15
#Banksy has also contributed a powerful message of perseverance &amp; support after #CharlieHebdo attack. #JeSuisCharlie http://t.co/bm8uyixSma,1,ajplus,charliehebdo,rumour,Banksy has also contributed a powerful message of perseverance amp support after CharlieHebdo attack. JeSuisCharlie,15
‘Muslims don’t believe in freedom of speech’: Anjem Choudary on the Charlie Hebdo attack: http://t.co/8B0Yn3tw18 http://t.co/KLWzXYkxfF,0,MetroUK,charliehebdo,not_rumour,Muslims dont believe in freedom of speech Anjem Choudary on the Charlie Hebdo attack,14
#charliehebdo @GLove39: The world would be a far better place if all religious fanatics followed this advice http://t.co/aRyHdZdD88,0,MaggieJordanACN,charliehebdo,not_rumour,charliehebdo The world would be a far better place if all religious fanatics followed this advice,16
"In case you are confused
#CharlieHebdo http://t.co/FEqV6zRuTs",0,LocalStigmatic,charliehebdo,not_rumour,In case you are confused CharlieHebdo,6
BREAKING: Police forces storm Paris kosher grocery where gunman holds 5 hostages; woman seen leaving.,0,AP,charliehebdo,not_rumour,BREAKING Police forces storm Paris kosher grocery where gunman holds 5 hostages woman seen leaving.,15
"Hours before the attack, #CharlieHebdo published a cartoon featuring the Islamic State: http://t.co/Jfqmha1GdV (epa) http://t.co/yeWyZxIdHH",0,USATODAY,charliehebdo,not_rumour,"Hours before the attack, CharlieHebdo published a cartoon featuring the Islamic State epa",13
"B.Z., Berlin's biggest paper stands up by putting multiple Charlie Hebdo cartoons on its cover, including Proph Mo: http://t.co/c3LiE3dgeo",0,DouglasKMurray,charliehebdo,not_rumour,"B.Z., Berlin's biggest paper stands up by putting multiple Charlie Hebdo cartoons on its cover, including Proph Mo",18
The best &amp; most moving tributes to #CharlieHebdo: http://t.co/F5Z7RhsZ19 #JeSuisCharlie http://t.co/ORkqhJG23K,0,MTVUK,charliehebdo,not_rumour,The best amp most moving tributes to CharlieHebdo JeSuisCharlie,9
Reports of shots fired north-east of Paris as French police pursue two suspected Charlie Hebdo gunmen in car chase http://t.co/FbUYubJDOY,1,BBCBreaking,charliehebdo,rumour,Reports of shots fired north-east of Paris as French police pursue two suspected Charlie Hebdo gunmen in car chase,19
"French cartoonists Charb, Cabu, Tignous and Wolinski all killed in Charlie Hebdo attack http://t.co/CbudA0P8Op http://t.co/1YlQLrdp70",1,thei100,charliehebdo,rumour,"French cartoonists Charb, Cabu, Tignous and Wolinski all killed in Charlie Hebdo attack",13
"10 people have died in a shooting at the Paris HQ of French weekly Charlie Hebdo, reports say. http://t.co/xcK8lY9IeR http://t.co/vsoysCGAbx",1,SkyNews,charliehebdo,rumour,"10 people have died in a shooting at the Paris HQ of French weekly Charlie Hebdo, reports say.",18
"Police forces take position by the kosher grocery store in Saint-Mande, near Porte de Vincennes in Paris. #AFP http://t.co/ANkBZtMTSJ",0,AFPphoto,charliehebdo,not_rumour,"Police forces take position by the kosher grocery store in Saint-Mande, near Porte de Vincennes in Paris. AFP",18
#CharlieHebdo - 11 dead including 2 police in Paris shooting by @MartinBureau1 #AFP http://t.co/T8HpVdpjjN,1,fgeffardAFP,charliehebdo,rumour,CharlieHebdo - 11 dead including 2 police in Paris shooting by AFP,12
In response to the #CharlieHebdo massacre we must not suppress liberties in the name of defending them - that’s what the terrorists want,0,PeterTatchell,charliehebdo,not_rumour,In response to the CharlieHebdo massacre we must not suppress liberties in the name of defending them - thats what the terrorists want,23
"We are against Barbarians! USA, Europa and Israel?
#RespectForMuslims #CharlieHebdo #JeSuisCharlie http://t.co/Gosv47XrJZ",0,fatihtezcan,charliehebdo,not_rumour,"We are against Barbarians! USA, Europa and Israel? RespectForMuslims CharlieHebdo JeSuisCharlie",11
"Oh, and the cover of today's edition of Charlie Hebdo mocked Michel Houellebecq for writing an Islamophobic novel... http://t.co/moLfdEMlpM",0,DougSaunders,charliehebdo,not_rumour,"Oh, and the cover of today's edition of Charlie Hebdo mocked Michel Houellebecq for writing an Islamophobic novel...",18
Charlie Hebdo attackers were two masked men brandishing Kalashnikovs and rocket launchers http://t.co/EX1xB40JWS http://t.co/oi7ppQYkQT,1,MailOnline,charliehebdo,rumour,Charlie Hebdo attackers were two masked men brandishing Kalashnikovs and rocket launchers,12
#CharlieHebdo tweeted this cartoon minutes before the attack: http://t.co/suTXnFLoPs http://t.co/vOzw6ecOtO,0,TPM,charliehebdo,not_rumour,CharlieHebdo tweeted this cartoon minutes before the attack,8
Muslims are not terrorists #prisedotage #Dammartin #ContreLesTerroristes #AtentadoParisEP #JeSuisCharlieARV http://t.co/8LBo8XCKQU,0,AltoyClaro1,charliehebdo,not_rumour,Muslims are not terrorists prisedotage Dammartin ContreLesTerroristes AtentadoParisEP JeSuisCharlieARV,9
"If we hate after atrocities like this, we're doing exactly what the perpetrators want us to do #CharlieHebdo",0,OwenJones84,charliehebdo,not_rumour,"If we hate after atrocities like this, we're doing exactly what the perpetrators want us to do CharlieHebdo",18
"10:28am Charlie Hebdo account mocks ISIS leader, wishing him ""good health and best wishes"" http://t.co/9Oa2xAqOcM http://t.co/uYXayKLA7q",0,GuidoFawkes,charliehebdo,not_rumour,"10 28am Charlie Hebdo account mocks ISIS leader, wishing him ""good health and best wishes""",15
I say the following as an atheist.  I'm sick &amp; tired of double standard #Muslims face. #CharlieHebdo #JeSuisCharlie http://t.co/kpMtzthr9I,0,Kon__K,charliehebdo,not_rumour,I say the following as an atheist. I'm sick amp tired of double standard Muslims face. CharlieHebdo JeSuisCharlie,18
The French flag flying at half-mast from Glasgow City Chambers today. #JeSuisCharlie http://t.co/bnv2mV9vRK,0,GlasgowCC,charliehebdo,not_rumour,The French flag flying at half-mast from Glasgow City Chambers today. JeSuisCharlie,12
"#CharlieHebdo mocked muslims, christians, jewish and buddists none of them responed violently except for muslims! http://t.co/STig34ePar",0,m2aln,charliehebdo,not_rumour,"CharlieHebdo mocked muslims, christians, jewish and buddists none of them responed violently except for muslims!",15
"Our statement on the Charlie Hebdo attack: defend freedom of speech, resist hatred. https://t.co/1Ok61nfRwj",0,NewHumanist,charliehebdo,not_rumour,"Our statement on the Charlie Hebdo attack defend freedom of speech, resist hatred.",13
"DEVELOPING: Gunman takes hostages at kosher supermarket in Paris, cops say http://t.co/WMYpvXMkCp",0,NBCNews,charliehebdo,not_rumour,"DEVELOPING Gunman takes hostages at kosher supermarket in Paris, cops say",11
#CharlieHebdo attack: new hostage situation at Paris shop - live updates http://t.co/lNt8ldwaae http://t.co/x9smojQJK8,0,guardiannews,charliehebdo,not_rumour,CharlieHebdo attack new hostage situation at Paris shop - live updates,11
In 2012 the Syrian Presidents warned western governments not to back terrorism in #Syria http://t.co/ODuc7rvFNV #CharlieHebdo #ParisShooting,0,Partisangirl,charliehebdo,not_rumour,In 2012 the Syrian Presidents warned western governments not to back terrorism in Syria CharlieHebdo ParisShooting,16
Paris: reports that man suspected of killing policewoman has 5 hostages at kosher supermarket  http://t.co/ZuU5xaf25I http://t.co/DVYPLL3XbF,1,guardiannews,charliehebdo,rumour,Paris reports that man suspected of killing policewoman has 5 hostages at kosher supermarket,14
"BREAKING: Charlie Hebdo editor and cartoonist Stephane Charbonnier among dead in attack on magazine, police say. http://t.co/ak9mTVfJdR",0,cnni,charliehebdo,not_rumour,"BREAKING Charlie Hebdo editor and cartoonist Stephane Charbonnier among dead in attack on magazine, police say.",16
"I feel France will throw satire into the murderers faces, and freedom of expression will be ever greater #JeSuisCharlie #",0,Martina,charliehebdo,not_rumour,"I feel France will throw satire into the murderers faces, and freedom of expression will be ever greater JeSuisCharlie",19
Illustrators and cartoonists respond to the horrific attack at Charlie Hebdo #JeSuisCharlie http://t.co/lpy41iM6zE http://t.co/r6ERv3PFRg,0,CreativeReview,charliehebdo,not_rumour,Illustrators and cartoonists respond to the horrific attack at Charlie Hebdo JeSuisCharlie,12
Agence France-Presse staff line up to proclaim #JeSuisCharlie http://t.co/Kmr1QVHAZl http://t.co/BjH2Hm4OZb,0,MailOnline,charliehebdo,not_rumour,Agence France-Presse staff line up to proclaim JeSuisCharlie,8
Hero police officer executed in street was 42-year-old married Muslim Ahmed Merabet http://t.co/gL5epqmdpu #CharlieHebdo,0,MailOnline,charliehebdo,not_rumour,Hero police officer executed in street was 42-year-old married Muslim Ahmed Merabet CharlieHebdo,13
BREAKING: French police tell AP suspects in #CharlieHebdo attack have taken a hostage northeast of Paris.,1,FoxNews,charliehebdo,rumour,BREAKING French police tell AP suspects in CharlieHebdo attack have taken a hostage northeast of Paris.,16
Short piece from me on why no one is to blame for #CharlieHebdo murder but the murderers themselves http://t.co/XkrzPFPhRl,0,mePadraigReidy,charliehebdo,not_rumour,Short piece from me on why no one is to blame for CharlieHebdo murder but the murderers themselves,18
LIVE FEED from scene of standoff between #CharlieHebdo shooting suspects &amp; police http://t.co/Q4kQYO2SHC http://t.co/gcsVG5iAQh,0,RT_com,charliehebdo,not_rumour,LIVE FEED from scene of standoff between CharlieHebdo shooting suspects amp police,12
"We condemn today's horrific attacks in #Paris. Our condolences and support go to the people of France, the victims, and their families.",0,JustinTrudeau,charliehebdo,not_rumour,"We condemn today's horrific attacks in Paris. Our condolences and support go to the people of France, the victims, and their families.",22
"In which the many covers of #CharlieHebdo are tweeted to the 54k followers of this account: http://t.co/siQqkNMTQE

#JeSuisCharlie",0,JackofKent,charliehebdo,not_rumour,In which the many covers of CharlieHebdo are tweeted to the 54k followers of this account JeSuisCharlie,17
"8 journalists
2 officers
1 janitor
1 visitor

Victims killed in #CharlieHebdo attack: http://t.co/xZJo8kPPRA (Getty) http://t.co/sX1MMjd0Tc",0,USATODAY,charliehebdo,not_rumour,8 journalists 2 officers 1 janitor 1 visitor Victims killed in CharlieHebdo attack Getty,14
"While horrified with #CharlieHebdo, let's not forget #RaifBadawi. 50 lashes today in Jeddah, first batch of 1000!! :( http://t.co/l8ACRZuhVZ",0,mindthrust,charliehebdo,not_rumour,"While horrified with CharlieHebdo, let's not forget RaifBadawi. 50 lashes today in Jeddah, first batch of 1000!!",17
Crowds gather around the world in solidarity with #CharlieHebdo victims http://t.co/vKe1pHL8ls http://t.co/Ahkfs7wdan,0,MailOnline,charliehebdo,not_rumour,Crowds gather around the world in solidarity with CharlieHebdo victims,10
"Paris says highest alert level extended north to region where attack suspects spotted - @AFP, @MelissaBellF24 https://t.co/pj8kecnVt7",1,BreakingNews,charliehebdo,rumour,"Paris says highest alert level extended north to region where attack suspects spotted - ,",15
'Journalism is printing what someone else does not want printed: everything else is public relations' - Orwell #JeSuisCharlie,0,RupertMyers,charliehebdo,not_rumour,'Journalism is printing what someone else does not want printed everything else is public relations' - Orwell JeSuisCharlie,18
Car chase under way in Paris as gunfight breaks out. Reports of hostages. Latest from Paris: http://t.co/2J4WQdJnTp http://t.co/Lpd4hbiXai,1,TelegraphNews,charliehebdo,rumour,Car chase under way in Paris as gunfight breaks out. Reports of hostages. Latest from Paris,16
MORE: Police official: Hostage-taker at Paris market appears linked to newspaper attack suspects: http://t.co/RHLq7ZcHkE,1,AP,charliehebdo,rumour,MORE Police official Hostage-taker at Paris market appears linked to newspaper attack suspects,13
Reports that two of the dead in the #CharlieHebdo attack are police officers http://t.co/2J4WQdJnTp http://t.co/LiPDxdq1cb,1,TelegraphNews,charliehebdo,rumour,Reports that two of the dead in the CharlieHebdo attack are police officers,13
The pen is mightier http://t.co/jyCLBL4qPX This is how cartoonists responded to #CharlieHebdo attack http://t.co/49HT4SmqAp,0,BBCtrending,charliehebdo,not_rumour,The pen is mightier This is how cartoonists responded to CharlieHebdo attack,12
→ http://t.co/Grnn2RS6VA 498 Charlie Hebdo Charlie Hebdo massacre: Arrests as France hunts gunmen #CharlieHebdo England GBR Stoke-on-Trent,0,barbjonn,charliehebdo,not_rumour,498 Charlie Hebdo Charlie Hebdo massacre Arrests as France hunts gunmen CharlieHebdo England GBR Stoke-on-Trent,15
"Spy agencies and their advocates waste no time in using Paris attacks to push for more eg #mi5 powers and resources
http://t.co/C37d64tTYf",0,ShoebridgeC,charliehebdo,not_rumour,Spy agencies and their advocates waste no time in using Paris attacks to push for more eg mi5 powers and resources,21
"Mourners hold signs showing victims' eyes during #JeSuisCharlie rally in NY http://t.co/6LwllVuTTM (J. Minchillo, AP) http://t.co/XnsBLDYMil",0,USATODAY,charliehebdo,not_rumour,"Mourners hold signs showing victims' eyes during JeSuisCharlie rally in NY J. Minchillo, AP",14
"Today's cartoon, by @DaveBrownToons. #CharlieHebdo #JeSuisCharlie http://t.co/zsz3ujodlT",0,Independent,charliehebdo,not_rumour,"Today's cartoon, by . CharlieHebdo JeSuisCharlie",6
It says much that men with guns feel quite so threatened by people with pens. #CharlieHebdo,0,doctorcdf,charliehebdo,not_rumour,It says much that men with guns feel quite so threatened by people with pens. CharlieHebdo,16
Do not share the video of masked gunmen at #CharlieHebdo offices executing a police officer. It is barbaric &amp; his life should be respected.,0,JFXM,charliehebdo,not_rumour,Do not share the video of masked gunmen at CharlieHebdo offices executing a police officer. It is barbaric amp his life should be respected.,24
The entire world is rallying. The terrorists plan has backfired. 🇺🇸🇫🇷🇬🇧🇮🇹 #JeSuisCharlie #CharlieHedbo http://t.co/exzKIGsdag,0,Bipartisanism,charliehebdo,not_rumour,The entire world is rallying. The terrorists plan has backfired. JeSuisCharlie CharlieHedbo,12
"The two suspects in the #CharlieHebdo #ParisShooting have been located, reports say. http://t.co/CI1tEpiuFO http://t.co/MAk3reuOE8",1,SkyNews,charliehebdo,rumour,"The two suspects in the CharlieHebdo ParisShooting have been located, reports say.",12
JUST IN: Police confirm to @ABC there is a second hostage situation underway in eastern Paris,1,ABC,charliehebdo,rumour,JUST IN Police confirm to there is a second hostage situation underway in eastern Paris,15
"Israeli SWAT team unit specializing in hostage situations on standby, ready to travel to Paris to assist French http://t.co/PBs3sMwhLt",0,haaretzcom,charliehebdo,not_rumour,"Israeli SWAT team unit specializing in hostage situations on standby, ready to travel to Paris to assist French",18
"According to #CharlieHebdo’s lawyer four well-known French cartoonists were killed by the masked gunmen: Cabu, Wolinski, Charb et Tignous.",1,France24_en,charliehebdo,rumour,"According to CharlieHebdos lawyer four well-known French cartoonists were killed by the masked gunmen Cabu, Wolinski, Charb et Tignous.",19
VIDEO: Gunfire and explosions heard at printworks in Dammartin-en-Goele siege http://t.co/RviRV0H3AV,0,SkyNews,charliehebdo,not_rumour,VIDEO Gunfire and explosions heard at printworks in Dammartin-en-Goele siege,10
French Muslims condemn the Charlie Hebdo shooting http://t.co/ybORInfaLK http://t.co/SLUJRFhy3u,0,thei100,charliehebdo,not_rumour,French Muslims condemn the Charlie Hebdo shooting,7
JUST IN | #France - Shooters target muslim family in their car. http://t.co/us4lplFWNQ http://t.co/2LhbA5w7Ch Escalating..! #CharlieHebdo,0,AmmounAAY,charliehebdo,not_rumour,JUST IN France - Shooters target muslim family in their car. Escalating..! CharlieHebdo,13
Breaking: Gunman linked to 'Charlie Hebdo' shooters takes hostages at kosher grocery store http://t.co/OPZgxUhYlv,1,TIME,charliehebdo,rumour,Breaking Gunman linked to 'Charlie Hebdo' shooters takes hostages at kosher grocery store,13
Cartoon by @davpope sums up today's grim events #JeSuisCharlie http://t.co/nISvINjndM,0,metrokenny,charliehebdo,not_rumour,Cartoon by sums up today's grim events JeSuisCharlie,8
It is very disappointing to read about journalists objecting to the freedom of expression: http://t.co/mXA1gzuscB,0,Nigel_Farage,charliehebdo,not_rumour,It is very disappointing to read about journalists objecting to the freedom of expression,14
"#CharlieHebdo’s Charb: ""I would rather die standing up than live on my knees” http://t.co/u6f5G55osR http://t.co/jEhFMSh0Au",0,froomkin,charliehebdo,not_rumour,"CharlieHebdos Charb ""I would rather die standing up than live on my knees",13
#BREAKING Killed Charlie Hebdo suspects came out firing on security forces: source,1,AFP,charliehebdo,rumour,BREAKING Killed Charlie Hebdo suspects came out firing on security forces source,12
"If your religion is worth killing for, please start with yourself. #ParisShooting #CharlieHebdo http://t.co/zLS0D6MAjy",0,Bipartisanism,charliehebdo,not_rumour,"If your religion is worth killing for, please start with yourself. ParisShooting CharlieHebdo",13
2 brothers suspected in #CharlieHebdo attack killed by police after standoff NE of #Paris. Kosher market hostage-taking reportedly over too.,0,CBCAlerts,charliehebdo,not_rumour,2 brothers suspected in CharlieHebdo attack killed by police after standoff NE of Paris. Kosher market hostage-taking reportedly over too.,20
"#BREAKING - 1 injured in #Paris Kosher supermarket shooting, hostage drama underway &gt;&gt;&gt; http://t.co/UWSXS2YVKU http://t.co/9QtJKgfWxo",1,FRANCE24,charliehebdo,rumour,"BREAKING - 1 injured in Paris Kosher supermarket shooting, hostage drama underway gt gt gt",15
Excellent! The new cinema and art critics #JeSuisCharlie http://t.co/Y2KCVDRWPO,0,Patrick_Baz,charliehebdo,not_rumour,Excellent! The new cinema and art critics JeSuisCharlie,8
"Anybody who wants to talk about what Charlie Hebdo might have done to ""provoke"" this should probably shut up, forever.",0,andrew_mueller,charliehebdo,not_rumour,"Anybody who wants to talk about what Charlie Hebdo might have done to ""provoke"" this should probably shut up, forever.",20
"Sorry, tweeting #JeSuisCharlie doesn't cut it. That doesn't defy Islamism. It's pretend courage. Publish the cartoons http://t.co/191gZiXJFJ",0,ezralevant,charliehebdo,not_rumour,"Sorry, tweeting JeSuisCharlie doesn't cut it. That doesn't defy Islamism. It's pretend courage. Publish the cartoons",16
"#CharlieHebdo suspects killed, according to @AP. http://t.co/BDmxXKlbZG",0,mashable,charliehebdo,not_rumour,"CharlieHebdo suspects killed, according to .",6
"He drew first, by @davpope. #CharlieHebdo #JeSuisCharlie http://t.co/SZ2hx3yBw4",0,PzFeed,charliehebdo,not_rumour,"He drew first, by . CharlieHebdo JeSuisCharlie",7
#BREAKING At least five hostages in Paris kosher supermarket: source,1,AFP,charliehebdo,rumour,BREAKING At least five hostages in Paris kosher supermarket source,10
"JUST IN: Series of explosions, rapid gunfire in eastern Paris near site of second hostage standoff WATCH LIVE: http://t.co/lejX2ubdV6",0,CBSNews,charliehebdo,not_rumour,"JUST IN Series of explosions, rapid gunfire in eastern Paris near site of second hostage standoff WATCH LIVE",18
Minute of silence for #CharlieHebdo. My heart is with France. Together we will protect our values http://t.co/MEB1mSZIm6,0,eucopresident,charliehebdo,not_rumour,Minute of silence for CharlieHebdo. My heart is with France. Together we will protect our values,16
Paris police say 11 dead after shooting at French satirical weekly Charlie Hebdo http://t.co/K4WBMHDNxO,1,TIME,charliehebdo,rumour,Paris police say 11 dead after shooting at French satirical weekly Charlie Hebdo,13
People worldwide are breaking out their pens to pay tribute to #CharlieHebdo shooting victims: http://t.co/wDdqaVkYev http://t.co/TtlxaVvUF8,0,CNN,charliehebdo,not_rumour,People worldwide are breaking out their pens to pay tribute to CharlieHebdo shooting victims,14
Charlie Hebdo: AFP reports another shooting and hostage taken at grocery in eastern Paris – live updates http://t.co/hRyDuB5t0K,1,guardian,charliehebdo,rumour,Charlie Hebdo AFP reports another shooting and hostage taken at grocery in eastern Paris live updates,16
Update - PA: gunman holding hostages in #Paris grocery has been killed,1,SkyNewsBreak,charliehebdo,rumour,Update - PA gunman holding hostages in Paris grocery has been killed,12
Our thoughts go out out to people at Charlie Hebdo and their families. Senseless violence is never the answer. http://t.co/YGscPqvtYM,0,cartoonmovement,charliehebdo,not_rumour,Our thoughts go out out to people at Charlie Hebdo and their families. Senseless violence is never the answer.,19
@Knightcartoons has returned from holidays with a #CharlieHebdo tribute cartoon #JeSuisCharlie http://t.co/o0amBVY9zF,0,theheraldsun,charliehebdo,not_rumour,has returned from holidays with a CharlieHebdo tribute cartoon JeSuisCharlie,10
"I wake up to #NAACPBombing and #CharlieHebdo massacre, the violence of both betraying the insecurity &amp; weakness of the assailants.",0,baratunde,charliehebdo,not_rumour,"I wake up to NAACPBombing and CharlieHebdo massacre, the violence of both betraying the insecurity amp weakness of the assailants.",20
Several Paris supermarket hostages seen being evacuated in photo http://t.co/ueAtB5XvkC http://t.co/UfsJLKp7fg,0,TheWorldPost,charliehebdo,not_rumour,Several Paris supermarket hostages seen being evacuated in photo,9
'We should be able to satirise religion - religion should be able to cope' http://t.co/mgu7P5oMs7 (Pic: F Strazzari) http://t.co/UhvArPhM38,0,Telegraph,charliehebdo,not_rumour,'We should be able to satirise religion - religion should be able to cope' Pic F Strazzari,17
Man violently lifts the Prophet up by the lapels of his cloak asking for money! He smiles and gives him more than he's due. #CharlieHebdo,0,iyad_elbaghdadi,charliehebdo,not_rumour,Man violently lifts the Prophet up by the lapels of his cloak asking for money! He smiles and gives him more than he's due. CharlieHebdo,25
The East London Mosque would like to offer its sincere condolences to the families of those killed during the #CharlieHebdo attacks (1/2),0,elondonmosque,charliehebdo,not_rumour,The East London Mosque would like to offer its sincere condolences to the families of those killed during the CharlieHebdo attacks 1 2,23
"As a Muslim, killing innocent people in the name of Islam is much, much more offensive to me than any cartoon can ever be. #CharlieHebdo",0,iyad_elbaghdadi,charliehebdo,not_rumour,"As a Muslim, killing innocent people in the name of Islam is much, much more offensive to me than any cartoon can ever be. CharlieHebdo",25
"#BREAKING Paris newspaper Charlie Hebdo will come out next week, despite bloodbath: editorialist",0,AFP,charliehebdo,not_rumour,"BREAKING Paris newspaper Charlie Hebdo will come out next week, despite bloodbath editorialist",13
Strongly condemn the attack on #CharlieHebdo. There is no justification for this brutal act. My thoughts are with the families of victims.,0,ashrafghani,charliehebdo,not_rumour,Strongly condemn the attack on CharlieHebdo. There is no justification for this brutal act. My thoughts are with the families of victims.,22
"""Love is stronger than hate"": #CharlieHebdo cover after Molotov cocktail attack on its offices in 2011 http://t.co/0XTOpHNGjw",0,mathieuvonrohr,charliehebdo,not_rumour,"""Love is stronger than hate"" CharlieHebdo cover after Molotov cocktail attack on its offices in 2011",16
Terrorists have opened fire in the Charlie Hebdo newsroom in Paris killing twelve people and wounding many others: http://t.co/qX1u3uVsGF,0,movingpictureTV,charliehebdo,not_rumour,Terrorists have opened fire in the Charlie Hebdo newsroom in Paris killing twelve people and wounding many others,18
French Interior Minister says operation under way to detain 2 #CharlieHebdo suspects http://t.co/2pHnT9UofV,1,BBCBreaking,charliehebdo,rumour,French Interior Minister says operation under way to detain 2 CharlieHebdo suspects,12
French envoy's #CharlieHebdo #Twitter photo goes viral #ParisTerror http://t.co/9oJmJE0OWU http://t.co/Z0CEEFGFeD,0,HeadlinesToday,charliehebdo,not_rumour,French envoy's CharlieHebdo Twitter photo goes viral ParisTerror,8
BREAKING: Hostage taker at Kosher supermarket siege in eastern Paris dead: Le Monde http://t.co/MK4AastvZD,1,Reuters,charliehebdo,rumour,BREAKING Hostage taker at Kosher supermarket siege in eastern Paris dead Le Monde,13
The new world we live in #CharlieHebdo http://t.co/FzwE7O4Pb4,0,MartinDaubney,charliehebdo,not_rumour,The new world we live in CharlieHebdo,7
BREAKING NEWS - Exchange of fire reported in #DammartinEnGoele  http://t.co/2A0s2WxBmZ #CharlieHebdo http://t.co/FuysX2plAj,1,Le_Figaro,charliehebdo,rumour,BREAKING NEWS - Exchange of fire reported in DammartinEnGoele CharlieHebdo,10
"Prediction: the survivors of Charlie Hebdo put out a new issue, the cover of which big Western media will find too offensive to reprint.",0,iowahawkblog,charliehebdo,not_rumour,"Prediction the survivors of Charlie Hebdo put out a new issue, the cover of which big Western media will find too offensive to reprint.",24
French police asking media to not broadcast live images at scene of Paris hostage situation so police locations are not revealed. (@BNONews),0,PzFeed,charliehebdo,not_rumour,French police asking media to not broadcast live images at scene of Paris hostage situation so police locations are not revealed.,21
"This is a terrorist, this is a Muslim: French envoy’s #CharlieHebdo @twitter photo goes viral
http://t.co/Eq0zDMEHEA http://t.co/NWS09tFi8k",0,IndiaToday,charliehebdo,not_rumour,"This is a terrorist, this is a Muslim French envoys CharlieHebdo photo goes viral",14
"""Several men in black cagoules were heard to shout 'the Prophet has been avenged.'"" http://t.co/wu7XfGcZsM",1,timothy_stanley,charliehebdo,rumour,"""Several men in black cagoules were heard to shout 'the Prophet has been avenged.'""",14
Times Now is pillorying Mani Shankar Iyer for 'backlash' remark on #CharlieHebdo.Why spare Kiran Bedi's 'provoke/poke' tweet tho?,0,kavita_krishnan,charliehebdo,not_rumour,Times Now is pillorying Mani Shankar Iyer for 'backlash' remark on CharlieHebdo.Why spare Kiran Bedi's 'provoke poke' tweet tho?,19
Several mosques in France allegedly attacked after the #CharlieHebdo massacre: http://t.co/nAXb9CjxPw http://t.co/N04rvxa6B4,0,vicenews,charliehebdo,not_rumour,Several mosques in France allegedly attacked after the CharlieHebdo massacre,10
On Weds Saudi Arabia condemned #CharlieHebdo as 'cowardly attack'. Today they flogged Raif Badawi for encouraging free speech.,0,AmnestyUK,charliehebdo,not_rumour,On Weds Saudi Arabia condemned CharlieHebdo as 'cowardly attack'. Today they flogged Raif Badawi for encouraging free speech.,18
"More than the terrorist, its people like @SudheenKulkarni who are Blot on the society.
#ParisShooting #CharlieHebdo http://t.co/8eB7ewyi9W",0,gauravaery,charliehebdo,not_rumour,"More than the terrorist, its people like who are Blot on the society. ParisShooting CharlieHebdo",15
Amazing @AFP photo apparently of hostages at #Paris supermarket siege being carried away. All app alive #c4news http://t.co/u9eIZVG0xE,0,thompwalker,charliehebdo,not_rumour,Amazing photo apparently of hostages at Paris supermarket siege being carried away. All app alive c4news,16
BREAKING: Police search northern France gas station local media says was allegedly robbed by #CharlieHebdo suspects. http://t.co/BTqdPhZdL9,1,cnni,charliehebdo,rumour,BREAKING Police search northern France gas station local media says was allegedly robbed by CharlieHebdo suspects.,16
Charlie Hebdo: The ‘them and us’ narrative is a dangerous downward spiral http://t.co/q7JrIf9tvG @commentisfree,0,guardian,charliehebdo,not_rumour,Charlie Hebdo The them and us narrative is a dangerous downward spiral,12
Military helicopters seen dropping special forces in fields around Dammartin-en-Goele - @SkyNews http://t.co/tap0ntW3Rg,1,NewsOnTheMin,charliehebdo,rumour,Military helicopters seen dropping special forces in fields around Dammartin-en-Goele -,11
If all white people aren't responsible for #NAACPBombing than neither should all Muslims be responsible for #CharlieHebdo. #JeSuisCharlie,0,abgutman,charliehebdo,not_rumour,If all white people aren't responsible for NAACPBombing than neither should all Muslims be responsible for CharlieHebdo. JeSuisCharlie,18
Police: Two hostage situations near Paris believed to be related to the attack at #CharlieHebdo. Watch: http://t.co/1ozVYpL5rG,0,CNNVideo,charliehebdo,not_rumour,Police Two hostage situations near Paris believed to be related to the attack at CharlieHebdo. Watch,16
24 of the most powerful cartoons related to the #CharlieHebdo tragedy: http://t.co/I85pBNMKVj http://t.co/6YqHTA9REP,0,cnni,charliehebdo,not_rumour,24 of the most powerful cartoons related to the CharlieHebdo tragedy,11
This image and hashtag trending in France after #CharlieHebdo attack: #JeSuisCharlie http://t.co/tIsfbxHCkO,0,DavidClinchNews,charliehebdo,not_rumour,This image and hashtag trending in France after CharlieHebdo attack JeSuisCharlie,11
The Eiffel Tower went dark Thursday evening to honor victims of #CharlieHebdo attack: http://t.co/MTOkoGt8RL http://t.co/rmEbItK2Og,0,WSJ,charliehebdo,not_rumour,The Eiffel Tower went dark Thursday evening to honor victims of CharlieHebdo attack,13
Asterix and Obelix pay tribute to #CharlieHebdo victims (via @asterixofficiel) http://t.co/ssgYsoKoIC,0,elenacresci,charliehebdo,not_rumour,Asterix and Obelix pay tribute to CharlieHebdo victims via,9
#BREAKING : Both hostages in #Dammartin and #Paris are free and safe http://t.co/LdSF5QeCiv,1,FRANCE24,charliehebdo,rumour,BREAKING Both hostages in Dammartin and Paris are free and safe,11
"Does Free Speech need defending? 10 magazine editors gunned down over satirical cartoons. Yes, it needs defending. https://t.co/mvr6JSGhzf",0,archon,charliehebdo,not_rumour,"Does Free Speech need defending? 10 magazine editors gunned down over satirical cartoons. Yes, it needs defending.",17
Intolerance cannot be an answer to Intolerance.Has to be unequivocal condemnation of the terror attack as well as attacks on Paris mosques,0,BDUTT,charliehebdo,not_rumour,Intolerance cannot be an answer to Intolerance.Has to be unequivocal condemnation of the terror attack as well as attacks on Paris mosques,22
"Unconfirmed reports that #CharlieHebdo attackers shouted ""The Prophet is avenged"" and used a rocket launcher. This is next level ****.",1,LibyaLiberty,charliehebdo,rumour,"Unconfirmed reports that CharlieHebdo attackers shouted ""The Prophet is avenged"" and used a rocket launcher. This is next level .",20
"I'm a Muslim. And I assure you that we aren't terrorists as u think we are. And Islam doesn't teach us to kill or anything

#JeSuisCharlie",0,YoimSamy,charliehebdo,not_rumour,I'm a Muslim. And I assure you that we aren't terrorists as u think we are. And Islam doesn't teach us to kill or anything JeSuisCharlie,26
#CharlieHebdo: what we know so far http://t.co/7GgpZ4tKlF http://t.co/yMGSiOnl3H,0,Claire_Phipps,charliehebdo,not_rumour,CharlieHebdo what we know so far,6
Rural region of northern France searched in hunt for #CharlieHebdo gunmen - latest updates http://t.co/7iVIN3nqCv http://t.co/YrdUIOjrZF,1,BBCWorld,charliehebdo,rumour,Rural region of northern France searched in hunt for CharlieHebdo gunmen - latest updates,14
French police set up checkpoints 12 miles from a gas station where #CharlieHebdo suspects were reported seen http://t.co/ZBKD5DObyk,0,cnnbrk,charliehebdo,not_rumour,French police set up checkpoints 12 miles from a gas station where CharlieHebdo suspects were reported seen,17
"Apple, the ""Je suis Charlie"" banner on your french site is pointless: host Charlie Hebdo on your kiosk for free _NOW_ And stop censorship.",0,glazou,charliehebdo,not_rumour,"Apple, the ""Je suis Charlie"" banner on your french site is pointless host Charlie Hebdo on your kiosk for free NOW And stop censorship.",24
Hundreds of police at siege in Dammartin-en-Goele. Follow our #CharlieHebdo coverage: http://t.co/jMOZXPaSOJ http://t.co/kPAlm9TQwQ,1,BBCBreaking,charliehebdo,rumour,Hundreds of police at siege in Dammartin-en-Goele. Follow our CharlieHebdo coverage,11
Photo: Explosion at printworks factory #CharlieHebdo #ParisAttacks via @SkyNewsBreak http://t.co/918V2HK9CT http://t.co/7T19sihsjH,0,rConflictNews,charliehebdo,not_rumour,Photo Explosion at printworks factory CharlieHebdo ParisAttacks via,8
Smoke seen coming from building where Charlie Hebdo attack suspects located. WATCH LIVE: http://t.co/bcZryCQxuV,0,ReutersLive,charliehebdo,not_rumour,Smoke seen coming from building where Charlie Hebdo attack suspects located. WATCH LIVE,13
France's top security official confirms that 3 gunmen carried out the attack on #CharlieHebdo http://t.co/gL0vcc2IP5,1,FoxNews,charliehebdo,rumour,France's top security official confirms that 3 gunmen carried out the attack on CharlieHebdo,14
#CharlieHebdo shooting suspects tell police they 'prepared to die as martyrs' - French media http://t.co/G6eunBDIrj http://t.co/jOnfaapehF,1,RT_com,charliehebdo,rumour,CharlieHebdo shooting suspects tell police they 'prepared to die as martyrs' - French media,14
"A mosque in #AixLesBains burnt to the ground but it doesnt interest any media nor the gov @LaLegende77 
#CharlieHebdo http://t.co/HSkLe9S0Py",0,ArabDissident,charliehebdo,not_rumour,A mosque in AixLesBains burnt to the ground but it doesnt interest any media nor the gov CharlieHebdo,18
France's interior minister says operation to detain Charlie Hebdo suspects is now underway northeast of Paris - @AP http://t.co/ZFJYh80uxy,1,BreakingNews,charliehebdo,rumour,France's interior minister says operation to detain Charlie Hebdo suspects is now underway northeast of Paris -,17
Paris police name 2 police officers killed at Charlie Hebdo building as Franck Brinsolaro and Ahmed Merabet - @NBCNews,0,BreakingNews,charliehebdo,not_rumour,Paris police name 2 police officers killed at Charlie Hebdo building as Franck Brinsolaro and Ahmed Merabet -,18
#CharlieHebdo Attack. I have just been asked by AlJazeera if CharlieHebdo journalists should apologize (for making fun at Islamists).,0,AgnesCPoirier,charliehebdo,not_rumour,CharlieHebdo Attack. I have just been asked by AlJazeera if CharlieHebdo journalists should apologize for making fun at Islamists .,20
Update - police say gunman in #Paris grocery threatens to kill hostages if police storm suspected #CharlieHebdo gunmen in Dammartin-en-Goele,1,SkyNewsBreak,charliehebdo,rumour,Update - police say gunman in Paris grocery threatens to kill hostages if police storm suspected CharlieHebdo gunmen in Dammartin-en-Goele,20
This #cartoon sums up the absurdity of the killings. #CharlieHebdo #ParisShooting #parisattack http://t.co/xBus9qWLpa,0,SirJadeja,charliehebdo,not_rumour,This cartoon sums up the absurdity of the killings. CharlieHebdo ParisShooting parisattack,12
Why #CharlieHebdo attack outrages me yet I won't publish its cartoons. Why I'd defend #PK but ask MF Husain questions http://t.co/2s4nugBYq7,0,ShekharGupta,charliehebdo,not_rumour,Why CharlieHebdo attack outrages me yet I won't publish its cartoons. Why I'd defend PK but ask MF Husain questions,20
"We can never allow the barbaric savagery of islamic extremism to defeat our right to free speech. 
#CharlieHebdo http://t.co/YmQqlYNbnx",0,RitaPanahi,charliehebdo,not_rumour,We can never allow the barbaric savagery of islamic extremism to defeat our right to free speech. CharlieHebdo,18
Hostages taken at Paris kosher supermarket. LIVE coverage: http://t.co/pPdZtg397o http://t.co/sfTrtKY2wr,0,ReutersLive,charliehebdo,not_rumour,Hostages taken at Paris kosher supermarket. LIVE coverage,8
Please Retweet - to show your support for #FreedomOfSpeech ! #ParisShooting #RedNationRising #RIP #CharlieHebdo http://t.co/QZw0kjw7C2,0,JonasChr88,charliehebdo,not_rumour,Please Retweet - to show your support for FreedomOfSpeech ! ParisShooting RedNationRising RIP CharlieHebdo,14
"While the West fought foreign wars, we ignored the threat from within our own societies says @Nigel_Farage  http://t.co/cJ8lyelD5U",0,UKIP,charliehebdo,not_rumour,"While the West fought foreign wars, we ignored the threat from within our own societies says",16
"""I have never once in my life seen a fanatic with a sense of humor."" --Amos Oz #CharlieHebdo",0,warren_bass,charliehebdo,not_rumour,"""I have never once in my life seen a fanatic with a sense of humor."" --Amos Oz CharlieHebdo",18
LIVE: Paris on alert as gunmen kill twelve in massacre at #CharlieHebdo magazine office: http://t.co/q0K4AorQmJ http://t.co/rb4DycPVeC,1,vicenews,charliehebdo,rumour,LIVE Paris on alert as gunmen kill twelve in massacre at CharlieHebdo magazine office,14
"MT @grasswire: #CharlieHebdo editor, assassinated today, in 2012:""I prefer to die standing than to live on my knees."" http://t.co/nUceGIaD03",0,JackieBodnar,charliehebdo,not_rumour,"MT CharlieHebdo editor, assassinated today, in 2012 ""I prefer to die standing than to live on my knees.""",18
11 dead as shots fired at French satirical weekly #CharlieHebdo. Photo: Philippe Dupeyrat  #AFP http://t.co/q38epI1b8b,1,AFPphoto,charliehebdo,rumour,11 dead as shots fired at French satirical weekly CharlieHebdo. Photo Philippe Dupeyrat AFP,14
Terror has no religion. Prophet has been Avenged. #CharlieHebdo #ParisShooting http://t.co/pi4ttSdQs3,0,ivivekbansal,charliehebdo,not_rumour,Terror has no religion. Prophet has been Avenged. CharlieHebdo ParisShooting,10
A million copies of Charlie Hebdo will be published on Wednesday http://t.co/LS77tY8ySQ http://t.co/eOYjJxnbpe,0,BuzzFeedNews,charliehebdo,not_rumour,A million copies of Charlie Hebdo will be published on Wednesday,11
"RT @Yair_Rosenberg: Um, the International Business Times is running a piece blaming #CharlieHebdo attack on Israel
http://t.co/2ndLXiupSP h…",0,SchoolChildhood,charliehebdo,not_rumour,"Um, the International Business Times is running a piece blaming CharlieHebdo attack on Israel h",15
Editorial cartoonist @AnnTelnaes on the Charlie Hebdo attack: http://t.co/8F10iZJdIE http://t.co/NvmXqT6U3t,0,washingtonpost,charliehebdo,not_rumour,Editorial cartoonist on the Charlie Hebdo attack,7
At least 12 dead in the Paris shooting. Updated story and background info: http://t.co/QlPpQ2ss8j #CharlieHebdo http://t.co/DwMlafsD6K,1,WSJ,charliehebdo,rumour,At least 12 dead in the Paris shooting. Updated story and background info CharlieHebdo,14
"#CharlieHebdo's editor Charb, assassinated today, said in 2012:""I prefer to die standing than to live on my knees.""
http://t.co/2RDzpf14VR",0,AgnesCPoirier,charliehebdo,not_rumour,"CharlieHebdo's editor Charb, assassinated today, said in 2012 ""I prefer to die standing than to live on my knees.""",19
Why there's tension between France and its Muslim population http://t.co/FVPFa8TQXf #CharlieHebdo,0,TIME,charliehebdo,not_rumour,Why there's tension between France and its Muslim population CharlieHebdo,10
"Following the #CharlieHebdo attack, three quarters of you say the media should publish satirical religious cartoons. http://t.co/RThtgxo70c",0,SkyNews,charliehebdo,not_rumour,"Following the CharlieHebdo attack, three quarters of you say the media should publish satirical religious cartoons.",16
"On Israeli TV, an Israeli woman speaks of her nephew,a mother with 6 month old baby, held hostage in the supermarket in Paris. #JeSuisJuif",1,AvitalLeibovich,charliehebdo,rumour,"On Israeli TV, an Israeli woman speaks of her nephew,a mother with 6 month old baby, held hostage in the supermarket in Paris. JeSuisJuif",24
"A million copies of Charlie Hebdo will be published Wednesday to show “stupidity will not win”
http://t.co/nwdVxrc5f9 http://t.co/JXCOKGeTJC",0,BuzzFeedUK,charliehebdo,not_rumour,A million copies of Charlie Hebdo will be published Wednesday to show stupidity will not win,16
LIVE - 11 dead in shooting at HQ of satirical weekly @Charlie_Hebdo_ in Paris (police source)  https://t.co/4yt6nafpIg #CharlieHebdo,1,FRANCE24,charliehebdo,rumour,LIVE - 11 dead in shooting at HQ of satirical weekly in Paris police source CharlieHebdo,16
"BREAKING: Gunfire at store in Porte de Vincennes, eastern Paris - reports http://t.co/cI8cztQjE6",1,RT_com,charliehebdo,rumour,"BREAKING Gunfire at store in Porte de Vincennes, eastern Paris - reports",12
"Police say 11 now dead in ""carnage"" at #CharlieHebdo HQ in Paris - follow our coverage: http://t.co/IClDjevRnB http://t.co/aQkN3PMfkt",1,BBCBreaking,charliehebdo,rumour,"Police say 11 now dead in ""carnage"" at CharlieHebdo HQ in Paris - follow our coverage",16
BREAKING: Gunshots heard at printing plant northeast of Paris where 2 brothers have taken a hostage.,0,AP,charliehebdo,not_rumour,BREAKING Gunshots heard at printing plant northeast of Paris where 2 brothers have taken a hostage.,16
"Pens aloft. UK MPs, peers and Parliamentary staff stand in solidarity with the people of France. #JeSuisCharlie http://t.co/ztJPZedJB7",0,UKLabour,charliehebdo,not_rumour,"Pens aloft. UK MPs, peers and Parliamentary staff stand in solidarity with the people of France. JeSuisCharlie",17
MORE: At least 5 hostages are reported held by gunman in eastern Paris kosher grocery store http://t.co/cI8cztQjE6 http://t.co/sdCcVi7dcf,1,RT_com,charliehebdo,rumour,MORE At least 5 hostages are reported held by gunman in eastern Paris kosher grocery store,16
"That oil-hungry #CharlieHebdo with its murderous foreign policy. 

#religionofpeace",0,aliamjadrizvi,charliehebdo,not_rumour,That oil-hungry CharlieHebdo with its murderous foreign policy. religionofpeace,9
"Ten people killed in attack at offices of satirical French magazine Charlie Hebdo, Paris prosecutors say http://t.co/czyz6voZTw",1,BBCBreaking,charliehebdo,rumour,"Ten people killed in attack at offices of satirical French magazine Charlie Hebdo, Paris prosecutors say",16
Muslim leaders worldwide have condemned the Charlie Hebdo attacks. But you won't learn that by watching @FoxNews. http://t.co/Io6mrpxvb3,0,stevesilberman,charliehebdo,not_rumour,Muslim leaders worldwide have condemned the Charlie Hebdo attacks. But you won't learn that by watching .,17
"France: Since last night, gunfire and bombings have targeted two mosques, a prayer room, and a Muslim family's car. http://t.co/fXrG6y2uvX",0,MahmoudRamsey,charliehebdo,not_rumour,"France Since last night, gunfire and bombings have targeted two mosques, a prayer room, and a Muslim family's car.",19
"""Yo, Charlie Hebdo, I'm really sad for you, I'ma let you finish, but la best galette of all time is reportée au 17 janvier.""
— Balkanye West",0,Ilagee,charliehebdo,not_rumour,"""Yo, Charlie Hebdo, I'm really sad for you, I'ma let you finish, but la best galette of all time is reporte au 17 janvier."" Balkanye West",26
"""I do not agree with what you have to say, but I'll defend to the death your right to say it."" - Voltaire #CharlieHebdo",0,CharlesMBlow,charliehebdo,not_rumour,"""I do not agree with what you have to say, but I'll defend to the death your right to say it."" - Voltaire CharlieHebdo",24
Survivors will publish #CharlieHebdo next week -- and they're printing a million copies (10x usual): http://t.co/t6MHn54Jd1,0,cnni,charliehebdo,not_rumour,Survivors will publish CharlieHebdo next week -- and they're printing a million copies 10x usual,15
"Cartoon from The New Yorker, September 2012 #CharlieHebdo http://t.co/CeU2nZutSr",0,AndrewBloch,charliehebdo,not_rumour,"Cartoon from The New Yorker, September 2012 CharlieHebdo",8
1st they came for the Jews. Then they came for the Jews again &amp; again... then they came for #CharlieHebdo. Then they came for the Jews again,0,EVKontorovich,charliehebdo,not_rumour,1st they came for the Jews. Then they came for the Jews again amp again... then they came for CharlieHebdo. Then they came for the Jews again,27
If you want to show your support for @Charlie_Hebdo_ please share this cartoon. #JeSuisCharlie http://t.co/PUSeSPujYA,0,dougchavez,charliehebdo,not_rumour,If you want to show your support for please share this cartoon. JeSuisCharlie,13
Assange: The world must now avenge Charlie Hebdo by swiftly republishing all their cartoons. Censorship attacks are a losing move.,0,wikileaks,charliehebdo,not_rumour,Assange The world must now avenge Charlie Hebdo by swiftly republishing all their cartoons. Censorship attacks are a losing move.,20
Amateur video shows chaos of Paris shooting: http://t.co/LEUbEHynyX  #CharlieHebdo http://t.co/2T355HIHgh,0,cnni,charliehebdo,not_rumour,Amateur video shows chaos of Paris shooting CharlieHebdo,8
"Yes, tweet actual covers instead of the mere #JeSuisCharlie. They are, after all, what the bullies can’t handle. http://t.co/ukRpofTzK0”",0,SASchoenfeld,charliehebdo,not_rumour,"Yes, tweet actual covers instead of the mere JeSuisCharlie. They are, after all, what the bullies cant handle.",18
BREAKING NEWS: Market gunman threatens to kill hostages if police storm terrorist brothers. -Paris police,1,PzFeed,charliehebdo,rumour,BREAKING NEWS Market gunman threatens to kill hostages if police storm terrorist brothers. -Paris police,15
A crowd gathered in Toulouse for the national moment of silence for the #CharlieHebdo victims http://t.co/2AcfAIiVMR http://t.co/QrMRIxpA5N,0,nytimesworld,charliehebdo,not_rumour,A crowd gathered in Toulouse for the national moment of silence for the CharlieHebdo victims,15
"Breaking: Two hostage situations in France are linked, Paris prosecutor says",1,ABC,charliehebdo,rumour,"Breaking Two hostage situations in France are linked, Paris prosecutor says",11
DEVELOPING: 2 reported dead in second hostage situation at Paris grocery store http://t.co/F4K3C1lot7,1,FoxNews,charliehebdo,rumour,DEVELOPING 2 reported dead in second hostage situation at Paris grocery store,12
"Instead of focusing on the recent dead in Paris, we should keep in mind that Islamists have committed 24,784 deadly attacks since 9/11.",0,securitythinker,charliehebdo,not_rumour,"Instead of focusing on the recent dead in Paris, we should keep in mind that Islamists have committed 24,784 deadly attacks since 9 11.",24
BREAKING: 10 reportedly shot dead at Paris HQ of French weekly Charlie Hebdo http://t.co/5F1DOwzoCQ,1,Independent,charliehebdo,rumour,BREAKING 10 reportedly shot dead at Paris HQ of French weekly Charlie Hebdo,13
Gunfire and explosions heard at second #Paris hostage site. Live reporting from @jimsciutto on CNN http://t.co/HAhU3MDTUj,0,cnnbrk,charliehebdo,not_rumour,Gunfire and explosions heard at second Paris hostage site. Live reporting from on CNN,14
"Paris sieges are over, all gunmen are dead and all hostages are alive, reporter says on @AFP, citing police sources and statements",0,dmrider,charliehebdo,not_rumour,"Paris sieges are over, all gunmen are dead and all hostages are alive, reporter says on , citing police sources and statements",22
"A history of Charlie Hebdo, the satire magazine targeted in Wednesday's terrorist attack http://t.co/nHWHZGAdQZ http://t.co/6DH0G6tqtb",0,TheAtlantic,charliehebdo,not_rumour,"A history of Charlie Hebdo, the satire magazine targeted in Wednesday's terrorist attack",13
"even after #CharlieHebdo massacre,journalists like @sagarikaGhose (in todays #HindustanTimes) wl continue t defend #islam &amp; run down Hindus",0,fgautier26,charliehebdo,not_rumour,"even after CharlieHebdo massacre,journalists like in todays HindustanTimes wl continue t defend islam amp run down Hindus",17
"The shooting at French magazine #CharlieHebdo is a hideous attack on free speech, not just in Paris but everywhere",0,KateAllenAI,charliehebdo,not_rumour,"The shooting at French magazine CharlieHebdo is a hideous attack on free speech, not just in Paris but everywhere",19
"To those who believe terror works - the Charlie Hebdo print run for next week's issue increased from its usual 60,000 copies to one million.",0,TonyParsonsUK,charliehebdo,not_rumour,"To those who believe terror works - the Charlie Hebdo print run for next week's issue increased from its usual 60,000 copies to one million.",25
Social media users show solidarity for #CharlieHebdo with #JeSuisCharlie hashtag http://t.co/v0m1buPOMy http://t.co/mci5nwDlDQ,0,SkyNews,charliehebdo,not_rumour,Social media users show solidarity for CharlieHebdo with JeSuisCharlie hashtag,10
Too many equivocating opinion pieces on #CharlieHebdo. The quality of satire or speech is irrelevant. Murder for 'blasphemy' is an outrage.,0,JohnAmaechi,charliehebdo,not_rumour,Too many equivocating opinion pieces on CharlieHebdo. The quality of satire or speech is irrelevant. Murder for 'blasphemy' is an outrage.,21
"#banksy You can try to break the pencil but it will multiply...
#jesuischarlie http://t.co/iO1xSrQTvg",1,Pisarski,charliehebdo,rumour,banksy You can try to break the pencil but it will multiply... jesuischarlie,13
"Cartoon from #Egypt daily @AlMasryAlYoum #JeSuisCharlie #CharlieHebdo ""Long Live Satire!"" on the top http://t.co/IyCJdgKtgz",0,mfatta7,charliehebdo,not_rumour,"Cartoon from Egypt daily JeSuisCharlie CharlieHebdo ""Long Live Satire!"" on the top",12
"In reporting the #CharlieHebdo terrorist attack, @Telegraph blurs out the French mag's cover cartoon of Mohammed http://t.co/8SDCsSVlc8",0,IlanBenZion,charliehebdo,not_rumour,"In reporting the CharlieHebdo terrorist attack, blurs out the French mag's cover cartoon of Mohammed",15
#CharlieHebdo famous cartoonists Charb and Cabu shot dead according to reports http://t.co/4wugwxfVjj http://t.co/SblgDDXGiD,1,Independent,charliehebdo,rumour,CharlieHebdo famous cartoonists Charb and Cabu shot dead according to reports,11
French fashion unites again terror: http://t.co/dumReEgH64 #JeSuisCharlie http://t.co/FnzgWZ0fzn,0,BritishVogue,charliehebdo,not_rumour,French fashion unites again terror JeSuisCharlie,6
The suspect in a Paris kosher supermarket siege killed two people and is holding hostages http://t.co/5SVEWDrw1F,1,nytimes,charliehebdo,rumour,The suspect in a Paris kosher supermarket siege killed two people and is holding hostages,15
"Everybody has the right to mock religion. Mock religion, specially that one which  doesn't want to be mocked. #charliehebdo",0,taslimanasreen,charliehebdo,not_rumour,"Everybody has the right to mock religion. Mock religion, specially that one which doesn't want to be mocked. charliehebdo",19
Cartoons don't insult me or my religion the brutal murder of innocent people does #JeSuisCharlie http://t.co/hxnMFztgom,0,HumzaYousaf,charliehebdo,not_rumour,Cartoons don't insult me or my religion the brutal murder of innocent people does JeSuisCharlie,15
"R.I.P. Ahmed Merabet, a French #Muslim Cop, first victim of #CharlieHebdo attack http://t.co/vEHq0PAZwE",1,JeffersonObama,charliehebdo,rumour,"R.I.P. Ahmed Merabet, a French Muslim Cop, first victim of CharlieHebdo attack",12
"#ICYMI UnReal Toon: We stand with you, Charlie Hebdo (via @sagarcartoonist with @ajayendar) #CharlieHebdo http://t.co/mKrUBiUrg5",0,TheUnRealTimes,charliehebdo,not_rumour,"ICYMI UnReal Toon We stand with you, Charlie Hebdo via with CharlieHebdo",12
"Reports: Armed man takes multiple hostages in Paris kosher grocery store, SWAT teams on scene http://t.co/dU9efPMFeV",0,HuffingtonPost,charliehebdo,not_rumour,"Reports Armed man takes multiple hostages in Paris kosher grocery store, SWAT teams on scene",15
'It's a massacre. There are dead!' employee of Charlie Hebdo tells French media outlet before call disconnects http://t.co/Q27XnP3AS3,0,RT_com,charliehebdo,not_rumour,'It's a massacre. There are dead!' employee of Charlie Hebdo tells French media outlet before call disconnects,17
"Rt if you respect Muslims ( not the fanatics)

#JeSuisCharlie
#RespectForMuslims",0,YoimSamy,charliehebdo,not_rumour,if you respect Muslims not the fanatics JeSuisCharlie RespectForMuslims,9
"Suspects in #CharlieHebdo attack identified by police as Said Kouachi, Cherif Kouachi &amp; Hamyd Mourad http://t.co/kTtysbF7fX",1,BBCBreaking,charliehebdo,rumour,"Suspects in CharlieHebdo attack identified by police as Said Kouachi, Cherif Kouachi amp Hamyd Mourad",15
Over 65k Twitter users show solidarity with French satirical magazine #CharlieHebdo http://t.co/Rgy00SExUr http://t.co/GdRMUbB9c6,0,itvnews,charliehebdo,not_rumour,Over 65k Twitter users show solidarity with French satirical magazine CharlieHebdo,11
"BREAKING: #CharlieHebdo terror suspects killed in police raid, hostage freed, @AFP reports http://t.co/Ema5cTI48c",0,business,charliehebdo,not_rumour,"BREAKING CharlieHebdo terror suspects killed in police raid, hostage freed, reports",11
Breitbart has reprinted some of the cartoons that prompted today’s attack http://t.co/E68zb7VPx8 #StreisandEffectForGood,0,Nero,charliehebdo,not_rumour,Breitbart has reprinted some of the cartoons that prompted todays attack StreisandEffectForGood,12
"BREAKING: Another shooting and hostage situation is reported in Paris, at least 2 dead http://t.co/Dysuh2lHH3",1,peoplemag,charliehebdo,rumour,"BREAKING Another shooting and hostage situation is reported in Paris, at least 2 dead",14
Convoy of police cars rushing toward town northeast of Paris amid reports of hostages taken - @FRANCE24 broadcast http://t.co/ZFJYh80uxy,1,BreakingNews,charliehebdo,rumour,Convoy of police cars rushing toward town northeast of Paris amid reports of hostages taken - broadcast,17
"They should stop making attacks they are giving a bad image to Islam

#CharlieHebdo http://t.co/S6gj7aAoYc",0,YoimSamy,charliehebdo,not_rumour,They should stop making attacks they are giving a bad image to Islam CharlieHebdo,14
Eiffel Tower went dark last night in tribute to the victims of the #CharlieHebdo attack. http://t.co/zG9jA7M6Kb,0,TODAYshow,charliehebdo,not_rumour,Eiffel Tower went dark last night in tribute to the victims of the CharlieHebdo attack.,15
"#JeSuisCharlie trends as social media users express solidarity over Charlie Hebdo attack
http://t.co/4obxI0pj01 http://t.co/eJxcBHyPkE",0,BuzzFeedUK,charliehebdo,not_rumour,JeSuisCharlie trends as social media users express solidarity over Charlie Hebdo attack,12
".@USEmbassyFrance changes its avatar on Twitter to ""Je Suis Charlie"" after attack on #CharlieHebdo. http://t.co/zX8Faxp0Zm",0,ChristopherJM,charliehebdo,not_rumour,". changes its avatar on Twitter to ""Je Suis Charlie"" after attack on CharlieHebdo.",14
"They wanted to bring France to her knees. Instead, France stood up. #JeSuisCharlie http://t.co/btQfyAh4ps",0,meganlucy1989,charliehebdo,not_rumour,"They wanted to bring France to her knees. Instead, France stood up. JeSuisCharlie",13
"President Obama condemns Paris attack, calls it 'terrorist attack' &amp; pledges U.S. assistance: http://t.co/MY0hCwAzu8 http://t.co/ZtcYlciEBA",0,YahooNews,charliehebdo,not_rumour,"President Obama condemns Paris attack, calls it 'terrorist attack' amp pledges U.S. assistance",13
"Armed with kalachnikovs &amp; rocketlauncher, 2 men open fire at French satirical mag Charlie Hebdo that published Prophet Mohamed cartoons @AFP",1,jenanmoussa,charliehebdo,rumour,"Armed with kalachnikovs amp rocketlauncher, 2 men open fire at French satirical mag Charlie Hebdo that published Prophet Mohamed cartoons",20
French Justice Minister C.Taubira reacts outside of the headquarters of the satirical newspaper #CharlieHebdo #AFP http://t.co/CwvowQMR12,0,AFPphoto,charliehebdo,not_rumour,French Justice Minister C.Taubira reacts outside of the headquarters of the satirical newspaper CharlieHebdo AFP,15
BREAKING: Police official: Hostage-taker at Paris market appears linked to newspaper attack suspects.,1,AP,charliehebdo,rumour,BREAKING Police official Hostage-taker at Paris market appears linked to newspaper attack suspects.,13
#France has a problem (and quite a serious one) #CharlieHebdo http://t.co/H15l2ARF3d,0,abelicc,charliehebdo,not_rumour,France has a problem and quite a serious one CharlieHebdo,10
The brutal terrorist attack on Charlie Hebdo is an assault on freedom everywhere http://t.co/1kDSVozku8 via @nytopinion,0,nytimes,charliehebdo,not_rumour,The brutal terrorist attack on Charlie Hebdo is an assault on freedom everywhere via,14
"#MaryamrajaviI offer my condolences to families of the victims, French Government and people in this tragic attack #CharlieHebdo #Paris",0,Maryam_Rajavi,charliehebdo,not_rumour,"MaryamrajaviI offer my condolences to families of the victims, French Government and people in this tragic attack CharlieHebdo Paris",19
"""Love is stronger than hate"" http://t.co/MBLPj31t8i  #CharlieHebdo http://t.co/3BeTrwpgCN",0,pinknews,charliehebdo,not_rumour,"""Love is stronger than hate"" CharlieHebdo",6
From Paris to #Peshawar: Answer with #HumanRights. http://t.co/mXGHOTro2L #CharlieHebdo,0,amnesty,charliehebdo,not_rumour,From Paris to Peshawar Answer with HumanRights. CharlieHebdo,8
This is the #CharlieHebdo cover of Prophet Mohammed that provoked firebombing of its offices http://t.co/hOUA9DrVaK http://t.co/vDj5EGiRRq,0,DJack_Journo,charliehebdo,not_rumour,This is the CharlieHebdo cover of Prophet Mohammed that provoked firebombing of its offices,14
We are observing a minute's silence at 11am today. If you support press freedom please share &amp; join us #JeSuisCharlie http://t.co/8VqK7VnrV5,0,DailyMirror,charliehebdo,not_rumour,We are observing a minute's silence at 11am today. If you support press freedom please share amp join us JeSuisCharlie,20
Every time I think I see the best #CharlieHebdo cartoon another great one comes out. #JeSuisCharlie http://t.co/UzOVNAsx8G,0,Bipartisanism,charliehebdo,not_rumour,Every time I think I see the best CharlieHebdo cartoon another great one comes out. JeSuisCharlie,16
#JeSuisCharlie: Messages of solidarity after Paris attack http://t.co/w1K5T3icfk http://t.co/xj3UZ6kY7c,0,mashable,charliehebdo,not_rumour,JeSuisCharlie Messages of solidarity after Paris attack,7
Political cartoonists are mourning #CharlieHebdo by retaliating the only way they know how. On pen and paper. http://t.co/0GLdlkk5ja,0,Bipartisanism,charliehebdo,not_rumour,Political cartoonists are mourning CharlieHebdo by retaliating the only way they know how. On pen and paper.,17
"The right to mock &amp; criticise religion is a key tenet of a free and democratic society, whether it be Islam or Christianity. #CharlieHebdo",0,JuliaHB1,charliehebdo,not_rumour,"The right to mock amp criticise religion is a key tenet of a free and democratic society, whether it be Islam or Christianity. CharlieHebdo",24
BREAKING: Paris prosecutor: Gunman with hostages in kosher market in eastern Paris; police SWAT on scene.,1,AP,charliehebdo,rumour,BREAKING Paris prosecutor Gunman with hostages in kosher market in eastern Paris police SWAT on scene.,16
What jihadists are saying about the deadly attack on French magazine Charlie Hebdo http://t.co/52DsuKv9X4 http://t.co/peQ2pCpHvo,0,NBCNews,charliehebdo,not_rumour,What jihadists are saying about the deadly attack on French magazine Charlie Hebdo,13
FLASHBACK: White House condemns #CharlieHebdo cartoons (9/9/12) http://t.co/4YbAJRGwXb,0,ellencarmichael,charliehebdo,not_rumour,FLASHBACK White House condemns CharlieHebdo cartoons 9 9 12,9
Minute's silence to be held in France at top of the hour to remember victims of the Paris shooting. #JeSuisCharlie http://t.co/Z6VNeoUPTq,0,grainnemcc,charliehebdo,not_rumour,Minute's silence to be held in France at top of the hour to remember victims of the Paris shooting. JeSuisCharlie,20
Best response to #CharlieHebdo attack -- other than catching and punishing killers -- is to escalate blasphemous satire.,0,jacobwe,charliehebdo,not_rumour,Best response to CharlieHebdo attack -- other than catching and punishing killers -- is to escalate blasphemous satire.,18
Gunman Takes Hostage In Paris Shop - Report http://t.co/BbPuxPz8Fk,1,SkyNews,charliehebdo,rumour,Gunman Takes Hostage In Paris Shop - Report,8
"RT this cartoon and pay your tribute
show them real face of MUHAMMAD
#CharlieHebdo
#ParisShooting http://t.co/a6SPI3F3ow",0,HinduDefense,charliehebdo,not_rumour,this cartoon and pay your tribute show them real face of MUHAMMAD CharlieHebdo ParisShooting,14
"Magnificent cartoons in response to Charlie Hebdo attack. ""He drew first"" particularly powerful http://t.co/GX2DmUBDmm #JeSuisCharlie",0,richardbranson,charliehebdo,not_rumour,"Magnificent cartoons in response to Charlie Hebdo attack. ""He drew first"" particularly powerful JeSuisCharlie",14
The Guardian has live coverage of the Paris shooting at Charlie Hebdo  http://t.co/M27vO7xFIk,0,ggreenwald,charliehebdo,not_rumour,The Guardian has live coverage of the Paris shooting at Charlie Hebdo,12
"A dark day for freedom of expression, an appalling human tragedy. #JeSuisCharlie #CharlieHebdo http://t.co/IaTCXg8iD4",0,amnestypress,charliehebdo,not_rumour,"A dark day for freedom of expression, an appalling human tragedy. JeSuisCharlie CharlieHebdo",13
PHOTO: Police release a photo of an accomplice to man who has taken at least five people hostage in Paris market: http://t.co/GdjPjbqbLs,0,AP,charliehebdo,not_rumour,PHOTO Police release a photo of an accomplice to man who has taken at least five people hostage in Paris market,21
"One of my favourites, particularly relevant right now #CharlieHebdo http://t.co/dKHOOqPJIL",0,drhingram,charliehebdo,not_rumour,"One of my favourites, particularly relevant right now CharlieHebdo",9
Our ally Saudi Arabia is such an advocate of free speech that it flogged a liberal blogger with the lash for blasphemy today #JeSuisCharlie,0,Harryslaststand,charliehebdo,not_rumour,Our ally Saudi Arabia is such an advocate of free speech that it flogged a liberal blogger with the lash for blasphemy today JeSuisCharlie,24
"Jews, Catholics, Muslims, Whites, Blacks... Everyone attacked by #CharlieHebdo, No one reacted like Peaceful did. http://t.co/Z3qTk7dk9d",0,b1ack_panther,charliehebdo,not_rumour,"Jews, Catholics, Muslims, Whites, Blacks... Everyone attacked by CharlieHebdo, No one reacted like Peaceful did.",15
"People who have actually died of being offended: 0
People who have died because others were offended: far too many.
#CharlieHebdo",0,MirabilisDave,charliehebdo,not_rumour,People who have actually died of being offended 0 People who have died because others were offended far too many. CharlieHebdo,21
5 held by gunman at kosher supermarket in #Paris as 2nd hostage-taking underway: AP. Gunman linked to Thursday's killing of policewoman.,0,CBCAlerts,charliehebdo,not_rumour,5 held by gunman at kosher supermarket in Paris as 2nd hostage-taking underway AP. Gunman linked to Thursday's killing of policewoman.,21
Here are some of the satirical pictures Charlie Hebdo have produced #freespeech #BanIslam http://t.co/m4OaNCf5e0,0,DavidJo52951945,charliehebdo,not_rumour,Here are some of the satirical pictures Charlie Hebdo have produced freespeech BanIslam,13
The moving tributes to the victims of the Charlie Hebdo shooting http://t.co/pxRaFxCWMP http://t.co/BMoDaSBcdZ,0,Independent,charliehebdo,not_rumour,The moving tributes to the victims of the Charlie Hebdo shooting,11
"Cartoonists are often our dearest allies in fight 4 freedom of expression, and freedom in general. We mourn our #CharlieHebdo colleagues.",0,bouckap,charliehebdo,not_rumour,"Cartoonists are often our dearest allies in fight 4 freedom of expression, and freedom in general. We mourn our CharlieHebdo colleagues.",21
"""Banksy"" reacts to #CharlieHebdo attack with poignant drawing http://t.co/5uVjGKfQB4 http://t.co/lOMvBsMj5q",1,HuffPostCanada,charliehebdo,rumour,"""Banksy"" reacts to CharlieHebdo attack with poignant drawing",8
White House responds to shooting at Paris offices of #CharlieHebdo. http://t.co/Cd0y6NAOvE http://t.co/K7rP2sQKeY,0,WSJPolitics,charliehebdo,not_rumour,White House responds to shooting at Paris offices of CharlieHebdo.,10
The world needs this viewpoint a lot more. #CharlieHebdo http://t.co/E0BUGG09K1,0,SimonTOverall,charliehebdo,not_rumour,The world needs this viewpoint a lot more. CharlieHebdo,9
How the #CharlieHebdo terrorist attack unfolded: http://t.co/yxqCbTWoon http://t.co/t2ryyDt2R2,0,TelegraphNews,charliehebdo,not_rumour,How the CharlieHebdo terrorist attack unfolded,6
Field near printers has become a makeshift helicopter pad for airforce and gendarmerie Puma helicopters #charliehebdo http://t.co/O5VQOFpWlV,1,RobNisbetSky,charliehebdo,rumour,Field near printers has become a makeshift helicopter pad for airforce and gendarmerie Puma helicopters charliehebdo,16
FM #Steinmeier on #CharlieHebdo attack: Abominable act of terror against the free+critical press is an outright assault on European values.,0,GermanyDiplo,charliehebdo,not_rumour,FM Steinmeier on CharlieHebdo attack Abominable act of terror against the free critical press is an outright assault on European values.,21
"Now, thousands are expressing their feelings on today's events in France with pictures like this #JeSuisCharlie http://t.co/8TFGk67YAS",0,BBCtrending,charliehebdo,not_rumour,"Now, thousands are expressing their feelings on today's events in France with pictures like this JeSuisCharlie",16
A silent vigil was held in London last night for the victims of the Charlie Hebdo shooting  http://t.co/DFl1SyXhCU http://t.co/D0rLz4LIHX,0,Independent,charliehebdo,not_rumour,A silent vigil was held in London last night for the victims of the Charlie Hebdo shooting,17
"BREAKING: Suspects in #CharlieHebdo shooting ""still free"" and ""heavily armed,"" French Prime Minister says. http://t.co/ecqWtDAaqc",0,cnni,charliehebdo,not_rumour,"BREAKING Suspects in CharlieHebdo shooting ""still free"" and ""heavily armed,"" French Prime Minister says.",14
"'Attack on media...World community can't allow extremists to silence free flow of opinions, ideas' Irina Bokova of @UNESCO #JeSuisCharlie",0,EmmaDaly,charliehebdo,not_rumour,"'Attack on media...World community can't allow extremists to silence free flow of opinions, ideas' Irina Bokova of JeSuisCharlie",18
We condemn the attack in #Paris and pray for soonest recovery for the injured and patience to families &amp; people of France. #CharlieHebdo,0,harun_yahya,charliehebdo,not_rumour,We condemn the attack in Paris and pray for soonest recovery for the injured and patience to families amp people of France. CharlieHebdo,23
We stand in solidarity with our Ally #France #CharlieHebdo http://t.co/fSKet6jG1F,0,NATO,charliehebdo,not_rumour,We stand in solidarity with our Ally France CharlieHebdo,9
The little weapon! #CharlieHebdo #cartoon http://t.co/VFFZD2f8Rz,0,satishacharya,charliehebdo,not_rumour,The little weapon! CharlieHebdo cartoon,5
"They wanted the people to crumble, instead they came together. #JeSuisCharlie http://t.co/UHOrggBdRp",0,PeterWatson_,charliehebdo,not_rumour,"They wanted the people to crumble, instead they came together. JeSuisCharlie",11
"Am so shocked.Charlie Hebdo's editors,journalists,cartoonists are killed by Islamic terrorists.Time to declare Islam as terrorists' religion",0,taslimanasreen,charliehebdo,not_rumour,"Am so shocked.Charlie Hebdo's editors,journalists,cartoonists are killed by Islamic terrorists.Time to declare Islam as terrorists' religion",16
French police: Said Kouachi and Cherif Kouachi wanted in Paris terror attack: http://t.co/0WbSnKIrgE http://t.co/wjmMg9LveB,1,ABC,charliehebdo,rumour,French police Said Kouachi and Cherif Kouachi wanted in Paris terror attack,12
The Prophet PBUH never killed anyone for blasphemy. There is no justification is #Islam for #CharlieHebdo murders. Trend #MuslimsForPeace,0,MJibranNasir,charliehebdo,not_rumour,The Prophet PBUH never killed anyone for blasphemy. There is no justification is Islam for CharlieHebdo murders. Trend MuslimsForPeace,19
At cafe near #CharlieHebdo. Liberation says We are all Charlie. Parisien says They will not kill liberty/freedom. http://t.co/iHPk1f4N8O,0,camanpour,charliehebdo,not_rumour,At cafe near CharlieHebdo. Liberation says We are all Charlie. Parisien says They will not kill liberty freedom.,18
The pen is mightier than the sword. #JeSuisCharlie,0,Charles_HRH,charliehebdo,not_rumour,The pen is mightier than the sword. JeSuisCharlie,8
French media report the Trocadero near the Eiffel Tower in #Paris has been evacuated and police have been deployed there,1,SkyNewsBreak,charliehebdo,rumour,French media report the Trocadero near the Eiffel Tower in Paris has been evacuated and police have been deployed there,20
"French authorities are conducting an intense manhunt for the Charlie Hebdo attack suspects
http://t.co/yPxkNu0Rm7",0,nytimes,charliehebdo,not_rumour,French authorities are conducting an intense manhunt for the Charlie Hebdo attack suspects,13
AFP: suspected #CharlieHebdo gunmen have been killed,1,SkyNewsBreak,charliehebdo,rumour,AFP suspected CharlieHebdo gunmen have been killed,7
Cartoonists fight back. This may be the best yet. #JeSuisCharlie  http://t.co/hfoxT6dh1T,0,Graydio1,charliehebdo,not_rumour,Cartoonists fight back. This may be the best yet. JeSuisCharlie,10
Helicopters and vehicles are seen next to a building in Dammartin-en-Goele where a hostage-taking is underway #AFP http://t.co/CBBLljNX0K,1,AFPphoto,charliehebdo,rumour,Helicopters and vehicles are seen next to a building in Dammartin-en-Goele where a hostage-taking is underway AFP,17
Exactly the right response: mass #CharlieHebdo sharing starts at 14 GMT via @IndexCensorship http://t.co/1TZzeqncQ8 http://t.co/9Uncsrw1bQ,0,T_Coombes,charliehebdo,not_rumour,Exactly the right response mass CharlieHebdo sharing starts at 14 GMT via,12
"At 87 years of age, Asterix cartoonist Uderzo gets back on the drawing board #JeSuisCharlie via @NathalieANDREF2 http://t.co/6NGrvl8xXE",0,simonmacmichael,charliehebdo,not_rumour,"At 87 years of age, Asterix cartoonist Uderzo gets back on the drawing board JeSuisCharlie via",16
Strongly condemn the terrorist attack on media office in Paris; terror &amp; violence have no place in any corner of world #PresidentMukherjee,0,RashtrapatiBhvn,charliehebdo,not_rumour,Strongly condemn the terrorist attack on media office in Paris terror amp violence have no place in any corner of world PresidentMukherjee,22
"Ahmed Merabet, a French Police officer, the first victim of #CharlieHebdo attack .. He was a Musilm #RIP http://t.co/Z5Qx2gGMNp",1,iBinThaleth,charliehebdo,rumour,"Ahmed Merabet, a French Police officer, the first victim of CharlieHebdo attack .. He was a Musilm RIP",18
"Jihadist flags &amp; petrol bombs found in car used by #CharlieHebdo attack suspects, sources tell French media http://t.co/9ZvWyifaLk",0,BBCBreaking,charliehebdo,not_rumour,"Jihadist flags amp petrol bombs found in car used by CharlieHebdo attack suspects, sources tell French media",17
"Breaking: automatic gunfire reported at Montrouge near Paris. Gunmen escaped in metro, say French reports http://t.co/2J4WQdJnTp",1,TelegraphNews,charliehebdo,rumour,"Breaking automatic gunfire reported at Montrouge near Paris. Gunmen escaped in metro, say French reports",15
Witness to #CharlieHebdo attack claims gunmen told him it was “Al-Qaeda in Yemen” (i.e. AQAP): http://t.co/gGyLxyvSTw http://t.co/3jcdj9dZcD,1,Charles_Lister,charliehebdo,rumour,Witness to CharlieHebdo attack claims gunmen told him it was Al-Qaeda in Yemen i.e. AQAP,15
My timeline is full of Muslims condemning #CharlieHebdo attacks - just like the rest of the world.,0,astroehlein,charliehebdo,not_rumour,My timeline is full of Muslims condemning CharlieHebdo attacks - just like the rest of the world.,17
"UPDATE: A hostage situation is unfolding in a kosher supermarket in Vincennes, eastern Paris. French police on scene. Reports of one injured",0,vicenews,charliehebdo,not_rumour,"UPDATE A hostage situation is unfolding in a kosher supermarket in Vincennes, eastern Paris. French police on scene. Reports of one injured",22
18 controversial covers published by #CharlieHebdo http://t.co/skCMN3PtsJ Photo: Charlie Hebdo http://t.co/EC2G9uANqc,0,TIME,charliehebdo,not_rumour,18 controversial covers published by CharlieHebdo Photo Charlie Hebdo,9
"Breathtaking. The cover of next week's New Yorker, by Ana Juan #JeSuisCharlie http://t.co/pQzGCnXXyM",0,cossig,charliehebdo,not_rumour,"Breathtaking. The cover of next week's New Yorker, by Ana Juan JeSuisCharlie",12
"Again, when a cartoon is worth 1000 words | By Robert Mankoff The  @NewYorker Sept 2012 | #CharlieHebdo (@BobMankoff) http://t.co/HcY9M1A9QH",0,HayekMG,charliehebdo,not_rumour,"Again, when a cartoon is worth 1000 words By Robert Mankoff The Sept 2012 CharlieHebdo",15
Pres. Obama's initial statement on the Paris terrorist attack did not condemn radical Islamists. He might try again later.  Or not.,0,weknowwhatsbest,charliehebdo,not_rumour,Pres. Obama's initial statement on the Paris terrorist attack did not condemn radical Islamists. He might try again later. Or not.,21
Tina Fey: “We cannot back down on free speech in any way” http://t.co/jJGxtXRPi7 #CharlieHebdo,0,TIME,charliehebdo,not_rumour,Tina Fey We cannot back down on free speech in any way CharlieHebdo,13
"""We surrender!"" @Telegraph publishes pic of woman reading #CharlieHebdo, blurs out cartoon cover http://t.co/kPhseVTOWD",0,iowahawkblog,charliehebdo,not_rumour,"""We surrender!"" publishes pic of woman reading CharlieHebdo, blurs out cartoon cover",12
BREAKING:  At least two reportedly killed in hostage drama in Paris-area kosher synagogue http://t.co/PBs3sMwhLt,1,haaretzcom,charliehebdo,rumour,BREAKING At least two reportedly killed in hostage drama in Paris-area kosher synagogue,13
"As we watch the horror of the terror attacks in Paris, consider this: 

Our President continues to release these assholes from Gitmo.",0,FredZeppelin12,charliehebdo,not_rumour,"As we watch the horror of the terror attacks in Paris, consider this Our President continues to release these assholes from Gitmo.",22
France has ID cards and v extensive surveillance regime. It didn't prevent #CharlieHebdo. Don't nod-along with calls for more surveillance.,0,JackofKent,charliehebdo,not_rumour,France has ID cards and v extensive surveillance regime. It didn't prevent CharlieHebdo. Don't nod-along with calls for more surveillance.,20
I see this cartoon by @Shawtooner is doing the rounds. And rightly so. #JeSuisCharlie http://t.co/bGFdkOdIYf,0,AndreaMann,charliehebdo,not_rumour,I see this cartoon by is doing the rounds. And rightly so. JeSuisCharlie,13
Telling that some are calling the Charlie Hebdo shootings “the worst terrorist attack in Europe since 2005.” Breivik doesn’t even register.,0,stillgray,charliehebdo,not_rumour,Telling that some are calling the Charlie Hebdo shootings the worst terrorist attack in Europe since 2005. Breivik doesnt even register.,21
"If your argument involves silencing critics by murdering them, then you have irretrievably lost the argument. #CharlieHebdo",0,RogerQuimbly,charliehebdo,not_rumour,"If your argument involves silencing critics by murdering them, then you have irretrievably lost the argument. CharlieHebdo",17
The 'freedom of speech' western hypocrisy.. #France #JeSuisCharlie http://t.co/pk9oWF19kg,0,RamiAlLolah,charliehebdo,not_rumour,The 'freedom of speech' western hypocrisy.. France JeSuisCharlie,8
Photo posted online shows scene by Paris supermarket where gunman reportedly holding hostages http://t.co/Ya62OhLzBz http://t.co/hV8jt1fgum,0,BBCBreaking,charliehebdo,not_rumour,Photo posted online shows scene by Paris supermarket where gunman reportedly holding hostages,13
"Cartoonists around the world continue to show support for #CharieHebdo, this by famous #DRCongo's Kash #JeSuisCharlie http://t.co/LtVJhnkUwB",0,bbcfessy,charliehebdo,not_rumour,"Cartoonists around the world continue to show support for CharieHebdo, this by famous DRCongo's Kash JeSuisCharlie",16
"""Charlie Hebdo: 10 truths that ought to be self-evident but aren’t"" - Me in @spectator 
http://t.co/JgwY2xlmRn",0,NickCohen4,charliehebdo,not_rumour,"""Charlie Hebdo 10 truths that ought to be self-evident but arent"" - Me in",14
"Calls for ""every newspaper in Europe"" to print Charlie Hebdo cartoons http://t.co/2tT7BnOx1u http://t.co/oMTsEqXs1h #JeSuisCharlie",0,HuffPostUK,charliehebdo,not_rumour,"Calls for ""every newspaper in Europe"" to print Charlie Hebdo cartoons JeSuisCharlie",12
It's really important to spread news of all the Muslims who are condemning the mass murder at #CharlieHebdo http://t.co/9gzWACXGq1,0,johannhari101,charliehebdo,not_rumour,It's really important to spread news of all the Muslims who are condemning the mass murder at CharlieHebdo,18
This cartoon from Gado nails it - #JeSuisCharlie @iGaddo http://t.co/G4uLLfD48N,0,NickNorbrook,charliehebdo,not_rumour,This cartoon from Gado nails it - JeSuisCharlie,8
#BREAKING Reports: 2 brothers suspected of Charlie Hebdo attack are dead http://t.co/7tGdSv4fr8,1,USATODAY,charliehebdo,rumour,BREAKING Reports 2 brothers suspected of Charlie Hebdo attack are dead,11
“@LePoint: #CharlieHebdo : “The cartoonists Charb &amp; cabu are dead.” http://t.co/7USD83cQd2 http://t.co/WGHbLiLFoX”,1,Colvinius,charliehebdo,rumour,CharlieHebdo The cartoonists Charb amp cabu are dead.,8
"Depressing that ppl don't realise most victims of Islamic extremists are Muslims… but I'm relieved @OwenJones84 does
http://t.co/rv2VVTrVWl",0,MonaChalabi,charliehebdo,not_rumour,Depressing that ppl don't realise most victims of Islamic extremists are Muslims but I'm relieved does,16
"Among those killed in #CharlieHebdo shooting: the editor-in-chief, a graphic artist and at least one police officer http://t.co/wXpLIyAxdq",0,WSJ,charliehebdo,not_rumour,"Among those killed in CharlieHebdo shooting the editor-in-chief, a graphic artist and at least one police officer",17
"Here's my brief statement about the awful events in Paris. Vive Charlie Hebdo!
 http://t.co/kspeTLCQ78",0,SalmanRushdie,charliehebdo,not_rumour,Here's my brief statement about the awful events in Paris. Vive Charlie Hebdo!,13
RT @SoerenJuhl: I dedicate this illustration to my French brothers and sisters of cartoons  #CharlieHebdo #JeSuisCharlie http://t.co/Z8xllO…,0,funny2883,charliehebdo,not_rumour,I dedicate this illustration to my French brothers and sisters of cartoons CharlieHebdo JeSuisCharlie,14
"Charlie Hebdo will publish this week with a print run of 1 million, up from the usual 60,000 http://t.co/Xy5jyLxGZt http://t.co/5P7HpPUAT2",0,VanityFair,charliehebdo,not_rumour,"Charlie Hebdo will publish this week with a print run of 1 million, up from the usual 60,000",18
No more hand-wringing and fence-sitting. To support #CharlieHebdo and #FreedomOfSpeech we must publish their images. http://t.co/N2M2bzT6ao,0,JonnnyBest,charliehebdo,not_rumour,No more hand-wringing and fence-sitting. To support CharlieHebdo and FreedomOfSpeech we must publish their images.,15
"A terrorist might appear from among Muslims, but then he loses the qualities that make him Muslim. *** #CharlieHebdo http://t.co/YFQh8QmShP",0,israfilaydemir,charliehebdo,not_rumour,"A terrorist might appear from among Muslims, but then he loses the qualities that make him Muslim. CharlieHebdo",18
"Paris Terrorist was Radicalized by Bush’s Iraq War, Abu Ghraib Torture http://t.co/0Gz5nKVpQP http://t.co/AwgpcRWca7",0,jricole,charliehebdo,not_rumour,"Paris Terrorist was Radicalized by Bushs Iraq War, Abu Ghraib Torture",11
Amazing pic of @AFP observing a minutes silence at their #Paris HQ for #CharlieHebdo attack victims http://t.co/uAbuVJ9TsF,0,juliamacfarlane,charliehebdo,not_rumour,Amazing pic of observing a minutes silence at their Paris HQ for CharlieHebdo attack victims,15
Photo of man that is holding hostages in the second location in #Paris http://t.co/nc0lFlm93c,0,rConflictNews,charliehebdo,not_rumour,Photo of man that is holding hostages in the second location in Paris,13
"Shooting at #CharlieHebdo ""an attack on freedom"", says Dominque Moisi, Parisian political analyst: http://t.co/B3AvGBwp82",0,bbc5live,charliehebdo,not_rumour,"Shooting at CharlieHebdo ""an attack on freedom"", says Dominque Moisi, Parisian political analyst",13
And on France's motorways... #CharlieHebdo http://t.co/wB6pJUqpXO,0,AgnesCPoirier,charliehebdo,not_rumour,And on France's motorways... CharlieHebdo,5
"'We must be aware that our best weapon is our unity. Nothing must divide, oppose or separate us' 

Francois Hollande 
#JeSuisCharlie",0,KseniaSolo,charliehebdo,not_rumour,"'We must be aware that our best weapon is our unity. Nothing must divide, oppose or separate us' Francois Hollande JeSuisCharlie",21
"Powerful image, yes. But it was drawn by @lucilleclerc, not by Banksy. Details: http://t.co/J4WBazwZF7 #charliehebdo http://t.co/f3OEIDDj1K",1,EmergentDotInfo,charliehebdo,rumour,"Powerful image, yes. But it was drawn by , not by Banksy. Details charliehebdo",14
Not in our name – Muslims respond in revulsion to #CharlieHebdo shooting.  http://t.co/KFfhprXNFb,0,FraserNelson,charliehebdo,not_rumour,Not in our name Muslims respond in revulsion to CharlieHebdo shooting.,11
Headline from #CharlieHebdo this week: ISIS executes Phorphet Mohamed; police chase terrorists http://t.co/4qqVIjLP8A http://t.co/1zJuiZVLf3,0,ynetnews,charliehebdo,not_rumour,Headline from CharlieHebdo this week ISIS executes Phorphet Mohamed police chase terrorists,12
One of the most compelling &amp; relevant things I've seen on #CharlieHebdo so far. Pics say more than words sometimes. http://t.co/RJslBvn6gv,0,RyanRampling,charliehebdo,not_rumour,One of the most compelling amp relevant things I've seen on CharlieHebdo so far. Pics say more than words sometimes.,20
I normally don't do politics on here but totally shocked by the events of yesterday and heartened by the world's reaction #JeSuisCharlie,0,RattyBurvil,charliehebdo,not_rumour,I normally don't do politics on here but totally shocked by the events of yesterday and heartened by the world's reaction JeSuisCharlie,22
The events at #CharlieHebdo won’t make me discriminate against Islam. I will remain steadfast in finding all religions equally stupid.,0,OwensDamien,charliehebdo,not_rumour,The events at CharlieHebdo wont make me discriminate against Islam. I will remain steadfast in finding all religions equally stupid.,20
BREAKING: Four explosions heard at site of hostage-taking in eastern Paris: Reuters reporter  http://t.co/91WTMcaRDz,0,Reuters,charliehebdo,not_rumour,BREAKING Four explosions heard at site of hostage-taking in eastern Paris Reuters reporter,13
FT: Charlie Hebdo was drunk and wearing a short skirt https://t.co/FDSr82rCDv,0,s8mb,charliehebdo,not_rumour,FT Charlie Hebdo was drunk and wearing a short skirt,10
Latest from printworks where #CharlieHebdo suspects had taken one hostage. #ParisAttacks http://t.co/64ZQoajDw9 http://t.co/LBwxBZMXmM,0,SkyNews,charliehebdo,not_rumour,Latest from printworks where CharlieHebdo suspects had taken one hostage. ParisAttacks,11
"Imagine
Nothing to kill or die for 
And no religion too
Imagine all the people Living life in peace..

#JeSuisCharlie http://t.co/zMgP4mbSEE",0,steve_sps,charliehebdo,not_rumour,Imagine Nothing to kill or die for And no religion too Imagine all the people Living life in peace.. JeSuisCharlie,20
"""You tell the media it was al-Qaeda in Yemen"" - reported words of #CharlieHebdo attackers. 
Read more: http://t.co/qDPrycGtAR
#c4news",1,Channel4News,charliehebdo,rumour,"""You tell the media it was al-Qaeda in Yemen"" - reported words of CharlieHebdo attackers. Read more c4news",18
RT @Beltrew: A few of the best cartoons drawn &amp; shared in solidarity with #CharlieHebdo after yesterday's massacre http://t.co/4Dq68GL9mT,0,AntonLaGuardia,charliehebdo,not_rumour,A few of the best cartoons drawn amp shared in solidarity with CharlieHebdo after yesterday's massacre,16
#JeSuisCharlie NO TWEET between 12h00 and 12h01 (French Time) Please RT,0,misterclem,charliehebdo,not_rumour,JeSuisCharlie NO TWEET between 12h00 and 12h01 French Time Please RT,11
"Slain #CharlieHebdo EIC, Charb, in a 2012 interview. ""I'd rather die standing than live on my knees."" http://t.co/YnZGqGzrni",0,ajohnston12,charliehebdo,not_rumour,"Slain CharlieHebdo EIC, Charb, in a 2012 interview. ""I'd rather die standing than live on my knees.""",17
Cartoonist's continue to poke at Tyranny. Quite brilliantly too. #CharlieHebdo #JeSuisCharlie http://t.co/NgoiBb5grw,0,mowbrayjackson,charliehebdo,not_rumour,Cartoonist's continue to poke at Tyranny. Quite brilliantly too. CharlieHebdo JeSuisCharlie,11
25 journalists from Charlie Hebdo took their first step toward publishing their next issue http://t.co/v5p4m6CfDR,0,nytimes,charliehebdo,not_rumour,25 journalists from Charlie Hebdo took their first step toward publishing their next issue,14
"Interesting that #MouradHamydInnocent is trending, started by classmates who say suspect Mourad was in class at time of #CharlieHebdo attack",1,darshnasoni,charliehebdo,rumour,"Interesting that MouradHamydInnocent is trending, started by classmates who say suspect Mourad was in class at time of CharlieHebdo attack",20
Any faith that cannot withstand humor (even vicious humor) is a pathetic faith. Satire can help religion see our own flaws.  #CharlieHebdo,0,raushenbush,charliehebdo,not_rumour,Any faith that cannot withstand humor even vicious humor is a pathetic faith. Satire can help religion see our own flaws. CharlieHebdo,22
"BREAKING: Shots fired, hostages taken in manhunt for #CharlieHebdo attackers, police say http://t.co/omBy6Wsgb7 http://t.co/ZbszAHyIzJ",1,NBCNews,charliehebdo,rumour,"BREAKING Shots fired, hostages taken in manhunt for CharlieHebdo attackers, police say",12
"it'll be fascinating to see how all the topical satire shows on British TV respond to the #CharlieHebdo murders. Oh no, hang on...",0,deYook,charliehebdo,not_rumour,"it'll be fascinating to see how all the topical satire shows on British TV respond to the CharlieHebdo murders. Oh no, hang on...",23
"Bob Mankoff, New Yorker cartoon editor #JeSuisCharlie http://t.co/dK40qynqvu",0,dhamini,charliehebdo,not_rumour,"Bob Mankoff, New Yorker cartoon editor JeSuisCharlie",7
URGENT: French police release names and mug shots of suspects in Montrouge shooting http://t.co/cI8cztQjE6 http://t.co/HGuR2X3Y6A,0,RT_com,charliehebdo,not_rumour,URGENT French police release names and mug shots of suspects in Montrouge shooting,13
Either we insist to coexist or we're all going to lose. #CharlieHebdo,0,iyad_elbaghdadi,charliehebdo,not_rumour,Either we insist to coexist or we're all going to lose. CharlieHebdo,12
"Media translates""By the way I love you"" 2 Allah Akbar:) #ParisShooting #CharlieHebdo #JeSuisCharlie @JamilaBoughelaf http://t.co/in0VVlUbJg",0,masoud_ahmed,charliehebdo,not_rumour,"Media translates""By the way I love you"" 2 Allah Akbar ParisShooting CharlieHebdo JeSuisCharlie",13
Shooting at site where Charlie Hebdo suspects are holding a hostage north of Paris http://t.co/rR3q9UQlUn,0,BBCBreaking,charliehebdo,not_rumour,Shooting at site where Charlie Hebdo suspects are holding a hostage north of Paris,14
"We ""are Charlie Hebdo"" in the same sense that we demanded Boko Haram bring back ""our"" girls. You know, the girls we no longer talk about.",0,Will_Antonin,charliehebdo,not_rumour,"We ""are Charlie Hebdo"" in the same sense that we demanded Boko Haram bring back ""our"" girls. You know, the girls we no longer talk about.",26
France on high alert after deadly attack on Paris offices of Charlie Hebdo: http://t.co/Cgogt47L5C http://t.co/rzECRqSlwW,0,Reuters,charliehebdo,not_rumour,France on high alert after deadly attack on Paris offices of Charlie Hebdo,13
France is at its highest possible terror threat level after the #CharlieHebdo attack. http://t.co/1z7NtGWe5i http://t.co/kopINQNwfj,0,SkyNews,charliehebdo,not_rumour,France is at its highest possible terror threat level after the CharlieHebdo attack.,13
Lets play a game. This will be blamed on (a) Racism of Charlie Hebdo (b) Poverty (c) Colonial France (d) Evil of Free Speech,0,CEMB_forum,charliehebdo,not_rumour,Lets play a game. This will be blamed on a Racism of Charlie Hebdo b Poverty c Colonial France d Evil of Free Speech,24
#BREAKING: Trocadero square in Paris is evacuated. Unconfirmed reports of a gunman there http://t.co/XWREHWQuxs,1,yurybarmin,charliehebdo,rumour,BREAKING Trocadero square in Paris is evacuated. Unconfirmed reports of a gunman there,13
"#JeSuisCharlie trending Worldwide - over 56,000 tweets (via @Trendsmap). More via @BBCTrending http://t.co/k5ArXMMyr9 http://t.co/ZFQ8krnE7U",0,BBCOS,charliehebdo,not_rumour,"JeSuisCharlie trending Worldwide - over 56,000 tweets via . More via",11
French police getting ready to use...tanks against two terrorists in #Dammartin siege?! #CharlieHebdo http://t.co/K3tdKjSOuk,0,marko_ves,charliehebdo,not_rumour,French police getting ready to use...tanks against two terrorists in Dammartin siege?! CharlieHebdo,13
Reuters: 10 people shot dead at headquarters of French satirical weekly publication Charlie Hebdo in #Paris after gunmen stormed the office,1,SkyNewsBreak,charliehebdo,rumour,Reuters 10 people shot dead at headquarters of French satirical weekly publication Charlie Hebdo in Paris after gunmen stormed the office,21
There's a tank near the #Paris hostage scene http://t.co/7N7uvClhWY (Pic: Heathcliff O'Malley) http://t.co/EPXhd9k6GF,1,Telegraph,charliehebdo,rumour,There's a tank near the Paris hostage scene Pic Heathcliff O'Malley,11
Obama supports 'moderate' Muslims #CharlieHebdo #Nosharia #tcot #tgdn #teaparty #PJNET #ccot #RedNationRising http://t.co/1VUhxsm5S9,0,2AFight,charliehebdo,not_rumour,Obama supports 'moderate' Muslims CharlieHebdo Nosharia tcot tgdn teaparty PJNET ccot RedNationRising,12
in support of those that have died today in Paris #CharlieHebdo #freedomwillNeverDie http://t.co/FkkDZXChdt,0,surfnuttz,charliehebdo,not_rumour,in support of those that have died today in Paris CharlieHebdo freedomwillNeverDie,12
The letter from The Independent's Deputy Editor: In solidarity with #CharlieHebdo http://t.co/i6xl68x2lw http://t.co/3FYgFZSX72,0,Independent,charliehebdo,not_rumour,The letter from The Independent's Deputy Editor In solidarity with CharlieHebdo,11
"Freedom of expression, it seems, should not be taken for granted. RIP to those who died defending it. #JeSuisCharlie http://t.co/MexshKELgv",0,Flowmobs,charliehebdo,not_rumour,"Freedom of expression, it seems, should not be taken for granted. RIP to those who died defending it. JeSuisCharlie",19
The terrorist attack in Paris is beyond obscenity. It is a violent assault on freedom of the media and freed of expression for all peoples.,0,MrKRudd,charliehebdo,not_rumour,The terrorist attack in Paris is beyond obscenity. It is a violent assault on freedom of the media and freed of expression for all peoples.,25
"87 y.o French cartoonist Uderzo, creator of Asterix, comes out of retirement for #CharlieHebdo (H/T @WilliamsJon): http://t.co/6uBOTl9pzO",0,MartynMcL,charliehebdo,not_rumour,"87 y.o French cartoonist Uderzo, creator of Asterix, comes out of retirement for CharlieHebdo H T",16
Don't know if this Woody Guthrie-quoting #CharlieHebdo image is really by Banksy (@therealbanksy?) but I like it. http://t.co/MNXYEMIWMO,0,AndrewCollins,charliehebdo,not_rumour,Don't know if this Woody Guthrie-quoting CharlieHebdo image is really by Banksy ? but I like it.,17
"Salman Rushdie defends Charlie Hebdo, calls for ""fearless disrespect"" of all religions http://t.co/eSFhZflldV http://t.co/MP8T3q3Pjx",0,Salon,charliehebdo,not_rumour,"Salman Rushdie defends Charlie Hebdo, calls for ""fearless disrespect"" of all religions",12
Executing unarmed cartoonists can never be the will of any God. #CharlieHebdo,0,davidwalliams,charliehebdo,not_rumour,Executing unarmed cartoonists can never be the will of any God. CharlieHebdo,12
"Just as French society rose up and nobly said #JeSuisCharlie, it must now stand with its Jewish community and say #JeSuisJuif – I Am a Jew.",0,AviMayer,charliehebdo,not_rumour,"Just as French society rose up and nobly said JeSuisCharlie, it must now stand with its Jewish community and say JeSuisJuif I Am a Jew.",25
"#Breaking: french police release portrait of susp #Montrouge shooters same of hostage situation #Paris ""@prefpolice http://t.co/ZyC2Qh9uzv",0,jmsardo,charliehebdo,not_rumour,"Breaking french police release portrait of susp Montrouge shooters same of hostage situation Paris """,15
Five hostages are being held at a kosher grocery store in east Paris http://t.co/w8UiYqEqTM http://t.co/UFnpEqXvLi,1,WSJ,charliehebdo,rumour,Five hostages are being held at a kosher grocery store in east Paris,13
"UPDATE: Two hostage situations in France are linked, Paris prosecutor says: http://t.co/CoH7zjBeax http://t.co/7XgjKRDq4u",1,ABC,charliehebdo,rumour,"UPDATE Two hostage situations in France are linked, Paris prosecutor says",11
"Killing innocent people in the name of Islam is much, much more offensive to me than any cartoon can ever be. #CharlieHebdo",0,baghdadinvest,charliehebdo,not_rumour,"Killing innocent people in the name of Islam is much, much more offensive to me than any cartoon can ever be. CharlieHebdo",22
"So far today the UK media, while reporting on #CharlieHebdo, has pixelated images of a cartoon but happily posted a video of a brutal murder",0,woodo79,charliehebdo,not_rumour,"So far today the UK media, while reporting on CharlieHebdo, has pixelated images of a cartoon but happily posted a video of a brutal murder",25
French media says cartoonist behind original Prophet cartoon is dead #CharlieHebdo via @EricWRandolph,0,aellick,charliehebdo,not_rumour,French media says cartoonist behind original Prophet cartoon is dead CharlieHebdo via,12
People died today for telling jokes. #CharlieHebdo,0,BRIANMBENDIS,charliehebdo,not_rumour,People died today for telling jokes. CharlieHebdo,7
After #CharlieHebdo : the cowardice of India's liberals and our unwillingness to stand up for freedom of expression http://t.co/dwsMa5zO52,0,virsanghvi,charliehebdo,not_rumour,After CharlieHebdo the cowardice of India's liberals and our unwillingness to stand up for freedom of expression,17
My family is French. My family is Muslim. I am a journalist. We are grieving. #CharlieHebdo,0,selfstyledsiren,charliehebdo,not_rumour,My family is French. My family is Muslim. I am a journalist. We are grieving. CharlieHebdo,16
"I am shaking with rage at the attack on Charlie Hebdo. It's an attack on the free world. The entire free world should respond, ruthlessly.",0,NYTimesCohen,charliehebdo,not_rumour,"I am shaking with rage at the attack on Charlie Hebdo. It's an attack on the free world. The entire free world should respond, ruthlessly.",25
THE TERRORIST ATTACK IN PARIS IS SO SCARY I'M CRYING,0,cloulessed,charliehebdo,not_rumour,THE TERRORIST ATTACK IN PARIS IS SO SCARY I'M CRYING,10
"It didn't take that long. The first Pakistani to say, #CharlieHebdo massacre has nothing to with Islam, has emerged. http://t.co/UBRm7FJPfl",0,TarekFatah,charliehebdo,not_rumour,"It didn't take that long. The first Pakistani to say, CharlieHebdo massacre has nothing to with Islam, has emerged.",19
Over 1000 French nationals gather in Martin Place in Sydney to remember victims of the #CharlieHebdo attack. http://t.co/6XibnO54MZ,0,Mo_Taha1,charliehebdo,not_rumour,Over 1000 French nationals gather in Martin Place in Sydney to remember victims of the CharlieHebdo attack.,17
Mosques attacked in France following 'Charlie Hebdo' attack http://t.co/Y37jVz7A29,0,TIME,charliehebdo,not_rumour,Mosques attacked in France following 'Charlie Hebdo' attack,8
Armed French Police At Trocadero In Paris http://t.co/ZpJZ7M5ns3,1,SkyNews,charliehebdo,rumour,Armed French Police At Trocadero In Paris,7
Two police officers have been injured in a shooting in #Montrouge in southern #Paris - there is no direct link with the #CharlieHebdo attack,1,SkyNewsBreak,charliehebdo,rumour,Two police officers have been injured in a shooting in Montrouge in southern Paris - there is no direct link with the CharlieHebdo attack,24
"Public schools are closed, France raises terror alert to highest level after attack at #CharlieHebdo http://t.co/L98elfVNsf",0,nytimesworld,charliehebdo,not_rumour,"Public schools are closed, France raises terror alert to highest level after attack at CharlieHebdo",15
Editor of Charlie Hebdo has been liberal &amp; righteous. Salute to all the cartoonists martyred at the terrorist attack. http://t.co/Yk3PgHkz4S,0,SuvalagnaC,charliehebdo,not_rumour,Editor of Charlie Hebdo has been liberal amp righteous. Salute to all the cartoonists martyred at the terrorist attack.,19
‘The death of faith in the West makes it harder for us to engage with Islam.'  http://t.co/KI4UUnhFcy (Pic: Rex) http://t.co/HDARGUoTtS,0,Telegraph,charliehebdo,not_rumour,The death of faith in the West makes it harder for us to engage with Islam.' Pic Rex,18
"#CharlieHebdo editor wasn't afraid: ""If [extremists] are not amused by our cartoons, they don't need to buy"" them. http://t.co/SOlqU6kJ7b",0,thedailybeast,charliehebdo,not_rumour,"CharlieHebdo editor wasn't afraid ""If extremists are not amused by our cartoons, they don't need to buy"" them.",18
"Muslim can't be terrorist, and terrorist can't be Muslim. I deplore and strongly condemn the inhuman attack against #CharlieHebdo",0,ihsanylmz,charliehebdo,not_rumour,"Muslim can't be terrorist, and terrorist can't be Muslim. I deplore and strongly condemn the inhuman attack against CharlieHebdo",19
Should our media show Charlie Hedbo cartoons like this? Absolutely. #JeSuisCharlie http://t.co/E8HHT3CcSA”,0,brianmoore666,charliehebdo,not_rumour,Should our media show Charlie Hedbo cartoons like this? Absolutely. JeSuisCharlie,11
BREAKING: Armed man takes hostage in kosher grocery east of Paris http://t.co/PBs3sMwhLt,1,haaretzcom,charliehebdo,rumour,BREAKING Armed man takes hostage in kosher grocery east of Paris,11
"A sad day for France, for journalism, for free speech, and those whose beliefs the attackers pretend to represent  #CharlieHebdo",0,RupertMyers,charliehebdo,not_rumour,"A sad day for France, for journalism, for free speech, and those whose beliefs the attackers pretend to represent CharlieHebdo",20
"#CharlieHebdo latest:
- 2 gunmen believed holed up in building
- reports of 1 hostage 
- Shots fired in car chase http://t.co/Xl5uwqHQta",1,BBCBreaking,charliehebdo,rumour,CharlieHebdo latest - 2 gunmen believed holed up in building - reports of 1 hostage - Shots fired in car chase,21
"Free speech must not be silenced in the wake of Charlie Hebdo attack, writes @GreensladeR: http://t.co/uMFtNxpgdx http://t.co/EtmKl5ZJQV",0,mediaguardian,charliehebdo,not_rumour,"Free speech must not be silenced in the wake of Charlie Hebdo attack, writes",14
"Police: 2 hostage situations near Paris believed to be related to the #CharlieHebdo attack: http://t.co/IbjiiBfUZ8
https://t.co/tY3VFOtLDQ",0,CNN,charliehebdo,not_rumour,Police 2 hostage situations near Paris believed to be related to the CharlieHebdo attack,14
#Charlie Hebdo. It was press day at the magazine so all important staff were there. Now 10 assassinated along with 2 police officers.,1,kimwillsher1,charliehebdo,rumour,Charlie Hebdo. It was press day at the magazine so all important staff were there. Now 10 assassinated along with 2 police officers.,23
French forensic experts examine car used by armed gunmen who stormed offices of Charlie Hebdo http://t.co/ZINBZEnyAI http://t.co/DqZDx0gkHO,0,guardian,charliehebdo,not_rumour,French forensic experts examine car used by armed gunmen who stormed offices of Charlie Hebdo,15
Killed Charlie Hebdo suspects came out firing on security forces: source (AFP) http://t.co/f1Z7cBsBhu,1,FRANCE24,charliehebdo,rumour,Killed Charlie Hebdo suspects came out firing on security forces source AFP,12
Get the #CharlieHebdo cover on the front page of all our newspapers tomorrow. Solidarity triumphs evil. Like paper beats rock.,0,KTHopkins,charliehebdo,not_rumour,Get the CharlieHebdo cover on the front page of all our newspapers tomorrow. Solidarity triumphs evil. Like paper beats rock.,20
#JeSuisCharlie rallies held worldwide to condemn Paris massacre (PHOTOS) http://t.co/EnwxH90grB http://t.co/hzH208lEB2,0,RT_com,charliehebdo,not_rumour,JeSuisCharlie rallies held worldwide to condemn Paris massacre PHOTOS,9
Best journalistic answer to terrorist attack on #CharlieHebdo is for news outlets to publish #CharlieHebdo cartoons on  websites/front pages,0,BenWeinthal,charliehebdo,not_rumour,Best journalistic answer to terrorist attack on CharlieHebdo is for news outlets to publish CharlieHebdo cartoons on websites front pages,20
"Yes, they drew first. Don't ever be silent, don't ever be ignorant. We stand with you! #JeSuisCharlie
Everyone RT! http://t.co/Jm0y5PGIDh",0,Powerful_Pics,charliehebdo,not_rumour,"Yes, they drew first. Don't ever be silent, don't ever be ignorant. We stand with you! JeSuisCharlie Everyone RT!",19
"#CharlieHebdo attacker: ""We don’t kill women but you have to convert to Islam, read the Qu’ran and wear a veil."" http://t.co/rpZHDQZddO",0,dhume,charliehebdo,not_rumour,"CharlieHebdo attacker ""We dont kill women but you have to convert to Islam, read the Quran and wear a veil.""",20
How our timidity helped cartoonists become victims. My @thetimes column today - http://t.co/7MbBV3gWN7 (£) #CharlieHebdo,0,DAaronovitch,charliehebdo,not_rumour,How our timidity helped cartoonists become victims. My column today - CharlieHebdo,12
French media reporting owner of petrol station saw 2 men wearing masks in car with guns &amp; rocket launcher #CharlieHebdo,1,bbclysedoucet,charliehebdo,rumour,French media reporting owner of petrol station saw 2 men wearing masks in car with guns amp rocket launcher CharlieHebdo,20
In solidarity with freedom of speech and religion and #CharlieHebdo we should all tweet #NoNegotiationswithTerrorists http://t.co/HfGQmDNWfe,0,KevinGFox,charliehebdo,not_rumour,In solidarity with freedom of speech and religion and CharlieHebdo we should all tweet NoNegotiationswithTerrorists,15
"Story of Paris attack broke after our cartoon deadlines, so this will only appear in print tomorrow.
#JeSuisCharlie http://t.co/jNiF6HJyEz",0,madamevecartoon,charliehebdo,not_rumour,"Story of Paris attack broke after our cartoon deadlines, so this will only appear in print tomorrow. JeSuisCharlie",18
Free speech must not be silenced in the wake of Charlie Hebdo attack http://t.co/PcnpZcD9iM,0,guardian,charliehebdo,not_rumour,Free speech must not be silenced in the wake of Charlie Hebdo attack,13
Neither Islam nor multiculturalism to blame for bloody #CharlieHebdo attack - UN Human Rights Chief #Zeid http://t.co/h3x28YoSXD,0,UNrightswire,charliehebdo,not_rumour,Neither Islam nor multiculturalism to blame for bloody CharlieHebdo attack - UN Human Rights Chief Zeid,16
"Terrorist Attack #footage today, 11 dead in Paris @Charlie_Hebdo_  newspaper http://t.co/5sIQslHCeh",1,PriceSlicerUK,charliehebdo,rumour,"Terrorist Attack footage today, 11 dead in Paris newspaper",9
Cartoonists respond with the only tools they have http://t.co/DTN7gXj1tl #JeSuisCharlie http://t.co/FOEwIMvar0,0,larasinclair,charliehebdo,not_rumour,Cartoonists respond with the only tools they have JeSuisCharlie,9
#CharlieHebdo killers shot dead by police,1,KayBurley,charliehebdo,rumour,CharlieHebdo killers shot dead by police,6
#Paris update 3: Multiple mosques attacked in France after #CharlieHebdo. http://t.co/bvWHrN4Q7y via @mashable http://t.co/7PiVltMrbR,0,nycjim,charliehebdo,not_rumour,Paris update 3 Multiple mosques attacked in France after CharlieHebdo. via,11
"""I do not agree with what you have to say, but I'll defend to the death your right to say it."" -Voltaire #FreeSpeech  #JeSuisCharlie",0,AnthonyMKreis,charliehebdo,not_rumour,"""I do not agree with what you have to say, but I'll defend to the death your right to say it."" -Voltaire FreeSpeech JeSuisCharlie",24
"Officials say 3 gunmen carried out Charlie Hebdo shootings, France’s bloodiest terrorist attack in nearly 2 decades. http://t.co/03Tiwniedk",1,washingtonpost,charliehebdo,rumour,"Officials say 3 gunmen carried out Charlie Hebdo shootings, Frances bloodiest terrorist attack in nearly 2 decades.",17
French officials say one of the alleged gunman left ID in getaway car after #CharlieHebdo attack http://t.co/9c5VpoFxJI,1,WSJ,charliehebdo,rumour,French officials say one of the alleged gunman left ID in getaway car after CharlieHebdo attack,16
FUCK THE TERRORIST IN PARIS I BREAK THERE FUCKING NECKS,0,the_ironsheik,charliehebdo,not_rumour,FUCK THE TERRORIST IN PARIS I BREAK THERE FUCKING NECKS,10
→ http://t.co/girzJM1zS7 Charlie Hebdo has had a long tradition of disrespect and provocation #CharlieHebdo 623 http://t.co/YYY4nxbgaZ,0,smitharyy,charliehebdo,not_rumour,Charlie Hebdo has had a long tradition of disrespect and provocation CharlieHebdo 623,13
"Police confirm deaths of four of France's most celebrated cartoonists Charb, Cabu, Wolinski and Tignous #CharlieHebdo http://t.co/K7ZHV9C27F",1,Independent,charliehebdo,rumour,"Police confirm deaths of four of France's most celebrated cartoonists Charb, Cabu, Wolinski and Tignous CharlieHebdo",16
Explosions and gunfire heard at scene of hostage-taking at kosher supermarket in eastern Paris http://t.co/sBYFi4Ck2u,0,BBCBreaking,charliehebdo,not_rumour,Explosions and gunfire heard at scene of hostage-taking at kosher supermarket in eastern Paris,14
Reports in French media of hostage situation as manhunt for #CharlieHebdo suspects centres on #DammartinEnGoele http://t.co/PNhWZP39md,1,BBCBreaking,charliehebdo,rumour,Reports in French media of hostage situation as manhunt for CharlieHebdo suspects centres on DammartinEnGoele,15
Terrorist attack in Paris at satirical magazine is just heartbreaking. Prayers. So is the #NAACPBombing. I wish we would talk about both.,0,ChrissyCole,charliehebdo,not_rumour,Terrorist attack in Paris at satirical magazine is just heartbreaking. Prayers. So is the NAACPBombing. I wish we would talk about both.,22
"#France's most famous cartoonist, 87 yr old Uderzo - father of Asterix - comes out of retirement for #CharlieHebdo. http://t.co/ytGZ1SrBV7",0,PatrickvLeeuwen,charliehebdo,not_rumour,"France's most famous cartoonist, 87 yr old Uderzo - father of Asterix - comes out of retirement for CharlieHebdo.",19
My cartoon today @TheTimes on Islamist terror: a cartoon fightback #CharlieHebdo http://t.co/0lG5ax0vF8,0,BrookesTimes,charliehebdo,not_rumour,My cartoon today on Islamist terror a cartoon fightback CharlieHebdo,10
Violence can not stop basic human rights. My thoughts go out to everyone affected by this tragedy. #JeSuisCharlie http://t.co/Kxx38xRYDu,0,TaylorClutter,charliehebdo,not_rumour,Violence can not stop basic human rights. My thoughts go out to everyone affected by this tragedy. JeSuisCharlie,18
Two hostage situations underway simultaneously in #Paris. Latest on our live blog: http://t.co/7N7uvClhWY http://t.co/N5Vu6ygqxM,0,Telegraph,charliehebdo,not_rumour,Two hostage situations underway simultaneously in Paris. Latest on our live blog,12
"Tragic, powerful drawing on #CharlieHebdo by Canberra Times cartoonist @davpope http://t.co/ny2St7OiBd",0,katz,charliehebdo,not_rumour,"Tragic, powerful drawing on CharlieHebdo by Canberra Times cartoonist",9
"Shooting, hostage situation reported in eastern Paris' Porte de Vincennes area, prosecutor's office says. http://t.co/7Bxdhozq4H",0,cnnbrk,charliehebdo,not_rumour,"Shooting, hostage situation reported in eastern Paris' Porte de Vincennes area, prosecutor's office says.",14
MORE: Police surround kosher grocery store in eastern Paris where armed man is holding hostage http://t.co/cI8cztQjE6 http://t.co/BAwGOO5Wn3,1,RT_com,charliehebdo,rumour,MORE Police surround kosher grocery store in eastern Paris where armed man is holding hostage,15
"11 dead in Paris shooting at French satirical newspaper Charlie Hebdo, police official says - @AP http://t.co/ZFJYh80uxy",1,BreakingNews,charliehebdo,rumour,"11 dead in Paris shooting at French satirical newspaper Charlie Hebdo, police official says -",15
"It is speculative, but judging by video &amp; imagery from scene of #CharlieHebdo attack, these gunmen are not amateurs - they look experienced.",0,Charles_Lister,charliehebdo,not_rumour,"It is speculative, but judging by video amp imagery from scene of CharlieHebdo attack, these gunmen are not amateurs - they look experienced.",23
"Only Jew-hatred explains why Europeans pretend Israel's enemies are not the West's, as Muslims murder Jews and #CharlieHebdo in Paris.",0,benshapiro,charliehebdo,not_rumour,"Only Jew-hatred explains why Europeans pretend Israel's enemies are not the West's, as Muslims murder Jews and CharlieHebdo in Paris.",20
"Boko Haram killed 2000 people in Baga over a period of 5 days. No, that won't make news like #CharlieHebdo because this is Africa lad.",0,De_Imperial,charliehebdo,not_rumour,"Boko Haram killed 2000 people in Baga over a period of 5 days. No, that won't make news like CharlieHebdo because this is Africa lad.",25
A French police officer said that the suspected Charlie Hebdo gunmen said they seek to “die as martyrs” http://t.co/cQZezwr4sl,1,nytimes,charliehebdo,rumour,A French police officer said that the suspected Charlie Hebdo gunmen said they seek to die as martyrs,18
"He drew first, by @davpope #CharlieHebdo #JeSuisCharlie http://t.co/X5w0XRsrJJ",0,IlanBenZion,charliehebdo,not_rumour,"He drew first, by CharlieHebdo JeSuisCharlie",6
"AP took &gt;4 photos of Charb with the famous cover. UK papers are, AFAIK, only using bottom right one. #CharlieHebdo http://t.co/aKpB615dim",0,jonworth,charliehebdo,not_rumour,"AP took gt 4 photos of Charb with the famous cover. UK papers are, AFAIK, only using bottom right one. CharlieHebdo",21
Gendarmerie arrive at the hostage taking in Dammartin-en-Goele. Latest: http://t.co/7N7uvClhWY (Pic:Martmann/Reuters) http://t.co/kntlzzmvHm,1,Telegraph,charliehebdo,rumour,Gendarmerie arrive at the hostage taking in Dammartin-en-Goele. Latest Pic Martmann Reuters,12
"We don't know who carried out Charlie Hebdo attack. However if they were Muslims, then they are the enemies of me and most other Muslims.",0,Mohammed_Amin,charliehebdo,not_rumour,"We don't know who carried out Charlie Hebdo attack. However if they were Muslims, then they are the enemies of me and most other Muslims.",25
BREAKING: Police official confirms that 12 have died in the attack on the #CharlieHebdo headquarters http://t.co/K7ZHV9C27F,1,Independent,charliehebdo,rumour,BREAKING Police official confirms that 12 have died in the attack on the CharlieHebdo headquarters,15
"These four pillars of press freedom gone...
#CharlieHebdo http://t.co/eLaGHYVrHN",0,ElBeardsley,charliehebdo,not_rumour,These four pillars of press freedom gone... CharlieHebdo,8
"Trocadero square in Paris evacuated. Policemen pointing their gun.
http://t.co/u6qjxNUibY via @MelodiePeps",1,JulienPain,charliehebdo,rumour,Trocadero square in Paris evacuated. Policemen pointing their gun. via,10
"At my mom in Paris, right before the new year.#beforetragedy #jesuischarlie #whowouldhaveknown #booksfromchildhood &lt;3 http://t.co/dZqmi5Xjly",0,NadelParis,charliehebdo,not_rumour,"At my mom in Paris, right before the new year.beforetragedy jesuischarlie whowouldhaveknown booksfromchildhood lt 3",15
"Gathering in support of #CharlieHebdo at 6pm in Trafalgar Square, London. Please share widely https://t.co/4a2f2NONyR http://t.co/4dbswcQsKS",0,becksunyer,charliehebdo,not_rumour,"Gathering in support of CharlieHebdo at 6pm in Trafalgar Square, London. Please share widely",14
Dr Ali from the Irish Islamic Culture Centre just said he would seek legal advice if any journalist tweets one of #CharlieHebdo cartoons.,0,MikeHogan4FM,charliehebdo,not_rumour,Dr Ali from the Irish Islamic Culture Centre just said he would seek legal advice if any journalist tweets one of CharlieHebdo cartoons.,23
Respect to the French Police #JeSuisCharlie http://t.co/51rRu2PDyJ,0,Parazhit,charliehebdo,not_rumour,Respect to the French Police JeSuisCharlie,6
"Ten killed in shooting at headquarters of French satirical weekly Charlie Hebdo, says French media citing witnesses #c4news",1,Channel4News,charliehebdo,rumour,"Ten killed in shooting at headquarters of French satirical weekly Charlie Hebdo, says French media citing witnesses c4news",18
"Journalists, admin staff and police officers among those injured in #CharlieHebdo attack http://t.co/cMsu4ASQjl http://t.co/zqkHLJK5b9",0,MailOnline,charliehebdo,not_rumour,"Journalists, admin staff and police officers among those injured in CharlieHebdo attack",12
Above us only sky. #CharlieHebdo http://t.co/WeGydbsacQ,0,Donal_OKeeffe,charliehebdo,not_rumour,Above us only sky. CharlieHebdo,5
"As #CharlieHebdo attack unfolded, a journalist tweeted while taking shelter on a roof http://t.co/VUnbUrUpws http://t.co/P8E6hJcmHw",1,BBCWorld,charliehebdo,rumour,"As CharlieHebdo attack unfolded, a journalist tweeted while taking shelter on a roof",13
#Paris: Schools near the kosher grocery siege are in lockdown http://t.co/7N7uvClhWY http://t.co/eKOWNWLUwz,0,Telegraph,charliehebdo,not_rumour,Paris Schools near the kosher grocery siege are in lockdown,10
Feared at least 5 hostages are being held in Paris 'kosher' grocery http://t.co/zoafNwyEtr http://t.co/ntDatZ8Pp7,1,MailOnline,charliehebdo,rumour,Feared at least 5 hostages are being held in Paris 'kosher' grocery,12
BREAKING: Police order all shops closed in famed Jewish neighborhood in central Paris far from attacks.,1,AP,charliehebdo,rumour,BREAKING Police order all shops closed in famed Jewish neighborhood in central Paris far from attacks.,16
"France: 10 people dead after shooting at HQ of satirical weekly newspaper #CharlieHebdo, according to witnesses http://t.co/FkYxGmuS58",1,euronews,charliehebdo,rumour,"France 10 people dead after shooting at HQ of satirical weekly newspaper CharlieHebdo, according to witnesses",16
"How the world’s newspapers covered the #CharlieHebdo attack, in pictures: http://t.co/WKGdcp9IJc (Pic: De Morgen) http://t.co/tAvD86H8z9",0,Telegraph,charliehebdo,not_rumour,"How the worlds newspapers covered the CharlieHebdo attack, in pictures Pic De Morgen",13
"Civilians being evacuated, schools in lock down as new hostage situation unfolds in Paris http://t.co/cI8cztQjE6 http://t.co/5z4omAvypP",0,RT_com,charliehebdo,not_rumour,"Civilians being evacuated, schools in lock down as new hostage situation unfolds in Paris",14
#JeSuisCharlie moving minute of silence at #AFP headquarters for the victims of Charlie Hebdo http://t.co/JHz0JQGoru,0,Rimlaire,charliehebdo,not_rumour,JeSuisCharlie moving minute of silence at AFP headquarters for the victims of Charlie Hebdo,14
"We can never defeat terrorism if we have allies like Saudi Arabia who behead religious, political or sexual dissenters #JeSuisCharlie",0,Harryslaststand,charliehebdo,not_rumour,"We can never defeat terrorism if we have allies like Saudi Arabia who behead religious, political or sexual dissenters JeSuisCharlie",20
RIP #CharlieHebdo staff who paid w/ their lives for defending freedom of the press we all benefit from. True heroes. http://t.co/GaCJIjywSo,0,lauraleishman,charliehebdo,not_rumour,RIP CharlieHebdo staff who paid w their lives for defending freedom of the press we all benefit from. True heroes.,20
"""I strongly condemn the horrific shooting"" at the offices of #CharlieHebdo, US President Obama says http://t.co/Z0Kp0ZjMGs",0,BBCBreaking,charliehebdo,not_rumour,"""I strongly condemn the horrific shooting"" at the offices of CharlieHebdo, US President Obama says",15
"The two suspected #CharlieHebdo gunmen have been killed, according to reports. #ParisAttacks http://t.co/sS4Js4JZwm http://t.co/04KSGEeu5i",1,SkyNews,charliehebdo,rumour,"The two suspected CharlieHebdo gunmen have been killed, according to reports. ParisAttacks",12
What we know so far about the #CharlieHebdo attack and the double hostage-takings in France http://t.co/LBvRssNtSm http://t.co/ElujGekOkC,0,BBCNewsGraphics,charliehebdo,not_rumour,What we know so far about the CharlieHebdo attack and the double hostage-takings in France,15
"2nd hostage situation unfolding in France as SWAT teams respond to situation at grocery in Paris neighborhood - @AFP, @AP",0,BreakingNews,charliehebdo,not_rumour,"2nd hostage situation unfolding in France as SWAT teams respond to situation at grocery in Paris neighborhood - ,",19
The area northeast of Paris where shots were fired in the manhunt for Charlie Hebdo attackers http://t.co/0W4gaarWcf http://t.co/4ejWR9SMM4,1,WSJ,charliehebdo,rumour,The area northeast of Paris where shots were fired in the manhunt for Charlie Hebdo attackers,16
Did they draw cartoons? #JeSuisCharlie RT @Leandriii: Why no outrage for the 100s of people Boko Haram wiped out yesterday?,0,Trevornoah,charliehebdo,not_rumour,Did they draw cartoons? JeSuisCharlie RT Why no outrage for the 100s of people Boko Haram wiped out yesterday?,19
"Every religion is mocked - Judaism, Christianity, Buddhits, Muslims - but only #Islamists who resort to such brutal terror! #CharlieHebdo",0,Ostrov_A,charliehebdo,not_rumour,"Every religion is mocked - Judaism, Christianity, Buddhits, Muslims - but only Islamists who resort to such brutal terror! CharlieHebdo",20
Journalists and policemen are among the victims in the #CharlieHebdo attack. http://t.co/yxuh5NfwsX http://t.co/M1foykMiNZ,0,cnni,charliehebdo,not_rumour,Journalists and policemen are among the victims in the CharlieHebdo attack.,11
"Muslim “scholar” threatens Irish media with legal action if they publish cartoon.
http://t.co/1Jdk6MOaYP",0,patcondell,charliehebdo,not_rumour,Muslim scholar threatens Irish media with legal action if they publish cartoon.,12
"It's easy to condemn killings.

It's harder to say unequivocally that we have the right to depict Mohammed. We can. Can you?

#JeSuisCharlie",0,LawSecSoc,charliehebdo,not_rumour,It's easy to condemn killings. It's harder to say unequivocally that we have the right to depict Mohammed. We can. Can you? JeSuisCharlie,23
French police still haven’t found the #CharlieHebdo killers – here’s the latest: http://t.co/btfj0Wai6L http://t.co/8B6zLeYO93,0,cnni,charliehebdo,not_rumour,French police still havent found the CharlieHebdo killers heres the latest,11
"I'm no fan of #charliehebdo but this is a sickening, terrifying, unjustifiable attack on journalists. My thoughts &amp; prayers with the victims",0,mehdirhasan,charliehebdo,not_rumour,"I'm no fan of charliehebdo but this is a sickening, terrifying, unjustifiable attack on journalists. My thoughts amp prayers with the victims",22
"‘If liberty means anything at all, it means the right to tell people what they do not want to hear’ George Orwell #JeSuisCharlie",0,PenguinUKBooks,charliehebdo,not_rumour,"If liberty means anything at all, it means the right to tell people what they do not want to hear George Orwell JeSuisCharlie",23
"As we speak, with quiet resolve, Gazza is loading his car with chicken and a fishing rod and planning his route to Dammartin-en-Goele",0,DanRebellato,charliehebdo,not_rumour,"As we speak, with quiet resolve, Gazza is loading his car with chicken and a fishing rod and planning his route to Dammartin-en-Goele",23
Pope Francis prays for gunmen who executed 12 people at #CharlieHebdo http://t.co/sMtOVXT8I9 http://t.co/J2bdIq2k2V,0,NBCNews,charliehebdo,not_rumour,Pope Francis prays for gunmen who executed 12 people at CharlieHebdo,11
"If your faith isn't strong enough to cope with satirical poke, it oughtn't be strong enough to induce you to kill. Barbaric #CharlieHebdo",0,MaxWindCowie,charliehebdo,not_rumour,"If your faith isn't strong enough to cope with satirical poke, it oughtn't be strong enough to induce you to kill. Barbaric CharlieHebdo",23
The Pen and the Sword: the latest from @MorinToon. #jesuischarlie http://t.co/PLfpUYWCGS http://t.co/z1xWFyGFkH,0,MiamiHerald,charliehebdo,not_rumour,The Pen and the Sword the latest from . jesuischarlie,10
"Slain Charlie Hebdo editor: ""I prefer to die standing than live on my knees"" http://t.co/KQDlqBNyNA http://t.co/Ms8wqibhsZ",0,nypost,charliehebdo,not_rumour,"Slain Charlie Hebdo editor ""I prefer to die standing than live on my knees""",14
#BREAKING : Both Charlie Hebdo suspects killed as police storm building (police sources) http://t.co/OYSXRQ9xuv http://t.co/8ICThapo7z,1,France24_en,charliehebdo,rumour,BREAKING Both Charlie Hebdo suspects killed as police storm building police sources,12
Smoke seen from building where Charlie Hebdo attack suspects are located. LIVE video: http://t.co/kaVQ74BAQw http://t.co/ZCWaUZUIc8,0,ReutersLive,charliehebdo,not_rumour,Smoke seen from building where Charlie Hebdo attack suspects are located. LIVE video,13
The attack on Charlie Hebdo is an attack on freedom: The leading article from the new Spectator magazine: http://t.co/shBDPyy4et,0,spectator,charliehebdo,not_rumour,The attack on Charlie Hebdo is an attack on freedom The leading article from the new Spectator magazine,18
"#CharlieHebdo editor, assassinated today, said in 2012: ""I prefer to die standing than to live on my knees."" http://t.co/B3tWnIyYN9",0,grasswire,charliehebdo,not_rumour,"CharlieHebdo editor, assassinated today, said in 2012 ""I prefer to die standing than to live on my knees.""",18
How Arab world media responded to Charlie Hebdo attack http://t.co/HF68AN5Oh0 http://t.co/i8PVfgD3rq,0,haaretzcom,charliehebdo,not_rumour,How Arab world media responded to Charlie Hebdo attack,9
One suspect in the #CharlieHebdo shooting has handed himself in; two others remain at large: http://t.co/B8B2db88l6 http://t.co/cXVCGoxGzD,1,WSJ,charliehebdo,rumour,One suspect in the CharlieHebdo shooting has handed himself in two others remain at large,15
Perhaps the best #JeSuisCharlie cartoon yet... http://t.co/WtALoJqbtW via @AndrewBloch,0,ludobok,charliehebdo,not_rumour,Perhaps the best JeSuisCharlie cartoon yet... via,7
"Think this ticks all the boxes.

#JeSuisCharlie http://t.co/TTbO4qHjp9",0,DenCroke,charliehebdo,not_rumour,Think this ticks all the boxes. JeSuisCharlie,7
MORE: Official: gunman holding at least five hostages in Paris market has threatened to kill them if police approach: http://t.co/KId3U6zhCK,1,AP,charliehebdo,rumour,MORE Official gunman holding at least five hostages in Paris market has threatened to kill them if police approach,19
This is what courage and duty look like... #CharlieHebdo http://t.co/aKVE7buqcQ,0,policecommander,charliehebdo,not_rumour,This is what courage and duty look like... CharlieHebdo,9
The Roots of Evil #CharlieHebdo http://t.co/xbteQ8kGK5,0,calestous,charliehebdo,not_rumour,The Roots of Evil CharlieHebdo,5
"""Now they're gonna think we're all bad guys"", a Muslim bar owner from the neighborhood told me #CharlieHebdo",0,AnaisBordages,charliehebdo,not_rumour,"""Now they're gonna think we're all bad guys"", a Muslim bar owner from the neighborhood told me CharlieHebdo",18
Video has emerged showing the moment gunmen opened fire at #CharlieHebdo's HQ in Paris. http://t.co/ZRSbE9Fc1L http://t.co/tE7KwlhuSN,0,SkyNews,charliehebdo,not_rumour,Video has emerged showing the moment gunmen opened fire at CharlieHebdo's HQ in Paris.,14
"BREAKING NEWS: Reports of shots fired, car chase northeast of Paris as French police hunt Charlie Hebdo attackers. http://t.co/yRb5bP0YV1",1,cnni,charliehebdo,rumour,"BREAKING NEWS Reports of shots fired, car chase northeast of Paris as French police hunt Charlie Hebdo attackers.",18
"A cartoon, in solidarity http://t.co/YaRWaoSlcw #CharlieHebdo http://t.co/tgi2au6hp3",0,TomChivers,charliehebdo,not_rumour,"A cartoon, in solidarity CharlieHebdo",5
I'm not #CharlieHebdo &amp; neither are the French or anyone else unless the duplicity in/of 'freedom' is abolished. #JeSuisCharlie #JeSuisAhmed,0,ShujaRabbani,charliehebdo,not_rumour,I'm not CharlieHebdo amp neither are the French or anyone else unless the duplicity in of 'freedom' is abolished. JeSuisCharlie JeSuisAhmed,21
People gather for a minute's silence to remember the victims of the #CharlieHebdo attack http://t.co/Fv0ZHWLPQX http://t.co/ElS4WMYyV6,0,WSJ,charliehebdo,not_rumour,People gather for a minute's silence to remember the victims of the CharlieHebdo attack,14
"BREAKING: Explosions, gunshots heard at the Paris kosher market where gunman has at least 5 hostages.",0,AP,charliehebdo,not_rumour,"BREAKING Explosions, gunshots heard at the Paris kosher market where gunman has at least 5 hostages.",16
"""100 lashes if you don't die of laughter."" Eleven people killed over this. #Paris #CharlieHebdo http://t.co/87cB3mWVAQ",0,ninaburleigh,charliehebdo,not_rumour,"""100 lashes if you don't die of laughter."" Eleven people killed over this. Paris CharlieHebdo",15
"Press ""must stand together to send the message that murderous attempts to silence us will not stand"" #CharlieHebdo http://t.co/aiF9kVv9hw",0,pressfreedom,charliehebdo,not_rumour,"Press ""must stand together to send the message that murderous attempts to silence us will not stand"" CharlieHebdo",18
Turns out #CharlieHebdo was a two face douche on free speech - Telegraph http://t.co/aYmG7XeGY5 http://t.co/hiiW3qt2p0,0,charlesfrith,charliehebdo,not_rumour,Turns out CharlieHebdo was a two face douche on free speech - Telegraph,13
"On the darkest of days, like this, the French philosopher Voltaire perhaps say it best: #CharlieHebdo http://t.co/afM6QJUgrb",0,StianValla,charliehebdo,not_rumour,"On the darkest of days, like this, the French philosopher Voltaire perhaps say it best CharlieHebdo",16
#CharlieHebdo -  11 dead including 2 police in Paris shooting. Photo @MartinBureau1 #AFP http://t.co/aksGP63MB7,1,AFPphoto,charliehebdo,rumour,CharlieHebdo - 11 dead including 2 police in Paris shooting. Photo AFP,12
Video shows gunmen in #Paris execute police officer and drive away: http://t.co/ehnpb4lVQ8 #CharlieHebdo http://t.co/i5AskWWcW7,0,CNNVideo,charliehebdo,not_rumour,Video shows gunmen in Paris execute police officer and drive away CharlieHebdo,12
Kosher restaurants closing across Paris. Schools nr latest incident locked down. #ParisAttacks http://t.co/8MdsGYsaOZ http://t.co/rObM6QtWIZ,1,SkyNews,charliehebdo,rumour,Kosher restaurants closing across Paris. Schools nr latest incident locked down. ParisAttacks,12
"As a Muslim, I find the murder of innocent people more despicable and offensive than any cartoon could ever be. #CharlieHebdo",0,comicsandcola,charliehebdo,not_rumour,"As a Muslim, I find the murder of innocent people more despicable and offensive than any cartoon could ever be. CharlieHebdo",21
"Sad Khartoon! I'm Just a Muslim ..
From a Muslim #Cartoonist RIP #CharlieHebdo http://t.co/27Vt2RvAGs",0,khalidalbaih,charliehebdo,not_rumour,Sad Khartoon! I'm Just a Muslim .. From a Muslim Cartoonist RIP CharlieHebdo,13
How cartoonists around the world responded to the Charlie Hebdo attack http://t.co/alxmVb4EU0 http://t.co/9KXhtkFNZW,0,nytimes,charliehebdo,not_rumour,How cartoonists around the world responded to the Charlie Hebdo attack,11
Hypocrites like @faiezakhan in one screen shot. #CharlieHebdo #PK http://t.co/habzM640DJ,0,sankrant,charliehebdo,not_rumour,Hypocrites like in one screen shot. CharlieHebdo PK,8
"""I prefer to die standing than to live on my knees"" Charb, editor of #CharlieHebdo killed today  #JeSuisCharlie http://t.co/shxbtcOIYS",0,EU_Jamaica,charliehebdo,not_rumour,"""I prefer to die standing than to live on my knees"" Charb, editor of CharlieHebdo killed today JeSuisCharlie",18
"Charlie Hebdo editor Stéphane Charbonnier said he'd rather ""die standing than live on my knees."" http://t.co/01AbH3nCQc",0,nytimes,charliehebdo,not_rumour,"Charlie Hebdo editor Stphane Charbonnier said he'd rather ""die standing than live on my knees.""",15
"6 people believed to be hostages at Paris market, source tells BFMTV; Interior Ministry hasn't confirmed number. http://t.co/7Bxdhozq4H",1,cnnbrk,charliehebdo,rumour,"6 people believed to be hostages at Paris market, source tells BFMTV Interior Ministry hasn't confirmed number.",17
BREAKING: Hostage taken at kosher deli in Paris by gunman who killed cop yesterday http://t.co/vQMplUv5Qu,1,thedailybeast,charliehebdo,rumour,BREAKING Hostage taken at kosher deli in Paris by gunman who killed cop yesterday,14
"1 of the cops killed at #CharlieHebdo was, like most victims of Islamist militants, a Muslim. http://t.co/qmnj7R9zJA http://t.co/s9apCaJcjF",0,astroehlein,charliehebdo,not_rumour,"1 of the cops killed at CharlieHebdo was, like most victims of Islamist militants, a Muslim.",16
Cartoonists Georges Wolinski and Cabu are among victims of attack on #CharlieHebdo in Paris http://t.co/EJ0gGFsRZ1 http://t.co/42xHoEocru,0,AJENews,charliehebdo,not_rumour,Cartoonists Georges Wolinski and Cabu are among victims of attack on CharlieHebdo in Paris,14
"Nine journalists and two police officers killed in #CharlieHebdo attack, police spokesman confirms http://t.co/KtQOYWXKev",1,guardiannews,charliehebdo,rumour,"Nine journalists and two police officers killed in CharlieHebdo attack, police spokesman confirms",13
'Love is Stronger than Hate #CharlieHebdo cover. We will not surrender #freedomofexpression 2 #terror &amp; #intolerance. http://t.co/DAlIQF3OMp,0,bouckap,charliehebdo,not_rumour,'Love is Stronger than Hate CharlieHebdo cover. We will not surrender freedomofexpression 2 terror amp intolerance.,16
Tonight 7PM: mobilization for #CharlieHebdo freedom of press and democracy on Place de la République in #Paris http://t.co/AKjMGyBzRr,0,adelesmithNYC,charliehebdo,not_rumour,Tonight 7PM mobilization for CharlieHebdo freedom of press and democracy on Place de la Rpublique in Paris,17
Crowds gather for #charliehebdo vigils around Australia #JeSuisCharlie http://t.co/3hCuJxwGoo http://t.co/jsXB4RpjXb,0,abcnews,charliehebdo,not_rumour,Crowds gather for charliehebdo vigils around Australia JeSuisCharlie,8
Donald Trump blames #CharlieHebdo massacre on France's strict gun laws http://t.co/gqzhHqeZbA http://t.co/ZkMY42uw7D,0,DailyMail,charliehebdo,not_rumour,Donald Trump blames CharlieHebdo massacre on France's strict gun laws,10
“The paper will continue because they didn’t win.” #CharlieHebdo vows to continue publishing http://t.co/I4mRRhzUrZ http://t.co/nAAbzqydOY,0,WSJ,charliehebdo,not_rumour,The paper will continue because they didnt win. CharlieHebdo vows to continue publishing,13
Likely the best #CharlieHebdo solidarity sign yet. #JeSuisCharlie http://t.co/JJ2TmF7TYa,0,Bipartisanism,charliehebdo,not_rumour,Likely the best CharlieHebdo solidarity sign yet. JeSuisCharlie,8
Surviving #CharlieHebdo journalists are to publish the magazine's new edition for next week http://t.co/zaGrk24DhJ http://t.co/099l0NuRfH,0,Independent,charliehebdo,not_rumour,Surviving CharlieHebdo journalists are to publish the magazine's new edition for next week,13
"For some people, comic is  weapons.#JeSuisCharlie http://t.co/3m0Y4WBT3p",0,remonwangxt,charliehebdo,not_rumour,"For some people, comic is weapons.JeSuisCharlie",6
"As a human, I condemn today's terrorist act. As a Muslim, I damn those who commit terrorism in #Islam's name #JeSuisCharlie #CharlieHebdo",0,NoonArabia,charliehebdo,not_rumour,"As a human, I condemn today's terrorist act. As a Muslim, I damn those who commit terrorism in Islam's name JeSuisCharlie CharlieHebdo",22
Religion does not always correlate with ethics #JeSuisCharlie #ParisShooting #Islamophobia http://t.co/42JbTUmkmX,0,HaziqAbdAziz,charliehebdo,not_rumour,Religion does not always correlate with ethics JeSuisCharlie ParisShooting Islamophobia,10
"Police establish tight cordon around second hostage scene in #Paris. Eery quiet, except for buzz from helicopters. http://t.co/bw8vu18v8r",0,griffwitte,charliehebdo,not_rumour,"Police establish tight cordon around second hostage scene in Paris. Eery quiet, except for buzz from helicopters.",17
.@OliverNorthFNC: We have to stop the idea that we can just LET PEOPLE FREE from GITMO #ParisShooting #JeSuisCharlie @FoxNews,0,greta,charliehebdo,not_rumour,. We have to stop the idea that we can just LET PEOPLE FREE from GITMO ParisShooting JeSuisCharlie,18
#CharlieHebdo gunmen reportedly killed in firefight with French special forces http://t.co/8P6WQrogO9,1,MailOnline,charliehebdo,rumour,CharlieHebdo gunmen reportedly killed in firefight with French special forces,10
"Charlie Hebdo will print one million copies of next issue, 20 times bigger than normal http://t.co/KIeWurDwNX",0,TIME,charliehebdo,not_rumour,"Charlie Hebdo will print one million copies of next issue, 20 times bigger than normal",15
"White terrorists are 'mentally ill', while brown terrorists are 'Islamic assassins'. #NAACPBombing #CharlieHebdo http://t.co/idMCYFtIbh",0,Bipartisanism,charliehebdo,not_rumour,"White terrorists are 'mentally ill', while brown terrorists are 'Islamic assassins'. NAACPBombing CharlieHebdo",13
#CharlieHebdo liveblog by @Independent says news director Charb in critical cond. AQ put price put his head in '13 http://t.co/kGVAxtzyt4,1,aellick,charliehebdo,rumour,CharlieHebdo liveblog by says news director Charb in critical cond. AQ put price put his head in '13,18
Cartoonist Stephane Charbonnier was critically injured in the attack (LeFigaro) #CharlieHebdo http://t.co/fHMfUmQffo,1,AllawziSalim,charliehebdo,rumour,Cartoonist Stephane Charbonnier was critically injured in the attack LeFigaro CharlieHebdo,11
Charlie Hebdo shooting: twelve dead at Paris offices of satirical magazine  – live updates http://t.co/Yc1915SVdD,1,guardian,charliehebdo,rumour,Charlie Hebdo shooting twelve dead at Paris offices of satirical magazine live updates,13
Six explosions heard at kosher supermarket where a number of hostages were taken #ParisAttacks http://t.co/0jxoozr8mN http://t.co/BFuLAaMba6,0,SkyNews,charliehebdo,not_rumour,Six explosions heard at kosher supermarket where a number of hostages were taken ParisAttacks,14
Smoke rises from site where Charlie Hebdo suspects holed up http://t.co/3JnzARhAck,0,AFP,charliehebdo,not_rumour,Smoke rises from site where Charlie Hebdo suspects holed up,10
Satirical French magazine #CharlieHebdo attacked by gunmen: latest news report http://t.co/gjTbTOQIMo http://t.co/IIKBOs2Puk,0,guardian,charliehebdo,not_rumour,Satirical French magazine CharlieHebdo attacked by gunmen latest news report,10
"At least 11 dead in shooting at HQ of #CharlieHebdo in #Paris (police source)
https://t.co/e4dBcNVbvD",1,FRANCE24,charliehebdo,rumour,At least 11 dead in shooting at HQ of CharlieHebdo in Paris police source,14
For the 1st time since World War II there’ll be no Friday service in the Paris Grand Synagogue. At loss of words. #JeSuisJuif #JeSuisCharlie,0,zeevs,charliehebdo,not_rumour,For the 1st time since World War II therell be no Friday service in the Paris Grand Synagogue. At loss of words. JeSuisJuif JeSuisCharlie,24
People showing #JeSuisCharlie signs during demonstrations of solidarity around the world after #CharlieHebdo attacks. http://t.co/ArManZTehm,0,sbeaugeAFP,charliehebdo,not_rumour,People showing JeSuisCharlie signs during demonstrations of solidarity around the world after CharlieHebdo attacks.,14
Scene at Paris HQ of satirical magazine Charlie Hebdo - police confirm gunmen kill at least 10 http://t.co/t3gks9dapq http://t.co/bnD65c9hwF,1,BBCBreaking,charliehebdo,rumour,Scene at Paris HQ of satirical magazine Charlie Hebdo - police confirm gunmen kill at least 10,17
"In case you are confused…#CharlieHebdo @lucasofri 
(via @disinformatico) http://t.co/Dme3G2FLkJ",0,robi,charliehebdo,not_rumour,In case you are confusedCharlieHebdo via,6
Update - AFP reports at least two people killed after shooting at kosher grocery in eastern #Paris in which at least five were taken hostage,1,SkyNewsBreak,charliehebdo,rumour,Update - AFP reports at least two people killed after shooting at kosher grocery in eastern Paris in which at least five were taken hostage,25
→ http://t.co/qmWa9qgRrg Charlie Hebdo attack: Hunt for killers focuses on northern France #CharlieHebdo 485 http://t.co/akSz683KbY,1,brownjenjen,charliehebdo,rumour,Charlie Hebdo attack Hunt for killers focuses on northern France CharlieHebdo 485,12
"'Break one, thousand will rise' Awesome solidarity cartoons in support of #CharlieHebdoAttack victims #JeSuisCharlie http://t.co/i1yzqTPo4n",0,MrASingh,charliehebdo,not_rumour,"'Break one, thousand will rise' Awesome solidarity cartoons in support of CharlieHebdoAttack victims JeSuisCharlie",14
Independent cartoonist @DaveBrownToons on the story behind our #CharlieHebdo front page image http://t.co/pmyzSyahAT http://t.co/Lle6K8uPDg,0,Independent,charliehebdo,not_rumour,Independent cartoonist on the story behind our CharlieHebdo front page image,11
BREAKING NEWS: Killed Charlie Hebdo suspects came out firing on security forces. AFP,1,PzFeed,charliehebdo,rumour,BREAKING NEWS Killed Charlie Hebdo suspects came out firing on security forces. AFP,13
"Editor Stephane Charbonnier, 4 cartoonists reported killed in #CharlieHebdo attack (AP photo): http://t.co/qTB7uIurjN http://t.co/GjglEVLmLF",0,USATODAY,charliehebdo,not_rumour,"Editor Stephane Charbonnier, 4 cartoonists reported killed in CharlieHebdo attack AP photo",12
Charlie Hebdo will publish one million copies next week with help from Google http://t.co/e1TKBbVpwl http://t.co/1ThluwbhVq,0,verge,charliehebdo,not_rumour,Charlie Hebdo will publish one million copies next week with help from Google,13
UKIP's Culture Spokesman @prwhittle: Freedom is the very bedrock of Western democracy. It is non-negotiable. #CharlieHebdo,0,Michael_Heaver,charliehebdo,not_rumour,UKIP's Culture Spokesman Freedom is the very bedrock of Western democracy. It is non-negotiable. CharlieHebdo,15
#JeSuisCharlie trends worldwide: Online solidarity after Charlie Hebdo attack http://t.co/q1yC7tmhDN http://t.co/nvrKqRY6EL,0,Telegraph,charliehebdo,not_rumour,JeSuisCharlie trends worldwide Online solidarity after Charlie Hebdo attack,9
"Somewhere, Marine Le Pen is planning her presidential inauguration &amp; figuring out where Putin's guest of honor seat will be. #CharlieHebdo",0,20committee,charliehebdo,not_rumour,"Somewhere, Marine Le Pen is planning her presidential inauguration amp figuring out where Putin's guest of honor seat will be. CharlieHebdo",21
Banksy says #JeSuisCharlie in a beautiful way (vi @lukeeve) http://t.co/GKFP5xVAoc,1,MelanieTait,charliehebdo,rumour,Banksy says JeSuisCharlie in a beautiful way vi,8
#CharlieHebdo shootings lead to firebomb attacks on French mosques http://t.co/kDl8uPjeEM (Pic: J F Monier/AFP) http://t.co/pj8BtEtDCr,0,Telegraph,charliehebdo,not_rumour,CharlieHebdo shootings lead to firebomb attacks on French mosques Pic J F Monier AFP,14
For people to even try and say that the Paris shootings were staged is disgusting. Ahmed was murdered in broad day light. #JeSuisCharlie,0,TheVampsJames,charliehebdo,not_rumour,For people to even try and say that the Paris shootings were staged is disgusting. Ahmed was murdered in broad day light. JeSuisCharlie,23
"Bad bad day for press freedom, freedom of expression and satire. 
Thoughts with relatives of victims at #CharlieHebdo",0,markthomasinfo,charliehebdo,not_rumour,"Bad bad day for press freedom, freedom of expression and satire. Thoughts with relatives of victims at CharlieHebdo",18
BREAKING NEWS: Gunfire and explosions heard at the warehouse in north-east Paris where a hostage is being held.,0,PzFeed,charliehebdo,not_rumour,BREAKING NEWS Gunfire and explosions heard at the warehouse in north-east Paris where a hostage is being held.,18
Time for every Western Country 2 stand up &amp; say..... #JeSuisCharlie #IAmCharlieHebdo http://t.co/Okepxlhrl4,0,Boazziz,charliehebdo,not_rumour,Time for every Western Country 2 stand up amp say..... JeSuisCharlie IAmCharlieHebdo,12
This widely shared cartoon about the #CharlieHebdo attack is actually by @LucilleClerc and not #Banksy http://t.co/HxKI8pefcU,1,BBCtrending,charliehebdo,rumour,This widely shared cartoon about the CharlieHebdo attack is actually by and not Banksy,14
"BREAKING: #CharlieHebdo suspects barricaded in house in Crepy-en-Valois, surrounded by police, Le Figaro reports http://t.co/KwSJ7U0N0R",0,haaretzcom,charliehebdo,not_rumour,"BREAKING CharlieHebdo suspects barricaded in house in Crepy-en-Valois, surrounded by police, Le Figaro reports",14
"BREAKING: #CharlieHebdo Hebdo to be published next week in defiance of attack, with contributions from cartoonists from around the world.",0,H_E_Samuel,charliehebdo,not_rumour,"BREAKING CharlieHebdo Hebdo to be published next week in defiance of attack, with contributions from cartoonists from around the world.",20
The best cartoon yet about the #ParisShooting. #CharlieHebdo #JeSuisCharlie http://t.co/8GJk1mOjNu,0,Bipartisanism,charliehebdo,not_rumour,The best cartoon yet about the ParisShooting. CharlieHebdo JeSuisCharlie,9
UPDATE: Police storm kosher grocery store in eastern Paris as reports of #CharlieHebdo suspects killed http://t.co/QZbkbOTJNg,0,RT_com,charliehebdo,not_rumour,UPDATE Police storm kosher grocery store in eastern Paris as reports of CharlieHebdo suspects killed,15
UPDATE: Cop fatally shot as France hunts #CharlieHebdo massacre suspects http://t.co/DIw8C6Ng1s http://t.co/Rhfb6vC84P,1,NBCNews,charliehebdo,rumour,UPDATE Cop fatally shot as France hunts CharlieHebdo massacre suspects,10
"""Our thoughts are w/our allies over in France,"" @WhiteHouse spokesman says. http://t.co/oIBZTyu4kL #CharlieHebdo
https://t.co/sS7gDSD1tq",0,CNN,charliehebdo,not_rumour,"""Our thoughts are w our allies over in France,"" spokesman says. CharlieHebdo",12
RIP #CharlieHebdo cartoonists. My toon from 2010: http://t.co/ahyyrlN57s,0,natebeeler,charliehebdo,not_rumour,RIP CharlieHebdo cartoonists. My toon from 2010,7
#EU flags are flying at half-mast in Brussels today. RT:@EU_Commission #JeSuisCharlie http://t.co/vJiuHjQJ4M,0,LotteLeicht1,charliehebdo,not_rumour,EU flags are flying at half-mast in Brussels today. RT JeSuisCharlie,11
At least 12 dead in terrorist attack at satirical magazine in Paris. Our live blog: http://t.co/FjgQjRzNaM http://t.co/XilbJcDuc0,0,BuzzFeedNews,charliehebdo,not_rumour,At least 12 dead in terrorist attack at satirical magazine in Paris. Our live blog,15
BREAKING: 10 people shot dead at headquarters of French satirical weekly publication Charlie Hebdo in #Paris after gunmen stormed office.,1,JFXM,charliehebdo,rumour,BREAKING 10 people shot dead at headquarters of French satirical weekly publication Charlie Hebdo in Paris after gunmen stormed office.,20
10 dead as shots fired at French satirical weekly #CharlieHebdo. #AFP http://t.co/KqSnXV4Kqf,1,AFPphoto,charliehebdo,rumour,10 dead as shots fired at French satirical weekly CharlieHebdo. AFP,11
RIP #CharlieHebdo jihadist terrorist victims.This is why I'd tweeted it was so important for Muslims to openly *not* be offended by cartoons,0,MaajidNawaz,charliehebdo,not_rumour,RIP CharlieHebdo jihadist terrorist victims.This is why I'd tweeted it was so important for Muslims to openly not be offended by cartoons,22
PHOTO: Forensic experts examine the car believed to have been used as the escape vehicle in the Charlie Hebdo attack: http://t.co/9hYrbOBo3w,0,AP,charliehebdo,not_rumour,PHOTO Forensic experts examine the car believed to have been used as the escape vehicle in the Charlie Hebdo attack,20
Thank you French #Muslim Ahmed Merabet for your heroism in fighting terror! #ParisAttack #JeSuisCharlie #CharlieHebdo http://t.co/N3nlySFjhB,0,Resistance48,charliehebdo,not_rumour,Thank you French Muslim Ahmed Merabet for your heroism in fighting terror! ParisAttack JeSuisCharlie CharlieHebdo,15
DEVELOPING: Terrorists take hostages in two different #Paris locations. http://t.co/EBbK7ny8Cx,0,FoxNews,charliehebdo,not_rumour,DEVELOPING Terrorists take hostages in two different Paris locations.,9
"Evil rears its head again, but cartoonists will not cower. My toon: http://t.co/JkcZfsglbC #JeSuisCharlie http://t.co/Udx2XfoT3h",0,natebeeler,charliehebdo,not_rumour,"Evil rears its head again, but cartoonists will not cower. My toon JeSuisCharlie",13
"Smoke is emerging from building at site of hostage situation. Gunshots, loud blasts heard. http://t.co/IZoucAQgFi #CharlieHebdo",0,WSJ,charliehebdo,not_rumour,"Smoke is emerging from building at site of hostage situation. Gunshots, loud blasts heard. CharlieHebdo",15
I wish that all news outlets publish #CharlieHebdo 's cartoons/satire tomorrow on their front pages as a tribute to the dead. RIP,0,BenWeinthal,charliehebdo,not_rumour,I wish that all news outlets publish CharlieHebdo 's cartoons satire tomorrow on their front pages as a tribute to the dead. RIP,23
The Foreign Office’s Union flag at half mast today. Our thoughts with the French people. #CharlieHebdo #JeSuisCharlie http://t.co/6KCR9GkaGB,0,foreignoffice,charliehebdo,not_rumour,The Foreign Offices Union flag at half mast today. Our thoughts with the French people. CharlieHebdo JeSuisCharlie,17
LIVE coverage on the hostage situation with Paris attack suspects: http://t.co/LB5e3yCY3B http://t.co/U5c4Px2Ev0,0,ReutersLive,charliehebdo,not_rumour,LIVE coverage on the hostage situation with Paris attack suspects,10
"Americans, rest assured that if we could've prevented today's Paris terrorist attack by waterboarding, we wouldn't. Too mean.",0,weknowwhatsbest,charliehebdo,not_rumour,"Americans, rest assured that if we could've prevented today's Paris terrorist attack by waterboarding, we wouldn't. Too mean.",18
"#CharlieHebdo-an equal opportunity satirical mag in the grand tradition of #France.
Long may that tradition continue!
#FreedomOfSpeech",0,Bonn1eGreer,charliehebdo,not_rumour,CharlieHebdo-an equal opportunity satirical mag in the grand tradition of France. Long may that tradition continue! FreedomOfSpeech,17
"This doesn't represent all Muslims, but, sorry, it does represent the official Islamic school of a certain key Arab state. #CharlieHebdo",0,iyad_elbaghdadi,charliehebdo,not_rumour,"This doesn't represent all Muslims, but, sorry, it does represent the official Islamic school of a certain key Arab state. CharlieHebdo",21
"Today, as journalists ""bravely"" voice support for #CharlieHebdo, ask them for their piece calling on Yale to publish the Muhammad cartoons.",0,Will_Antonin,charliehebdo,not_rumour,"Today, as journalists ""bravely"" voice support for CharlieHebdo, ask them for their piece calling on Yale to publish the Muhammad cartoons.",21
"Make Fun of Hindu God's #PK = Creativity , Freedom of Expression
Make Fun of A Prophet = 12 killed 

#CharlieHebdo http://t.co/1qQGFtuhO2",0,rishibagree,charliehebdo,not_rumour,"Make Fun of Hindu God's PK Creativity , Freedom of Expression Make Fun of A Prophet 12 killed CharlieHebdo",19
Paris alert status raised to the highest level with #CharlieHebdo gunmen reportedly on the run http://t.co/xcK8lY9IeR http://t.co/tQuxQ06Q7f,0,SkyNews,charliehebdo,not_rumour,Paris alert status raised to the highest level with CharlieHebdo gunmen reportedly on the run,15
#ChalieHebdo terrorists are held up in a warehouse with hostages. #JeSuisCharlie http://t.co/AJYsqfKMwa,1,timsullivan23,charliehebdo,rumour,ChalieHebdo terrorists are held up in a warehouse with hostages. JeSuisCharlie,11
New Yorker cartoon. Seems particularly relevant after #CharlieHebdo attack. http://t.co/9HbdyH2iMz,0,GerryHassan,charliehebdo,not_rumour,New Yorker cartoon. Seems particularly relevant after CharlieHebdo attack.,9
It would have been nice to take them alive but it feels good that they’re dead. #JeSuisCharlie http://t.co/AczlhJxarf,0,hildyjohns,charliehebdo,not_rumour,It would have been nice to take them alive but it feels good that theyre dead. JeSuisCharlie,17
"Charlie Hebdo journalist Wandrille Lanos tells France 2 that men with kalashnikovs entered the office, calls it a ""scene of carnage.""",1,RachelDonadio,charliehebdo,rumour,"Charlie Hebdo journalist Wandrille Lanos tells France 2 that men with kalashnikovs entered the office, calls it a ""scene of carnage.""",21
Reports coming out from Paris say the policeman murdered on the pavement was Ahmed Merabet. A French muslim. #JeSuisCharlie,0,nthurlbeck,charliehebdo,not_rumour,Reports coming out from Paris say the policeman murdered on the pavement was Ahmed Merabet. A French muslim. JeSuisCharlie,19
"Saying #JeSuisCharlie or ""I stand with Charlie"" isn't an endorsement of their cartoons, IMO. It's defending right to satirise without harm.",0,sunny_hundal,charliehebdo,not_rumour,"Saying JeSuisCharlie or ""I stand with Charlie"" isn't an endorsement of their cartoons, IMO. It's defending right to satirise without harm.",21
#CharlieHebdo shooting: what we know so far http://t.co/6YUX5mot92 http://t.co/nC9fYCh6qd,0,guardiannews,charliehebdo,not_rumour,CharlieHebdo shooting what we know so far,7
"PARIS HOSTAGE SITUATIONS:
-At printing house
-Holding 1 hostage
-At kosher supermarket
-Holding 6 hostages

Stay with @PzFeed for the latest",0,PzFeed,charliehebdo,not_rumour,PARIS HOSTAGE SITUATIONS -At printing house -Holding 1 hostage -At kosher supermarket -Holding 6 hostages Stay with for the latest,20
Paris #CharlieHebdo attack: This is the worst act of terrorism in France for 50 years http://t.co/JO1hyB4vjj http://t.co/GPrxnlMx7a,0,TelegraphNews,charliehebdo,not_rumour,Paris CharlieHebdo attack This is the worst act of terrorism in France for 50 years,15
Who are the two brothers suspected of launching #CharlieHebdo attack? We explain: http://t.co/WqmrAaIfCU (Pic: AFP) http://t.co/3mzxBh5gkH,1,Telegraph,charliehebdo,rumour,Who are the two brothers suspected of launching CharlieHebdo attack? We explain Pic AFP,14
"Some press now blurring CharlieHebdo cartoons as cartoonists foresaw. This one says ""Charlie Hebdo Should be Veiled"" http://t.co/x857AJFa3F",0,PGourevitch,charliehebdo,not_rumour,"Some press now blurring CharlieHebdo cartoons as cartoonists foresaw. This one says ""Charlie Hebdo Should be Veiled""",17
Shooting at Paris office of #CharlieHebdo magazine ranks as one of the deadliest attacks on Paris in 20 years. http://t.co/hyX5zWvaK2,0,WSJ,charliehebdo,not_rumour,Shooting at Paris office of CharlieHebdo magazine ranks as one of the deadliest attacks on Paris in 20 years.,19
"Between governrment attacks and terrorist attacks, it's hard to be a journalist these days. #Charlie #hebdo",0,AnonyOps,charliehebdo,not_rumour,"Between governrment attacks and terrorist attacks, it's hard to be a journalist these days. Charlie hebdo",16
URGENT: Both #CharlieHebdo suspects killed - reports http://t.co/QZbkbOTJNg http://t.co/PB05L1pWmZ,1,RT_com,charliehebdo,rumour,URGENT Both CharlieHebdo suspects killed - reports,7
"French police block road to Longpont, north-east of Paris, as hunt for suspects in #CharlieHebdo attack continues http://t.co/yw9QPCbTUk",0,BBCBreaking,charliehebdo,not_rumour,"French police block road to Longpont, north-east of Paris, as hunt for suspects in CharlieHebdo attack continues",17
We are not afraid. #jesuischarlie http://t.co/pl4iLXUCN3,0,feedly,charliehebdo,not_rumour,We are not afraid. jesuischarlie,5
"UK border security increased after #CharlieHebdo attack, terror threat level unchanged - UK home secretary http://t.co/O37a2cUOBN",0,BBCBreaking,charliehebdo,not_rumour,"UK border security increased after CharlieHebdo attack, terror threat level unchanged - UK home secretary",15
Twitter users are expressing solidarity with #CharlieHebdo by using the hashtag #JeSuisCharlie http://t.co/ntUIIhJvl6 http://t.co/kNVlKi7hNe,0,guardiannews,charliehebdo,not_rumour,Twitter users are expressing solidarity with CharlieHebdo by using the hashtag JeSuisCharlie,12
"💔💔
I Will Follow Anyone
&amp; Invite Everyone
To Unite &amp; Defend
#FreedomOfExpression

#JeSuisCharlie #IAmCharlie
#DrWidad http://t.co/WnWPMZhuvV",0,DrWidadAkrawi,charliehebdo,not_rumour,I Will Follow Anyone amp Invite Everyone To Unite amp Defend FreedomOfExpression JeSuisCharlie IAmCharlie DrWidad,15
"Meaux hospital sent medical team to reported hostage scene northeast of Paris, hospital communications director says. http://t.co/vncToPmhMX",1,cnnbrk,charliehebdo,rumour,"Meaux hospital sent medical team to reported hostage scene northeast of Paris, hospital communications director says.",16
Cowardly attack on Charlie Hebdo's offices. The humourless fanatics can fuck off. Freedom of speech is more important than your feelings.,0,KarlreMarks,charliehebdo,not_rumour,Cowardly attack on Charlie Hebdo's offices. The humourless fanatics can fuck off. Freedom of speech is more important than your feelings.,21
#NUJ on Charlie Hebdo killings: assassination of journalists and an attempt to assassinate the free press. - https://t.co/nKSv4QlSEY,0,NUJofficial,charliehebdo,not_rumour,NUJ on Charlie Hebdo killings assassination of journalists and an attempt to assassinate the free press. -,17
"I would think a religious figure is more offended by savage, barbaric slaughter in his name than by a cartoon. #charliehebdo",0,DLoesch,charliehebdo,not_rumour,"I would think a religious figure is more offended by savage, barbaric slaughter in his name than by a cartoon. charliehebdo",21
"French Parliament president declares current anti-terrorism legislat° is sufficient,opposed to new laws reacting to #CharlieHebdo emotion",0,MaliciaRogue,charliehebdo,not_rumour,"French Parliament president declares current anti-terrorism legislat is sufficient,opposed to new laws reacting to CharlieHebdo emotion",16
Publish a Charlie Hebdo cartoon: show them the pen will still flourish when their guns have rusted http://t.co/5X0X9PwUqU #JeSuisCharlie,0,stephenfry,charliehebdo,not_rumour,Publish a Charlie Hebdo cartoon show them the pen will still flourish when their guns have rusted JeSuisCharlie,18
#CharlieHebdo suspects were on British terror watch list for years http://t.co/LbKmHMVDoV http://t.co/KDWpLXG9MI,0,RTUKnews,charliehebdo,not_rumour,CharlieHebdo suspects were on British terror watch list for years,10
URGENT: 3 gunmen involved in deadly attack on #CharlieHebdo - French interior minister http://t.co/3Jsosc7yl3 #Paris http://t.co/9fqT2P6yhV,1,RT_com,charliehebdo,rumour,URGENT 3 gunmen involved in deadly attack on CharlieHebdo - French interior minister Paris,14
"A satire on Mohammed can get you killed. A satire on Hindu God can get You 300 Crs!
 And still Hindus should learn tolerance?
#CharlieHebdo",0,rishibagree,charliehebdo,not_rumour,A satire on Mohammed can get you killed. A satire on Hindu God can get You 300 Crs! And still Hindus should learn tolerance? CharlieHebdo,25
Photos from the aftermath of the attack on the Charlie Hebdo newspaper in Paris http://t.co/79lKTnfWvT,0,nytimes,charliehebdo,not_rumour,Photos from the aftermath of the attack on the Charlie Hebdo newspaper in Paris,14
"#JeSuisCharlie Charb who was assassinated today: ""The Kurds defend us all"". Rest in peace brother. #TwitterKurds http://t.co/L5yVsCOedk",0,Hevallo,charliehebdo,not_rumour,"JeSuisCharlie Charb who was assassinated today ""The Kurds defend us all"". Rest in peace brother. TwitterKurds",16
"Quran says: Whoever kills an innocent soul.. it is as if they had killed the entire humanity.
#CharlieHebdo #Paris http://t.co/UinZ805MpA",0,ATEEKSTER,charliehebdo,not_rumour,Quran says Whoever kills an innocent soul.. it is as if they had killed the entire humanity. CharlieHebdo Paris,19
"The pen is mightier than the sword, and the cowards were afraid of it. So don't stop writing. #JeSuisCharlie #CharlieHebdo",0,shumylaj,charliehebdo,not_rumour,"The pen is mightier than the sword, and the cowards were afraid of it. So don't stop writing. JeSuisCharlie CharlieHebdo",20
"Dual hostage crisis ends: #CharlieHebdo suspects killed, ‘several hostages freed’ at supermkt http://t.co/LdSF5QeCiv http://t.co/Gm5z8owfhP",0,FRANCE24,charliehebdo,not_rumour,"Dual hostage crisis ends CharlieHebdo suspects killed, several hostages freed at supermkt",12
"Nothing destroyed Breivik's maniacal rhetoric more than Norway's calm, humane handling of his case. A lesson for everyone. #CharlieHebdo",0,ChrChristensen,charliehebdo,not_rumour,"Nothing destroyed Breivik's maniacal rhetoric more than Norway's calm, humane handling of his case. A lesson for everyone. CharlieHebdo",19
The pen is mightier than the sword. Cartoonists respond to terror in France #CharlieHebdo #JeSuisCharlie #auspol http://t.co/ZBwwQOGElr,0,Feeney4Batman,charliehebdo,not_rumour,The pen is mightier than the sword. Cartoonists respond to terror in France CharlieHebdo JeSuisCharlie auspol,16
Islam is NOT religion of peace✌️it's theory of conquest that seeks domination by any means-Ali http://t.co/qLfQjIivyH  #CharlieHebdo,0,peddoc63,charliehebdo,not_rumour,Islam is NOT religion of peaceit's theory of conquest that seeks domination by any means-Ali CharlieHebdo,16
BREAKING: ANOTHER HOSTAGE SITUATION IN EASTERN PARIS.,0,TheAnonMessage,charliehebdo,not_rumour,BREAKING ANOTHER HOSTAGE SITUATION IN EASTERN PARIS.,7
How can you defend anyone's rights if they chop off your head? Tolerance of intolerance is cowardice! #CharlieHebdo http://t.co/KAtF0DfVEO,0,peddoc63,charliehebdo,not_rumour,How can you defend anyone's rights if they chop off your head? Tolerance of intolerance is cowardice! CharlieHebdo,18
Several hostages freed at Jewish supermarket in Paris including a child (R). Photo Thomas Samson #AFP http://t.co/b6ikL2BYyy,0,AFPphoto,charliehebdo,not_rumour,Several hostages freed at Jewish supermarket in Paris including a child R . Photo Thomas Samson AFP,17
"Today, we are all #Charlie. #CondeNastFrance supports #CharlieHebdo http://t.co/CU0eFNk7tL #JeSuisCharlie http://t.co/b2wPIasbxa",0,VogueParis,charliehebdo,not_rumour,"Today, we are all Charlie. CondeNastFrance supports CharlieHebdo JeSuisCharlie",9
Photos from scene of deadly attack by gunmen at Paris offices of newspaper Charlie Hebdo. http://t.co/E1zzO50LxX http://t.co/zzzDoDHCSi,0,Reuters,charliehebdo,not_rumour,Photos from scene of deadly attack by gunmen at Paris offices of newspaper Charlie Hebdo.,15
The surviving staff at #CharlieHebdo  have just announced that the magazine will publish next week--ON SCHEDULE.,0,TerryMoran,charliehebdo,not_rumour,The surviving staff at CharlieHebdo have just announced that the magazine will publish next week--ON SCHEDULE.,16
"now 13 dead at Charlie #Hebdo; gunmen show signs of military training; fled in black car, dumped it, hijacked another; set off for suburbs",1,jamiewrit,charliehebdo,rumour,"now 13 dead at Charlie Hebdo gunmen show signs of military training fled in black car, dumped it, hijacked another set off for suburbs",24
"1st person killed by terrorists was a French Muslim cop, RIP Ahmed Merabet. Bigotry is ALWAYS wrong! #CharlieHebdo http://t.co/yyitubfAIt",1,thedahlimmama,charliehebdo,rumour,"1st person killed by terrorists was a French Muslim cop, RIP Ahmed Merabet. Bigotry is ALWAYS wrong! CharlieHebdo",18
And best drawing so far RT @kylecmatthews: This is just brilliant #charliehebdo #sonyhack http://t.co/EXmNt0Vxrr,0,GregFleurot,charliehebdo,not_rumour,And best drawing so far RT This is just brilliant charliehebdo sonyhack,12
A minute's silence for the journalists and those who protected them. #JeSuisCharlie http://t.co/aU9K17Q3V7,0,AmnestyUK,charliehebdo,not_rumour,A minute's silence for the journalists and those who protected them. JeSuisCharlie,12
Update - 11 people dead at headquarters of French satirical weekly publication Charlie Hebdo after armed gunmen stormed the office in #Paris,1,SkyNewsBreak,charliehebdo,rumour,Update - 11 people dead at headquarters of French satirical weekly publication Charlie Hebdo after armed gunmen stormed the office in Paris,22
"BREAKING NEWS: Paris massacre suspects killed, hostages in two locations freed, reports say http://t.co/3pyj3Tc8fU",0,foxnewsalert,charliehebdo,not_rumour,"BREAKING NEWS Paris massacre suspects killed, hostages in two locations freed, reports say",13
"As someone raised Muslim, senseless bloodshed in my name is far more offensive to me than any cartoon can ever be #CharlieHebdo",0,cocobyname,charliehebdo,not_rumour,"As someone raised Muslim, senseless bloodshed in my name is far more offensive to me than any cartoon can ever be CharlieHebdo",22
Four of France's most revered cartoonists among those killed in #CharlieHebdo massacre http://t.co/g16D4XMWhk http://t.co/cf7fHuDXfB,0,MailOnline,charliehebdo,not_rumour,Four of France's most revered cartoonists among those killed in CharlieHebdo massacre,12
Paris #CharlieHebdo attack: 'This is the worst act of terrorism in France for 50 years' http://t.co/XyARpX72q7 http://t.co/HrxLhw9H4V,0,Telegraph,charliehebdo,not_rumour,Paris CharlieHebdo attack 'This is the worst act of terrorism in France for 50 years',15
I may not agree with what you say but will defend your right to say it - Voltaire #JeSuisCharlie #LibertéDexpression http://t.co/rSbYpPGyfq,0,tobiaslehr,charliehebdo,not_rumour,I may not agree with what you say but will defend your right to say it - Voltaire JeSuisCharlie LibertDexpression,20
"More freedom satire from Charlie Hebdo - ""The Pope in Paris: The French Are As Idiotic As The Blacks"" http://t.co/LpQG9TmIlM ht @LeJebly",0,MaxBlumenthal,charliehebdo,not_rumour,"More freedom satire from Charlie Hebdo - ""The Pope in Paris The French Are As Idiotic As The Blacks"" ht",20
"Poor attempt by @bdutt to justify #CharlieHebdo attack, despite the fact that France was first to recognise Palestine http://t.co/e4BBlsWwOp",0,ggiittiikkaa,charliehebdo,not_rumour,"Poor attempt by to justify CharlieHebdo attack, despite the fact that France was first to recognise Palestine",17
"If you tweeted #JeSuisCharlie but won't tweet #JeSuisJuif today, I think we can all figure out the reason. http://t.co/eVtOYbvlrP",0,benshapiro,charliehebdo,not_rumour,"If you tweeted JeSuisCharlie but won't tweet JeSuisJuif today, I think we can all figure out the reason.",18
"Second standoff underway at Kosher grocery store at Porte de Vincennes in eastern Paris, French media reports. http://t.co/xv6GvYIlXA",0,cnni,charliehebdo,not_rumour,"Second standoff underway at Kosher grocery store at Porte de Vincennes in eastern Paris, French media reports.",17
This is how France’s top sports newspaper covered the #CharlieHebdo killings. http://t.co/hC19VeONRS http://t.co/6yV9V5nDT9,0,nycjim,charliehebdo,not_rumour,This is how Frances top sports newspaper covered the CharlieHebdo killings.,11
Don't let Islamists intimidate u. Republish the cartoons in solidarity with #CharlieHebdo victims &amp; 4 free expression http://t.co/3YCJRdaUID,0,RezaMoradi,charliehebdo,not_rumour,Don't let Islamists intimidate u. Republish the cartoons in solidarity with CharlieHebdo victims amp 4 free expression,17
"RIP #AhmedMerabet, a Muslim police officer murdered trying to save #CharlieHebdo, who mocked his faith. #JeSuisAhmed http://t.co/iNs879Nj8k",0,GlenGilmore,charliehebdo,not_rumour,"RIP AhmedMerabet, a Muslim police officer murdered trying to save CharlieHebdo, who mocked his faith. JeSuisAhmed",16
A tragic day for the freedom of speech #jesuischarlie http://t.co/ZkIOXpHeSq,0,GuyVerhofstadt,charliehebdo,not_rumour,A tragic day for the freedom of speech jesuischarlie,9
A beautiful sight of solidarity with #CharlieHebdo. #ParisShooting http://t.co/m7zwrni4yz,0,Bipartisanism,charliehebdo,not_rumour,A beautiful sight of solidarity with CharlieHebdo. ParisShooting,8
"If you are not condemning the #Islamic ideology that killed 12 at #CharlieHebdo, your sympathy doesn't mean shit.
Support #FreeSpeech.",0,SecularlyYours,charliehebdo,not_rumour,"If you are not condemning the Islamic ideology that killed 12 at CharlieHebdo, your sympathy doesn't mean shit. Support FreeSpeech.",20
Headquarters of @welt and @BILD in Berlin. #JeSuisCharlie http://t.co/ZsxHuTxcMj,0,charles_hawley,charliehebdo,not_rumour,Headquarters of and in Berlin. JeSuisCharlie,6
My deepest condolences to those in Paris &amp; #CharlieHebdo! Over a cartoon!??... What happened to #FreedomOfSpeech ? http://t.co/xCiLxvTlk4,0,AleBedoya17,charliehebdo,not_rumour,My deepest condolences to those in Paris amp CharlieHebdo! Over a cartoon!??... What happened to FreedomOfSpeech ?,17
"Looks like every Charlie Hebdo cartoonist has been killed: 1. Charb - was on Al-Qaeda's hit list; 2. Cabu, 3. Wolinski, 4. Tignous",1,mjrharris,charliehebdo,rumour,"Looks like every Charlie Hebdo cartoonist has been killed 1. Charb - was on Al-Qaeda's hit list 2. Cabu, 3. Wolinski, 4. Tignous",23
#JeSuisCharlie - a brilliant image by @iGaddo. Let's all stick our pencils up in defiance. http://t.co/wm5jNdaP8x,0,westendproducer,charliehebdo,not_rumour,JeSuisCharlie - a brilliant image by . Let's all stick our pencils up in defiance.,15
"Arsene Wenger: ""To think in a country like France you can die for your ideas is absolutely shocking."" #JeSuisCharlie",0,amylawrence71,charliehebdo,not_rumour,"Arsene Wenger ""To think in a country like France you can die for your ideas is absolutely shocking."" JeSuisCharlie",19
"#CharlieHebdo editor, murdered today, said in 2012 ""I prefer to die standing than to live on my knees."" #jesuischarly http://t.co/OgnMfcIvE5",0,Paydesk,charliehebdo,not_rumour,"CharlieHebdo editor, murdered today, said in 2012 ""I prefer to die standing than to live on my knees."" jesuischarly",19
How to respond to the murderous attack on Charlie Hebdo? Every newspaper in the free world should print this. http://t.co/sC2ot63F6j,0,Heresy_Corner,charliehebdo,not_rumour,How to respond to the murderous attack on Charlie Hebdo? Every newspaper in the free world should print this.,19
"""Armed and dangerous."" Appeal for info about suspects in policewoman shooting. #ParisAttacks http://t.co/zZIgbWOmcP http://t.co/lu5QEp82OU",0,SkyNews,charliehebdo,not_rumour,"""Armed and dangerous."" Appeal for info about suspects in policewoman shooting. ParisAttacks",12
Seven great cartoon responses to the #CharlieHebdo killings: http://t.co/HY4RHFKiib http://t.co/il4P5MANAC,0,ThisIsFusion,charliehebdo,not_rumour,Seven great cartoon responses to the CharlieHebdo killings,8
There are many ways to honor #CharlieHebdo. One is to abolish all blasphemy laws in Europe #JeSuisCharlie,0,PAPerrouty,charliehebdo,not_rumour,There are many ways to honor CharlieHebdo. One is to abolish all blasphemy laws in Europe JeSuisCharlie,17
Egypt top Muslim institution Al Azhar and the Arab league condemn Paris #CharlieHebdo attack. @akhbar,0,jenanmoussa,charliehebdo,not_rumour,Egypt top Muslim institution Al Azhar and the Arab league condemn Paris CharlieHebdo attack.,14
Can these terrorist cunts in Paris just fucking stop with this bullshit! 😡,0,ProSyndicate,charliehebdo,not_rumour,Can these terrorist cunts in Paris just fucking stop with this bullshit!,12
"We mourn WWF friend and supporter Tignous, killed in yesterday's Charlie Hebdo attack in Paris. #JeSuisCharlie http://t.co/uTy1NbGHF7",0,World_Wildlife,charliehebdo,not_rumour,"We mourn WWF friend and supporter Tignous, killed in yesterday's Charlie Hebdo attack in Paris. JeSuisCharlie",16
Charlie Hebdo shooting latest: 12 dead and gunmen still at large http://t.co/6jRqXgPogM http://t.co/hO7lvftma5,1,thei100,charliehebdo,rumour,Charlie Hebdo shooting latest 12 dead and gunmen still at large,11
Prince Harry signs a book of condolence at the French Embassy in London after the attacks in #Paris http://t.co/W0ZWcOQLgi,0,ClarenceHouse,charliehebdo,not_rumour,Prince Harry signs a book of condolence at the French Embassy in London after the attacks in Paris,18
Charlie Hebdo will print a million copies of its next edition with government and Google help http://t.co/7NWsbPcbEW http://t.co/vU5XUNjXj6,0,engadget,charliehebdo,not_rumour,Charlie Hebdo will print a million copies of its next edition with government and Google help,16
"Special forces evacuate local residents in Saint-Mande, near Porte de Vincennes in Paris. Photo @MartinBureau1 #AFP http://t.co/ngaAVAtwFw",0,StephaneArnaud_,charliehebdo,not_rumour,"Special forces evacuate local residents in Saint-Mande, near Porte de Vincennes in Paris. Photo AFP",15
"Everything we know about the #CharlieHebdo attack so far
http://t.co/oqu0qi6N8v http://t.co/uLT5JPOj4t",0,Independent,charliehebdo,not_rumour,Everything we know about the CharlieHebdo attack so far,9
We have reached peak stupid http://t.co/8XQoZ05pgZ http://t.co/pP4b9Mbaoi,0,AdamWagner1,charliehebdo,not_rumour,We have reached peak stupid,5
"Charlie Hebdo magazine is planning a print-run of its next issue of a million copies, not usual 60,000. Expected to sell out #wato",0,sunny_hundal,charliehebdo,not_rumour,"Charlie Hebdo magazine is planning a print-run of its next issue of a million copies, not usual 60,000. Expected to sell out wato",23
"Paris-based journalist says the attack on Charlie Hebdo's HQ involved men armed with ""rocket propelled grenades"" http://t.co/1PJH17mcLz",1,SkyNews,charliehebdo,rumour,"Paris-based journalist says the attack on Charlie Hebdo's HQ involved men armed with ""rocket propelled grenades""",16
BREAKING: #CharlieHebdo Terrorists Attended Radical Mosque in Paris http://t.co/oEvVOOHRqh #JeSuisCharlie http://t.co/78vtE2Jv3J,0,ChuckCJohnson,charliehebdo,not_rumour,BREAKING CharlieHebdo Terrorists Attended Radical Mosque in Paris JeSuisCharlie,9
Police taking people out of #Paris grocery where hostages were being held. http://t.co/7Bxdhozq4H,1,cnnbrk,charliehebdo,rumour,Police taking people out of Paris grocery where hostages were being held.,12
"This year in Paris mobs attacked synagogues, synagogues have repeatedly been shot at, there have been anti-semitic rapes, and now hostages.",0,b_judah,charliehebdo,not_rumour,"This year in Paris mobs attacked synagogues, synagogues have repeatedly been shot at, there have been anti-semitic rapes, and now hostages.",21
"When you feel justified in killing people over cartoons, you have clearly lost your mind. #CharlieHebdo",0,BinaShah,charliehebdo,not_rumour,"When you feel justified in killing people over cartoons, you have clearly lost your mind. CharlieHebdo",16
"9/11 attacks, London 7/7 bombings, Madrid, Boston Marathon, Fort Hood, Paris, Oklahoma Beheading... but we're not supposed 2 question Islam?",0,BradThor,charliehebdo,not_rumour,"9 11 attacks, London 7 7 bombings, Madrid, Boston Marathon, Fort Hood, Paris, Oklahoma Beheading... but we're not supposed 2 question Islam?",22
"Cartoon by Australian artist @davpope - ""can't sleep, thoughts with my French cartooning colleagues"" #CharlieHebdo http://t.co/GHWJYbFOg7",0,TheMurdochTimes,charliehebdo,not_rumour,"Cartoon by Australian artist - ""can't sleep, thoughts with my French cartooning colleagues"" CharlieHebdo",14
"Gunfire, explosions heard at print plant outside Paris where police cornered 2 Paris terror suspects holding hostage
https://t.co/9ipLwb6iYS",0,FoxNews,charliehebdo,not_rumour,"Gunfire, explosions heard at print plant outside Paris where police cornered 2 Paris terror suspects holding hostage",17
A shocking number of attacks against French Muslims and mosques days after the #CharlieHebdo massacre: http://t.co/0DokPJ98EB,0,steveplrose,charliehebdo,not_rumour,A shocking number of attacks against French Muslims and mosques days after the CharlieHebdo massacre,15
BREAKING: French government raises security alert to highest level after deadly attack at magazine Charlie Hebdo. http://t.co/ak9mTVfJdR,0,cnni,charliehebdo,not_rumour,BREAKING French government raises security alert to highest level after deadly attack at magazine Charlie Hebdo.,16
Fact: Most every journalist in India will stand with #CharlieHebdo. But not one publication will reprint their most controversial work.,0,dhume,charliehebdo,not_rumour,Fact Most every journalist in India will stand with CharlieHebdo. But not one publication will reprint their most controversial work.,20
"Charlie Hebdo killers say they ""want to die like martyrs"". I suspect the French police will be happy to oblige ...",1,afneil,charliehebdo,rumour,"Charlie Hebdo killers say they ""want to die like martyrs"". I suspect the French police will be happy to oblige ...",21
Charlie Hebdo: We must not stop laughing at these murderous clowns http://t.co/1tllLxRHMk @martinrowson,0,guardian,charliehebdo,not_rumour,Charlie Hebdo We must not stop laughing at these murderous clowns,11
"A brief history of Charlie Hebdo, the satirical magazine at the centre of today's terror attack in Paris http://t.co/mewhhD9cOm #paris",0,guardian,charliehebdo,not_rumour,"A brief history of Charlie Hebdo, the satirical magazine at the centre of today's terror attack in Paris paris",19
The magazine attacked in Paris has a history of bold satire http://t.co/8cmAy23or3 #CharlieHebdo #ParisShooting http://t.co/HNJnTPQi6Z,0,business,charliehebdo,not_rumour,The magazine attacked in Paris has a history of bold satire CharlieHebdo ParisShooting,13
"#CharlieHebdo editor/cartoonist Stephane ""Charb"" Charbonnier and 3 other cartoonists among those killed, police say. http://t.co/zUfxcG3Rfs",0,cnnbrk,charliehebdo,not_rumour,"CharlieHebdo editor cartoonist Stephane ""Charb"" Charbonnier and 3 other cartoonists among those killed, police say.",15
"@acarvin last #CharlieHebdo cartoon: ""Still no attack in France. Wait! We have 'til january end to send 2015 wishes."" http://t.co/eubg7XJRPd",0,notfabrice,charliehebdo,not_rumour,"last CharlieHebdo cartoon ""Still no attack in France. Wait! We have 'til january end to send 2015 wishes.""",18
Tribute to #CharlieHebdo on Banksy's instagram account: http://t.co/VE37nfsL2R http://t.co/b0QYWmMUkL,1,jmsardo,charliehebdo,rumour,Tribute to CharlieHebdo on Banksy's instagram account,7
#CharlieHebdo massacre: 'Attack will heighten anti-Islamic tensions across Europe' http://t.co/1EBlSuVTWe,0,RT_com,charliehebdo,not_rumour,CharlieHebdo massacre 'Attack will heighten anti-Islamic tensions across Europe',9
LIVE REPORT - Assault in #Dammartin http://t.co/j0qZQGopsx #CharlieHebdo http://t.co/czsIwEto2d,0,Le_Figaro,charliehebdo,not_rumour,LIVE REPORT - Assault in Dammartin CharlieHebdo,7
Reports of fatality and injuries following shootout ahead of Dammartin-en-Goele hunt - live coverage: http://t.co/JM4ot03Ge5 #CharlieHebdo,1,BBCBreaking,charliehebdo,rumour,Reports of fatality and injuries following shootout ahead of Dammartin-en-Goele hunt - live coverage CharlieHebdo,15
"Hostage-taker in supermarket siege killed, reports say. #ParisAttacks http://t.co/0jxoozr8mN http://t.co/sY4M9Vox3L",1,SkyNews,charliehebdo,rumour,"Hostage-taker in supermarket siege killed, reports say. ParisAttacks",8
The #CharlieHebdo massacre brothers have been killed. Full story here: http://t.co/s7KfpU7vqb http://t.co/jFCrKaZ3DL,1,SunNewsdesk,charliehebdo,rumour,The CharlieHebdo massacre brothers have been killed. Full story here,10
"Real Muslims have never seen, and cannot see #terrorism as a way for solving their problems.*** #CharlieHebdo http://t.co/sdJvdNxAGM",0,israfilaydemir,charliehebdo,not_rumour,"Real Muslims have never seen, and cannot see terrorism as a way for solving their problems. CharlieHebdo",17
Police officers at @metpoliceuk hold a moment of silence to remember those killed in the #CharlieHebdo attack http://t.co/fz2zBG1LvM,0,SkyNews,charliehebdo,not_rumour,Police officers at hold a moment of silence to remember those killed in the CharlieHebdo attack,16
Not 1st attack on #CharlieHebdo. Office was firebombed on 2 Nov '11 over controvers. caricature of Prophet Muhammad http://t.co/0wAINRJ1Z7,0,malachybrowne,charliehebdo,not_rumour,Not 1st attack on CharlieHebdo. Office was firebombed on 2 Nov '11 over controvers. caricature of Prophet Muhammad,18
Absolutely heartbreaking what has happened! Twitter users show solidarity to #CharlyHebdo by using #JeSuisCharlie http://t.co/Z7Bo5hYB6G,0,isasun,charliehebdo,not_rumour,Absolutely heartbreaking what has happened! Twitter users show solidarity to CharlyHebdo by using JeSuisCharlie,14
Oh France.... my heart breaks for the horrible terrorist attack on my beloved Paris.  Je t'aime,0,PauleyP,charliehebdo,not_rumour,Oh France.... my heart breaks for the horrible terrorist attack on my beloved Paris. Je t'aime,16
Reprinting #CharlieHebdo Mohammed Cartoons is Best Way to Defy Islamic Cartoonophobia http://t.co/fKoM48aNpR http://t.co/3R1KTd2OWP,0,blastedsilver,charliehebdo,not_rumour,Reprinting CharlieHebdo Mohammed Cartoons is Best Way to Defy Islamic Cartoonophobia,11
BREAKING: Hostage taken after Charlie Hebdo suspects sighted north of Paris http://t.co/nXWWIfklMi,1,HuffingtonPost,charliehebdo,rumour,BREAKING Hostage taken after Charlie Hebdo suspects sighted north of Paris,11
"#Charlie Hebdo are not just journalists, they are the bravest activists here in #france. love you all",0,femeninna,charliehebdo,not_rumour,"Charlie Hebdo are not just journalists, they are the bravest activists here in france. love you all",17
"French leader: Attack that killed 11 at Paris newspaper an act of terror, other attacks thwarted in recent weeks: http://t.co/9rrqfEaQj5",1,AP,charliehebdo,rumour,"French leader Attack that killed 11 at Paris newspaper an act of terror, other attacks thwarted in recent weeks",19
Media obsesses over free speech for #CharlieHebdo while ignoring Israeli targeting journalists http://t.co/PZW2NK1CQa http://t.co/PG07YAJUSB,0,Mondoweiss,charliehebdo,not_rumour,Media obsesses over free speech for CharlieHebdo while ignoring Israeli targeting journalists,12
"Counter terrorism expert Colonel Mike Dewar says Paris will have been put on ""virtual shutdown"" #CharlieHebdo http://t.co/qDOohI456v",0,bbc5live,charliehebdo,not_rumour,"Counter terrorism expert Colonel Mike Dewar says Paris will have been put on ""virtual shutdown"" CharlieHebdo",16
[Happening Now] Shooting and hostage situation at Kosher supermarket in eastern #Paris http://t.co/TszoK14DJH http://t.co/lAYTn6mfvs,1,euronews,charliehebdo,rumour,Happening Now Shooting and hostage situation at Kosher supermarket in eastern Paris,12
Charlie Hebdo shooting is a ferociously shocking moment with terrible implications for us all:  http://t.co/sIJO1vRp3w Twelve now dead.,1,jonsnowC4,charliehebdo,rumour,Charlie Hebdo shooting is a ferociously shocking moment with terrible implications for us all Twelve now dead.,17
Pictures released of suspect believed to holding hostages at a kosher grocery in #Paris http://t.co/Mrm4EiwdLD,0,SkyNews,charliehebdo,not_rumour,Pictures released of suspect believed to holding hostages at a kosher grocery in Paris,14
No one can say this is a surprise. In July window-smashing rioters stormed thru Paris chanting 'gas the Jews' http://t.co/krRNeIst27,0,iowahawkblog,charliehebdo,not_rumour,No one can say this is a surprise. In July window-smashing rioters stormed thru Paris chanting 'gas the Jews',19
Flags at half mast in Whitehall and Downing Street #charliehebdo http://t.co/DLORjNyNsl,0,BBCNormanS,charliehebdo,not_rumour,Flags at half mast in Whitehall and Downing Street charliehebdo,10
Armed gunmen face police officers near the offices of the satirical newspaper #CharlieHebdo Photo: Anne Gelbard #AFP http://t.co/k669PHgVw5,1,AFPphoto,charliehebdo,rumour,Armed gunmen face police officers near the offices of the satirical newspaper CharlieHebdo Photo Anne Gelbard AFP,17
How President Obama Sold Out Charlie Hebdo http://t.co/MTKYYiYqdw,0,FDRLST,charliehebdo,not_rumour,How President Obama Sold Out Charlie Hebdo,7
"The more you are motivated by Love,
The more fearless &amp; free your action will be
Dalai Lama #JeSuisCharlie
@Asamsakti http://t.co/s5Zlrb8IaX",0,artdielle,charliehebdo,not_rumour,"The more you are motivated by Love, The more fearless amp free your action will be Dalai Lama JeSuisCharlie",19
"BREAKING NEWS 
R.I.P. Ahmed Merabet, #Muslim Cop, first victim of #CharlieHebdo attack http://t.co/4W1VeBUsa0",1,CronkiteSays,charliehebdo,rumour,"BREAKING NEWS R.I.P. Ahmed Merabet, Muslim Cop, first victim of CharlieHebdo attack",12
"'...but I will to the death defend your right to say it'.

#charliehebdo
#voltaire http://t.co/oFEHT8Xx3v",0,pieterkleinrtl,charliehebdo,not_rumour,'...but I will to the death defend your right to say it'. charliehebdo voltaire,14
Ambulance heading towards kosher market hostage situation in #Paris after several large explosions heard + gunfire http://t.co/cX574wdCxe,0,aurelienbrd,charliehebdo,not_rumour,Ambulance heading towards kosher market hostage situation in Paris after several large explosions heard gunfire,15
#BREAKING At least two killed in hostage drama east of Paris: source,1,AFP,charliehebdo,rumour,BREAKING At least two killed in hostage drama east of Paris source,12
.@Maryam_Rajavi message regarding the terrorist attacks in #Paris. #Iran #IranTalks #CharlieHebdo #JeSuisCharlie http://t.co/qzSu2oYs14,0,Setarehgan,charliehebdo,not_rumour,. message regarding the terrorist attacks in Paris. Iran IranTalks CharlieHebdo JeSuisCharlie,12
Paris terrorist attack kills 4 cartoonists including chief editor: Sources http://t.co/s5RUZhL4m3 #CharlieHebdo http://t.co/F5YD2W8h8I,0,ndtv,charliehebdo,not_rumour,Paris terrorist attack kills 4 cartoonists including chief editor Sources CharlieHebdo,11
Here are some short profiles of the four cartoonists who were killed yesterday at Charlie Hebdo: http://t.co/q0cPbnxtBz,0,ravisomaiya,charliehebdo,not_rumour,Here are some short profiles of the four cartoonists who were killed yesterday at Charlie Hebdo,16
President Obama's statement on the #CharlieHebdo shooting makes no mention of freedom of speech or the press.,0,benshapiro,charliehebdo,not_rumour,President Obama's statement on the CharlieHebdo shooting makes no mention of freedom of speech or the press.,17
The hypocrisy in the western world… (Political cartoon from Carlos Latuff) #CharlieHebdo http://t.co/EkMKJTfIyk,0,FadumoRali,charliehebdo,not_rumour,The hypocrisy in the western world Political cartoon from Carlos Latuff CharlieHebdo,12
Unconfirmed reports gunmen asked for people by name before killing editor and cartoonist http://t.co/26GC840I9k #CharlieHebdo,1,MailOnline,charliehebdo,rumour,Unconfirmed reports gunmen asked for people by name before killing editor and cartoonist CharlieHebdo,14
Proud ! When Youth of France stand up &amp; say #JesuisCharlie in HighSchool #LycéeColomb #HauteSaone @MathildeGrillot http://t.co/yQKViuS31Z,0,domdelport,charliehebdo,not_rumour,Proud ! When Youth of France stand up amp say JesuisCharlie in HighSchool LyceColomb HauteSaone,15
Photos: Thousands gather to express solidarity after attacks in Paris. http://t.co/ta8XHTulLR #CharlieHebdo http://t.co/tJGXoGppqt,0,WSJ,charliehebdo,not_rumour,Photos Thousands gather to express solidarity after attacks in Paris. CharlieHebdo,11
Reports of shooting at  Dammartin en Goele on route N2 north east of Paris - French media says car chase under way,1,BBCChrisMorris,charliehebdo,rumour,Reports of shooting at Dammartin en Goele on route N2 north east of Paris - French media says car chase under way,22
Three large explosions and gunfire heard where #CharlieHebdo suspects are holed up. http://t.co/7Bxdhozq4H,0,cnnbrk,charliehebdo,not_rumour,Three large explosions and gunfire heard where CharlieHebdo suspects are holed up.,12
Paris gunman vows to kill 5 hostages if France storms printing plant with brothers accused of attacking newspaper: http://t.co/d2WXdK4XLG,1,AP,charliehebdo,rumour,Paris gunman vows to kill 5 hostages if France storms printing plant with brothers accused of attacking newspaper,18
BREAKING: Car chase under way in Paris as officers pursue #CharlieHebdo suspects down motorway http://t.co/f30TSVt1yN http://t.co/1ShVASm5ym,1,Independent,charliehebdo,rumour,BREAKING Car chase under way in Paris as officers pursue CharlieHebdo suspects down motorway,14
The #CharlieHebdo shooting is an act of terror - violence with a political motive - but well within our existing threat assessment.,0,PJCrowley,charliehebdo,not_rumour,The CharlieHebdo shooting is an act of terror - violence with a political motive - but well within our existing threat assessment.,22
"#BREAKING : 1 dead, several injured in shootout North-East of Paris (French radio @RTLFrance ) http://t.co/LdSF5QeCiv #CharlieHebdo",1,FRANCE24,charliehebdo,rumour,"BREAKING 1 dead, several injured in shootout North-East of Paris French radio CharlieHebdo",13
"The Paris killers are dead. Stuff them, posed as a Charlie Hebdo cover, and put 'em on display at the Louvre.",0,iowahawkblog,charliehebdo,not_rumour,"The Paris killers are dead. Stuff them, posed as a Charlie Hebdo cover, and put 'em on display at the Louvre.",21
#BREAKING Paris massacre suspects holding one hostage: police source,1,AFP,charliehebdo,rumour,BREAKING Paris massacre suspects holding one hostage police source,9
"#CharlieHebdo terrorists were on no fly list, known records. Mr. President, can we now revoke the passports of American ISIS fighters?",0,DLoesch,charliehebdo,not_rumour,"CharlieHebdo terrorists were on no fly list, known records. Mr. President, can we now revoke the passports of American ISIS fighters?",21
12 shocking #CharlieHebdo covers from Muhammad to Michael Jackson http://t.co/sT93i3WTWi http://t.co/flEmCiRds2,0,thedailybeast,charliehebdo,not_rumour,12 shocking CharlieHebdo covers from Muhammad to Michael Jackson,9
#CharlieHebdo is a heroic bastion of free speech. It's also racist.  http://t.co/2Dl5c7i9vs http://t.co/IuLEQfjtVE,0,Slate,charliehebdo,not_rumour,CharlieHebdo is a heroic bastion of free speech. It's also racist.,11
"Globally, cartoonists like @na_dessinateur are paying homage to their peers killed in #CharlieHebdo attack http://t.co/tuyqIzp2gi",0,siobhanheanue,charliehebdo,not_rumour,"Globally, cartoonists like are paying homage to their peers killed in CharlieHebdo attack",13
Free speech is the heart of western civilization and freedom. It MUST be defended to the death. #CharlieHebdo http://t.co/D3Pv5B7poc,0,InfowarsMag,charliehebdo,not_rumour,Free speech is the heart of western civilization and freedom. It MUST be defended to the death. CharlieHebdo,18
This is why I don't give a Shit💩How Terrorist R interrogated❌ @benshapiro @HeyTammyBruce @MonicaCrowley #CharlieHebdo http://t.co/EEFH0zg7Qa,0,peddoc63,charliehebdo,not_rumour,This is why I don't give a ShitHow Terrorist R interrogated CharlieHebdo,12
"""As with 9/11, most French residents will remember for a long time where they were on January 7, 2015."" http://t.co/GTM7lKrIpK #CharlieHebdo",0,WSJ,charliehebdo,not_rumour,"""As with 9 11, most French residents will remember for a long time where they were on January 7, 2015."" CharlieHebdo",21
"He's Muslim and he's NOT a TERRORIST  

#MuslimsAreNotTerrorists
#RIPCaroline 
#JeSuisCharlie http://t.co/mDgNlg3DwS",0,YoimSamy,charliehebdo,not_rumour,He's Muslim and he's NOT a TERRORIST MuslimsAreNotTerrorists RIPCaroline JeSuisCharlie,10
Spread this cover in solidarity with the victims at Charlie Hebdo. Don't let the sword conquer the pen. http://t.co/XVkPPbkLhn,0,IvoVegter,charliehebdo,not_rumour,Spread this cover in solidarity with the victims at Charlie Hebdo. Don't let the sword conquer the pen.,18
"Meet Ahmed Merabet, first officer on scene to die at #CharlieHebdo , #ParisShooting http://t.co/D5z1suuB7P",0,Bipartisanism,charliehebdo,not_rumour,"Meet Ahmed Merabet, first officer on scene to die at CharlieHebdo , ParisShooting",13
So when do Barack Obama and Hillary Clinton recommend we arrest the rest of the Charlie Hebdo staff for inciting Islamic violence?,0,benshapiro,charliehebdo,not_rumour,So when do Barack Obama and Hillary Clinton recommend we arrest the rest of the Charlie Hebdo staff for inciting Islamic violence?,22
"Banksy's take on Charlie Hebdo is simple, elegant &amp; uncompromising 
#JeSuisCharlie http://t.co/FoQeqSd548",1,profdmcinnes,charliehebdo,rumour,"Banksy's take on Charlie Hebdo is simple, elegant amp uncompromising JeSuisCharlie",11
A sea of #JeSuisCharlie signs held by French nationals in Sydney for #CharlesHebdo victims. http://t.co/YC6rpzAyiZ,0,Mo_Taha1,charliehebdo,not_rumour,A sea of JeSuisCharlie signs held by French nationals in Sydney for CharlesHebdo victims.,14
BREAKING: Gunfire reported in French town as police hunt suspects in #CharlieHebdo attack | More soon at: http://t.co/SIQeukZutl,1,AJEnglish,charliehebdo,rumour,BREAKING Gunfire reported in French town as police hunt suspects in CharlieHebdo attack More soon at,16
"It ain't Banksy! Meet @LucilleClerc, artist behind the iconic #CharlieHebdo pencil tribute http://t.co/dSLrOOGQN7 http://t.co/TU2rtmUSd9",1,moneyries,charliehebdo,rumour,"It ain't Banksy! Meet , artist behind the iconic CharlieHebdo pencil tribute",12
Police search gas station where French media reported #CharlieHebdo suspects allegedly were seen. http://t.co/v9cuXpPIYF,1,cnnbrk,charliehebdo,rumour,Police search gas station where French media reported CharlieHebdo suspects allegedly were seen.,13
Murderers hijacked religion just as the far-right will hijack the murders. Cycle of hate. #CharlieHebdo,0,ChrChristensen,charliehebdo,not_rumour,Murderers hijacked religion just as the far-right will hijack the murders. Cycle of hate. CharlieHebdo,15
"This morning in France, anti-Muslim terrorists threw 2 or 3 grenades into a mosque
No injuries
http://t.co/8WKHxSO92b http://t.co/LJiPciR6Hm",0,BenjaminNorton,charliehebdo,not_rumour,"This morning in France, anti-Muslim terrorists threw 2 or 3 grenades into a mosque No injuries",16
"""This is an extremist element. This is not Islam"" - No 10 #CharlieHebdo",0,BBCNormanS,charliehebdo,not_rumour,"""This is an extremist element. This is not Islam"" - No 10 CharlieHebdo",13
An attack on democracy: #AFP's staff common reaction to the barbaric attack against the #CharlieHebdo weekly. http://t.co/oO2ASOQxOB,0,rdecourson,charliehebdo,not_rumour,An attack on democracy AFP's staff common reaction to the barbaric attack against the CharlieHebdo weekly.,16
At least 11 dead in Muslim terror attack on France.  Show your support by posting Charlie Hebdo cartoons. #banislam http://t.co/85PozIrhHg,0,destroyoislamo,charliehebdo,not_rumour,At least 11 dead in Muslim terror attack on France. Show your support by posting Charlie Hebdo cartoons. banislam,19
"Such a moving photo from @mariotestino, it actually brought a tear to my eye. #JeSuisCharlie http://t.co/s8Zv6gtK96",0,TanyaBurr,charliehebdo,not_rumour,"Such a moving photo from , it actually brought a tear to my eye. JeSuisCharlie",15
"After the awful attack on #CharlieHebdo, France should set example of tolerance, protect Muslims from reprisals http://t.co/aV3l4SLt7H",0,IzzaLeghtas,charliehebdo,not_rumour,"After the awful attack on CharlieHebdo, France should set example of tolerance, protect Muslims from reprisals",16
Let 2015 be the year more people from around the world take up cartooning/comics to tell their stories #JeSuisCharlie http://t.co/uoau3GyoI7,0,jabberworks,charliehebdo,not_rumour,Let 2015 be the year more people from around the world take up cartooning comics to tell their stories JeSuisCharlie,20
"As a Muslim, I absolutely refuse to apologize for this terrorist act. But as a Muslim,I demand justice for the victims&amp; say: #JeSuisCharlie",0,LibyaLiberty,charliehebdo,not_rumour,"As a Muslim, I absolutely refuse to apologize for this terrorist act. But as a Muslim,I demand justice for the victims amp say JeSuisCharlie",24
The first person killed in Charlie Hebdo attacks was Muslim police officer http://t.co/9LUWBZ9SbC http://t.co/ulTAJHywnK,1,Independent,charliehebdo,rumour,The first person killed in Charlie Hebdo attacks was Muslim police officer,12
"Dear editors: every time your media organization censors a #CharlieHebdo cartoon, you are enabling and justifying mass murder. Love, Josh",0,joshuafoust,charliehebdo,not_rumour,"Dear editors every time your media organization censors a CharlieHebdo cartoon, you are enabling and justifying mass murder. Love, Josh",20
"When an ideology resorts to murdering satirists, it is publically admitting how weak, insecure &amp; ridiculous it is. #CharlieHebdo",0,AbiePB,charliehebdo,not_rumour,"When an ideology resorts to murdering satirists, it is publically admitting how weak, insecure amp ridiculous it is. CharlieHebdo",19
Solidarity with #JeSuisCharlie mass posting Charlie Hebdo cartoons 2 pm today UK time http://t.co/Tq1cCR5uX5 … @englishpen @IndexCensorship,0,stephenfry,charliehebdo,not_rumour,Solidarity with JeSuisCharlie mass posting Charlie Hebdo cartoons 2 pm today UK time,13
"#BREAKING : Satirical weekly #CharlieHebdo will come out next week, despite bloodbath http://t.co/LdSF5QeCiv (Editorialist)",0,FRANCE24,charliehebdo,not_rumour,"BREAKING Satirical weekly CharlieHebdo will come out next week, despite bloodbath Editorialist",12
Update: There are 2 standoffs happening in Paris now. Both reportedly involve hostages. Live: http://t.co/tuNscQWMJU http://t.co/VAWpXz3nCX,0,mashable,charliehebdo,not_rumour,Update There are 2 standoffs happening in Paris now. Both reportedly involve hostages. Live,14
Charlie Hebdo demanded cartoonist Sine apologize for anti-Semitic satire then fired him for refusing to do so http://t.co/w0QIAme4Ep,0,MaxBlumenthal,charliehebdo,not_rumour,Charlie Hebdo demanded cartoonist Sine apologize for anti-Semitic satire then fired him for refusing to do so,17
Crowd gathered at Union Square in NYC right now to memorialize those killed in #CharlieHedbo attack. #JeSuisCharlie http://t.co/SusW1OnvlT,0,ChristopherJM,charliehebdo,not_rumour,Crowd gathered at Union Square in NYC right now to memorialize those killed in CharlieHedbo attack. JeSuisCharlie,17
Gunmen reportedly asked for victims by NAME before shooting them #CharlieHebdo. Live updates: http://t.co/w2A2CcyPkN http://t.co/150t62a5IN,1,DailyMirror,charliehebdo,rumour,Gunmen reportedly asked for victims by NAME before shooting them CharlieHebdo. Live updates,13
"Tomorrow's @nzherald front page, from the pen of cartoonist @rodemmerson #JeSuisCharlie http://t.co/BnJ0aqMPsz",0,ShayneCurrieNZH,charliehebdo,not_rumour,"Tomorrow's front page, from the pen of cartoonist JeSuisCharlie",9
"Web strongly condemn this terrorist attack on the Charlie Hebdo
http://t.co/cB3mSZwiaE http://t.co/zaZAXvOkv9",0,JWFoundation_,charliehebdo,not_rumour,Web strongly condemn this terrorist attack on the Charlie Hebdo,10
"Man compares the Prophet to a dog! He prays for his forgiveness; has him buried in his own cloak, and prays upon his funeral. #CharlieHebdo",0,iyad_elbaghdadi,charliehebdo,not_rumour,"Man compares the Prophet to a dog! He prays for his forgiveness has him buried in his own cloak, and prays upon his funeral. CharlieHebdo",25
"Two mosque attacks reported in wake of Charlie Hebdo attack  
http://t.co/mPr3rXnx7i #C4News",0,Channel4News,charliehebdo,not_rumour,Two mosque attacks reported in wake of Charlie Hebdo attack C4News,11
"Terrifying account. Attackers spoke perfect French, eyewitness says RT  http://t.co/n1uLNlY9bf via @humanite_fr http://t.co/snAKGl1XkX",1,LukeReuters,charliehebdo,rumour,"Terrifying account. Attackers spoke perfect French, eyewitness says RT via",10
Video: #CharlieHebdo's editor tells Al Jazeera why they are a target [2012] http://t.co/EJK2Em0M8R http://t.co/UK970UDPPz,0,AJEnglish,charliehebdo,not_rumour,Video CharlieHebdo's editor tells Al Jazeera why they are a target 2012,12
Our vantage point on the gunfire and explosions in Dammartin http://t.co/27X1BRVn8Y,0,IanWoodsSky,charliehebdo,not_rumour,Our vantage point on the gunfire and explosions in Dammartin,10
World press united in defiance following #CharlieHebdo attack http://t.co/jdx8kXjDCF http://t.co/vfKlMSfm2a,0,BBCWorld,charliehebdo,not_rumour,World press united in defiance following CharlieHebdo attack,8
"After the Charlie Hebdo attack, we must resist the clash-of-civilisations narrative | Homa Khaleeli http://t.co/6iF3ugDMu3",0,guardian,charliehebdo,not_rumour,"After the Charlie Hebdo attack, we must resist the clash-of-civilisations narrative Homa Khaleeli",13
I know a guy that feels really weird hearing all this media fountain about European freedom of speech. #CharlieHebdo http://t.co/1IqtP6jE9M,0,BungeeWedgie,charliehebdo,not_rumour,I know a guy that feels really weird hearing all this media fountain about European freedom of speech. CharlieHebdo,19
There are reports of an armed incident at the Trocadero near the Eiffel Tower. #ParisAttacks http://t.co/ATmBpjwW3b http://t.co/U7DXrdPheI,1,SkyNews,charliehebdo,rumour,There are reports of an armed incident at the Trocadero near the Eiffel Tower. ParisAttacks,15
Leading article: We are all Charlie now http://t.co/EmnXkNoDcY #CharlieHebdo http://t.co/uC1ftkDw5E,0,thetimes,charliehebdo,not_rumour,Leading article We are all Charlie now CharlieHebdo,8
DEVELOPING: Paris on high terrorist alert after #CharlieHebdo shooting - Hollande http://t.co/3Jsosc7yl3 http://t.co/Lvv3J8o6e8,0,RT_com,charliehebdo,not_rumour,DEVELOPING Paris on high terrorist alert after CharlieHebdo shooting - Hollande,11
"If you r a Muslim on social media &amp; have not yet tweeted ""I am #CharlieHebdo,"" then you are an Islamist and our enemy http://t.co/7NtlBSwJU0",0,TarekFatah,charliehebdo,not_rumour,"If you r a Muslim on social media amp have not yet tweeted ""I am CharlieHebdo,"" then you are an Islamist and our enemy",24
"Jon Stewart on Charlie Hebdo: Comedy ""shouldn’t be an act of courage"" http://t.co/5aQp9trsy8",0,washingtonpost,charliehebdo,not_rumour,"Jon Stewart on Charlie Hebdo Comedy ""shouldnt be an act of courage""",12
The Men Behind the Cartoons at Charlie Hebdo http://t.co/bBoc0tSszE,0,nytimes,charliehebdo,not_rumour,The Men Behind the Cartoons at Charlie Hebdo,8
"It's worth a 1,000 words: Look at the heartbreaking cartoons mourning #CharlieHebdo attack http://t.co/0EYKs9CSnu http://t.co/aIpGyUQEM8",0,firstpostin,charliehebdo,not_rumour,"It's worth a 1,000 words Look at the heartbreaking cartoons mourning CharlieHebdo attack",13
Latest pictures from hostage situation at a kosher grocer in the French capital. #ParisAttacks http://t.co/zZIgbWOmcP http://t.co/5DkRZ2szYx,0,SkyNews,charliehebdo,not_rumour,Latest pictures from hostage situation at a kosher grocer in the French capital. ParisAttacks,14
#BREAKING Paris supermarket hostage-taker 'neutralised': security source,1,AFP,charliehebdo,rumour,BREAKING Paris supermarket hostage-taker 'neutralised' security source,7
What we know about the gunmen in the #CharlieHebdo attack: http://t.co/z4xLMmeDl5 (Pic: Gelbard/AFP/Getty) http://t.co/KKtg9fGeba,0,Telegraph,charliehebdo,not_rumour,What we know about the gunmen in the CharlieHebdo attack Pic Gelbard AFP Getty,14
Every paper or magazine ON EARTH should reprint Charlie Hebdo's 'offending' cartoon tomorrow. They haven't got enough bullets for all of us.,0,simon_price01,charliehebdo,not_rumour,Every paper or magazine ON EARTH should reprint Charlie Hebdo's 'offending' cartoon tomorrow. They haven't got enough bullets for all of us.,22
BREAKING: Another hostage situation developing in a Parisian Kosher supermarket http://t.co/f48bgredPb #CharlieHebdo http://t.co/nl4ipAXaHw,1,HuffPostUK,charliehebdo,rumour,BREAKING Another hostage situation developing in a Parisian Kosher supermarket CharlieHebdo,11
"BREAKING: Two brothers suspected of #CharlieHebdo terror attacks in Paris killed, according to reports in France http://t.co/23JyHdGnp7",1,bbc5live,charliehebdo,rumour,"BREAKING Two brothers suspected of CharlieHebdo terror attacks in Paris killed, according to reports in France",16
From The Irish Times newsroom #JeSuisCharlie #NUJofficial http://t.co/nf4cRciFse,0,IrishTimes,charliehebdo,not_rumour,From The Irish Times newsroom JeSuisCharlie NUJofficial,7
"#ICYMI, Christopher Hitchens on the case for mocking religion is important, relevant: http://t.co/TDLyhXjBDZ #JeSuisCharlie",0,Slate,charliehebdo,not_rumour,"ICYMI, Christopher Hitchens on the case for mocking religion is important, relevant JeSuisCharlie",13
"If (like me) you teased #KirbyDelauter, step up your free-speech game and print a #CharlieHebdo image unblurred. http://t.co/t2dbSOZpyn",0,walterolson,charliehebdo,not_rumour,"If like me you teased KirbyDelauter, step up your free-speech game and print a CharlieHebdo image unblurred.",17
"Standing up for freedom of speech, I am tweeting the #CharlieHebdo cartoon  http://t.co/iYEyRxeaDk My homage to the French martyrs",0,sarkar_swati,charliehebdo,not_rumour,"Standing up for freedom of speech, I am tweeting the CharlieHebdo cartoon My homage to the French martyrs",18
#Iran's regime been the pioneer in initiating and nourishing the killing Fatwa! #JeSuisCharlie http://t.co/hlgF1Ugkjl http://t.co/dI7iz9SxJ1,0,JavadDabiran,charliehebdo,not_rumour,Iran's regime been the pioneer in initiating and nourishing the killing Fatwa! JeSuisCharlie,13
Charlie Hebdo Shooting &amp; The Religion Of Peace #JeSuisCharlie #IAmCharlie: http://t.co/l24GPWrTuZ via @YouTube,0,JaclynGlenn,charliehebdo,not_rumour,Charlie Hebdo Shooting amp The Religion Of Peace JeSuisCharlie IAmCharlie via,11
"In this difficult time, People of Iran and their resistance movement stand by people of France and bereaved families #CharlieHebdo #Paris",0,Maryam_Rajavi,charliehebdo,not_rumour,"In this difficult time, People of Iran and their resistance movement stand by people of France and bereaved families CharlieHebdo Paris",21
"#CharlieHebdo editor, assassinated today, in 2012:""I prefer to die standing than to live on my knees."" http://t.co/1iCbcV8Sy1",0,VeryOldPics,charliehebdo,not_rumour,"CharlieHebdo editor, assassinated today, in 2012 ""I prefer to die standing than to live on my knees.""",17
#Iran'ian regime has been initiated   nourished the idea of killing fatwa starting with Salman Rushdie #JeSuisCharlie http://t.co/QDkHLTqkHK,0,peymaneh123,charliehebdo,not_rumour,Iran'ian regime has been initiated nourished the idea of killing fatwa starting with Salman Rushdie JeSuisCharlie,16
#MaryamRajavi condemns criminal attack in #Paris offers her condolences to French people and government #CharlieHebdo http://t.co/umc2nD8KDL,0,4FreedominIran,charliehebdo,not_rumour,MaryamRajavi condemns criminal attack in Paris offers her condolences to French people and government CharlieHebdo,15
"Photo of petrol station north-east of Paris, reportedly robbed by #CharlieHebdo suspects http://t.co/hW1busTlsC http://t.co/dTHYCbSWNA",0,BBCWorld,charliehebdo,not_rumour,"Photo of petrol station north-east of Paris, reportedly robbed by CharlieHebdo suspects",12
"2 brothers suspected of #CharlieHebdo attack spotted in northern France, sources tell AFP http://t.co/spzmOjmyT4",1,BBCBreaking,charliehebdo,rumour,"2 brothers suspected of CharlieHebdo attack spotted in northern France, sources tell AFP",13
Time to #TakeAStand #IAmCharlieHebdo #CharlieHebdo http://t.co/V9ZUa4VRJy,0,TRobinsonNewEra,charliehebdo,not_rumour,Time to TakeAStand IAmCharlieHebdo CharlieHebdo,5
"How the Jewish pro-censorship lobby legitimized attacks on Charlie Hebdo for ""offensive"" speech http://t.co/6Ts6rWgw7p #CharlieHebdo",0,wikileaks,charliehebdo,not_rumour,"How the Jewish pro-censorship lobby legitimized attacks on Charlie Hebdo for ""offensive"" speech CharlieHebdo",14
A real Muslim cannot be a terrorist. *** #CharlieHebdo http://t.co/rfluRMZ5Xu,0,israfilaydemir,charliehebdo,not_rumour,A real Muslim cannot be a terrorist. CharlieHebdo,8
12 confirmed dead  in #CharlieHebdo attack (@AFP) http://t.co/82wVYNxteC,1,euronews,charliehebdo,rumour,12 confirmed dead in CharlieHebdo attack,6
"The famous French cartoonist, Charb assassinated in #Paris, wrote recently about  #Kurds .#CharlieHebdo http://t.co/4Z39KoUYy8",0,DilbaKurd,charliehebdo,not_rumour,"The famous French cartoonist, Charb assassinated in Paris, wrote recently about Kurds .CharlieHebdo",13
"Surviving Charlie Hebdo staff say they'll publish next week, with 1m print run http://t.co/I5j0QKEZHX",0,arusbridger,charliehebdo,not_rumour,"Surviving Charlie Hebdo staff say they'll publish next week, with 1m print run",13
Picture of explosion in Dammartin-en-Goele.t all happened suddenly. http://t.co/6qFD7HaFSW,0,ZorcJoze,charliehebdo,not_rumour,Picture of explosion in Dammartin-en-Goele.t all happened suddenly.,8
People gather in silence to remember Paris shooting victims and say #JeSuisCharlie. Photos: http://t.co/8AuPWcklfF http://t.co/2XVVTAWFDe,0,WSJ,charliehebdo,not_rumour,People gather in silence to remember Paris shooting victims and say JeSuisCharlie. Photos,13
"Everybody wants to  march in maudlin Princess Di-style candlelight vigils with ""Je Suis Charlie"" signs, nobody wants to be Charlie Hebdo.",0,iowahawkblog,charliehebdo,not_rumour,"Everybody wants to march in maudlin Princess Di-style candlelight vigils with ""Je Suis Charlie"" signs, nobody wants to be Charlie Hebdo.",21
"3 people carried out #CharlieHebdo attack, and authorities are searching for them, French interior minister says. http://t.co/zUfxcG3Rfs",1,cnnbrk,charliehebdo,rumour,"3 people carried out CharlieHebdo attack, and authorities are searching for them, French interior minister says.",16
"Best response to the #Islamic terrorists who attacked #CharlieHebdo, is to republish their cartoons over &amp; over again http://t.co/36GqZUbvwB",0,Ostrov_A,charliehebdo,not_rumour,"Best response to the Islamic terrorists who attacked CharlieHebdo, is to republish their cartoons over amp over again",18
In solidarity with all the journalists pursuing their profession and freedom of speech. #CharlieHebdo http://t.co/n7WSJsf0Si,0,PankajPachauri,charliehebdo,not_rumour,In solidarity with all the journalists pursuing their profession and freedom of speech. CharlieHebdo,14
French police named two suspects in killing of policewoman in Montrouge: http://t.co/W5Fam8pfQ9 http://t.co/U3fLI0609G,0,WSJ,charliehebdo,not_rumour,French police named two suspects in killing of policewoman in Montrouge,11
#CharlieHebdo  the magazine will be published next Wednesday as usual says magazine lawyer. Print run: 1 million copies.,0,kimwillsher1,charliehebdo,not_rumour,CharlieHebdo the magazine will be published next Wednesday as usual says magazine lawyer. Print run 1 million copies.,18
#JeSuisCharlie: The internet unites against #CharlieHebdo terrorists. http://t.co/09yiJPKVU2 http://t.co/Lz2xkzisq3,0,TheSunNewspaper,charliehebdo,not_rumour,JeSuisCharlie The internet unites against CharlieHebdo terrorists.,7
"""I am Charlie"": Huge vigils held around France, condemning attacks in Paris http://t.co/jO1tFdthfG #CharlieHebdo http://t.co/M6Hr0Md7Fj",0,WSJ,charliehebdo,not_rumour,"""I am Charlie"" Huge vigils held around France, condemning attacks in Paris CharlieHebdo",13
I am devastated by what just happened in France. #CharlieHebdo http://t.co/IxEbScqYFh,0,jean_jullien,charliehebdo,not_rumour,I am devastated by what just happened in France. CharlieHebdo,10
On the one hand Saudi denounces attack on #CharlieHebdo on other it condemns @raif_badawi to 10 years and 1000 lashes for insulting Islam!!,0,RandaHabib,charliehebdo,not_rumour,On the one hand Saudi denounces attack on CharlieHebdo on other it condemns to 10 years and 1000 lashes for insulting Islam!!,22
Join us in hating horrible crimes and racist cartoons at the same time http://t.co/JHJlB2950h #CitizenRadio #CharlieHebdo,0,CitizenRadio,charliehebdo,not_rumour,Join us in hating horrible crimes and racist cartoons at the same time CitizenRadio CharlieHebdo,15
Breaking: Unconfirmed reports of a gunman at the Trocadero near the Eiffel Tower in #Paris. More info when available.,1,rConflictNews,charliehebdo,rumour,Breaking Unconfirmed reports of a gunman at the Trocadero near the Eiffel Tower in Paris. More info when available.,19
France marks minute of silence for victims of #CharlieHebdo http://t.co/YkwO7nZxcb http://t.co/HK1sqKai84,0,BBCWorld,charliehebdo,not_rumour,France marks minute of silence for victims of CharlieHebdo,9
What we know about the suspected #CharlieHebdo gunmen: http://t.co/20g6eGRQMv http://t.co/I6kV6JmIeH,0,WSJ,charliehebdo,not_rumour,What we know about the suspected CharlieHebdo gunmen,8
It's OK to criticize Charlie Hebdo: http://t.co/cIHBnsDMrt Their cartoon of Boko Haram sex slaves as welfare queens: http://t.co/wOrUqNOr3B,0,alexis_ok,charliehebdo,not_rumour,It's OK to criticize Charlie Hebdo Their cartoon of Boko Haram sex slaves as welfare queens,16
"To all my Muslim friends: you don't need to apologize for the #CharlieHebdo attack in Paris. A criminal committed a crime, not Islam.",0,abgutman,charliehebdo,not_rumour,"To all my Muslim friends you don't need to apologize for the CharlieHebdo attack in Paris. A criminal committed a crime, not Islam.",23
"#CharlieHebdo will publish Wednesday, writer Patrick Pelloux tells CNN affiliate BFMTV. http://t.co/ZBKD5DObyk",0,cnnbrk,charliehebdo,not_rumour,"CharlieHebdo will publish Wednesday, writer Patrick Pelloux tells CNN affiliate BFMTV.",11
How the terrorists win: @Telegraph is now blurring the cover Mohammed cartoon of #CharlieHebdo in its reporting http://t.co/DffGzIrQZI,0,Yair_Rosenberg,charliehebdo,not_rumour,How the terrorists win is now blurring the cover Mohammed cartoon of CharlieHebdo in its reporting,16
Suspects in Thursday slaying of policewoman and current hostage situation in the East of Paris. AFP http://t.co/sDwgb6GEDw,1,PzFeed,charliehebdo,rumour,Suspects in Thursday slaying of policewoman and current hostage situation in the East of Paris. AFP,16
"Pictured: Ahmed Merabet, hero officer executed in #CharlieHebdo attack http://t.co/kdXVG9ujTs http://t.co/SfRItPotb2",0,MailOnline,charliehebdo,not_rumour,"Pictured Ahmed Merabet, hero officer executed in CharlieHebdo attack",9
CERN put flags at half-mast and observed a minute's silence today in solidarity with #CharlieHebdo #JeSuisCharlie http://t.co/HgzI8R8X4h,0,CERN,charliehebdo,not_rumour,CERN put flags at half-mast and observed a minute's silence today in solidarity with CharlieHebdo JeSuisCharlie,16
"""Love Stronger Than Hate."" All our thoughts with #CharlieHebdo http://t.co/BqRLXRZdJT",0,konbini,charliehebdo,not_rumour,"""Love Stronger Than Hate."" All our thoughts with CharlieHebdo",9
"UK's security committee Cobra to meet later, following #CharlieHebdo attack http://t.co/1gCxexwfCX http://t.co/278OrhaKvR",0,BBCNews,charliehebdo,not_rumour,"UK's security committee Cobra to meet later, following CharlieHebdo attack",10
Did this in a rush for @SkyNews before latest #CharlieHebdo media maelstrom http://t.co/EFgnTIwouk,0,MartinRowson,charliehebdo,not_rumour,Did this in a rush for before latest CharlieHebdo media maelstrom,11
"MORE: France: Shooting, hostage-taking at kosher market in Paris; several reported wounded: http://t.co/5300zReVuq",1,AP,charliehebdo,rumour,"MORE France Shooting, hostage-taking at kosher market in Paris several reported wounded",12
Paris Manhunt: 3 #CharlieHebdo attackers with AK-47 rifles &amp; reportedly rocket-propelled grenade still at large http://t.co/3Jsosc7yl3,1,RT_com,charliehebdo,rumour,Paris Manhunt 3 CharlieHebdo attackers with AK-47 rifles amp reportedly rocket-propelled grenade still at large,15
"The controversial history of France's ""Charlie Hebdo"" http://t.co/pzIz1L6X9k",0,TIME,charliehebdo,not_rumour,"The controversial history of France's ""Charlie Hebdo""",7
Just shameful RT Lifenews: the terrorist Attack in Paris organized by the US Intelligence  http://t.co/X5EvkYDl1U http://t.co/jAhDDk82Sa,0,McFaul,charliehebdo,not_rumour,Just shameful RT Lifenews the terrorist Attack in Paris organized by the US Intelligence,14
An eyewitness video shows a gunman shooting a police officer and driving away. http://t.co/LILudVXzlV #CharlieHebdo http://t.co/HBYEWZscqn,0,CNN,charliehebdo,not_rumour,An eyewitness video shows a gunman shooting a police officer and driving away. CharlieHebdo,14
"I tweet this cartoon by my husband, cartoonist #WillKevans, in support of cartoonists everywhere #JeSuisCharlie http://t.co/rmjZ7cfulA",0,anniekevans,charliehebdo,not_rumour,"I tweet this cartoon by my husband, cartoonist WillKevans, in support of cartoonists everywhere JeSuisCharlie",15
"Man urinates in the mosque! Prophet asks to let him to finish, then wash it away. Then sits and calmly explains to him. #CharlieHebdo",0,iyad_elbaghdadi,charliehebdo,not_rumour,"Man urinates in the mosque! Prophet asks to let him to finish, then wash it away. Then sits and calmly explains to him. CharlieHebdo",24
"Jon Stewart on #CharlieHebdo: ""Comedy shouldn’t be an ‘act of courage': http://t.co/wWWJfKLwct http://t.co/8Lkv7kGsFb",0,WSJspeakeasy,charliehebdo,not_rumour,"Jon Stewart on CharlieHebdo ""Comedy shouldnt be an act of courage'",11
Steve Bell's cartoon on the Charlie Hebdo attack: http://t.co/AdVfwBB5AP http://t.co/5jPLPdRI8a,0,mediaguardian,charliehebdo,not_rumour,Steve Bell's cartoon on the Charlie Hebdo attack,8
"I apologise for rough translation. 

""Freedom of expression is spilling ink,  not shedding blood.""

#JeSuisCharlie http://t.co/V1SjjmPaC0",0,Boeufblogginon,charliehebdo,not_rumour,"I apologise for rough translation. ""Freedom of expression is spilling ink, not shedding blood."" JeSuisCharlie",15
"I don't need Muslims to ""condemn"" acts of Islamic terror, I need Muslims to stop committing acts of Islamic terror. #CharlieHebdo",0,CounterMoonbat,charliehebdo,not_rumour,"I don't need Muslims to ""condemn"" acts of Islamic terror, I need Muslims to stop committing acts of Islamic terror. CharlieHebdo",21
"Surviving Charlie Hebdo journalists will work with former colleagues to get the magazine's edition out next week, says an ex-Charlie writer.",0,kayaburgess,charliehebdo,not_rumour,"Surviving Charlie Hebdo journalists will work with former colleagues to get the magazine's edition out next week, says an ex-Charlie writer.",21
THIS: RT @LatuffCartoons: let's talk seriously about #CharlieHebdo &amp; Western double standard on freedom of speech http://t.co/r7zBacbndM,0,exiledsurfer,charliehebdo,not_rumour,THIS RT let's talk seriously about CharlieHebdo amp Western double standard on freedom of speech,15
Follow this list for journalists &amp; media outlets covering the attack on #CharlieHebdo magazine in Paris: http://t.co/6njHXoEbq4,0,BBCWorld,charliehebdo,not_rumour,Follow this list for journalists amp media outlets covering the attack on CharlieHebdo magazine in Paris,16
Satire is a symptom of a healthy society and always a prime target for fundamentalism. There is no 'right not to be offended' #CharlieHebdo,0,MatthewdAncona,charliehebdo,not_rumour,Satire is a symptom of a healthy society and always a prime target for fundamentalism. There is no 'right not to be offended' CharlieHebdo,24
BREAKING: French far-right leader Le Pen calls for death penalty #CharlieHebdo http://t.co/8y5l97V2Rd http://t.co/xeVuFvkdXG,0,RT_com,charliehebdo,not_rumour,BREAKING French far-right leader Le Pen calls for death penalty CharlieHebdo,11
"Don't forget: France gave us the Statue of Liberty, our symbol of freedom. #JeSuisCharlie http://t.co/ziXLTuB6fg",0,goKicker,charliehebdo,not_rumour,"Don't forget France gave us the Statue of Liberty, our symbol of freedom. JeSuisCharlie",14
#BREAKING - At least five hostages in Paris kosher supermarket: (AFP) https://t.co/4yt6nafpIg #Vincennes http://t.co/Vnyhqye2ps,1,FRANCE24,charliehebdo,rumour,BREAKING - At least five hostages in Paris kosher supermarket AFP Vincennes,12
Reports #CharlieHebdo gunmen were asking for journalists by name before opening fire. Armed with AK47s and RPG,1,KayBurley,charliehebdo,rumour,Reports CharlieHebdo gunmen were asking for journalists by name before opening fire. Armed with AK47s and RPG,17
→ http://t.co/Jz4Lrp0eZb 433 Charlie Hebdo shooting: World leaders condemn attack in Paris #CharlieHebdo Masked gunm… http://t.co/ULH3Vt3TG8,0,johnspatricc,charliehebdo,not_rumour,433 Charlie Hebdo shooting World leaders condemn attack in Paris CharlieHebdo Masked gunm,13
Police say two #charlieHebdo killers have been killed north of Paris. Hostages also released in super market. Coordinated police response,1,mattfrei,charliehebdo,rumour,Police say two charlieHebdo killers have been killed north of Paris. Hostages also released in super market. Coordinated police response,20
"I noted the BBC kept emphasising how #CharlieHebdo liked to ""provoke"". Almost as IF they deserved it? Sickening dhimmified BBC.",0,DVATW,charliehebdo,not_rumour,"I noted the BBC kept emphasising how CharlieHebdo liked to ""provoke"". Almost as IF they deserved it? Sickening dhimmified BBC.",20
Those who killed 11 and injured scores at HQ of French satirical magazine #CharlieHebdo have done a huge disservice to Islam and Muslims,1,MurtazaGeoNews,charliehebdo,rumour,Those who killed 11 and injured scores at HQ of French satirical magazine CharlieHebdo have done a huge disservice to Islam and Muslims,23
Thousands gather across France in solidarity with #CharlieHebdo terror victims. #JeSuisCharlie http://t.co/GHMABahgaT,0,megynkelly,charliehebdo,not_rumour,Thousands gather across France in solidarity with CharlieHebdo terror victims. JeSuisCharlie,11
"Gunfire, explosions heard at print plant north of Paris where the 2 #CharlieHebdo suspects are holed up with hostage. http://t.co/pzmqjErpgQ",0,FoxNews,charliehebdo,not_rumour,"Gunfire, explosions heard at print plant north of Paris where the 2 CharlieHebdo suspects are holed up with hostage.",19
Charlie Hebdo: This is the terrifying price we pay for free speech in a liberal democracy http://t.co/OvDqOqo0Rz http://t.co/Fp9tq8pVMx,0,IndyVoices,charliehebdo,not_rumour,Charlie Hebdo This is the terrifying price we pay for free speech in a liberal democracy,16
Newsrooms around the world show their support for #CharlieHebdo: https://t.co/2sZ43iXyYe #jesuischarlie http://t.co/dAOvitPGPi,0,ProPublica,charliehebdo,not_rumour,Newsrooms around the world show their support for CharlieHebdo jesuischarlie,10
Does publishing anti #Muslim #CharlieHebdo cartoons count as solidarity against the Muslim cop who was slain as well? http://t.co/lhJHHyk7KF,0,MaanImranKhan,charliehebdo,not_rumour,Does publishing anti Muslim CharlieHebdo cartoons count as solidarity against the Muslim cop who was slain as well?,18
"MORE: Police official: Suspects in Charlie Hebdo massacre killed, hostage freed: http://t.co/3xVAv7rE8o",0,AP,charliehebdo,not_rumour,"MORE Police official Suspects in Charlie Hebdo massacre killed, hostage freed",11
Demonstrations of solidarity after Charlie Hebdo attacks - in pictures http://t.co/EgRSRRftBT http://t.co/BqR2JmSxw9,0,guardian,charliehebdo,not_rumour,Demonstrations of solidarity after Charlie Hebdo attacks - in pictures,10
“They won’t kill freedom.” Europe's newspapers respond to #CharlieHebdo attack http://t.co/k2qcl4QjbQ http://t.co/LcVR20LFJx,0,WSJ,charliehebdo,not_rumour,They wont kill freedom. Europe's newspapers respond to CharlieHebdo attack,10
Islam is not the enemy. Muslims are not the enemy. #hatecannotdriveouthate #jesuischarlie,0,joseiswriting,charliehebdo,not_rumour,Islam is not the enemy. Muslims are not the enemy. hatecannotdriveouthate jesuischarlie,12
"Danish paper that published Mohammed cartoons ups security after #CharlieHebdo attack
http://t.co/PcUCgT7OMd #AFP",0,AFPNordic,charliehebdo,not_rumour,Danish paper that published Mohammed cartoons ups security after CharlieHebdo attack AFP,12
"Worth remembering Jens Stoltenberg's words after Utøya: ""Our response is more democracy, more openness and more humanity"" #CharlieHebdo",0,BloomfieldSJ,charliehebdo,not_rumour,"Worth remembering Jens Stoltenberg's words after Utya ""Our response is more democracy, more openness and more humanity"" CharlieHebdo",18
The problem isn’t Islam. The problem is assholes. Every religion has ‘em. #JeSuisCharlie,0,monteiro,charliehebdo,not_rumour,The problem isnt Islam. The problem is assholes. Every religion has em. JeSuisCharlie,13
"Today's #frontpage: Across the globe, #JeSuisCharlie becomes rallying cry. http://t.co/seJkDoEaJB",0,USATODAY,charliehebdo,not_rumour,"Today's frontpage Across the globe, JeSuisCharlie becomes rallying cry.",9
"The pen is STILL mightier than the sword.
#JeSuisCharlie http://t.co/YeXo3mp8vN",0,MENnewsdesk,charliehebdo,not_rumour,The pen is STILL mightier than the sword. JeSuisCharlie,9
#CharlieHebdo #terroristattack insight by Jacob Canfield @CaliphateCop @muslimvoices  @BadatYusuf http://t.co/okhLyPag6W,0,faisalkutty,charliehebdo,not_rumour,CharlieHebdo terroristattack insight by Jacob Canfield,6
"#CharlieHebdo killers dead, confirmed by gendarmerie.",1,AgnesCPoirier,charliehebdo,rumour,"CharlieHebdo killers dead, confirmed by gendarmerie.",6
"#CharlieHebdo French Islamic leaders at scene to condemn the attack. ""They have hit us all. We are all victims. These people are a minority""",0,kimwillsher1,charliehebdo,not_rumour,"CharlieHebdo French Islamic leaders at scene to condemn the attack. ""They have hit us all. We are all victims. These people are a minority""",24
"-Muslim shooter - 1.7 Billion Muslims guilty

-Black shooter - ""All Blacks are violent""

-White Shooter - ""Lone Wolf""

#CharlieHebdo",0,KhaledBeydoun,charliehebdo,not_rumour,"-Muslim shooter - 1.7 Billion Muslims guilty -Black shooter - ""All Blacks are violent"" -White Shooter - ""Lone Wolf"" CharlieHebdo",20
#BREAKING IS radio praises Charlie Hebdo attackers as 'heroes',0,AFP,charliehebdo,not_rumour,BREAKING IS radio praises Charlie Hebdo attackers as 'heroes',9
Stop today's flogging of @raif_badawi @UKinSaudiArabia. You Can't 'condemn' Charlie hebdo attack yet flog/imprison freethinkers! #FreeRaif,0,MaryamNamazie,charliehebdo,not_rumour,Stop today's flogging of . You Can't 'condemn' Charlie hebdo attack yet flog imprison freethinkers! FreeRaif,16
Photos from the manhunt for #CharlieHebdo suspects and ongoing hostage situations: http://t.co/8gxcTgehe5 http://t.co/mTwoTyewbH,0,WSJ,charliehebdo,not_rumour,Photos from the manhunt for CharlieHebdo suspects and ongoing hostage situations,11
"This cartoon by Robert Mankoff from The New Yorker Sept 2012.
#CharlieHebdo http://t.co/pyQfnV42Su",0,mrjohnofarrell,charliehebdo,not_rumour,This cartoon by Robert Mankoff from The New Yorker Sept 2012. CharlieHebdo,12
BREAKING: 'Ten shot dead' as gunmen storm HQ of satirical magazine Charlie Hebdo in Paris http://t.co/yGyND65MR8 https://t.co/BFVHx422JS,1,standardnews,charliehebdo,rumour,BREAKING 'Ten shot dead' as gunmen storm HQ of satirical magazine Charlie Hebdo in Paris,15
"You can take offence, disapprove, demonstrate; but not silence or kill. We will not be intimidated. #JeSuisCharlie http://t.co/uil7iv8zaF",0,sturdyAlex,charliehebdo,not_rumour,"You can take offence, disapprove, demonstrate but not silence or kill. We will not be intimidated. JeSuisCharlie",17
"In the wake of #CharlieHebdo attack, let's not sacrifice even more rights https://t.co/DZoVYASb9V",0,EFF,charliehebdo,not_rumour,"In the wake of CharlieHebdo attack, let's not sacrifice even more rights",12
"Have said it before, but needs saying again: Stop asking Muslims to condemn terrorism. It's bigoted and Islamophobic. http://t.co/6dzrywffN1",0,Max_Fisher,charliehebdo,not_rumour,"Have said it before, but needs saying again Stop asking Muslims to condemn terrorism. It's bigoted and Islamophobic.",18
You can twist and turn it as you like: Publishing cartoons is not a crime. Using them as an excuse for religious fascism is. #CharlieHebdo,0,MsIntervention,charliehebdo,not_rumour,You can twist and turn it as you like Publishing cartoons is not a crime. Using them as an excuse for religious fascism is. CharlieHebdo,25
What we know so far about the major operation northeast of Paris #CharlieHebdo http://t.co/GWpwcdfIJA http://t.co/UpeKOm4WCN,1,guardiannews,charliehebdo,rumour,What we know so far about the major operation northeast of Paris CharlieHebdo,13
Smoke rising over first #Paris hostage scene. Watch live on CNN. http://t.co/HAhU3MDTUj,0,cnnbrk,charliehebdo,not_rumour,Smoke rising over first Paris hostage scene. Watch live on CNN.,11
Armed men were reportedly asking for journalists by name at Charlie Hebdo. Unimaginable..  http://t.co/A11KlzNPnn,1,jessicaelgot,charliehebdo,rumour,Armed men were reportedly asking for journalists by name at Charlie Hebdo. Unimaginable..,13
Stop making excuses for terrorists. #CharlieHebdo tweeted this before Christmas and there'll be no avenging Jesus. http://t.co/BS3Z759LLx,0,Jonathan_Witt,charliehebdo,not_rumour,Stop making excuses for terrorists. CharlieHebdo tweeted this before Christmas and there'll be no avenging Jesus.,16
Why we must not let the Isis propoganda machine win #CharlieHebdo #JeSuisCharlie http://t.co/gkyX9b7DD2 http://t.co/e5wMYWnTSG,0,Independent,charliehebdo,not_rumour,Why we must not let the Isis propoganda machine win CharlieHebdo JeSuisCharlie,12
AFP staff observe minute of silence at #AFP HQ for the victims of #CharlieHebdo #JeSuisCharlie https://t.co/EfnwNEN4h0,0,AFPphoto,charliehebdo,not_rumour,AFP staff observe minute of silence at AFP HQ for the victims of CharlieHebdo JeSuisCharlie,15
Maybe it's time for free societies to haul campus speech codes to the trash. #CharlieHebdo,0,iowahawkblog,charliehebdo,not_rumour,Maybe it's time for free societies to haul campus speech codes to the trash. CharlieHebdo,15
Mother of two young children who attend school near #CharlieHebdo site... #JeSuisCharlie http://t.co/ntcdVCPSre,0,bbc5live,charliehebdo,not_rumour,Mother of two young children who attend school near CharlieHebdo site... JeSuisCharlie,12
"11 confirmed dead, Francois Hollande to visit scene of attack - latest from Paris: http://t.co/7N7uvClhWY http://t.co/EgmxARAdEP",1,Telegraph,charliehebdo,rumour,"11 confirmed dead, Francois Hollande to visit scene of attack - latest from Paris",14
"Update - The editor-in-chief of #CharlieHebdo Gerard Biard says a ""newspaper is not a weapon of war"" #Paris",0,SkyNewsBreak,charliehebdo,not_rumour,"Update - The editor-in-chief of CharlieHebdo Gerard Biard says a ""newspaper is not a weapon of war"" Paris",18
"One million copies of Charlie Hebdo, rather than the usual 60,000, will be printed next week http://t.co/dEI1ZBSJC1 http://t.co/Dhef0UV064",0,MarketWatch,charliehebdo,not_rumour,"One million copies of Charlie Hebdo, rather than the usual 60,000, will be printed next week",16
"We stand with #CharlieHebdo, the only French newspaper that dedicates a weekly column 2 #AnimalRights: http://t.co/o44i7F5wsM #JeSuisCharlie",0,peta,charliehebdo,not_rumour,"We stand with CharlieHebdo, the only French newspaper that dedicates a weekly column 2 AnimalRights JeSuisCharlie",16
Masked gunmen pictured near #CharlieHebdo offices http://t.co/Zvfj25EnEc http://t.co/qTWhoLqICk,0,MailOnline,charliehebdo,not_rumour,Masked gunmen pictured near CharlieHebdo offices,6
DETAILS: Armed man takes hostage in kosher grocery store in #Vincennes eastern Paris - Reports http://t.co/cI8cztQjE6,1,RT_com,charliehebdo,rumour,DETAILS Armed man takes hostage in kosher grocery store in Vincennes eastern Paris - Reports,15
"Brilliant #CharlieHebdo satirists did not attack #Islam, but poked fun @ #intolerance &amp; #extremism of all kind inc #racism &amp; #islamophobia.",0,bouckap,charliehebdo,not_rumour,"Brilliant CharlieHebdo satirists did not attack Islam, but poked fun intolerance amp extremism of all kind inc racism amp islamophobia.",20
OMG! At least one MSM publication has done the unthinkable! Navbharat Times has posted the #CharlieHebdo cartoons! http://t.co/UZ4DrQqDNO,0,smitabarooah,charliehebdo,not_rumour,OMG! At least one MSM publication has done the unthinkable! Navbharat Times has posted the CharlieHebdo cartoons!,17
"Reports that the Jewish community in #France going in to lockdown. Shops, synagogues, schools etc. #ParisShooting #CharlieHebdo",1,AnshelPfeffer,charliehebdo,rumour,"Reports that the Jewish community in France going in to lockdown. Shops, synagogues, schools etc. ParisShooting CharlieHebdo",17
"Sirens on my Paris street. Poor Charlie Hebdo, poor families, poor kids who live here, poor local muslims who will get blame, poor Paris",0,KuperSimon,charliehebdo,not_rumour,"Sirens on my Paris street. Poor Charlie Hebdo, poor families, poor kids who live here, poor local muslims who will get blame, poor Paris",24
"FYI - the cop was Muslim! RIP Ahmed Merabet. Blame TERROR, not Islam! #JeSuisCharlie #CharlieHebdo http://t.co/AMItVYwGlI",0,UlrichJvV,charliehebdo,not_rumour,"FYI - the cop was Muslim! RIP Ahmed Merabet. Blame TERROR, not Islam! JeSuisCharlie CharlieHebdo",15
"6 days after Charlie Hebdo's 2011 firebombing, it ran an image of a cartoonist kissing a jihadi, with caption: Love is stronger than hate",0,ishaantharoor,charliehebdo,not_rumour,"6 days after Charlie Hebdo's 2011 firebombing, it ran an image of a cartoonist kissing a jihadi, with caption Love is stronger than hate",24
#JeSuisCharlie used across the world to show solidarity with #CharlieHebdo shooting victims http://t.co/kp922GIn7c http://t.co/tiL6mF3MDf,0,Independent,charliehebdo,not_rumour,JeSuisCharlie used across the world to show solidarity with CharlieHebdo shooting victims,12
Brilliant piece by @OwenJones84 on how the Paris shootings must not lead to more Islamophobia: http://t.co/aPNqc9qTHI,0,caitlinmoran,charliehebdo,not_rumour,Brilliant piece by on how the Paris shootings must not lead to more Islamophobia,14
The staff of Agence France Presse stand in silence &amp; solidarity to remember their murdered colleagues. #JeSuisCharlie http://t.co/jgQOVlPOKV,0,louisebrealey,charliehebdo,not_rumour,The staff of Agence France Presse stand in silence amp solidarity to remember their murdered colleagues. JeSuisCharlie,17
BREAKING NEWS: Hostage situation at supermarket in eastern Paris after shots ring out - AFP,1,PzFeed,charliehebdo,rumour,BREAKING NEWS Hostage situation at supermarket in eastern Paris after shots ring out - AFP,15
"Breaking: At least 10 dead, 5 injured after tO gunman open fire in offices of Charlie  Hebdo,satirical mag that published Mohammed cartoons",1,H_E_Samuel,charliehebdo,rumour,"Breaking At least 10 dead, 5 injured after tO gunman open fire in offices of Charlie Hebdo,satirical mag that published Mohammed cartoons",22
A woman in Paris stands with a #JeSuisCharlie sign http://t.co/UjZwZF28Iq  #CharlieHebdo http://t.co/XOepEXqtHR,0,guardiannews,charliehebdo,not_rumour,A woman in Paris stands with a JeSuisCharlie sign CharlieHebdo,10
Charlie Hebdo to Print 1 Million Copies in Defiance After Attack http://t.co/2kvfnSm5oI via @business,0,Mark_Beech,charliehebdo,not_rumour,Charlie Hebdo to Print 1 Million Copies in Defiance After Attack via,12
"Tremendous front page to today's @Independent. Bravo @amolrajan et al. Simply brilliant. #JeSuisCharlie

↓ http://t.co/w7QpEVJ0pT",0,MrMattWilley,charliehebdo,not_rumour,Tremendous front page to today's . Bravo et al. Simply brilliant. JeSuisCharlie,12
"I've seen one national newspaper pixelate out the cover of Charlie Hebdo - the self-censorship begins. Terrorists 1, Enlightenment 0",0,mjrharris,charliehebdo,not_rumour,"I've seen one national newspaper pixelate out the cover of Charlie Hebdo - the self-censorship begins. Terrorists 1, Enlightenment 0",20
Look at the best of Charlie Hebdo's covers right here http://t.co/7SHjMeJ0iD http://t.co/H3nWH6q0Cy,0,justinjm1,charliehebdo,not_rumour,Look at the best of Charlie Hebdo's covers right here,10
"Until then, let's riot and burn embassies and then wonder why people disrespect our Prophet. #CharlieHebdo #Facepalm",0,iyad_elbaghdadi,charliehebdo,not_rumour,"Until then, let's riot and burn embassies and then wonder why people disrespect our Prophet. CharlieHebdo Facepalm",17
Journalists and others using #JeSuisCharlie to express support for freedom of speech after Paris attack http://t.co/OSzSvL3pKy,0,PzFeed,charliehebdo,not_rumour,Journalists and others using JeSuisCharlie to express support for freedom of speech after Paris attack,15
"BREAKING: Suspects in the #CharlieHebdo attack are dead, local mayor says. Watch updates live: http://t.co/UYpqI3NFaP http://t.co/JmeFCzuP8K",0,CNN,charliehebdo,not_rumour,"BREAKING Suspects in the CharlieHebdo attack are dead, local mayor says. Watch updates live",14
#BREAKING HOSTAGES TAKEN AT A BUSINESS IN DAMMARTIN-EN-GOELE - RTL REPORTS #France http://t.co/aa3FJVho8K,1,russian_market,charliehebdo,rumour,BREAKING HOSTAGES TAKEN AT A BUSINESS IN DAMMARTIN-EN-GOELE - RTL REPORTS France,12
Response to horrific #CharlieHebdo murders should be to protect civil liberties not limit them. Not an excuse for more mass surveillance.,0,OpenRightsGroup,charliehebdo,not_rumour,Response to horrific CharlieHebdo murders should be to protect civil liberties not limit them. Not an excuse for more mass surveillance.,21
Video posted online appears to show gunmen fleeing after attack on #CharlieHebdo  magazine office in Paris http://t.co/bEri7HY51w,0,BBCBreaking,charliehebdo,not_rumour,Video posted online appears to show gunmen fleeing after attack on CharlieHebdo magazine office in Paris,16
BREAKING: At least 2 killed in #Paris hostage situation via @AFP http://t.co/C2WrcWLUZh,1,FoxNews,charliehebdo,rumour,BREAKING At least 2 killed in Paris hostage situation via,10
"If I condemn the attack, that doesn't mean I support Charlie Hebdo, and If I condemn Charlie Hebdo, that doesn't mean I support the attack.",0,BonsaiSky,charliehebdo,not_rumour,"If I condemn the attack, that doesn't mean I support Charlie Hebdo, and If I condemn Charlie Hebdo, that doesn't mean I support the attack.",25
"I may not agree with what you draw but I will defend your right to draw it. That, my friends, is the whole point. #CharlieHebdo",0,condeHRW,charliehebdo,not_rumour,"I may not agree with what you draw but I will defend your right to draw it. That, my friends, is the whole point. CharlieHebdo",25
"Approximate translation: ""Freedom of expression is spilling ink, not shedding blood."" #JeSuisCharlie http://t.co/eC2DR9a1tb",0,GwydionS,charliehebdo,not_rumour,"Approximate translation ""Freedom of expression is spilling ink, not shedding blood."" JeSuisCharlie",12
#BREAKING Armed man takes hostage in kosher grocery in Paris: source,1,AFP,charliehebdo,rumour,BREAKING Armed man takes hostage in kosher grocery in Paris source,11
"A Tribute to the Cartoonists of Charlie Hebdo #JeSuisCharlie 
http://t.co/TkEwyqq8py http://t.co/Ms8pEqxxnZ",0,BuzzFeed,charliehebdo,not_rumour,A Tribute to the Cartoonists of Charlie Hebdo JeSuisCharlie,9
I've redone the #CharlieHebdo comic. I can't stop thinking about what happened. http://t.co/acx7vmr98c,0,scottecs,charliehebdo,not_rumour,I've redone the CharlieHebdo comic. I can't stop thinking about what happened.,12
"Why I am Charlie -- Parisians share emotional messages with CNN: http://t.co/YtQdjs8HQ1 #JeSuisCharlie
https://t.co/3SGWCHVGg0",0,cnnivideo,charliehebdo,not_rumour,Why I am Charlie -- Parisians share emotional messages with CNN JeSuisCharlie,12
"After #CharlieHebdo attack, satirists express solidarity and vow that fun would never die. http://t.co/XcTHtsVSCa http://t.co/1EVgl9Apfx",0,WSJ,charliehebdo,not_rumour,"After CharlieHebdo attack, satirists express solidarity and vow that fun would never die.",13
"NEW: The #Salafi response to the #Terrorist #ParisShooting #France: “Were they forbidding an evil?” Please spread.

http://t.co/g9QlYdXlUR",0,AbuKhadeejahSP,charliehebdo,not_rumour,NEW The Salafi response to the Terrorist ParisShooting France Were they forbidding an evil? Please spread.,16
The pen is mighter than the sword #JeSuisCharlie http://t.co/wYYLQLXChI,0,heartsincamelot,charliehebdo,not_rumour,The pen is mighter than the sword JeSuisCharlie,8
What we know about the suspects in the Charlie Hebdo attacks: http://t.co/lgoa0zRIPz http://t.co/zAHS26igzy,0,WSJ,charliehebdo,not_rumour,What we know about the suspects in the Charlie Hebdo attacks,11
"Incredible to see universal outrage in #Europe over #CharlieHebdo, but double standards when it comes to #Palestinian attacks on #Israel.",0,Ostrov_A,charliehebdo,not_rumour,"Incredible to see universal outrage in Europe over CharlieHebdo, but double standards when it comes to Palestinian attacks on Israel.",20
Over a thousand have gathered at Martin Place to pay their respects #CharlieHebdo #JeSuisCharlie. Photo: @ShooterWol http://t.co/NSjias7HAM,0,smh,charliehebdo,not_rumour,Over a thousand have gathered at Martin Place to pay their respects CharlieHebdo JeSuisCharlie. Photo,15
At least 11 dead and 5 injured after gunmen storm Charlie Hebdo office in Paris http://t.co/Ujw9LonL8N http://t.co/JnhZmKeW5M,1,MailOnline,charliehebdo,rumour,At least 11 dead and 5 injured after gunmen storm Charlie Hebdo office in Paris,15
How indicative of a profound fragility of any faith is the impulse to murder anyone who mocks it. #JeSuisCharlie,0,StephensSimon,charliehebdo,not_rumour,How indicative of a profound fragility of any faith is the impulse to murder anyone who mocks it. JeSuisCharlie,19
Charlie Hebdo Suspects and Police Are Said to Exchange Fire Northeast of Paris http://t.co/PAeylkumvD,1,nytimes,charliehebdo,rumour,Charlie Hebdo Suspects and Police Are Said to Exchange Fire Northeast of Paris,13
Update - AFP: an unnamed police source says the killing of the policewoman in #Paris on Thursday is linked to the #CharlieHebdo attack,1,SkyNewsBreak,charliehebdo,rumour,Update - AFP an unnamed police source says the killing of the policewoman in Paris on Thursday is linked to the CharlieHebdo attack,23
The victims of the #CharlieHebdo attack http://t.co/v8Cw7N58B0 http://t.co/yVgnrLa7vk,0,BBCWorld,charliehebdo,not_rumour,The victims of the CharlieHebdo attack,6
At Hong Kong's Foreign Correspondents' Club just now. #JeSuisCharlie http://t.co/rzm4arU3Rb,0,wu_venus,charliehebdo,not_rumour,At Hong Kong's Foreign Correspondents' Club just now. JeSuisCharlie,9
Freedom of speech is a right as much as a cause worth fighting for. Obscurantism is a danger made real today #CharlieHebdo,0,jean_jullien,charliehebdo,not_rumour,Freedom of speech is a right as much as a cause worth fighting for. Obscurantism is a danger made real today CharlieHebdo,22
VIDEO: Helicopter understood to have landed on roof of #CharlieHebdo siege building during raid #ParisAttacks http://t.co/ZQ834c3L8b,0,SkyNews,charliehebdo,not_rumour,VIDEO Helicopter understood to have landed on roof of CharlieHebdo siege building during raid ParisAttacks,15
BREAKING NEWS: Several hostages freed at Jewish supermarket in Paris: AFP,1,PzFeed,charliehebdo,rumour,BREAKING NEWS Several hostages freed at Jewish supermarket in Paris AFP,11
".@virsanghvi: In many respects, Indian liberals agree with the Islamic extremists who  attacked #CharlieHebdo. http://t.co/j8bae21nbT",0,dhume,charliehebdo,not_rumour,". In many respects, Indian liberals agree with the Islamic extremists who attacked CharlieHebdo.",14
"Proud of NDTV for upholding India's SECULAR credentials! Nidhi Razdan: ""NOTORIOUS French magazine attacked by armed men""!! #CharlieHebdo",0,5Forty3,charliehebdo,not_rumour,"Proud of NDTV for upholding India's SECULAR credentials! Nidhi Razdan ""NOTORIOUS French magazine attacked by armed men""!! CharlieHebdo",18
"BREAKING UPDATE: 11 dead, 10 wounded in Charlie Hebdo HQ shooting - Paris police  http://t.co/Q27XnP3AS3",1,RT_com,charliehebdo,rumour,"BREAKING UPDATE 11 dead, 10 wounded in Charlie Hebdo HQ shooting - Paris police",14
"Parisian doctor: ""Let's all subscribe to #CharlieHebdo...It'll be in my waiting room until I retire."" via @bourmeau http://t.co/3IjTQCk3o7",0,laurenzcollins,charliehebdo,not_rumour,"Parisian doctor ""Let's all subscribe to CharlieHebdo...It'll be in my waiting room until I retire."" via",16
The US Embassy in France (@USEmbassyFrance) has changed its Twitter pic to the #JeSuisCharlie image http://t.co/afvSJT8jma,0,elenacresci,charliehebdo,not_rumour,The US Embassy in France has changed its Twitter pic to the JeSuisCharlie image,14
"17 journalists massacres by Israel in Gaza, 2014. Where were these ""freedom of speech"" people then? #CharlieHebdo http://t.co/6It3pU5EUW",0,moethemyth,charliehebdo,not_rumour,"17 journalists massacres by Israel in Gaza, 2014. Where were these ""freedom of speech"" people then? CharlieHebdo",17
Egyptian paper Al Masry Al-Youm has taken bold step of publishing some of Charlie Hebdo's controversial front covers: http://t.co/kDXtZXnKnW,0,leloveluck,charliehebdo,not_rumour,Egyptian paper Al Masry Al-Youm has taken bold step of publishing some of Charlie Hebdo's controversial front covers,18
Charlie Hebdo cartoonist Wolinski’s daughter: ‘I don’t think you can kill ideas’ http://t.co/7nWOgz3zs1,0,guardian,charliehebdo,not_rumour,Charlie Hebdo cartoonist Wolinskis daughter I dont think you can kill ideas,12
"Two shot in Paris, including traffic cop, as manhunt continues for #CharlieHebdo suspects http://t.co/L7wpNhAYZn http://t.co/oQi2UinDH1",1,NBCNews,charliehebdo,rumour,"Two shot in Paris, including traffic cop, as manhunt continues for CharlieHebdo suspects",13
"That Charlie Hebdo's journalists are determined to bring out the next issue on time is rare courage, reminiscent of Cantor Fitzergald",0,MalikAshok,charliehebdo,not_rumour,"That Charlie Hebdo's journalists are determined to bring out the next issue on time is rare courage, reminiscent of Cantor Fitzergald",21
Appalled to hear news of apparent terrorist attack in Paris. My thoughts are with the family and friends of those killed.,0,PHammondMP,charliehebdo,not_rumour,Appalled to hear news of apparent terrorist attack in Paris. My thoughts are with the family and friends of those killed.,21
"Horrific news re Charlie Hebdo. People of huge courage, wit and integrity murdered by people who find those ideas frightening. Awful.",0,davidschneider,charliehebdo,not_rumour,"Horrific news re Charlie Hebdo. People of huge courage, wit and integrity murdered by people who find those ideas frightening. Awful.",21
"#jesuisCharlie  “If liberty means anything at all, it means the right to tell people what they do not want to hear.”
― George Orwell",0,BiancaJagger,charliehebdo,not_rumour,"jesuisCharlie If liberty means anything at all, it means the right to tell people what they do not want to hear. George Orwell",23
#UPDATE Three men including two brothers identified in France newspaper attack: source http://t.co/5NoNuqJSu1 #JeSuisCharlie #CharlieHebdo,1,AFP,charliehebdo,rumour,UPDATE Three men including two brothers identified in France newspaper attack source JeSuisCharlie CharlieHebdo,14
The response to #CharlieHebdo should be to reprint his work and spread it wider than his killers could have thought possible,0,LouiseMensch,charliehebdo,not_rumour,The response to CharlieHebdo should be to reprint his work and spread it wider than his killers could have thought possible,21
France is in shock after brutal attack on satirical newspaper #CharlieHebdo http://t.co/tOtJeEAUJ7,0,HuffingtonPost,charliehebdo,not_rumour,France is in shock after brutal attack on satirical newspaper CharlieHebdo,11
These cartoons are poignant tributes to victims of the Charlie Hebdo attack http://t.co/R59wUj58Pp http://t.co/5BhfsdNYfe,0,Independent,charliehebdo,not_rumour,These cartoons are poignant tributes to victims of the Charlie Hebdo attack,12
Armed Person Takes Hostages At Paris-Area Deli; Police Surround Charlie Hebdo Terrorists http://t.co/K61LgA3Tjc http://t.co/SdQNm8maMD,0,BuzzFeedNews,charliehebdo,not_rumour,Armed Person Takes Hostages At Paris-Area Deli Police Surround Charlie Hebdo Terrorists,12
"""Screw Your Hashtag Solidarity"" http://t.co/bLHuDh08HG #CharlieHebdo #ParisShooting #Kosher #DammartinEnGoele #CharlesdeGaulle @hughhewitt",0,MarkSteynOnline,charliehebdo,not_rumour,"""Screw Your Hashtag Solidarity"" CharlieHebdo ParisShooting Kosher DammartinEnGoele CharlesdeGaulle",9
Gunmen showed advanced military skills in Paris #CharlieHebdo attack: http://t.co/Q5FIaTLF8G http://t.co/XiZLErM37y,1,Telegraph,charliehebdo,rumour,Gunmen showed advanced military skills in Paris CharlieHebdo attack,9
"Um, the International Business Times is running a piece blaming #CharlieHebdo attack on Israel
http://t.co/7DWog7nVnT http://t.co/ctV37RCqi1",0,Yair_Rosenberg,charliehebdo,not_rumour,"Um, the International Business Times is running a piece blaming CharlieHebdo attack on Israel",14
Today at 1030GMT #police officers and staff around the country will pause to remember those killed in yesterday's #CharlieHebdo atrocity.,0,PoliceChiefs,charliehebdo,not_rumour,Today at 1030GMT police officers and staff around the country will pause to remember those killed in yesterday's CharlieHebdo atrocity.,20
anyone who attacks mosques or abuses Muslims in the aftermath of #CharlieHebdo is doing the work of the jihadis by persecuting innocents,0,CEMB_forum,charliehebdo,not_rumour,anyone who attacks mosques or abuses Muslims in the aftermath of CharlieHebdo is doing the work of the jihadis by persecuting innocents,22
Charlie Hebdo attack: huge man hunt underway in #Paris  – live updates http://t.co/IS5Lb1zfbH,0,guardian,charliehebdo,not_rumour,Charlie Hebdo attack huge man hunt underway in Paris live updates,11
"And this, if you're not #CharlieHebdo saturated: http://t.co/CkGBxkIyfD",0,timminchin,charliehebdo,not_rumour,"And this, if you're not CharlieHebdo saturated",7
Muslims are not terrorists #CharlieHebdo #prisedotage #JeSuisAhmed http://t.co/7qi1XGDQEx,0,clydepmusic,charliehebdo,not_rumour,Muslims are not terrorists CharlieHebdo prisedotage JeSuisAhmed,7
"Three attackers being hunted for assault on French magazine #CharlieHebdo, French interior minister says http://t.co/F7ZB9JXIfe",1,BBCBreaking,charliehebdo,rumour,"Three attackers being hunted for assault on French magazine CharlieHebdo, French interior minister says",14
"""But who wants the English in Europe?"" Quite enjoying some of these #CharlieHebdo covers: https://t.co/p0QS7l0q1H http://t.co/GmzJnnhwc3",0,richardjgodwin,charliehebdo,not_rumour,"""But who wants the English in Europe?"" Quite enjoying some of these CharlieHebdo covers",14
Police: Shooting in southern Paris wounds French police officer; too early to draw connection between this and Charlie Hebdo attack - @AP,1,BreakingNews,charliehebdo,rumour,Police Shooting in southern Paris wounds French police officer too early to draw connection between this and Charlie Hebdo attack -,21
2 standoffs happening now. Hostages believed involved. 1 gunman in kosher deli in eastern Paris. 2 terror suspects in town near CDG airport,0,andersoncooper,charliehebdo,not_rumour,2 standoffs happening now. Hostages believed involved. 1 gunman in kosher deli in eastern Paris. 2 terror suspects in town near CDG airport,23
A few of the #CharlieHebdo shooting inconsistencies but hey let's not nitpick  http://t.co/9I4srbJhsJ,0,HashashinTag,charliehebdo,not_rumour,A few of the CharlieHebdo shooting inconsistencies but hey let's not nitpick,12
Pictures from the scene: Gunmen attack Paris #CharlieHebdo office http://t.co/lCnsyqkc3y http://t.co/JwbND2MkUs,0,SkyNews,charliehebdo,not_rumour,Pictures from the scene Gunmen attack Paris CharlieHebdo office,9
Charlie Hebdo: this map pinpoints the four key locations in the dual sieges – live updates http://t.co/CbQCu50ckl http://t.co/6Cpy1BmKQO,0,guardian,charliehebdo,not_rumour,Charlie Hebdo this map pinpoints the four key locations in the dual sieges live updates,15
Twelve people confirmed dead in shooting at French satirical magazine Charlie Hebdo in Paris http://t.co/X6UWH7PFP1 http://t.co/TCWtE8nkpm,1,Channel4News,charliehebdo,rumour,Twelve people confirmed dead in shooting at French satirical magazine Charlie Hebdo in Paris,14
Paris terror attacks: gunfire and explosions at Dammartin-en-Goele – live updates http://t.co/MUE0zN8HCA http://t.co/tvK4fmbfyk,0,guardian,charliehebdo,not_rumour,Paris terror attacks gunfire and explosions at Dammartin-en-Goele live updates,10
"'We have stories to tell.
Not everyone will like them. 
Stand with us.'
#TellYourStory
#JeSuisCharlie http://t.co/jx8We9hCgS",0,MrASingh,charliehebdo,not_rumour,'We have stories to tell. Not everyone will like them. Stand with us.' TellYourStory JeSuisCharlie,15
AFP reporting at least five hostages have been taken at kosher shop in Paris - live http://t.co/hRxscrV6yW #CharlieHebdo,1,guardian,charliehebdo,rumour,AFP reporting at least five hostages have been taken at kosher shop in Paris - live CharlieHebdo,17
"#Freespeech is a non-negotiable human right. We condemn the appalling attack on Charlie Hebdo, and any attempt to silence the free press.",0,IndexCensorship,charliehebdo,not_rumour,"Freespeech is a non-negotiable human right. We condemn the appalling attack on Charlie Hebdo, and any attempt to silence the free press.",22
This: via @aboujahjah #JeSuisAhmed #JeSuisCharlie #CharlieHebdo http://t.co/avEw4j6U7p,0,juliamacfarlane,charliehebdo,not_rumour,This via JeSuisAhmed JeSuisCharlie CharlieHebdo,5
23 Heartbreaking Cartoons From Artists Responding To The #CharlieHebdo Shooting http://t.co/CpbDfrpLEY @dennis_kamoen http://t.co/2KeMKSGV64,0,JohnnyJet,charliehebdo,not_rumour,23 Heartbreaking Cartoons From Artists Responding To The CharlieHebdo Shooting,10
Building in Dammartin-en-Goele where #CharlieHebdo suspects believed to be holed up http://t.co/BXIQYIqT0R http://t.co/HSzL3gK9eT,1,BBCBreaking,charliehebdo,rumour,Building in Dammartin-en-Goele where CharlieHebdo suspects believed to be holed up,11
"#ISIS just claimed responsibility for #CharlieHebdo attack and announced more attacks. ""US &amp; UK are on the list for tomorrow.""",1,Annabellvdb,charliehebdo,rumour,"ISIS just claimed responsibility for CharlieHebdo attack and announced more attacks. ""US amp UK are on the list for tomorrow.""",20
If these fuckers in Paris didn't have hostages if AC130 them bitches.,0,ProSyndicate,charliehebdo,not_rumour,If these fuckers in Paris didn't have hostages if AC130 them bitches.,12
"Are other shootouts aimed at stalling #CharlieHebdo manhunt?
See:http://t.co/uwYKR50VNM http://t.co/jBR2c4LHq6",0,Newsroompostcom,charliehebdo,not_rumour,Are other shootouts aimed at stalling CharlieHebdo manhunt? See,9
Heartbreakingly brilliant cartoon by @davpope @canberratimes in solidarity with his French colleagues. #CharlieHebdo http://t.co/IvIUVJ8vhD,0,Lisa_Wilkinson,charliehebdo,not_rumour,Heartbreakingly brilliant cartoon by in solidarity with his French colleagues. CharlieHebdo,11
Charlie Hebdo: Fox news anchor suggests skin colour helps identify 'typical bad guys' http://t.co/XvkeSMMXC4 http://t.co/zcQjFbUY6P,0,HuffPostUK,charliehebdo,not_rumour,Charlie Hebdo Fox news anchor suggests skin colour helps identify 'typical bad guys',13
NEWSPAPERS: PUT THE MOHAMMED CARTOON ON YOUR FRONT PAGE TOMORROW. SHOW THEM WHO'S RUNNING THIS. #publishtheprophet #CharlieHebdo,0,JohnJohnsonson,charliehebdo,not_rumour,NEWSPAPERS PUT THE MOHAMMED CARTOON ON YOUR FRONT PAGE TOMORROW. SHOW THEM WHO'S RUNNING THIS. publishtheprophet CharlieHebdo,17
Supermarket hostage-takers reportedly threaten to kill if police storm #CharlieHebdo suspects http://t.co/ATmBpjwW3b http://t.co/4auIDG7ljG,1,SkyNews,charliehebdo,rumour,Supermarket hostage-takers reportedly threaten to kill if police storm CharlieHebdo suspects,11
The Algerian Muslim editor - killed in the #CharlieHebdo attack - nobody knows about: Moustapha Ourrad. #JeSuisMuslim http://t.co/NizgHAxpsL,0,KhaledBeydoun,charliehebdo,not_rumour,The Algerian Muslim editor - killed in the CharlieHebdo attack - nobody knows about Moustapha Ourrad. JeSuisMuslim,17
Single finger raised by #CharlieHebdo gunman looks like what ISIS fighters often do in battle. http://t.co/6GmumrBndC CC @EliotHiggins,0,sheeraf,charliehebdo,not_rumour,Single finger raised by CharlieHebdo gunman looks like what ISIS fighters often do in battle. CC,16
I support #CharlieHebdo and a free press. Please RT these cartoons to show a united and dignified defiance. http://t.co/Mc2aOwSHYA,0,MartinDaubney,charliehebdo,not_rumour,I support CharlieHebdo and a free press. Please RT these cartoons to show a united and dignified defiance.,18
My heart is with Paris &amp; all affected by this tragedy. #CharlieHebdo #JesuisCharlie #freedom Image: @lucilleclerc http://t.co/T0bszBkgCP,0,TameraMowryTwo,charliehebdo,not_rumour,My heart is with Paris amp all affected by this tragedy. CharlieHebdo JesuisCharlie freedom Image,15
"Why is terrorism international &amp; weapons from terrorists always Russian (Soviet) !? — TT @samiramoto

#JeSuisCharlie http://t.co/iSH566FPu2",0,RobPulseNews,charliehebdo,not_rumour,Why is terrorism international amp weapons from terrorists always Russian Soviet !? TT JeSuisCharlie,14
Love will win from hatred #JeSuisCharlie,0,HaileGebr,charliehebdo,not_rumour,Love will win from hatred JeSuisCharlie,6
There is no death penalty in France. Good that those terrorist killers are killed. #CharlieHebdo,0,taslimanasreen,charliehebdo,not_rumour,There is no death penalty in France. Good that those terrorist killers are killed. CharlieHebdo,15
If true that the #CharlieHebdo magazine attackers met their fates at a printing shop... well... then the rest of this tweet writes itself.,0,brianstelter,charliehebdo,not_rumour,If true that the CharlieHebdo magazine attackers met their fates at a printing shop... well... then the rest of this tweet writes itself.,23
Obama told Sony to stand up to North Korea in support of free speech. He will make no such declaration to us about Islamism #CharlieHebdo,0,BuckSexton,charliehebdo,not_rumour,Obama told Sony to stand up to North Korea in support of free speech. He will make no such declaration to us about Islamism CharlieHebdo,25
Update - French interior ministry says incident which led to evacuation of Trocadero near the Eiffel Tower in Paris was a false alarm,1,SkyNewsBreak,charliehebdo,rumour,Update - French interior ministry says incident which led to evacuation of Trocadero near the Eiffel Tower in Paris was a false alarm,23
#BREAKING Hostages taken north-east of Paris: police,1,AFP,charliehebdo,rumour,BREAKING Hostages taken north-east of Paris police,7
Jon Stewart on the Charlie Hebdo attack: 'Comedy shouldn't have to be an act of courage' http://t.co/xmQCP2OcHm,0,guardian,charliehebdo,not_rumour,Jon Stewart on the Charlie Hebdo attack 'Comedy shouldn't have to be an act of courage',16
"White House speaking notes:
1. #CharlieHebdo not about Islam
2. Killers mentally unstable
3. Terror has no religion
4. Muslims fear backlash",0,TarekFatah,charliehebdo,not_rumour,White House speaking notes 1. CharlieHebdo not about Islam 2. Killers mentally unstable 3. Terror has no religion 4. Muslims fear backlash,22
Papers covering the #CharlieHebdo story without publishing the cartoons aren't curbing terrorism - they are victims of it.,0,aliamjadrizvi,charliehebdo,not_rumour,Papers covering the CharlieHebdo story without publishing the cartoons aren't curbing terrorism - they are victims of it.,18
British press publish horrifying photos of police officer being murdered - but not Charlie Hebdo cartoons. Strange values. #JeSuisCharlie,0,polblonde,charliehebdo,not_rumour,British press publish horrifying photos of police officer being murdered - but not Charlie Hebdo cartoons. Strange values. JeSuisCharlie,19
Shooting south of Paris with one police officer injured. Police say no known link to #CharlieHebdo attack http://t.co/UZlFI7Bb5s,1,BBCBreaking,charliehebdo,rumour,Shooting south of Paris with one police officer injured. Police say no known link to CharlieHebdo attack,17
#CharlieHebdo published a cartoon of the notorious #ISIS leader last week (They've just tweeted the pic again). http://t.co/YYyxzNaFFb,0,RuwaydaMustafah,charliehebdo,not_rumour,CharlieHebdo published a cartoon of the notorious ISIS leader last week They've just tweeted the pic again .,18
"French police release pictures of two suspects described as ""armed and dangerous"". More: http://t.co/2J4WQdJnTp http://t.co/kYNwo7GlgQ",0,TelegraphNews,charliehebdo,not_rumour,"French police release pictures of two suspects described as ""armed and dangerous"". More",13
We should never be ashamed to be Muslim but we should publicly condemn the savages who tarnish our name ##ParisShooting #CharlieHebdo,0,hikmahpubs,charliehebdo,not_rumour,We should never be ashamed to be Muslim but we should publicly condemn the savages who tarnish our name ParisShooting CharlieHebdo,21
The Earth without Art is just 'Eh'. #streetart #JeSuisCharlie http://t.co/72XpFM2kOn,0,charliesaidthat,charliehebdo,not_rumour,The Earth without Art is just 'Eh'. streetart JeSuisCharlie,9
"At least five people have been taken hostage at the kosher grocery, reports say #ParisAttacks http://t.co/8MdsGYsaOZ http://t.co/2NtIkBmIYk",1,SkyNews,charliehebdo,rumour,"At least five people have been taken hostage at the kosher grocery, reports say ParisAttacks",15
"""Some read the Quran and blow up girls’ schools, but more read the Quran and build girls’ schools."" —@NickKristof http://t.co/oVKdSiczOh",0,meganangelo,charliehebdo,not_rumour,"""Some read the Quran and blow up girls schools, but more read the Quran and build girls schools.""",18
#Anonymous says it will avenge #CharlieHebdo attack by shutting down jihadi websites http://t.co/Hrvbt04eKT http://t.co/Lsx5n9Ywv0,0,Bipartisanism,charliehebdo,not_rumour,Anonymous says it will avenge CharlieHebdo attack by shutting down jihadi websites,12
"""We are all Charlie”: European newspapers show solidarity with Charlie Hebdo after attack http://t.co/xq1OQhDJVF http://t.co/jt7D6fuIBH",0,WSJ,charliehebdo,not_rumour,"""We are all Charlie European newspapers show solidarity with Charlie Hebdo after attack",13
"Schools near siege building in Dammartin-en-Goele being evacuated, say officials. Follow our coverage: http://t.co/ZBIkAexsBk #CharlieHebdo",0,BBCBreaking,charliehebdo,not_rumour,"Schools near siege building in Dammartin-en-Goele being evacuated, say officials. Follow our coverage CharlieHebdo",14
"Bill Maher: ""Hundreds of millions"" of Muslims ""support attacks like this"" http://t.co/Tb1lS1uqKA #CharlieHebdo http://t.co/0ZCduOwpJl",0,thedailybeast,charliehebdo,not_rumour,"Bill Maher ""Hundreds of millions"" of Muslims ""support attacks like this"" CharlieHebdo",12
"Forget truth, today even satire is unacceptable.
#CharlieHebdo",0,gchikermane,charliehebdo,not_rumour,"Forget truth, today even satire is unacceptable. CharlieHebdo",8
"As a Muslim, I condemn the cruel attack on #CharlieHebdo &amp; offer condolences to the French people.
The ""Islam"" of the murderers is not mine.",0,AkyolinEnglish,charliehebdo,not_rumour,"As a Muslim, I condemn the cruel attack on CharlieHebdo amp offer condolences to the French people. The ""Islam"" of the murderers is not mine.",25
Shocked &amp; appalled by senseless attack at 'Charlie Hebdo' - London stands with Paris &amp; the people of France against this horrific scourge,0,MayorofLondon,charliehebdo,not_rumour,Shocked amp appalled by senseless attack at 'Charlie Hebdo' - London stands with Paris amp the people of France against this horrific scourge,23
"call me foolish but this girl holding #JeSuisCharlie hiding her face, in a ghostly looking #Aleppo #Syria made me cry http://t.co/bFGf3edOAu",0,donatelladr,charliehebdo,not_rumour,"call me foolish but this girl holding JeSuisCharlie hiding her face, in a ghostly looking Aleppo Syria made me cry",20
Hostages have reportedly been taken as police pursue gunmen responsible for the #ParisAttack http://t.co/RkQMx9cijy http://t.co/CilbwL4ewF,1,SkyNews,charliehebdo,rumour,Hostages have reportedly been taken as police pursue gunmen responsible for the ParisAttack,13
Statement on appalling attack against #CharlieHebdo http://t.co/Ic5TSVhO0f,0,eucopresident,charliehebdo,not_rumour,Statement on appalling attack against CharlieHebdo,6
The terrorist actions perpetrated in Paris are not from Islam. Read a clarification from our brother Hasan Somali http://t.co/RPbQ6LtBCp,0,anwarphilly,charliehebdo,not_rumour,The terrorist actions perpetrated in Paris are not from Islam. Read a clarification from our brother Hasan Somali,18
You shouted 'Allahu Akber' whilst murdering others? You are a disgrace to my religion. May the dead rest in peace #notinmyname #charliehebdo,0,aligokal,charliehebdo,not_rumour,You shouted 'Allahu Akber' whilst murdering others? You are a disgrace to my religion. May the dead rest in peace notinmyname charliehebdo,22
#CharlieHebdo. The two terrorists are dead. The hostage is alive.,0,GerardAraud,charliehebdo,not_rumour,CharlieHebdo. The two terrorists are dead. The hostage is alive.,10
"At least 12 people were killed in today's deadly attack on #CharlieHebdo, an official says. http://t.co/aNxmNzN3LE http://t.co/UIHx6WUAvg",1,CNN,charliehebdo,rumour,"At least 12 people were killed in today's deadly attack on CharlieHebdo, an official says.",15
Especially poignant this week: Bill Hicks on what free speech really means http://t.co/lvK3nQAzDn #CharlieHebdo http://t.co/5s808jTmxT,0,brainpicker,charliehebdo,not_rumour,Especially poignant this week Bill Hicks on what free speech really means CharlieHebdo,13
"Deeply disturbed and saddened by yet another Islamist massacre. 
Shame on religion.  #CharlieHebdo #ParisShooting
. http://t.co/H6yPad7bWD",0,GodlessUtopia,charliehebdo,not_rumour,Deeply disturbed and saddened by yet another Islamist massacre. Shame on religion. CharlieHebdo ParisShooting .,15
"BREAKING: At least 10 killed in shooting at French satirical newspaper Charlie Hebdo, Paris prosecutor's office says. http://t.co/mnAeA7j7fY",1,cnni,charliehebdo,rumour,"BREAKING At least 10 killed in shooting at French satirical newspaper Charlie Hebdo, Paris prosecutor's office says.",17
Fight intimidation with controversy: #CharlieHebdo’s response to critics http://t.co/skrY35Fsm1 http://t.co/C5x9C9rCeG,0,guardiannews,charliehebdo,not_rumour,Fight intimidation with controversy CharlieHebdos response to critics,8
"10 people confirmed dead in Paris attack - rocket launcher used in assault, according to reports http://t.co/7N7uvClhWY",1,Telegraph,charliehebdo,rumour,"10 people confirmed dead in Paris attack - rocket launcher used in assault, according to reports",16
Staff of #CharlieHebdo magazine were shot as they were in the midst of an editorial meeting. Latest updates: http://t.co/E0XArYscqK,1,WSJ,charliehebdo,rumour,Staff of CharlieHebdo magazine were shot as they were in the midst of an editorial meeting. Latest updates,18
Police officers &amp; staff across Norfolk observe a 2 minute silence. #PoliceTributeToParis #JeSuisCharlie http://t.co/ievobVgUSy,0,NorfolkPolice,charliehebdo,not_rumour,Police officers amp staff across Norfolk observe a 2 minute silence. PoliceTributeToParis JeSuisCharlie,13
Researcher warns a renowned terror cell in #Paris has reawoken - and to expect more attacks: http://t.co/7N7uvClhWY http://t.co/FIpfU50rQe,0,Telegraph,charliehebdo,not_rumour,Researcher warns a renowned terror cell in Paris has reawoken - and to expect more attacks,16
Cartoonists don't deserve death for artwork. But I am not #CharlieHebdo. Their racist content doesn't become courageous because ppl died.,0,kim_tastiic,charliehebdo,not_rumour,Cartoonists don't deserve death for artwork. But I am not CharlieHebdo. Their racist content doesn't become courageous because ppl died.,20
A 60-second tribute to the victims of the #CharlieHebdo attack http://t.co/SNQBRuh48T http://t.co/WFYN11sijj,0,BBCWorld,charliehebdo,not_rumour,A 60-second tribute to the victims of the CharlieHebdo attack,10
#CharlieHebdo witness - Gunmen told me to tell the media they were Al-Qaeda in Yemen http://t.co/AyDSKynXG2 h/t @chawk228,1,EliotHiggins,charliehebdo,rumour,CharlieHebdo witness - Gunmen told me to tell the media they were Al-Qaeda in Yemen h t,17
"The irony, it hurts. Apple, who repeatedly censored #CharlieHebdo on its platforms, is now claiming ""to be Charlie"" http://t.co/b1duzbndzQ",0,FredericJacobs,charliehebdo,not_rumour,"The irony, it hurts. Apple, who repeatedly censored CharlieHebdo on its platforms, is now claiming ""to be Charlie""",18
"""Even if they kill 10 of us, the newspaper will go out next week."" #CharlieHebdo http://t.co/m4slfkJ3xJ http://t.co/fHR1vPffz2",0,mashable,charliehebdo,not_rumour,"""Even if they kill 10 of us, the newspaper will go out next week."" CharlieHebdo",15
"BREAKING: French authorities say the two #CharlieHebdo terrorists are still ""armed and extremely dangerous.""",1,MaxAbrahms,charliehebdo,rumour,"BREAKING French authorities say the two CharlieHebdo terrorists are still ""armed and extremely dangerous.""",14
NATO calls Russia anti-terror ally after Paris attack http://t.co/md6EqMVZ0u #CharlieHebdo http://t.co/VzHQYxNmXw,0,RT_com,charliehebdo,not_rumour,NATO calls Russia anti-terror ally after Paris attack CharlieHebdo,9
An estimated 6000 Jews left France last year and the international media paid no heed: http://t.co/IzKjXRsyJd,0,Nigel_Farage,charliehebdo,not_rumour,An estimated 6000 Jews left France last year and the international media paid no heed,15
Irony is that this week's cover of Charlie Hebdo is an attack against Islamophobe writer Houellebecq http://t.co/9NjY5B8QWo,0,haikus_by_KN,charliehebdo,not_rumour,Irony is that this week's cover of Charlie Hebdo is an attack against Islamophobe writer Houellebecq,16
Voltaire's gift: Why the battle for free speech is so important #CharlieHebdo http://t.co/7ioa4EHkju http://t.co/f9rwRMDani,0,BBCWorld,charliehebdo,not_rumour,Voltaire's gift Why the battle for free speech is so important CharlieHebdo,12
Met Officers observe 2 minute silence #PoliceTributeToParis outside New Scotland Yard #CharlieHebdo http://t.co/MyqfcWnPvb,0,metpoliceuk,charliehebdo,not_rumour,Met Officers observe 2 minute silence PoliceTributeToParis outside New Scotland Yard CharlieHebdo,12
Video purportedly shows gunmen fleeing after opening fire at #CharlieHebdo offices in France. http://t.co/yNCZFyhV5a http://t.co/5M9IGKUGWR,0,FoxNews,charliehebdo,not_rumour,Video purportedly shows gunmen fleeing after opening fire at CharlieHebdo offices in France.,13
#BREAKING Reports: 2 dead in Paris kosher supermarket hostage situation http://t.co/VsvZVWiQ19,1,USATODAY,charliehebdo,rumour,BREAKING Reports 2 dead in Paris kosher supermarket hostage situation,10
"Charlie Hebdo wasn't singling out Islam. It's target was authority, whatever its source. http://t.co/EyjpdOreZ4 via @nytopinion",0,nytimes,charliehebdo,not_rumour,"Charlie Hebdo wasn't singling out Islam. It's target was authority, whatever its source. via",14
In memory for those killed in #ParisShooting. #CharlieHebdo http://t.co/9dro44SriY,0,ChuckNellis,charliehebdo,not_rumour,In memory for those killed in ParisShooting. CharlieHebdo,8
"« He drew first » Cartoon for #CharlieHebdo team from cartoonist @davpope (Canberra Times, Australie) http://t.co/GDK19mh2Nu",0,GillesKLEIN,charliehebdo,not_rumour,"He drew first Cartoon for CharlieHebdo team from cartoonist Canberra Times, Australie",12
The attack on #CharlieHebdo is cowardly and senseless.. As a Muslim I am outraged by what happened today. Prayers to the families,0,LibyanBentBladi,charliehebdo,not_rumour,The attack on CharlieHebdo is cowardly and senseless.. As a Muslim I am outraged by what happened today. Prayers to the families,22
INFOGRAPHIC: Anti-#Muslim attacks in #France after the Charlie Hebdo massacre. #no2h8 @HuffPostUK @Independent http://t.co/KlWiFmYyb6,0,TellMamaUK,charliehebdo,not_rumour,INFOGRAPHIC Anti-Muslim attacks in France after the Charlie Hebdo massacre. no2h8,11
"""Introduce ID cards and more surveillance to prevent #CharlieHebdo atrocities.""
- France has ID cards and surveillance
""Let's do it anyway.""",0,JackofKent,charliehebdo,not_rumour,"""Introduce ID cards and more surveillance to prevent CharlieHebdo atrocities."" - France has ID cards and surveillance ""Let's do it anyway.""",21
Utterly disgusting. @AlJazeera blaming free speech and Berlin protests for attack on #CharlieHebdo,0,mmoskvit,charliehebdo,not_rumour,Utterly disgusting. blaming free speech and Berlin protests for attack on CharlieHebdo,12
Freedom of Expression in France not consistent. So how can they claim #IAmCharlieHebdo? Or #JeSuisAhmed? #IamAhmed #IamCharlie #CharlieHebdo,0,ShujaRabbani,charliehebdo,not_rumour,Freedom of Expression in France not consistent. So how can they claim IAmCharlieHebdo? Or JeSuisAhmed? IamAhmed IamCharlie CharlieHebdo,18
"When free speach die, we die. All thoughts to #CharlieHebdo who on this issue wrote ""Love is stronger than hate"" http://t.co/IizcmJJVOD",0,MadAxes,charliehebdo,not_rumour,"When free speach die, we die. All thoughts to CharlieHebdo who on this issue wrote ""Love is stronger than hate""",20
"Just waiting for @BarackObama, @David_Cameron and @JustinTrudeau to say: ""#CharlieHebdo massacre in Paris had nothing to do with Islam.""",0,TarekFatah,charliehebdo,not_rumour,"Just waiting for , and to say ""CharlieHebdo massacre in Paris had nothing to do with Islam.""",17
#BREAKING - Smoke coming out in #Dammartin http://t.co/LdSF5QeCiv http://t.co/81sf1CoPI9,0,FRANCE24,charliehebdo,not_rumour,BREAKING - Smoke coming out in Dammartin,7
Twitter users say 'I am Charlie' in solidarity with victims. 58k tweets &amp; counting #CharlieHebdo #JeSuisCharlie http://t.co/mgKSjJ9t1Z,0,ajplus,charliehebdo,not_rumour,Twitter users say 'I am Charlie' in solidarity with victims. 58k tweets amp counting CharlieHebdo JeSuisCharlie,16
"We didn't always agree with Charlie Hebdo but we believed in their right to express their views  - local mayor
http://t.co/iHU9T3iynU",0,bbcworldservice,charliehebdo,not_rumour,We didn't always agree with Charlie Hebdo but we believed in their right to express their views - local mayor,20
"If your religion is worth killing for, please start with yourself. #CharlesHebdo #PerisShooting #JeSuisCharlie http://t.co/Ggt55Sksl4",0,SukhSandhu,charliehebdo,not_rumour,"If your religion is worth killing for, please start with yourself. CharlesHebdo PerisShooting JeSuisCharlie",14
World's artists react to #CharlieHebdo massacre with powerful drawings http://t.co/uwU22qgbt1 http://t.co/rrQx2UZp4I,0,MailOnline,charliehebdo,not_rumour,World's artists react to CharlieHebdo massacre with powerful drawings,9
Revenge attacks on Muslim spaces begin in France after #CharlieHebdo massacre http://t.co/50anhW9BEk http://t.co/uKL5El7V2B,0,MailOnline,charliehebdo,not_rumour,Revenge attacks on Muslim spaces begin in France after CharlieHebdo massacre,11
"UPDATE: 12 now confirmed dead in #CharlieHebdo attack in Paris, @AP is reporting. Story: http://t.co/Jfqmha1GdV (AP) http://t.co/vDCIFHIa9U",1,USATODAY,charliehebdo,rumour,"UPDATE 12 now confirmed dead in CharlieHebdo attack in Paris, is reporting. Story AP",14
One thing will never be taken from Charlie Hebdo: courage http://t.co/MZ78oOxKQ1,0,guardian,charliehebdo,not_rumour,One thing will never be taken from Charlie Hebdo courage,10
"The more I read the more gut wrenchingly depressing it is. Killing people for fun using religion as an excuse. Tossers
#JeSuisCharlie",0,bobbyllew,charliehebdo,not_rumour,The more I read the more gut wrenchingly depressing it is. Killing people for fun using religion as an excuse. Tossers JeSuisCharlie,22
"When freedom is attacked, stand up, stand together, and stand strong. Ignorance, evil, stupidity, extremism... Enough! #CharlieHebdo",0,lindenashby,charliehebdo,not_rumour,"When freedom is attacked, stand up, stand together, and stand strong. Ignorance, evil, stupidity, extremism... Enough! CharlieHebdo",17
"We condemn the attack on #CharlieHebdo Whomever the attackers are, and whatever the cause may be, nothing justifies the taking of life",0,MuslimCouncil,charliehebdo,not_rumour,"We condemn the attack on CharlieHebdo Whomever the attackers are, and whatever the cause may be, nothing justifies the taking of life",22
"We are monitoring police operation going on right now in #Reims, France. Latest on #CharlieHebdo attack on #AC360 8p http://t.co/niJKHosLpm",0,AC360,charliehebdo,not_rumour,"We are monitoring police operation going on right now in Reims, France. Latest on CharlieHebdo attack on AC360 8p",19
Terrorist killings at #CharlieHebdo are a barbaric crime in the name of Islam. But lampooning core beliefs of Islam is not press freedom.,0,SudheenKulkarni,charliehebdo,not_rumour,Terrorist killings at CharlieHebdo are a barbaric crime in the name of Islam. But lampooning core beliefs of Islam is not press freedom.,23
"""this is not a religion""  #IamCharlie #CharlieHebdo http://t.co/d2cWyrDPSC",0,stephen_strydom,charliehebdo,not_rumour,"""this is not a religion"" IamCharlie CharlieHebdo",7
"#CharlieHebdo’s Charb: ""I would rather die standing up than live on my knees” http://t.co/RYrHlAVy7t http://t.co/cxsHfJVlrn /ht @froomkin",0,YanniKouts,charliehebdo,not_rumour,"CharlieHebdos Charb ""I would rather die standing up than live on my knees ht",14
"Angela Merkel condemned the #CharlieHebdo attack on ""freedom of speech and the press."" Obama did not. Shameful.",0,benshapiro,charliehebdo,not_rumour,"Angela Merkel condemned the CharlieHebdo attack on ""freedom of speech and the press."" Obama did not. Shameful.",17
Attempts to extend blame for this to all Muslims should be treated with the same disgust as attempts to justify the attacks. #CharlieHebdo,0,iyad_elbaghdadi,charliehebdo,not_rumour,Attempts to extend blame for this to all Muslims should be treated with the same disgust as attempts to justify the attacks. CharlieHebdo,23
#CharlieHebdo's lawyer says the magazine's editor-in-chief was killed in the attack. More on this developing story: http://t.co/ryZaVLR6mM,1,AJENews,charliehebdo,rumour,CharlieHebdo's lawyer says the magazine's editor-in-chief was killed in the attack. More on this developing story,16
"And do it GoT style, please RT @GRRM: Life advice. #JeSuisCharlie http://t.co/riVYZW5ZIh",0,LamHua,charliehebdo,not_rumour,"And do it GoT style, please RT Life advice. JeSuisCharlie",10
"Grenades thrown at mosque in France, day after #CharlieHebdo attack: Officials http://t.co/Tmk64xeuo5 http://t.co/lQGYXz99UH",0,ndtv,charliehebdo,not_rumour,"Grenades thrown at mosque in France, day after CharlieHebdo attack Officials",11
Prince Harry signs the book of condolence at the French Embassy in London #CharlieHebdo (via @FranceintheUK) http://t.co/GIn3gk9wJp,0,britishroyals,charliehebdo,not_rumour,Prince Harry signs the book of condolence at the French Embassy in London CharlieHebdo via,15
"“If liberty means anything at all, it means the right to tell people what they do not want to hear.” #CharlieHebdo http://t.co/QbSEVIFv2X",0,justinjm1,charliehebdo,not_rumour,"If liberty means anything at all, it means the right to tell people what they do not want to hear. CharlieHebdo",21
"Charlie Hebdo: Now is the time to uphold freedoms, not give in to fear, says @simonjenkins4 http://t.co/xWiDzJ5Poa",0,guardian,charliehebdo,not_rumour,"Charlie Hebdo Now is the time to uphold freedoms, not give in to fear, says",15
"""You can't kill satire. You can only prove its point."" -- @LOLGOP

#CharlieHebdo #JeSuisCharlie http://t.co/T5APwBfX6m",0,TheDailyEdge,charliehebdo,not_rumour,"""You can't kill satire. You can only prove its point."" -- CharlieHebdo JeSuisCharlie",13
A message to all religions #CharlieHebdo http://t.co/bKlg6NX6vm,0,Tugotone,charliehebdo,not_rumour,A message to all religions CharlieHebdo,6
UPDATE: Two Paris cops shot as manhunt for #CharlieHebdo suspects continues http://t.co/RgwbjXuMTJ http://t.co/wnY8ZMR7Rd,1,NBCNews,charliehebdo,rumour,UPDATE Two Paris cops shot as manhunt for CharlieHebdo suspects continues,11
BREAKING NEWS: The 4 French cartoonists killed in #CharlieHebdo  terror attack today. RIP http://t.co/CjmNTDWgzP,0,PzFeed,charliehebdo,not_rumour,BREAKING NEWS The 4 French cartoonists killed in CharlieHebdo terror attack today. RIP,13
"DETAILS: Car chase in norhteastern France, hostages taken by #CharlieHebdo suspects http://t.co/G6eunBDIrj http://t.co/sWDOsIfEnP",1,RT_com,charliehebdo,rumour,"DETAILS Car chase in norhteastern France, hostages taken by CharlieHebdo suspects",11
"""NOT AFRAID"" - Thousands in France gather to a send message after Charlie Hebdo attack. http://t.co/i4iNC9hLs3 http://t.co/IgiP5dkW1g",0,GMA,charliehebdo,not_rumour,"""NOT AFRAID"" - Thousands in France gather to a send message after Charlie Hebdo attack.",15
"One can condemn the #CharlieHebdo killings, while conjointly condemning racism, xenophobia, and Islamophobia framed as harmless cartoons.",0,LeftSentThis,charliehebdo,not_rumour,"One can condemn the CharlieHebdo killings, while conjointly condemning racism, xenophobia, and Islamophobia framed as harmless cartoons.",17
Charlie Hebdo’s Last Tweet Before Shootings http://t.co/9Oa2xAqOcM http://t.co/skJHNEQcn0,0,GuidoFawkes,charliehebdo,not_rumour,Charlie Hebdos Last Tweet Before Shootings,6
"The ""appropriate"" response to #CharlieHebdo is not to urge ""respect"" for Islam, but to assert liberty #JeSuisCharlie http://t.co/lOPLInljML",0,His_Grace,charliehebdo,not_rumour,"The ""appropriate"" response to CharlieHebdo is not to urge ""respect"" for Islam, but to assert liberty JeSuisCharlie",17
"MORE: Operation to detain massacre suspects unfolding in Dammartin-en-Goele, about 25 miles northeast of Paris: http://t.co/H1bHg5T7Ec",1,AP,charliehebdo,rumour,"MORE Operation to detain massacre suspects unfolding in Dammartin-en-Goele, about 25 miles northeast of Paris",15
"Fuck you, Islamist nutbags. #JeSuisCharlie http://t.co/yDrzeh0JiT",0,Whoozley,charliehebdo,not_rumour,"Fuck you, Islamist nutbags. JeSuisCharlie",5
"This is how the world's cartoonists responded to the #CharlieHebdo attack: http://t.co/O6rajLv4DX

#JeSuisCharlie http://t.co/VcLJyMsCJH",0,Quandly,charliehebdo,not_rumour,This is how the world's cartoonists responded to the CharlieHebdo attack JeSuisCharlie,12
"This powerful cartoon about the Charlie Hebdo attack is not by Banksy
http://t.co/F6cNaivqCS http://t.co/ZrIUn6O8nS",1,BuzzFeedUK,charliehebdo,rumour,This powerful cartoon about the Charlie Hebdo attack is not by Banksy,12
"Hundreds of massacres committed daily against muslims in Burma and nobody says a word

#CharlieHebdo
#JeSuisCharlie http://t.co/r2qkysjVDw",0,shu2un_arabiyya,charliehebdo,not_rumour,Hundreds of massacres committed daily against muslims in Burma and nobody says a word CharlieHebdo JeSuisCharlie,16
why has daily telegraph pixelated this Charlie Hebdo cover? Shameful  http://t.co/GsU6a91szT,0,edwardlucas,charliehebdo,not_rumour,why has daily telegraph pixelated this Charlie Hebdo cover? Shameful,10
"""Female Islamist terrorist"" attacks Paris Jewish store. As a woman, she has equal rights only when it comes to murdering nonbelievers.",0,DavidBCohen1,charliehebdo,not_rumour,"""Female Islamist terrorist"" attacks Paris Jewish store. As a woman, she has equal rights only when it comes to murdering nonbelievers.",21
Gunman in third shootout reportedly same man who killed police officer in this attack on Thurs http://t.co/BbPuxPz8Fk http://t.co/0ZviEoZLtN,1,SkyNews,charliehebdo,rumour,Gunman in third shootout reportedly same man who killed police officer in this attack on Thurs,16
Gallery: Tank &amp; armoured car seen near #CharlieHebdo seige outside Paris (by @heathcliffom) http://t.co/KAlTe4Fmsd http://t.co/9lyesZgpAL,1,TelegraphPics,charliehebdo,rumour,Gallery Tank amp armoured car seen near CharlieHebdo seige outside Paris by,12
Salman Rushdie: “Respect for religion” has become a code phrase meaning “fear of religion.” #CharlieHebdo,0,joshglancy,charliehebdo,not_rumour,Salman Rushdie Respect for religion has become a code phrase meaning fear of religion. CharlieHebdo,15
Among the 12 killed were France's most respected &amp; controversial cartoonists: http://t.co/yQRS1RGqso #CharlieHebdo http://t.co/ULvNrIfyeo,0,CNN,charliehebdo,not_rumour,Among the 12 killed were France's most respected amp controversial cartoonists CharlieHebdo,12
VIDEO: Flashes seen in shop as explosions are heard at site of hostage-taking in central Paris http://t.co/zi2ajm8OLz,0,SkyNews,charliehebdo,not_rumour,VIDEO Flashes seen in shop as explosions are heard at site of hostage-taking in central Paris,16
"Second thought: Only way to pay respect to those who died is by defending the rights that Charlie Hebdo defended, and in as upfront a way.",0,kenanmalik,charliehebdo,not_rumour,"Second thought Only way to pay respect to those who died is by defending the rights that Charlie Hebdo defended, and in as upfront a way.",26
#BREAKING Gunman in policewoman killing suspected in new Paris hostage-taking: source,1,AFP,charliehebdo,rumour,BREAKING Gunman in policewoman killing suspected in new Paris hostage-taking source,11
"CRISIS IN FRANCE
- Massacre suspects take hostage at business near Paris
- Policewoman-killer takes hostages at supermarket in east Paris",1,PzFeed,charliehebdo,rumour,CRISIS IN FRANCE - Massacre suspects take hostage at business near Paris - Policewoman-killer takes hostages at supermarket in east Paris,21
BREAKING: 10 dead in shooting at headquarters of French satirical weekly #CharlieHebdo - French media citing witnesses. #France,1,AlArabiya_Eng,charliehebdo,rumour,BREAKING 10 dead in shooting at headquarters of French satirical weekly CharlieHebdo - French media citing witnesses. France,18
Report: Hostages taken at a printing shop northeast of Paris; some injuries - @FRANCE24 broadcast http://t.co/hasCHjOVnC,1,BreakingNews,charliehebdo,rumour,Report Hostages taken at a printing shop northeast of Paris some injuries - broadcast,14
#CharlieHebdo because no1 thought allowing 1000s of Euro jihadis to cross to #Syria &amp; get trained &amp; radicalized would have any consequences?,0,edwardedark,charliehebdo,not_rumour,CharlieHebdo because no1 thought allowing 1000s of Euro jihadis to cross to Syria amp get trained amp radicalized would have any consequences?,22
UPDATE: Gunman in kosher grocery store is demanding the release of the suspects in #CharlieHebdo shooting - Reports http://t.co/1Y123fisl2,1,RT_com,charliehebdo,rumour,UPDATE Gunman in kosher grocery store is demanding the release of the suspects in CharlieHebdo shooting - Reports,18
#CharlieHebdo in the eyes of #CharlieHebdo http://t.co/v195erxsY2,0,zaidbenjamin,charliehebdo,not_rumour,CharlieHebdo in the eyes of CharlieHebdo,6
"#CharlieHebdo imam of drancy, Paris, condemns attack, says it has nothing to do with Islam, calls on Muslim ""silent majority"" to condemn it",0,jackyaljaz,charliehebdo,not_rumour,"CharlieHebdo imam of drancy, Paris, condemns attack, says it has nothing to do with Islam, calls on Muslim ""silent majority"" to condemn it",23
"BREAKING PHOTO: Hostages being led away from the scene of Paris Kosher grocery siege, gunman killed via @SkyNews http://t.co/0t3KYwgQYr",0,LisaDaftari,charliehebdo,not_rumour,"BREAKING PHOTO Hostages being led away from the scene of Paris Kosher grocery siege, gunman killed via",17
"The gunmen responsible will be ""chased as long as necessary,"" @fhollande says. http://t.co/4fOLNaIHJe #CharlieHebdo
https://t.co/rL4iz7VayD",0,CNN,charliehebdo,not_rumour,"The gunmen responsible will be ""chased as long as necessary,"" says. CharlieHebdo",12
"You know what is sad about Indian media? We don't have a #CharlieHebdo, with guts to offend one and all even in the face of bullets",0,abhijitmajumder,charliehebdo,not_rumour,"You know what is sad about Indian media? We don't have a CharlieHebdo, with guts to offend one and all even in the face of bullets",26
Al Qaeda added #CharlieHebdo editor to Most Wanted List for publishing Prophet Muhammad cartoons http://t.co/VrMJ6AXDrt,0,MailOnline,charliehebdo,not_rumour,Al Qaeda added CharlieHebdo editor to Most Wanted List for publishing Prophet Muhammad cartoons,14
Several hostages freed at Jewish supermarket in Paris. Photo Thomas Samson #AFP http://t.co/dbIE1GD3Cw,1,AFPphoto,charliehebdo,rumour,Several hostages freed at Jewish supermarket in Paris. Photo Thomas Samson AFP,12
Updated: Here’s what we know about the gunmen behind the Charlie Hebdo attack http://t.co/armP730CmV http://t.co/OsrH20Cos8,0,BuzzFeedNews,charliehebdo,not_rumour,Updated Heres what we know about the gunmen behind the Charlie Hebdo attack,13
BREAKING: Reports that an armed man has taken a hostage in eastern Paris in a third attack #ParisShooting http://t.co/f30TSVt1yN,1,Independent,charliehebdo,rumour,BREAKING Reports that an armed man has taken a hostage in eastern Paris in a third attack ParisShooting,18
In Paris on the eve of the Jewish Sabbath women and children are taken hostage in Kosher grocery store. Jihadis hate Jews and journalists.,0,HillelNeuer,charliehebdo,not_rumour,In Paris on the eve of the Jewish Sabbath women and children are taken hostage in Kosher grocery store. Jihadis hate Jews and journalists.,24
French police: Hostage-taker at Paris market linked to #CharlieHebdo attack http://t.co/YfzbniZmak http://t.co/4HVVUhdG4C,1,mashable,charliehebdo,rumour,French police Hostage-taker at Paris market linked to CharlieHebdo attack,10
beautiful #JeSuisCharlie cover for @NewYorker next week http://t.co/4DooCSph58,0,GarethIdeas,charliehebdo,not_rumour,beautiful JeSuisCharlie cover for next week,6
Just confirmed. 10 people dead at shooting in the centre of #Paris. Many believed to be journos working for #CharlieHebdo,1,AnnetteF24,charliehebdo,rumour,Just confirmed. 10 people dead at shooting in the centre of Paris. Many believed to be journos working for CharlieHebdo,20
The right to offend and satirise is  essential in any society #CharlieHebdo. Our statement: http://t.co/uKbXeqxfYB,0,article19org,charliehebdo,not_rumour,The right to offend and satirise is essential in any society CharlieHebdo. Our statement,14
"Breaking: Armed men attack offices of French satirical magazine Charlie Hebdo, killing at least 10, police say http://t.co/tYCeEMKwOo",1,WSJ,charliehebdo,rumour,"Breaking Armed men attack offices of French satirical magazine Charlie Hebdo, killing at least 10, police say",17
Update - Police say 12 people killed after armed gunmen stormed headquarters of French weekly publication 'Charlie Hebdo' in #Paris,1,SkyNewsBreak,charliehebdo,rumour,Update - Police say 12 people killed after armed gunmen stormed headquarters of French weekly publication 'Charlie Hebdo' in Paris,20
"I do not agree with what you have to say, but I'll defend to the death your right to say it - Voltaire #CharlieHebdo http://t.co/Mbn5SiWA7Z",0,steveclarkuk,charliehebdo,not_rumour,"I do not agree with what you have to say, but I'll defend to the death your right to say it - Voltaire CharlieHebdo",24
"Charlie Hebdo attack was obviously carefully planned. 

... and than you leave your ID card in the getaway car? 
─► http://t.co/TzTp8KxRUo",1,ohboywhatashot,charliehebdo,rumour,Charlie Hebdo attack was obviously carefully planned. ... and than you leave your ID card in the getaway car?,19
"And a cartoon for today by @davpope 
(via @BklynMiddleton &amp; @DAaronovitch)
#CharlieHebdo #JeSuisCharlie http://t.co/1FUwGkwqvP",0,mrjohnofarrell,charliehebdo,not_rumour,And a cartoon for today by via amp CharlieHebdo JeSuisCharlie,10
"""I do not agree with what you have to say, but I'll defend to the death your right to say it."" -Voltaire 

#JeSuisCharlie",0,Herb_Wunar,charliehebdo,not_rumour,"""I do not agree with what you have to say, but I'll defend to the death your right to say it."" -Voltaire JeSuisCharlie",23
Horrendous story from Paris - 11 shot dead + many wounded at offices of satirical mag #CharlieHebdo that published cartoons of Muhammad.,1,piersmorgan,charliehebdo,rumour,Horrendous story from Paris - 11 shot dead many wounded at offices of satirical mag CharlieHebdo that published cartoons of Muhammad.,21
"Paris on maximum alert after #CharlieHebdo attack, officials say as President Hollande arrives at scene http://t.co/MmxR2nmi5R",0,BBCBreaking,charliehebdo,not_rumour,"Paris on maximum alert after CharlieHebdo attack, officials say as President Hollande arrives at scene",15
See how the world responded to the Paris terrorist attack http://t.co/pVh5tBSxIB #JeSuisCharlie #ParisShooting http://t.co/L8xD9XlDbd,0,business,charliehebdo,not_rumour,See how the world responded to the Paris terrorist attack JeSuisCharlie ParisShooting,12
"#BREAKING At least one injured in Paris kosher grocery shooting, hostage drama: sources",1,AFP,charliehebdo,rumour,"BREAKING At least one injured in Paris kosher grocery shooting, hostage drama sources",13
Here’s a gallery of some of the more famous covers by #CharlieHebdo that got people riled up http://t.co/d6w7HYe1fg,0,williamoconnor5,charliehebdo,not_rumour,Heres a gallery of some of the more famous covers by CharlieHebdo that got people riled up,17
"Industrial zone in Dammartin-en-Goël, near Paris, scene of hostage taking and manhunt. More: http://t.co/8zhiaZAshc http://t.co/zCpXy3EN1P",1,WSJ,charliehebdo,rumour,"Industrial zone in Dammartin-en-Gol, near Paris, scene of hostage taking and manhunt. More",13
"UnReal Toon: #CharlieHebdo's cartoonists in great demand 
(via @sagarcartoonist, with @ajayendar) http://t.co/KKF0DgCnL4",0,TheUnRealTimes,charliehebdo,not_rumour,"UnReal Toon CharlieHebdo's cartoonists in great demand via , with",10
"Stop saying #CharlieHebdo was ""known for mocking Muslims."" They mocked EVERYONE.",0,Gavin_McInnes,charliehebdo,not_rumour,"Stop saying CharlieHebdo was ""known for mocking Muslims."" They mocked EVERYONE.",11
"MT @KreaseChan The sort of free expression all authoritarians tolerate, from Syrian artist Ali Farzat. #JeSuisCharlie http://t.co/PSFNDuLUw6",0,AmnestyUK,charliehebdo,not_rumour,"MT The sort of free expression all authoritarians tolerate, from Syrian artist Ali Farzat. JeSuisCharlie",15
Support meetings all around the world. Check http://t.co/SqQHT2nB2L #JeSuisCharlie #CharlieHebdo http://t.co/4gIczon1LT,0,OpCharlieHebdo,charliehebdo,not_rumour,Support meetings all around the world. Check JeSuisCharlie CharlieHebdo,9
BREAKING: French media reporting two suspects of #CharlieHebdo attack are killed | More at: http://t.co/jKrAfvH9sT http://t.co/oaZH2sz6fO,0,AJEnglish,charliehebdo,not_rumour,BREAKING French media reporting two suspects of CharlieHebdo attack are killed More at,13
.@camanpour on what we know about the suspects in the #CharlieHebdo attack. http://t.co/pzMEbXnviP http://t.co/gx29pqiQiZ,0,NewDay,charliehebdo,not_rumour,. on what we know about the suspects in the CharlieHebdo attack.,12
"Michelle Stanistreet, general secretary of the National Union of Journalists (UK) on the #CharlieHebdo attack: http://t.co/L0uUdPmswx",0,guardian,charliehebdo,not_rumour,"Michelle Stanistreet, general secretary of the National Union of Journalists UK on the CharlieHebdo attack",15
Witnesses say the Charlie Hebdo gunmen identified themselves as members of al-Qaida: http://t.co/WSEe7PGIdY http://t.co/fTzk4xzZIr,1,Slate,charliehebdo,rumour,Witnesses say the Charlie Hebdo gunmen identified themselves as members of al-Qaida,12
JUST IN: Police tell @ABC it's probable gunman in second Paris hostage situation is man who killed a policewoman yesterday - @WilliamsJon,1,ABC,charliehebdo,rumour,JUST IN Police tell it's probable gunman in second Paris hostage situation is man who killed a policewoman yesterday -,20
Police car with bullet holes in front of Charlie hebdo headquarter. Photo  @WilliamMolinie http://t.co/lzQdhJ6kxR,0,Observers,charliehebdo,not_rumour,Police car with bullet holes in front of Charlie hebdo headquarter. Photo,12
"R.I.P. Ahmed Merabet, a French police officer, a Muslim, the first victim of #CharlieHebdo attack, http://t.co/bMzZgpXuL7 via @Ironyisfunny8",1,greenhousenyt,charliehebdo,rumour,"R.I.P. Ahmed Merabet, a French police officer, a Muslim, the first victim of CharlieHebdo attack, via",16
Pencil Eraser✏️is mightier than the sword🔪@varvel @indystar http://t.co/En0AIb4COR #CharlieHebdo http://t.co/isvQqFCY6j,0,peddoc63,charliehebdo,not_rumour,Pencil Eraseris mightier than the sword CharlieHebdo,7
"BREAKING: At least one killed, severeal injured during shootout with #CharlieHebdo attack suspects - local media http://t.co/G6eunBDIrj",1,RT_com,charliehebdo,rumour,"BREAKING At least one killed, severeal injured during shootout with CharlieHebdo attack suspects - local media",16
"Wait, printing the #CharlieHebdo cartoons is too offensive, but putting a wounded policeman about to be executed on your front page *isn't*?",0,Yair_Rosenberg,charliehebdo,not_rumour,"Wait, printing the CharlieHebdo cartoons is too offensive, but putting a wounded policeman about to be executed on your front page isn't ?",23
#BREAKING - Both #CharlieHebdo suspects killed as police storm building &gt;&gt;&gt; http://t.co/OSB513hc9S. More &gt;&gt;&gt; http://t.co/TlHF6JIiUD,0,FRANCE24,charliehebdo,not_rumour,BREAKING - Both CharlieHebdo suspects killed as police storm building gt gt gt More gt gt gt,17
How people in France view Muslims: Very positively #CharlieHebdo http://t.co/mri0tPun5U http://t.co/7ebMQhBs88,0,thei100,charliehebdo,not_rumour,How people in France view Muslims Very positively CharlieHebdo,9
"Clarissa, 27 years old, police trainee of Montrouge Police in #France. Victim of this morning's attack. via @_batou_ http://t.co/kk0w0D6NNv",1,ArmedResearch,charliehebdo,rumour,"Clarissa, 27 years old, police trainee of Montrouge Police in France. Victim of this morning's attack. via",17
And now the Trocadero. I have a very bad feeling about today,1,iankeithtom,charliehebdo,rumour,And now the Trocadero. I have a very bad feeling about today,12
"Gunmen attack Paris offices of #CharlieHebdo, kill at least 12. http://t.co/1R4tq5sOSV #JeSuisCharlie http://t.co/I369MibMXl",0,pressfreedom,charliehebdo,not_rumour,"Gunmen attack Paris offices of CharlieHebdo, kill at least 12. JeSuisCharlie",11
"Operation underway in the Dammartin-en-Goele area, as police hunt Paris shooting suspects, French interior minister tells CNN affiliate.",1,cnnbrk,charliehebdo,rumour,"Operation underway in the Dammartin-en-Goele area, as police hunt Paris shooting suspects, French interior minister tells CNN affiliate.",18
Mumbai lawyer Vijay Gaekwad in jail for blaspheming the prophet.No mention in msm as far as I'm aware. #CharlieHebdo https://t.co/1O5qtJPEJJ,0,rupasubramanya,charliehebdo,not_rumour,Mumbai lawyer Vijay Gaekwad in jail for blaspheming the prophet.No mention in msm as far as I'm aware. CharlieHebdo,19
#MaryamRajavi strongly condemns criminal attack in Paris and offers her condolences to French Government and people  #CharlieHebdo #Paris,0,Maryam_Rajavi,charliehebdo,not_rumour,MaryamRajavi strongly condemns criminal attack in Paris and offers her condolences to French Government and people CharlieHebdo Paris,18
Special forces (#GIGN) storm building in #Dammartin where #CharlieHebdo suspects holed up http://t.co/LdSF5QeCiv http://t.co/9KZ9GM5yJz,0,FRANCE24,charliehebdo,not_rumour,Special forces GIGN storm building in Dammartin where CharlieHebdo suspects holed up,12
"#CharlieHebdo: Now is the time to uphold freedoms, not give in to fear - @SimonJenkins4 http://t.co/qlYAT1a4bq http://t.co/JBDj5RX0aT",0,commentisfree,charliehebdo,not_rumour,"CharlieHebdo Now is the time to uphold freedoms, not give in to fear -",14
This is why I and other Muslims won't apologise for the Charlie Hebdo attacks – @javaria_akbar http://t.co/cHnDC9bdR3 http://t.co/2mEb09ZDNJ,0,VICEUK,charliehebdo,not_rumour,This is why I and other Muslims won't apologise for the Charlie Hebdo attacks,14
"#CharlieHebdo suspects killed, hostage freed and safe after police assault. Photo Joel Saget #AFP http://t.co/AW5E6KEuzy",1,AFPphoto,charliehebdo,rumour,"CharlieHebdo suspects killed, hostage freed and safe after police assault. Photo Joel Saget AFP",14
"Re: Charlie Hebdo
Seriously. If your god &amp;/or prophet needs armed men to protect him from cartoons, it pretty much says he's a huge pussy.",0,robjones3030,charliehebdo,not_rumour,"Re Charlie Hebdo Seriously. If your god amp or prophet needs armed men to protect him from cartoons, it pretty much says he's a huge pussy.",26
"Here's what we know about the #CharlieHebdo attack so far
http://t.co/MUwOzTP7kI http://t.co/b8UzO0Gz5W",0,Independent,charliehebdo,not_rumour,Here's what we know about the CharlieHebdo attack so far,10
"RT@davpope
Can't sleep tonight, thoughts with French cartooning colleagues, their families &amp; loved ones #CharlieHebdo http://t.co/b73Ni09utE",0,CRNetInt,charliehebdo,not_rumour,"Can't sleep tonight, thoughts with French cartooning colleagues, their families amp loved ones CharlieHebdo",14
"French media to be put under police protection according to Le Figaro, quoting source in police. #Charliehebdo",1,adelesmithNYC,charliehebdo,rumour,"French media to be put under police protection according to Le Figaro, quoting source in police. Charliehebdo",17
"Charlie Hebdo attack suspects told police by phone they wanted to die as martyrs, French lawmaker tells TV station. http://t.co/7Bxdhozq4H",1,cnnbrk,charliehebdo,rumour,"Charlie Hebdo attack suspects told police by phone they wanted to die as martyrs, French lawmaker tells TV station.",19
"Reasons for Death:
19th Century:World Wars, Ship Disasters, Famine, Revolutions. 
2015: Cartoons
#CharlieHebdo #ParisShooting #JeSuisCharlie",0,Bongo_Bondhu,charliehebdo,not_rumour,"Reasons for Death 19th Century World Wars, Ship Disasters, Famine, Revolutions. 2015 Cartoons CharlieHebdo ParisShooting JeSuisCharlie",16
"The word 'Islam' means 'peace.' But the press makes us seem like haters"" - Muhammad Ali #JeSuisCharlie #NotInMyName http://t.co/1wPVMX8xT7",0,WilliamPMillard,charliehebdo,not_rumour,"The word 'Islam' means 'peace.' But the press makes us seem like haters"" - Muhammad Ali JeSuisCharlie NotInMyName",18
French president #Hollande says there is no doubt attack on #CharlieHebdo is terrorist attack. http://t.co/Rve1Lp0EXf http://t.co/8LFA5LFSnS,0,euronews,charliehebdo,not_rumour,French president Hollande says there is no doubt attack on CharlieHebdo is terrorist attack.,14
At least two killed in hostage drama east of Paris. Photo @MartinBureau1 #AFP http://t.co/ZvcbbTgvNm,1,AFPphoto,charliehebdo,rumour,At least two killed in hostage drama east of Paris. Photo AFP,12
We are hearing gunfire at the siege at the printing building at Dammartin. 2 ambulances raced past.,0,BillNeelyNBC,charliehebdo,not_rumour,We are hearing gunfire at the siege at the printing building at Dammartin. 2 ambulances raced past.,17
"Freedom of expression is non-negotiable - http://t.co/c8Fm7F6c1k via @IndexCensorship
#jesuischarlie",0,IndexCensorship,charliehebdo,not_rumour,Freedom of expression is non-negotiable - via jesuischarlie,8
"The Prophet ﷺ said:""Whoever curses a Prophet, kill him. Whoever curses my Companions, beat him""
[At-Tabarani and ad-Daraqutni]
#CharlieHebdo",0,DawahAk1,charliehebdo,not_rumour,"The Prophet said ""Whoever curses a Prophet, kill him. Whoever curses my Companions, beat him"" At-Tabarani and ad-Daraqutni CharlieHebdo",19
4 cartoonists who died in the attack on #CharlieHebdo - AFP http://t.co/UmyMvBKAa8,0,timesofindia,charliehebdo,not_rumour,4 cartoonists who died in the attack on CharlieHebdo - AFP,11
"Most compelling image I've seen to come out of horrifying events in Paris, courtesy of Banksy. #JeSuisCharlie http://t.co/EKBfbRR3HT",1,tmpear,charliehebdo,rumour,"Most compelling image I've seen to come out of horrifying events in Paris, courtesy of Banksy. JeSuisCharlie",17
The #CharlieHebdo attack represents possibly the most direct attack by Islamists on Western ideals to date.,0,JeffreyGoldberg,charliehebdo,not_rumour,The CharlieHebdo attack represents possibly the most direct attack by Islamists on Western ideals to date.,16
15 Cartoons From Artists Responding to #ParisShooting http://t.co/AZk7gGeuAb #CharlieHebdo #freespeech Please RT! http://t.co/EMlnyvBGUK,0,RealAlexJones,charliehebdo,not_rumour,15 Cartoons From Artists Responding to ParisShooting CharlieHebdo freespeech Please RT!,11
RT #JeSuisCharlie In support of #CharlieHebdo. http://t.co/EvNntxSRIc,0,Journalism2ls,charliehebdo,not_rumour,JeSuisCharlie In support of CharlieHebdo.,5
The New Yorker’s Charlie Hebdo cover is wonderful: http://t.co/xjA85LhcSS http://t.co/tjUiIXzzoS,0,ezraklein,charliehebdo,not_rumour,The New Yorkers Charlie Hebdo cover is wonderful,8
Police convoy and helicopters are rushing to scene to detain Charlie Hebdo massacre suspects http://t.co/XdUgohNDhv http://t.co/MSROYqs14o,1,MailOnline,charliehebdo,rumour,Police convoy and helicopters are rushing to scene to detain Charlie Hebdo massacre suspects,14
"I'm speechless, what a cruel attack on pressfreedom! All newspapers should publish #CharlieHebdo cartoons tomorrow",0,BSchmeitzner,charliehebdo,not_rumour,"I'm speechless, what a cruel attack on pressfreedom! All newspapers should publish CharlieHebdo cartoons tomorrow",15
BREAKING NEWS: Ten dead in shooting at headquarters of French satirical weekly Charlie Hebdo - French media @Reuters @akhbar,1,jenanmoussa,charliehebdo,rumour,BREAKING NEWS Ten dead in shooting at headquarters of French satirical weekly Charlie Hebdo - French media,17
"World leaders condemn the #CharlieHebdo attack as ""barbaric"", ""sickening"" and ""intolerable"". http://t.co/c05qiB7eIu http://t.co/HaijRrbwlz",0,SkyNews,charliehebdo,not_rumour,"World leaders condemn the CharlieHebdo attack as ""barbaric"", ""sickening"" and ""intolerable"".",11
The artist behind this iconic #CharlieHebdo pencil tribute http://t.co/qDdyz2cS8D http://t.co/UrTJu7Pkbd,1,mashable,charliehebdo,rumour,The artist behind this iconic CharlieHebdo pencil tribute,8
A powerful @NewYorker front cover : #CharlieHebdo http://t.co/kPSyaXloH2,0,dougf24,charliehebdo,not_rumour,A powerful front cover CharlieHebdo,5
The reason to have a #JeNeSuisPasCharlie convo now is precisely because #JeSuisCharlie is using the tragedy to elevate them above criticism,0,arthur_affect,charliehebdo,not_rumour,The reason to have a JeNeSuisPasCharlie convo now is precisely because JeSuisCharlie is using the tragedy to elevate them above criticism,21
#BREAKING - #FRANCE: Hostages taken at company North-East of #Paris https://t.co/4yt6nafpIg #CharlieHebdo http://t.co/DPPbKD3RUk,1,FRANCE24,charliehebdo,rumour,BREAKING - FRANCE Hostages taken at company North-East of Paris CharlieHebdo,11
"We stand with Charlie Hebdo in rejecting oppression and violence in all its forms. 
http://t.co/cDL1yKX1wo http://t.co/Nu6KlDe0e6",0,PETAUK,charliehebdo,not_rumour,We stand with Charlie Hebdo in rejecting oppression and violence in all its forms.,14
I'd never seen Charlie Hebdo magazine or it characterisation of Muhammed until today. Now it's everywhere. Smart move ya dumb fuck fanatics.,0,Chet_Friendly,charliehebdo,not_rumour,I'd never seen Charlie Hebdo magazine or it characterisation of Muhammed until today. Now it's everywhere. Smart move ya dumb fuck fanatics.,22
"How the Jewish pro-censorship lobby legitimized attacks on Carlie Hebdo for ""offensive"" speech http://t.co/6Ts6rWgw7p #CharlieHebdo",0,wikileaks,charliehebdo,not_rumour,"How the Jewish pro-censorship lobby legitimized attacks on Carlie Hebdo for ""offensive"" speech CharlieHebdo",14
Map showing the location of the #CharlieHebdo offices and the direction the attackers fled http://t.co/N28zmSCwVV http://t.co/q9EYxtcjJy,0,guardiannews,charliehebdo,not_rumour,Map showing the location of the CharlieHebdo offices and the direction the attackers fled,14
Every newspaper in Europe should publish those cartoons from Charlie Hebdo tomorrow. Every single one.,0,john_mcguirk,charliehebdo,not_rumour,Every newspaper in Europe should publish those cartoons from Charlie Hebdo tomorrow. Every single one.,15
"French radio @Europe1 says attackers on offices of Paris weekly ran out yelling ""Allahu Akbar"" #Charliehebdo",1,marcburleigh,charliehebdo,rumour,"French radio says attackers on offices of Paris weekly ran out yelling ""Allahu Akbar"" Charliehebdo",15
This is not in the name of Islam. These ppl don't represent ANY religion. No matter what they say. Disgraceful &amp; heartbreaking #CharlieHebdo,0,CharleneWhite,charliehebdo,not_rumour,This is not in the name of Islam. These ppl don't represent ANY religion. No matter what they say. Disgraceful amp heartbreaking CharlieHebdo,23
"BREAKING: One person seriously wounded, six taken hostage in incident at kosher supermarket in Paris: police source",1,Reuters,charliehebdo,rumour,"BREAKING One person seriously wounded, six taken hostage in incident at kosher supermarket in Paris police source",17
Banksy account joins cartoonists support for #CharlieHebdo #JeSuisCharlie  http://t.co/nFD1N4Yqu0 http://t.co/R2bEWKupRt,1,ThePoke,charliehebdo,rumour,Banksy account joins cartoonists support for CharlieHebdo JeSuisCharlie,8
Just arrived at scene of massacre #Paris #charliehebdo http://t.co/bxDwfuqRz8,0,stefandevries,charliehebdo,not_rumour,Just arrived at scene of massacre Paris charliehebdo,8
How come HR organisations in the west give awards to supporter of such actions as @AbdulEla who was awarded by Karama 2013  #CharlieHebdo,0,Dralnoaimi,charliehebdo,not_rumour,How come HR organisations in the west give awards to supporter of such actions as who was awarded by Karama 2013 CharlieHebdo,22
Update - French media: identified suspect in #Paris policewoman killing is known associate of suspected #CharlieHebdo gunman Cherif Kouachi,1,SkyNewsBreak,charliehebdo,rumour,Update - French media identified suspect in Paris policewoman killing is known associate of suspected CharlieHebdo gunman Cherif Kouachi,19
"Maryam Rajavi condemns Charlie Hebdo attack in Paris, offers her condolences to French people and government http://t.co/RZkTHR96wV #iran",0,iran_policy,charliehebdo,not_rumour,"Maryam Rajavi condemns Charlie Hebdo attack in Paris, offers her condolences to French people and government iran",17
"What 14 British Muslims think about the Charlie Hebdo attack
http://t.co/LDERW9d1LN http://t.co/KiT0OduVsC",0,BuzzFeedUK,charliehebdo,not_rumour,What 14 British Muslims think about the Charlie Hebdo attack,10
Breaking: Sources tell @praveenswami #CharlieHebdo attack ws petty robbery! Cong demands French Govt give proof attackers are terrorists,0,avinashbhat01,charliehebdo,not_rumour,Breaking Sources tell CharlieHebdo attack ws petty robbery! Cong demands French Govt give proof attackers are terrorists,17
Who is scared? Sify cartoon. #CharlieHebdo http://t.co/qN6WizQg2l,0,satishacharya,charliehebdo,not_rumour,Who is scared? Sify cartoon. CharlieHebdo,6
"Kudos to Google for donating €250,000 to help Charlie Hebdo publish next week http://t.co/QnmfLssRtf",0,mathewi,charliehebdo,not_rumour,"Kudos to Google for donating 250,000 to help Charlie Hebdo publish next week",13
"Smoke, gunshots reported at site of standoff with suspects in the attack on Charlie Hebdo  http://t.co/LDp3chB8FY http://t.co/IuAaEnrlXv",0,washingtonpost,charliehebdo,not_rumour,"Smoke, gunshots reported at site of standoff with suspects in the attack on Charlie Hebdo",15
"Three gunmen who shot dead 12 people at the HQ of #CharlieHebdo are still on the run in Paris, police say. https://t.co/3QkWHN0kgy",1,SkyNews,charliehebdo,rumour,"Three gunmen who shot dead 12 people at the HQ of CharlieHebdo are still on the run in Paris, police say.",21
BREAKING: Paris police: Market gunman threatens to kill hostages if police storm terrorist brothers.,1,AP,charliehebdo,rumour,BREAKING Paris police Market gunman threatens to kill hostages if police storm terrorist brothers.,14
RT - If you support this #freedom fighter! #StopIslamists #FreedomOfSpeech #CharlieHebdo #RedNationRising http://t.co/4ThF7Zko4E,0,JonasChr88,charliehebdo,not_rumour,- If you support this freedom fighter! StopIslamists FreedomOfSpeech CharlieHebdo RedNationRising,11
.@afp Staff observe minute of silence at #AFP headquarters for the victims of #CharlieHebdo #JeSuisCharlie http://t.co/noUJJiScxd,0,AFPphoto,charliehebdo,not_rumour,. Staff observe minute of silence at AFP headquarters for the victims of CharlieHebdo JeSuisCharlie,15
"Moderate Muslims defend extremist but not victims. They merely say ( 'Anyways' condolence to family ) 
#CharlieHebdo http://t.co/tTe1kEnsOf",0,saggirex,charliehebdo,not_rumour,Moderate Muslims defend extremist but not victims. They merely say 'Anyways' condolence to family CharlieHebdo,15
AFP: the two armed suspects who attacked #CharlieHebdo's headquarters yesterday have been located in northern France,1,SkyNewsBreak,charliehebdo,rumour,AFP the two armed suspects who attacked CharlieHebdo's headquarters yesterday have been located in northern France,16
"A while ago, I Tweeted this #CharlieHebdo cover mocking the British. I don't remember anyone threatening violence. http://t.co/28Z2jmTV5I",0,DanHannanMEP,charliehebdo,not_rumour,"A while ago, I Tweeted this CharlieHebdo cover mocking the British. I don't remember anyone threatening violence.",17
"Hypocricy
JNU LEFT was celebrating cartoons which depicted Durga as prostitute but denouncing #CharlieHebdo cartoons http://t.co/YTnGmsVI9M",0,rishibagree,charliehebdo,not_rumour,Hypocricy JNU LEFT was celebrating cartoons which depicted Durga as prostitute but denouncing CharlieHebdo cartoons,15
"12 dead in Paris attack on #CharlieHebdo office, five others critical http://t.co/2J4WQdJnTp http://t.co/qeRByqI6JU",1,TelegraphNews,charliehebdo,rumour,"12 dead in Paris attack on CharlieHebdo office, five others critical",11
"French President Hollande condemns ""barbaric act"" after #CharlieHebdo gun attack kills 11 http://t.co/keuR4WvpHu http://t.co/vyuRvukz1N",1,BBCBreaking,charliehebdo,rumour,"French President Hollande condemns ""barbaric act"" after CharlieHebdo gun attack kills 11",12
"""This is not a religion"" Important to remember in times like this. #CharlieHebdo http://t.co/h2va5LS6Yb",0,VikingBohman,charliehebdo,not_rumour,"""This is not a religion"" Important to remember in times like this. CharlieHebdo",13
"Reader comment: ""Our strength comes from unity, our freedom from expression"" http://t.co/NRrLxnjihV #JeSuisCharlie http://t.co/8UV7nUHK4N",0,Dezeen,charliehebdo,not_rumour,"Reader comment ""Our strength comes from unity, our freedom from expression"" JeSuisCharlie",12
Awful. 11 shot dead in an assault on a Paris magazine. http://t.co/xxINS8etDB #CharlieHebdo http://t.co/as3YoLthcx,1,thedailybeast,charliehebdo,rumour,Awful. 11 shot dead in an assault on a Paris magazine. CharlieHebdo,12
"Please, RT! #CharlieHebdo attack: the next chapters! Via @brasil247 #RespectForMuslims http://t.co/SHEOBaSSdm",0,LatuffCartoons,charliehebdo,not_rumour,"Please, RT! CharlieHebdo attack the next chapters! Via RespectForMuslims",9
#CharlieHebdo: Hundreds of Muslims gather outside the Grande Mosquee of Strasbourg to observe a minute of silence http://t.co/LeC7StybFn,0,AFPphoto,charliehebdo,not_rumour,CharlieHebdo Hundreds of Muslims gather outside the Grande Mosquee of Strasbourg to observe a minute of silence,17
"Killing writers and journalists and cartoonists will not silence them but make their voices louder.
#CharlieHebdo",0,JonnyGeller,charliehebdo,not_rumour,Killing writers and journalists and cartoonists will not silence them but make their voices louder. CharlieHebdo,16
"BREAKING: Explosions, smoke at industrial area where #CharlieHebdo suspects are holed up: http://t.co/qB4b5cKvPg http://t.co/S9gdsRNKwG",0,cnni,charliehebdo,not_rumour,"BREAKING Explosions, smoke at industrial area where CharlieHebdo suspects are holed up",12
Let´s get serious about #CharlieHebdo and West's double standards on freedom of speech! http://t.co/g5wR4TnstL,0,LatuffCartoons,charliehebdo,not_rumour,Lets get serious about CharlieHebdo and West's double standards on freedom of speech!,13
"If criticism of Islam results in violence, this is hard evidence that criticism of Islam is desperately needed.

#CharlieHebdo #Barbarism",0,francosoup,charliehebdo,not_rumour,"If criticism of Islam results in violence, this is hard evidence that criticism of Islam is desperately needed. CharlieHebdo Barbarism",20
"I hope one day no one will insult the Prophet, not because of terrorist threats but because he is universally respected. #CharlieHebdo",0,iyad_elbaghdadi,charliehebdo,not_rumour,"I hope one day no one will insult the Prophet, not because of terrorist threats but because he is universally respected. CharlieHebdo",22
"If you're a media outlet reporting on #CharlieHebdo and blurring out the cartoons you're reporting on, you're doing journalism wrong.",0,a_picazo,charliehebdo,not_rumour,"If you're a media outlet reporting on CharlieHebdo and blurring out the cartoons you're reporting on, you're doing journalism wrong.",20
"Stop hijacking our faith you crazed murderers!

Thoughts and prayers with victims &amp; their families.

 #Charliehebdo",0,MariamVeiszadeh,charliehebdo,not_rumour,Stop hijacking our faith you crazed murderers! Thoughts and prayers with victims amp their families. Charliehebdo,16
#CharlieHebdo: Love is stronger than hate. http://t.co/23KHz2OsH3,0,jane__bradley,charliehebdo,not_rumour,CharlieHebdo Love is stronger than hate.,6
#BREAKING - One person has been injured in the shootout at kosher grocery store in Porte de #Vincennes http://t.co/uel0jveeWP,1,FRANCE24,charliehebdo,rumour,BREAKING - One person has been injured in the shootout at kosher grocery store in Porte de Vincennes,18
"""Terror"" in France: Gunmen in #CharlieHebdo attack still at large. What we know so far http://t.co/Jfqmha1GdV (Getty) http://t.co/2QyDcbE7P6",0,USATODAY,charliehebdo,not_rumour,"""Terror"" in France Gunmen in CharlieHebdo attack still at large. What we know so far Getty",16
Support #CharlieHebdo and show Islamists we wont be scared. Pls retweet the most offensive #CharlieHebdo cartoons!! http://t.co/YtOm1GO99y,0,MGKaleem,charliehebdo,not_rumour,Support CharlieHebdo and show Islamists we wont be scared. Pls retweet the most offensive CharlieHebdo cartoons!!,16
BREAKING: French police chasing a Peugeot on motorway around Paris and say hostages have been taken by Cahrlie Hedbo attack gunmen.,1,INTLSpectator,charliehebdo,rumour,BREAKING French police chasing a Peugeot on motorway around Paris and say hostages have been taken by Cahrlie Hedbo attack gunmen.,21
An explosion has been reported near a mosque in Paris. Updates: http://t.co/pmS6OiSh40 #ParisShooting #JeSuisCharlie http://t.co/NiglsAQGwM,0,DailyMirror,charliehebdo,not_rumour,An explosion has been reported near a mosque in Paris. Updates ParisShooting JeSuisCharlie,13
"There is a sickness in the world, but it's not #islam, it's religious extremism everywhere. #JeSuisCharlie http://t.co/zNRSUFbd0P",0,ChrisOB617,charliehebdo,not_rumour,"There is a sickness in the world, but it's not islam, it's religious extremism everywhere. JeSuisCharlie",16
My prayers to the families in france during this awful act of terrorism against #CharlieHebdo offices. A newspaper is not a weapon of war,0,AnastaciaFanily,charliehebdo,not_rumour,My prayers to the families in france during this awful act of terrorism against CharlieHebdo offices. A newspaper is not a weapon of war,24
#BREAKING: Reports hostage situation underway north-east of Paris http://t.co/COe8YbNp2M #CharlieHebdo http://t.co/GpbstHfKEc,1,abcnews,charliehebdo,rumour,BREAKING Reports hostage situation underway north-east of Paris CharlieHebdo,9
"What the Quran actually commands Muslims to do when it or the Prophet ﷺ are ridiculed.
#CharlieHebdo #ParisShooting http://t.co/562FUFPf76",0,mohamedghilan,charliehebdo,not_rumour,What the Quran actually commands Muslims to do when it or the Prophet are ridiculed. CharlieHebdo ParisShooting,17
Yes this is about victims. It's also about how our communities reform &amp; abolish blasphemy codes. We mustn't run from scrutiny #CharlieHebdo,0,MaajidNawaz,charliehebdo,not_rumour,Yes this is about victims. It's also about how our communities reform amp abolish blasphemy codes. We mustn't run from scrutiny CharlieHebdo,22
Charlie Hebdo mocked Jews. Number of people killed = 0 http://t.co/7fjbx0NImn,0,TRobinsonNewEra,charliehebdo,not_rumour,Charlie Hebdo mocked Jews. Number of people killed 0,9
Oh God my heart is sick at this Charlie Hebdo news. One of the only brave newspapers in the world.,0,MattWelch,charliehebdo,not_rumour,Oh God my heart is sick at this Charlie Hebdo news. One of the only brave newspapers in the world.,20
Thousands tweeting #JeSuisCharlie in support of #CharlieHebdo. http://t.co/GfdXTw6jgl,0,AMTomchak,charliehebdo,not_rumour,Thousands tweeting JeSuisCharlie in support of CharlieHebdo.,7
The pen has always been and will always be mightier than the sword.  #JeSuisCharlie @Charlie_Hebdo_ http://t.co/tLnZfdH97S,0,AustinBasis,charliehebdo,not_rumour,The pen has always been and will always be mightier than the sword. JeSuisCharlie,14
"The world must know his name.

#FreeRaif #RaifBadawi
#JeSuisCharlie #JeSuisRaif

READ: http://t.co/cTrniNQqdA

Pls RT http://t.co/UwZWfkHXjQ",0,bobchurchill,charliehebdo,not_rumour,The world must know his name. FreeRaif RaifBadawi JeSuisCharlie JeSuisRaif READ Pls RT,13
LATEST: At least 11 dead in shooting at French magazine #CharlieHebdo; France raises terror alert to highest level http://t.co/JVRjF5b1lw,0,FoxNews,charliehebdo,not_rumour,LATEST At least 11 dead in shooting at French magazine CharlieHebdo France raises terror alert to highest level,18
"#CharlieHebdo suspects ""prepared to die as martyrs"", they tell police after making contact - French media http://t.co/Qgmn70TXSU",1,BBCBreaking,charliehebdo,rumour,"CharlieHebdo suspects ""prepared to die as martyrs"", they tell police after making contact - French media",16
Latest on the manhunt for Charlie Hebdo attackers: http://t.co/JfmqW07Vhk http://t.co/mjiiPM2gHG,1,WSJ,charliehebdo,rumour,Latest on the manhunt for Charlie Hebdo attackers,8
We strongly condemn the horrible shooting at #CharlieHebdo. We must all stand up for freedom of speech and expression. @Charlie_Hebdo_,0,alexstubb,charliehebdo,not_rumour,We strongly condemn the horrible shooting at CharlieHebdo. We must all stand up for freedom of speech and expression.,19
The Image That Everyone Is Sharing isn't By Banksy — But It's Awesome. #CharlieHebdo http://t.co/YF1d7tvNwE http://t.co/UfBtgLRRYc,1,dandemoustier,charliehebdo,rumour,The Image That Everyone Is Sharing isn't By Banksy But It's Awesome. CharlieHebdo,13
World pays tribute to victims of #CharlieHebdo massacre http://t.co/icVVi6l4Gv http://t.co/UqlhSjPBMq,0,MailOnline,charliehebdo,not_rumour,World pays tribute to victims of CharlieHebdo massacre,8
The #CharlieHebdo assassinations suggest that anyone who has offended or challenged #Islamism is now at potential risk of being murdered,0,PeterTatchell,charliehebdo,not_rumour,The CharlieHebdo assassinations suggest that anyone who has offended or challenged Islamism is now at potential risk of being murdered,20
Update - Reuters reports at least one person killed &amp; several injured in shootout before hostage-taking in Dammartin-en-Goele in France,1,SkyNewsBreak,charliehebdo,rumour,Update - Reuters reports at least one person killed amp several injured in shootout before hostage-taking in Dammartin-en-Goele in France,20
"#CharlieHebdo  journalist: ""We want to laugh at the extremists—every extremist. They can be Muslim, Jewish, Catholic"" http://t.co/TZlKXk6dEi",0,shashj,charliehebdo,not_rumour,"CharlieHebdo journalist ""We want to laugh at the extremistsevery extremist. They can be Muslim, Jewish, Catholic""",16
"Now we are confirming 10 dead in #Paris #CharlieHebdo shooting, via prosecutors office @AFP",1,EricWRandolph,charliehebdo,rumour,"Now we are confirming 10 dead in Paris CharlieHebdo shooting, via prosecutors office",13
#JeSuisCharlie part 2. Retweet everywhere in honor of the fabulous satirists under attack http://t.co/Uvox0Wu68m,0,simonstrumse,charliehebdo,not_rumour,JeSuisCharlie part 2. Retweet everywhere in honor of the fabulous satirists under attack,13
Watch: Hacker group says it will avenge #CharlieHebdo attack by shutting down jihadi websites http://t.co/fPhdD3W0xS http://t.co/nvMO0r45SI,0,Telegraph,charliehebdo,not_rumour,Watch Hacker group says it will avenge CharlieHebdo attack by shutting down jihadi websites,14
"New York, London, Paris, Bali, Madrid... These attacks &amp; many, many more brought 2 you courtesy of Muslim terrorists. http://t.co/QzHXkCKUZz",0,BradThor,charliehebdo,not_rumour,"New York, London, Paris, Bali, Madrid... These attacks amp many, many more brought 2 you courtesy of Muslim terrorists.",19
"Ukrainian journalists in front of embassy of #France today, via @HromadskeTV #JeSuisCharlie #CharlieHebdo http://t.co/UDymk4KC0K",0,Kateryna_Kruk,charliehebdo,not_rumour,"Ukrainian journalists in front of embassy of France today, via JeSuisCharlie CharlieHebdo",12
I'm so sick of ppl tiptoeing around the fact that this was an ISLAMIC attack. The politically correct bullshit needs to stop. #CharlieHebdo,0,JaclynGlenn,charliehebdo,not_rumour,I'm so sick of ppl tiptoeing around the fact that this was an ISLAMIC attack. The politically correct bullshit needs to stop. CharlieHebdo,23
Reports that several hostages apparently freed at the #Paris kosher grocery http://t.co/7N7uvClhWY,1,Telegraph,charliehebdo,rumour,Reports that several hostages apparently freed at the Paris kosher grocery,11
Charlie Hebdo became well known for publishing the Muhammed cartoons two years ago,0,BBCDanielS,charliehebdo,not_rumour,Charlie Hebdo became well known for publishing the Muhammed cartoons two years ago,13
Banksy's response to the #CharlieHebdo attack isn't by Banksy. But it is striking: http://t.co/mag1lJXzjL http://t.co/3TDPkGFxrx,1,Independent,charliehebdo,rumour,Banksy's response to the CharlieHebdo attack isn't by Banksy. But it is striking,13
Paris is on alert after gunmen killed twelve people at the office of satirical magazine Charlie Hebdo http://t.co/aUlvfkdg5u,1,VICE,charliehebdo,rumour,Paris is on alert after gunmen killed twelve people at the office of satirical magazine Charlie Hebdo,17
‘Banksy’ Instagram tribute to #CharlieHebdo victims not posted by artist http://t.co/EKlScFGWVu (Pic: Lucille Clerc) http://t.co/ZYEBaU8YUQ,1,Telegraph,charliehebdo,rumour,Banksy Instagram tribute to CharlieHebdo victims not posted by artist Pic Lucille Clerc,13
"I deleted my suggestion that Paris attacks be blamed on US drones, when it became apparent that even that EXTREME sarcasm was being missed.",0,RichardDawkins,charliehebdo,not_rumour,"I deleted my suggestion that Paris attacks be blamed on US drones, when it became apparent that even that EXTREME sarcasm was being missed.",24
"I'd rather swallow a bullet than bow to a ""God"" too insecure to handle cartoons. 
#JeSuisCharlie http://t.co/805bDy3G6y",0,zoeythegreat,charliehebdo,not_rumour,"I'd rather swallow a bullet than bow to a ""God"" too insecure to handle cartoons. JeSuisCharlie",16
Breaking: Armed man linked to Charlie Hebdo suspects takes hostages at kosher grocery store in east Paris  http://t.co/t1SKHe7p2y,1,WSJ,charliehebdo,rumour,Breaking Armed man linked to Charlie Hebdo suspects takes hostages at kosher grocery store in east Paris,17
"#CharlieHebdo journalists 'provoked' their own slaughter, says American Catholic group http://t.co/nYQp3hgPyN http://t.co/CjnKSwL8u6",0,Independent,charliehebdo,not_rumour,"CharlieHebdo journalists 'provoked' their own slaughter, says American Catholic group",10
And now reports of a possible fourth shooting incident at Trocadero near Eiffel Tower. Trying to get confirmation.,1,afneil,charliehebdo,rumour,And now reports of a possible fourth shooting incident at Trocadero near Eiffel Tower. Trying to get confirmation.,18
"I don't agree with what you have to say,
but I'll defend to the death your right to say it.
#Voltaire

#JeSuisCharlie http://t.co/0bTQmQPmn1",0,MineParis81,charliehebdo,not_rumour,"I don't agree with what you have to say, but I'll defend to the death your right to say it. Voltaire JeSuisCharlie",22
Witness says multiple gunmen involved in shooting at Paris HQ of French satirical magazine Charlie Hebdo - @AP http://t.co/ZFJYh80uxy,1,BreakingNews,charliehebdo,rumour,Witness says multiple gunmen involved in shooting at Paris HQ of French satirical magazine Charlie Hebdo -,17
Attackers killed Charlie Hebdo's chief cartoonists where they sat before massacring nearly everyone else in the room http://t.co/3wEBkmB2f6,0,nytimes,charliehebdo,not_rumour,Attackers killed Charlie Hebdo's chief cartoonists where they sat before massacring nearly everyone else in the room,17
Cowards~ Liberal Media Refuses To Show #CharlieHebdo Cartoons! But #RedNationRising Is NOT! #IslamIsTheProblem http://t.co/IXTbsRlNaU,0,RedNationRising,charliehebdo,not_rumour,Cowards Liberal Media Refuses To Show CharlieHebdo Cartoons! But RedNationRising Is NOT! IslamIsTheProblem,13
"UPDATE: Security alert in Trocadero near the Eiffel Tower in Paris appears to be ""false alarm"".",1,PzFeed,charliehebdo,rumour,"UPDATE Security alert in Trocadero near the Eiffel Tower in Paris appears to be ""false alarm"".",16
"Hostage-taker at Paris store demands release of #KouachiBrothers, police union spokesman says. http://t.co/7Bxdhozq4H http://t.co/0SmxqdDLrX",1,cnnbrk,charliehebdo,rumour,"Hostage-taker at Paris store demands release of KouachiBrothers, police union spokesman says.",12
"UPDATE: French police in standoff with #CharlieHebdo attack suspects, hostage believed taken http://t.co/Jzqo5Su0a1 http://t.co/zexuGWcdzd",1,FoxNews,charliehebdo,rumour,"UPDATE French police in standoff with CharlieHebdo attack suspects, hostage believed taken",12
Photo: The staff of @AFP in Paris stand for a moment of silence following the Charlie Hebdo attack - @greglemarchand http://t.co/wRPOvKwrpJ,0,BreakingNews,charliehebdo,not_rumour,Photo The staff of in Paris stand for a moment of silence following the Charlie Hebdo attack -,18
"Salman Rushdie: ""I stand with #CharlieHebdo, as we all must, to defend the art of satire, which has always been a force for liberty""",0,joshglancy,charliehebdo,not_rumour,"Salman Rushdie ""I stand with CharlieHebdo, as we all must, to defend the art of satire, which has always been a force for liberty""",24
Jewish bakery hit in new shooting and hostage siege in Paris suburb of Vincennes http://t.co/qXnnNaoWjJ via @taylorgroupusa,1,taylorgroupusa,charliehebdo,rumour,Jewish bakery hit in new shooting and hostage siege in Paris suburb of Vincennes via,15
"Snipers, helicopters turn French town Dammartin-en-Goele into warzone. Photo: Dominique Faget #AFP http://t.co/PnQiPlSWN0",0,AFPphoto,charliehebdo,not_rumour,"Snipers, helicopters turn French town Dammartin-en-Goele into warzone. Photo Dominique Faget AFP",12
"BREAKING: Gunfire, hostages taken in Dammartin-en-Goële, east of Paris, as police chase suspected #CharlieHedbo attackers",1,NBCNews,charliehebdo,rumour,"BREAKING Gunfire, hostages taken in Dammartin-en-Gole, east of Paris, as police chase suspected CharlieHedbo attackers",15
BREAKING: French police: Suspects in newspaper attack appear to have taken a hostage northeast of Paris,1,AP,charliehebdo,rumour,BREAKING French police Suspects in newspaper attack appear to have taken a hostage northeast of Paris,16
Terrorists are sick people. You can't be in your right mind and say you believe in God and kill his creation. Makes no sense. #CharlieHebdo,0,lsarsour,charliehebdo,not_rumour,Terrorists are sick people. You can't be in your right mind and say you believe in God and kill his creation. Makes no sense. CharlieHebdo,25
"One victim killed in the attack on Charlie Hebdo was a Muslim policeman, Ahmed Merabet.",0,DanBilefsky,charliehebdo,not_rumour,"One victim killed in the attack on Charlie Hebdo was a Muslim policeman, Ahmed Merabet.",15
Steve Bell on the Charlie Hebdo attack – cartoon http://t.co/wLM2qhVj44 http://t.co/EHwAFSfL11,0,guardian,charliehebdo,not_rumour,Steve Bell on the Charlie Hebdo attack cartoon,8
"Amazing MT @WilliamsJon: #France's most famous cartoonist, Uderzo, comes out of retirement for #CharlieHebdo. http://t.co/cIUFQesPuI”",0,glen_mcgregor,charliehebdo,not_rumour,"Amazing MT France's most famous cartoonist, Uderzo, comes out of retirement for CharlieHebdo.",13
Video of #terrorists attacking Charlie Hebdo HQ in Paris http://t.co/SdniwkJtT1 http://t.co/z6O8IhNjCk,0,russian_market,charliehebdo,not_rumour,Video of terrorists attacking Charlie Hebdo HQ in Paris,9
"To all my friends in France/Paris.  
JE SUIS CHARLIE 
#JeSuisCharlie
JB http://t.co/v07hiS7AyO",0,Team_Barrowman,charliehebdo,not_rumour,To all my friends in France Paris. JE SUIS CHARLIE JeSuisCharlie JB,12
"I don't support the cartoons or language published by publishers BUT #CharlieHebdo attack is indeed ""sickening"". 11 dead in #terrorattack",0,SukhSandhu,charliehebdo,not_rumour,"I don't support the cartoons or language published by publishers BUT CharlieHebdo attack is indeed ""sickening"". 11 dead in terrorattack",20
I really don't understand why people in Europe think I'm a 'moron.' http://t.co/NGAuK5XkGZ http://t.co/H8ovSocjcu,0,RealDonalDrumpf,charliehebdo,not_rumour,I really don't understand why people in Europe think I'm a 'moron.',12
Check this photo via journo @EliseBarthet. Alleged pic of the gunmen facing a police car near #CharlieHebdo offices: http://t.co/eBpt190LD0,0,jenanmoussa,charliehebdo,not_rumour,Check this photo via journo . Alleged pic of the gunmen facing a police car near CharlieHebdo offices,18
"If your religion is worth killing for, please start with yourself. #CharlieHebdo #ParisShooting #ParisAttack",0,TwitsOfGod,charliehebdo,not_rumour,"If your religion is worth killing for, please start with yourself. CharlieHebdo ParisShooting ParisAttack",14
I wonder how many of the people criticizing Charlie Hebdo's free speech this week defended Franco &amp; Rogen's free speech last week?,0,jtLOL,charliehebdo,not_rumour,I wonder how many of the people criticizing Charlie Hebdo's free speech this week defended Franco amp Rogen's free speech last week?,22
"Charlie Hebdo, the magazine that dared to poke fun at religion http://t.co/L5wXIOOr2p http://t.co/SpDK2rMW4K",0,NewStatesman,charliehebdo,not_rumour,"Charlie Hebdo, the magazine that dared to poke fun at religion",11
Shaheen Hashmat: ‘Islam is defined by its followers. Moderate Muslims must act’ http://t.co/wsiT3JzSBd (Pic:K PETERS) http://t.co/4tWvhMEYce,0,Telegraph,charliehebdo,not_rumour,Shaheen Hashmat Islam is defined by its followers. Moderate Muslims must act Pic K PETERS,15
"JUST IN: Officials report suspects in Charlie Hebdo massacre are dead, hostages freed http://t.co/2PckWLdDMv",0,GlobalGrindNews,charliehebdo,not_rumour,"JUST IN Officials report suspects in Charlie Hebdo massacre are dead, hostages freed",13
"BREAKING: Three gunmen involved in attack on Charlie Hebdo magazine, French Interior Minister Bernard Cazeneuve says. http://t.co/ak9mTVfJdR",1,cnni,charliehebdo,rumour,"BREAKING Three gunmen involved in attack on Charlie Hebdo magazine, French Interior Minister Bernard Cazeneuve says.",16
Video shows police surrounding Paris kosher supermarket where gunman reportedly holding hostages http://t.co/Qv1xBajqsX #CharlieHebdo,0,BBCBreaking,charliehebdo,not_rumour,Video shows police surrounding Paris kosher supermarket where gunman reportedly holding hostages CharlieHebdo,13
Anti-terror police close in on #CharlieHebdo suspects in tiny French village http://t.co/Sj4HijDF9f http://t.co/0xwZI3uUtq,0,MailOnline,charliehebdo,not_rumour,Anti-terror police close in on CharlieHebdo suspects in tiny French village,11
"At 87 years of age, Asterix cartoonist Uderzo gets back on the drawing board #CharlieHebdo  #DammartinEnGoele http://t.co/1lNGYsOFvU",0,ChelseaZizou,charliehebdo,not_rumour,"At 87 years of age, Asterix cartoonist Uderzo gets back on the drawing board CharlieHebdo DammartinEnGoele",16
Stills from eyewitness video show two #CharlieHebdo attackers wearing hoods &amp; black clothing shoot a wounded man http://t.co/IX8Wys3p5M,1,MashableNews,charliehebdo,rumour,Stills from eyewitness video show two CharlieHebdo attackers wearing hoods amp black clothing shoot a wounded man,17
"4 #CharlieHebdo cartoonists killed:

- Charb
- Cabu
- Tignous
- Georges Wolinski

#JeSuisCharlie http://t.co/QbaEYog2S2",1,HuffPostUK,charliehebdo,rumour,4 CharlieHebdo cartoonists killed - Charb - Cabu - Tignous - Georges Wolinski JeSuisCharlie,14
Mayor of Paris Anne Hidalgo calls for march on Thursday through Paris's Republic Square after #CharlieHebdo attack http://t.co/hnWeVCLDRy,0,BBCWorld,charliehebdo,not_rumour,Mayor of Paris Anne Hidalgo calls for march on Thursday through Paris's Republic Square after CharlieHebdo attack,17
#BREAKING - An armed man has reportedly taken a hostage at a kosher grocery store at Porte de #Vincennes #Paris http://t.co/uel0jveeWP,1,FRANCE24,charliehebdo,rumour,BREAKING - An armed man has reportedly taken a hostage at a kosher grocery store at Porte de Vincennes Paris,20
#Banksy's response to today's incident in Paris via his official #Instagram acct http://t.co/LtJ7vgGLau #CharlieHebdo http://t.co/mxbP6olZQD,1,MattNavarra,charliehebdo,rumour,Banksy's response to today's incident in Paris via his official Instagram acct CharlieHebdo,13
Twin hostage situations Erupt in Paris. Two victims have been killed. Our updated story: http://t.co/Z5xnRNhRhN,1,DanBilefsky,charliehebdo,rumour,Twin hostage situations Erupt in Paris. Two victims have been killed. Our updated story,14
Update: French interior ministry says Trocadero security scare is a false alarm. #ParisAttacks http://t.co/ATmBpjwW3b http://t.co/TsUFvSVT8u,1,SkyNews,charliehebdo,rumour,Update French interior ministry says Trocadero security scare is a false alarm. ParisAttacks,13
#JeSuisCharlie vigils held around the world - in pictures http://t.co/JlcL5LdY69 (Pic: E CASTRO-MENDIVIL/REUTERS) http://t.co/WY0KSMSWS6,0,Telegraph,charliehebdo,not_rumour,JeSuisCharlie vigils held around the world - in pictures Pic E CASTRO-MENDIVIL REUTERS,13
"Retweet if you think satire should not be censored:
""Love stronger than hate"":
#CharlieHebdo http://t.co/JVjYiQMQQk",0,ThomasPride,charliehebdo,not_rumour,"Retweet if you think satire should not be censored ""Love stronger than hate"" CharlieHebdo",14
One of the gunmen was radicalized by the horror at Abu Ghraib. #jesuischarlie cc @RumsfeldOffice  http://t.co/N6WPLFYa2n,0,ryangrim,charliehebdo,not_rumour,One of the gunmen was radicalized by the horror at Abu Ghraib. jesuischarlie cc,14
Charlie Hebdo killers tell police: 'We are ready to die as martyrs' http://t.co/h4Gp9BAetN http://t.co/MMF4hXUKDd,1,MailOnline,charliehebdo,rumour,Charlie Hebdo killers tell police 'We are ready to die as martyrs',12
"Satirizing and mocking religion is sacred. Stand with @Charlie_Hebdo_ #freeexpression #jesuischarlie #iamcharlie 
http://t.co/75KuXyRhGD",0,EU_Humanists,charliehebdo,not_rumour,Satirizing and mocking religion is sacred. Stand with freeexpression jesuischarlie iamcharlie,11
"Does somebody want to tell me how ISIS isn't Islam again, after murdering 12 in #France over a cartoon over muhammed? http://t.co/rmgzDNrJVO",0,ChuckNellis,charliehebdo,not_rumour,"Does somebody want to tell me how ISIS isn't Islam again, after murdering 12 in France over a cartoon over muhammed?",21
"""Fanaticism is a monster that pretends to be the child of religion"" Voltaire #JeSuisCharlie",0,billybragg,charliehebdo,not_rumour,"""Fanaticism is a monster that pretends to be the child of religion"" Voltaire JeSuisCharlie",14
#France: Dark day for freedom of expression as gunmen attack newspaper office. #CharlieHebdo http://t.co/qqPl3R4ROF http://t.co/RuSLtisGjo,0,amnesty,charliehebdo,not_rumour,France Dark day for freedom of expression as gunmen attack newspaper office. CharlieHebdo,13
The threat of violence should not become an excuse or justification for restricting freedom of speech. #JeSuisCharlie http://t.co/kXp2qJzFUM,0,thenikhilkapur,charliehebdo,not_rumour,The threat of violence should not become an excuse or justification for restricting freedom of speech. JeSuisCharlie,17
DEVELOPING: #CharlieHebdo shooting suspects holed up in premises of construction company http://t.co/G6eunBDIrj http://t.co/Jw357f31GO,1,RT_com,charliehebdo,rumour,DEVELOPING CharlieHebdo shooting suspects holed up in premises of construction company,11
#IDF Chief references the attack at #CharlieHebdo while speaking to @NDU_EDU group in the #US http://t.co/x0Z4UoixiZ http://t.co/tpdRuer1g6,0,IDFSpokesperson,charliehebdo,not_rumour,IDF Chief references the attack at CharlieHebdo while speaking to group in the US,14
Cartoonists are reacting to the attack on #CharlieHebdo. Freelancer Lindsay Foyle joins us in 10mins. Pic @davpope http://t.co/jrlzqB4B2O,0,ABCNews24,charliehebdo,not_rumour,Cartoonists are reacting to the attack on CharlieHebdo. Freelancer Lindsay Foyle joins us in 10mins. Pic,16
"The world would be a far better place if all religious fanatics followed this advice
#CharlieHebdo http://t.co/HD43ebNTbT",0,GLove39,charliehebdo,not_rumour,The world would be a far better place if all religious fanatics followed this advice CharlieHebdo,16
More police arrive at hostage situation scene in eastern Paris (LIVE) http://t.co/fN6v7h6iBP http://t.co/saSZitkznh,0,RT_com,charliehebdo,not_rumour,More police arrive at hostage situation scene in eastern Paris LIVE,11
#JeSuisCharlie trends after brutal shooting at #CharlieHebdo magazine http://t.co/2tT7BnOx1u http://t.co/oMTsEqXs1h,0,HuffPostUK,charliehebdo,not_rumour,JeSuisCharlie trends after brutal shooting at CharlieHebdo magazine,8
Scene at #DammartinEnGoele as police hunt #CharlieHebdo suspects - follow our coverage: http://t.co/HvWOnQGf9x http://t.co/NW8RB0E0kY,1,BBCBreaking,charliehebdo,rumour,Scene at DammartinEnGoele as police hunt CharlieHebdo suspects - follow our coverage,12
"Let there be more, not less.  #CharlieHebdo http://t.co/Ut4yuxi30O",0,sonaliranade,charliehebdo,not_rumour,"Let there be more, not less. CharlieHebdo",7
"BREAKING: Reports of shots fired, hostages taken in town Northeast of Paris http://t.co/f30TSVt1yN http://t.co/jeuTP0IOZg",1,Independent,charliehebdo,rumour,"BREAKING Reports of shots fired, hostages taken in town Northeast of Paris",12
"""Our thoughts and prayers are with the victims of this terrorist attack and the people of France"" -Pres. Obama statement on #CharlieHebdo.",0,TODAYshow,charliehebdo,not_rumour,"""Our thoughts and prayers are with the victims of this terrorist attack and the people of France"" -Pres. Obama statement on CharlieHebdo.",22
#JeSuisCharlie displayed on the roof of the German Axel Springer publishers HQ in Berlin http://t.co/6Vyt2viHo2 http://t.co/b5Xcgji56f,0,HuffPostUKPics,charliehebdo,not_rumour,JeSuisCharlie displayed on the roof of the German Axel Springer publishers HQ in Berlin,14
#CharlieHebdo Shooting Video. Uncensored Full version here: http://t.co/TRi2N3fPra   #franceattack #ParisShooting http://t.co/ynBHkoRI5N,0,SmartestConman,charliehebdo,not_rumour,CharlieHebdo Shooting Video. Uncensored Full version here franceattack ParisShooting,9
Today's newspapers all over Europe are relaying the shock of #CharlieHebdo attack. More here - http://t.co/pzZIS77o5A http://t.co/cpIV5dhCGr,0,BBCFreeSpeech,charliehebdo,not_rumour,Today's newspapers all over Europe are relaying the shock of CharlieHebdo attack. More here -,15
The worst of times can bring out the best in a lot of humanity. Except the super-rich. #JeSuisCharlie #CharlieHebdo http://t.co/ktqcjTFXPp,0,seaninsound,charliehebdo,not_rumour,The worst of times can bring out the best in a lot of humanity. Except the super-rich. JeSuisCharlie CharlieHebdo,19
"What does Islam Say about Terrorism?
To know answer, Kindly chat with us: http://t.co/MWYHVcTK2Q

#ParisTerror
#JeSuisCharlie
#France
#Paris",0,TheMuslimFaith,charliehebdo,not_rumour,"What does Islam Say about Terrorism? To know answer, Kindly chat with us ParisTerror JeSuisCharlie France Paris",17
Charlie Hebdo's Last Tweet Spoofed ISIS Leader Al-Baghdadi http://t.co/Nws6tV4t2t http://t.co/93mIsObDCf,0,Mediaite,charliehebdo,not_rumour,Charlie Hebdo's Last Tweet Spoofed ISIS Leader Al-Baghdadi,8
Two days ago Saudi Arabia denounced the #CharlieHebdo attack. Today it flogged @raif_badawi for expressing opinions. http://t.co/okXmE6xilD,0,iyad_elbaghdadi,charliehebdo,not_rumour,Two days ago Saudi Arabia denounced the CharlieHebdo attack. Today it flogged for expressing opinions.,15
PHOTO: Armed gunmen face police officers near #CharlieHebdo HQ in Paris http://t.co/3Jsosc7yl3 http://t.co/iOpVNO6Iq0,1,RT_com,charliehebdo,rumour,PHOTO Armed gunmen face police officers near CharlieHebdo HQ in Paris,11
#CharlieHebdo - Paris media attack kills 4 cartoonists including chief editor. #AFP http://t.co/7aR1fN2hB4,1,AFPphoto,charliehebdo,rumour,CharlieHebdo - Paris media attack kills 4 cartoonists including chief editor. AFP,12
The president is upset about the terrorist attack in Paris. It's taking attention away from him.,0,weknowwhatsbest,charliehebdo,not_rumour,The president is upset about the terrorist attack in Paris. It's taking attention away from him.,16
'Stupidity will not win' - Survivors of #CharlieHebdo attack will publish new issue next week http://t.co/Nj2I6Toy2j http://t.co/GanDakkrwE,0,CNNMoney,charliehebdo,not_rumour,'Stupidity will not win' - Survivors of CharlieHebdo attack will publish new issue next week,15
"French media reports two suspects of #CharlieHebdo attack are killed, and supermarket hostage-taker also killed http://t.co/9OV0KKlxXG",1,AJENews,charliehebdo,rumour,"French media reports two suspects of CharlieHebdo attack are killed, and supermarket hostage-taker also killed",15
"New video reportedly shows masked gunmen opening fire at the offices of satirical French magazine #CharlieHebdo.
https://t.co/oAHM8Q9brn",0,FoxNews,charliehebdo,not_rumour,New video reportedly shows masked gunmen opening fire at the offices of satirical French magazine CharlieHebdo.,16
"If Hindus were not tolerant, this would have been the fate of Hirani &amp; Aamir. #CharlieHebdo
#ParisShooting http://t.co/tIF56s3Pho",0,iSupportBJP,charliehebdo,not_rumour,"If Hindus were not tolerant, this would have been the fate of Hirani amp Aamir. CharlieHebdo ParisShooting",17
A reliable source has confirmed to the BBC that Cherif and Said Kouachi were on the UK Warnings Index “and had been for some time.”,0,BBCDanielS,charliehebdo,not_rumour,A reliable source has confirmed to the BBC that Cherif and Said Kouachi were on the UK Warnings Index and had been for some time.,25
Brilliant cartoons continue to emerge in wake of #Charliehebdo attack. This one via @lectrr http://t.co/9oR6bGmDQY,0,sheeraf,charliehebdo,not_rumour,Brilliant cartoons continue to emerge in wake of Charliehebdo attack. This one via,13
Omnipotent gods don't fear free speech. #CharlieHebdo,0,DLoesch,charliehebdo,not_rumour,Omnipotent gods don't fear free speech. CharlieHebdo,7
VIDEO: Emotional scenes at Lille! As fans sing the National anthem for #CharlieHebdo victims!..http://t.co/P0G8MlSAl6 http://t.co/5xYypfzvzD,0,BBCSporf,charliehebdo,not_rumour,VIDEO Emotional scenes at Lille! As fans sing the National anthem for CharlieHebdo victims!..,14
Hackers Supporting ISIS Hacking French Websites and Putting Up Anti-Charlie Hebdo Messages http://t.co/WagR2B9OjF http://t.co/bz5r0DJkme,0,Techworm_in,charliehebdo,not_rumour,Hackers Supporting ISIS Hacking French Websites and Putting Up Anti-Charlie Hebdo Messages,12
"#UPDATE: Car chase, hostage drama as Paris massacre suspects cornered http://t.co/G958ogOrXZ",1,AFP,charliehebdo,rumour,"UPDATE Car chase, hostage drama as Paris massacre suspects cornered",10
"Awesome: Next issue of #CharlieHebdo will have 1 million copy run, up from 30,000 circulation.",0,bouckap,charliehebdo,not_rumour,"Awesome Next issue of CharlieHebdo will have 1 million copy run, up from 30,000 circulation.",15
"Can't sleep tonight, thoughts with my French cartooning colleagues, their families and loved ones #CharlieHebdo http://t.co/LqIMRCHPgK",0,davpope,charliehebdo,not_rumour,"Can't sleep tonight, thoughts with my French cartooning colleagues, their families and loved ones CharlieHebdo",15
"""This is an attack on free speech"" - French President Hollande after #CharlieHebdo shooting: http://t.co/CXg48ztABY http://t.co/YZZJzMOQw3",0,AJENews,charliehebdo,not_rumour,"""This is an attack on free speech"" - French President Hollande after CharlieHebdo shooting",14
"New vid of Paris attack on #CharlieHebdo filmed by a witness. Gunmen on street shout ""Allahu Akbar"" http://t.co/TaZEDtGFlW @akhbar",1,jenanmoussa,charliehebdo,rumour,"New vid of Paris attack on CharlieHebdo filmed by a witness. Gunmen on street shout ""Allahu Akbar""",17
#RespectForMuslims Western #media will never highlight these #Muslims. Plz RT #CharlieHebdo #France #Paris http://t.co/uuFZFawDW4,0,MaherZains,charliehebdo,not_rumour,RespectForMuslims Western media will never highlight these Muslims. Plz RT CharlieHebdo France Paris,13
"Map shows industrial estate where 2 #CharlieHebdo suspects are holed up, surrounded by police http://t.co/hi9g8dxpiR http://t.co/Vw2L6SQcMH",1,BBCBreaking,charliehebdo,rumour,"Map shows industrial estate where 2 CharlieHebdo suspects are holed up, surrounded by police",14
We're deeply shocked and saddened by the despicable violence in Paris today. Freedom of expression is fundamental. #JeSuisCharlie,0,Shakespeare_Co,charliehebdo,not_rumour,We're deeply shocked and saddened by the despicable violence in Paris today. Freedom of expression is fundamental. JeSuisCharlie,18
BREAKING: French police say they have located whereabouts of two suspects said to be behind attacks in Paris More at: http://t.co/WezWaJNjkZ,1,AJEnglish,charliehebdo,rumour,BREAKING French police say they have located whereabouts of two suspects said to be behind attacks in Paris More at,20
Washington USA Seattle → http://t.co/xPvOBDBRHv #CharlieHebdo 666 Satirical Newspaper Charlie Hebdo Braved Earlier Attack And Threats Befor…,0,brownjenjen,charliehebdo,not_rumour,Washington USA Seattle CharlieHebdo 666 Satirical Newspaper Charlie Hebdo Braved Earlier Attack And Threats Befor,15
"""Love is stronger than hate"" #Peace is stronger than racism/ultranationalism/fundamentalism. And Art is stronger than bigotry #CharlieHebdo",0,Elif_Safak,charliehebdo,not_rumour,"""Love is stronger than hate"" Peace is stronger than racism ultranationalism fundamentalism. And Art is stronger than bigotry CharlieHebdo",19
Minute silence held in memory of victims of shooting http://t.co/LdSF5QeCiv #CharlieHebdo #JeSuisCharlie http://t.co/dj3hfNsZko,0,FRANCE24,charliehebdo,not_rumour,Minute silence held in memory of victims of shooting CharlieHebdo JeSuisCharlie,11
"Good article on why we are not all Charlie Hebdo
 http://t.co/MJ6d6GcRX5 .  http://t.co/QMIHUiv7zk …
via @pennjillette and @SaHreports",0,markthomasinfo,charliehebdo,not_rumour,Good article on why we are not all Charlie Hebdo . via and,13
AFP map of the region northeast of Paris where Wednesday's massacre suspects are cornered with hostage http://t.co/H9SwsdTFRf,1,AFP,charliehebdo,rumour,AFP map of the region northeast of Paris where Wednesday's massacre suspects are cornered with hostage,16
#BREAKING Paris hostage-taker 'knows' one Charlie Hebdo killer: source,1,AFP,charliehebdo,rumour,BREAKING Paris hostage-taker 'knows' one Charlie Hebdo killer source,9
From 2011: France's Charlie Hebdo newspaper has long reveled in the art of provocation http://t.co/etWcBzHpnl,0,nytimes,charliehebdo,not_rumour,From 2011 France's Charlie Hebdo newspaper has long reveled in the art of provocation,14
Huge crowd gathered in Union Square to show solidarity with France. #JeSuisCharlie Via http://t.co/7vXG6qtZRQ http://t.co/bdDjJUyXsZ,0,NYCityAlerts,charliehebdo,not_rumour,Huge crowd gathered in Union Square to show solidarity with France. JeSuisCharlie Via,13
#Anonymous says it will avenge Charlie Hebdo attacks by shutting down jihadist websites http://t.co/7UqbG6esN1 http://t.co/QlI7idFGVR,0,FamiliAnonymous,charliehebdo,not_rumour,Anonymous says it will avenge Charlie Hebdo attacks by shutting down jihadist websites,13
Fact check: Muslim leaders ARE condemning the Charlie Hebdo terror attack--even though they shouldn't have to: http://t.co/GZGRiR7ojX,0,mmfa,charliehebdo,not_rumour,Fact check Muslim leaders ARE condemning the Charlie Hebdo terror attack--even though they shouldn't have to,16
"In reporting the story, the Telegraph has pixilated Charlie Hebdo's La Vie De Mahomet: http://t.co/ElhnzUNr0A http://t.co/jdHLcQBtfp",0,J_Bloodworth,charliehebdo,not_rumour,"In reporting the story, the Telegraph has pixilated Charlie Hebdo's La Vie De Mahomet",14
→ http://t.co/SJenOro9ai Charlie Hebdo  218 Charlie Hebdo: A Profile of the Satirical French Newspaper http://t.co/iJ9Twb3Q4t,0,brownjenjen,charliehebdo,not_rumour,Charlie Hebdo 218 Charlie Hebdo A Profile of the Satirical French Newspaper,12
New Yorker's reaction to #CharlieHebdo shooting http://t.co/FwtnxbbNYq,0,gisela_pda,charliehebdo,not_rumour,New Yorker's reaction to CharlieHebdo shooting,6
"Before the brutal attacks on #CharlieHebdo, the big news today was Houellebecq's new novel imagining a Muslim president of France in 2022.",0,RachelDonadio,charliehebdo,not_rumour,"Before the brutal attacks on CharlieHebdo, the big news today was Houellebecq's new novel imagining a Muslim president of France in 2022.",22
#BREAKING Explosions at site where Charlie Hebdo suspects holed up: AFP,0,AFP,charliehebdo,not_rumour,BREAKING Explosions at site where Charlie Hebdo suspects holed up AFP,11
"#France update: Car on fire in at synagogue in Paris is an accident, not related w/#CharlieHebdo - #Sarcelles Mayor http://t.co/zk3EY3XHxY",0,jmsardo,charliehebdo,not_rumour,"France update Car on fire in at synagogue in Paris is an accident, not related w CharlieHebdo - Sarcelles Mayor",20
Full @GlobeOpinion editorial on slain #CharlieHebdo journalists:  #JeSuisCharlie http://t.co/ouqpug8y9i,0,GlobeOpinion,charliehebdo,not_rumour,Full editorial on slain CharlieHebdo journalists JeSuisCharlie,7
"Religion of peace back at work. Muslims attack French magazine that mocked Muhammad, killing 12 #CharlieHebdo #ParisShooting",0,Trustnamo,charliehebdo,not_rumour,"Religion of peace back at work. Muslims attack French magazine that mocked Muhammad, killing 12 CharlieHebdo ParisShooting",17
"Top French cartoonists Charb, Cabu, Wolinski, Tignous confirmed among dead in #Paris #CharlieHebdo attack. Editor is critically wounded.",1,bouckap,charliehebdo,rumour,"Top French cartoonists Charb, Cabu, Wolinski, Tignous confirmed among dead in Paris CharlieHebdo attack. Editor is critically wounded.",18
French police publishes photos of suspect in yesterday's Montrouge shooting. Maybe the same persons in Kosher market http://t.co/j5nQIl4Ytu,1,JulienPain,charliehebdo,rumour,French police publishes photos of suspect in yesterday's Montrouge shooting. Maybe the same persons in Kosher market,17
Why @CNN isn't publishing the #CharlieHebdo cartoons http://t.co/b11gbLTCbm http://t.co/jQ7jyAowvW,0,CNNMoney,charliehebdo,not_rumour,Why isn't publishing the CharlieHebdo cartoons,6
Charlie Hebdo Suspects Are Reported Killed by Police http://t.co/S6Ik3NIjib,0,nytimesworld,charliehebdo,not_rumour,Charlie Hebdo Suspects Are Reported Killed by Police,8
The Eiffel Tower will go dark at 8 p.m. local time in Paris in remembrance of the Charlie Hebdo victims http://t.co/cfEJFkxnM8,0,nytimes,charliehebdo,not_rumour,The Eiffel Tower will go dark at 8 p.m. local time in Paris in remembrance of the Charlie Hebdo victims,20
LIVE REPORT - Assault in Paris ( #Vincennes ) . Some hostages are  free. http://t.co/umff4LVVJL  #CharlieHebdo http://t.co/tAtUcfI5pc,1,Le_Figaro,charliehebdo,rumour,LIVE REPORT - Assault in Paris Vincennes . Some hostages are free. CharlieHebdo,13
We stand united with the victims of the brutal attack in Paris and with the people of France! #JeSuisCharlie RT! http://t.co/mH5l2a9eVy,0,Powerful_Pics,charliehebdo,not_rumour,We stand united with the victims of the brutal attack in Paris and with the people of France! JeSuisCharlie RT!,20
"In times of outrage, intolerance becomes contagious. Guard against those who blame all Muslims for Paris attacks https://t.co/mH0oDNLWcJ",0,billybragg,charliehebdo,not_rumour,"In times of outrage, intolerance becomes contagious. Guard against those who blame all Muslims for Paris attacks",17
#CharlieHebdo gunmen fled in stolen car after 'mass shoot-out' with police officers http://t.co/eocvQn42Hg http://t.co/545ooj5xMM,1,MailOnline,charliehebdo,rumour,CharlieHebdo gunmen fled in stolen car after 'mass shoot-out' with police officers,12
Terrorists shoot officer in Paris during terrorist attack at Charlie Hebdo http://t.co/BKqXsmrvqM Graphic content +18,0,alainevon,charliehebdo,not_rumour,Terrorists shoot officer in Paris during terrorist attack at Charlie Hebdo Graphic content 18,14
Liberal journos say don't label these guys Muslim terrorists because this is such a rare incident. #CharlieHebdo http://t.co/jAeC3PrD3Z,0,IMZ_Politics,charliehebdo,not_rumour,Liberal journos say don't label these guys Muslim terrorists because this is such a rare incident. CharlieHebdo,17
"#CharlieHebdo #ParisShooting 

It's impossible to co-exist with people who will kill you over a cartoon

#Fin",0,Cameron_Gray,charliehebdo,not_rumour,CharlieHebdo ParisShooting It's impossible to co-exist with people who will kill you over a cartoon Fin,16
Let 2015 be the year that women all around the world took up cartooning/comics to tell their stories. #CharlieHebdo http://t.co/1nkprbkDjo,0,jabberworks,charliehebdo,not_rumour,Let 2015 be the year that women all around the world took up cartooning comics to tell their stories. CharlieHebdo,20
"'Stupidity will not win', says surviving Charlie Hebdo journalist who confirms to @AFP  that newspaper will come out next week.",0,ADAMPLOW,charliehebdo,not_rumour,"'Stupidity will not win', says surviving Charlie Hebdo journalist who confirms to that newspaper will come out next week.",19
"#CharlieHebdo #ParisShooting 
Islamist will not allow anyone to sketch even a cartoon but A #PK  can hurt sentiments http://t.co/NNEmXsTi87",0,AkhandBharat101,charliehebdo,not_rumour,CharlieHebdo ParisShooting Islamist will not allow anyone to sketch even a cartoon but A PK can hurt sentiments,18
"Dear #ISIS, If you can't handle being lampooned then you are not ready to be politically relevant. #CharlieHebdo http://t.co/zLmUQr0uh1",0,sparrowmedia,charliehebdo,not_rumour,"Dear ISIS, If you can't handle being lampooned then you are not ready to be politically relevant. CharlieHebdo",18
"TWITTER.  Charlie Hebdo is a racist publication.  Murderers murdering people are not justified in murdering people. Crazy paradox, I know.",0,leninology,charliehebdo,not_rumour,"TWITTER. Charlie Hebdo is a racist publication. Murderers murdering people are not justified in murdering people. Crazy paradox, I know.",20
"I'm uneasy with the portrayal of Charlie Hebdo as magazine that ""provokes"". No, it publishes cartoons. People choose how they react to that.",0,J_Bloodworth,charliehebdo,not_rumour,"I'm uneasy with the portrayal of Charlie Hebdo as magazine that ""provokes"". No, it publishes cartoons. People choose how they react to that.",23
#diannefeinstein said this a while back. Unbelievably ignorant. #CharlieHebdo http://t.co/OaQLyq2sIY,0,LadySandersfarm,charliehebdo,not_rumour,diannefeinstein said this a while back. Unbelievably ignorant. CharlieHebdo,9
PHOTO: Police release this photo of a man they believe has taken at least five people hostage in a Paris market: http://t.co/8UZpTcLqUn,0,AP,charliehebdo,not_rumour,PHOTO Police release this photo of a man they believe has taken at least five people hostage in a Paris market,21
"Tonight, I spoke to President Hollande to convey Australia's solidarity, sympathy and friendship with the people of France #CharlieHebdo",0,TonyAbbottMHR,charliehebdo,not_rumour,"Tonight, I spoke to President Hollande to convey Australia's solidarity, sympathy and friendship with the people of France CharlieHebdo",19
"Still amazed by Uderzo's tributes to #CharlieHebdo. He's 87, but style, line, attitude unchanged. #InimitableGaul http://t.co/gerLPc0x3u",0,mihirssharma,charliehebdo,not_rumour,"Still amazed by Uderzo's tributes to CharlieHebdo. He's 87, but style, line, attitude unchanged. InimitableGaul",15
"Good night, people. May tomorrow be a better day for France, for the world, and for freedom of speech. #JeSuisCharlie http://t.co/oxATzEbNpW",0,MatGrapeloup,charliehebdo,not_rumour,"Good night, people. May tomorrow be a better day for France, for the world, and for freedom of speech. JeSuisCharlie",20
"Anyone that believes tolerance is the solution to militant islam, remember this picture.  #CharlieHebdo  http://t.co/SGVZjaUqgV",0,PassingKindness,charliehebdo,not_rumour,"Anyone that believes tolerance is the solution to militant islam, remember this picture. CharlieHebdo",14
unprecedented: Paris ring road empty at Porte de Vincennes 100m fr hostage taking. Armed police everywhere http://t.co/v4pBRHelnk,0,ACatInParis,charliehebdo,not_rumour,unprecedented Paris ring road empty at Porte de Vincennes 100m fr hostage taking. Armed police everywhere,16
"Dear France, your experiment with multiculturlaism has failed. #JeSuisCharlie #CharlieHebdo http://t.co/r1M2gIVtPq",0,mrgeology,charliehebdo,not_rumour,"Dear France, your experiment with multiculturlaism has failed. JeSuisCharlie CharlieHebdo",10
Top editor in Qatar urges Muslims ‘not to apologize’ for #CharlieHebdo #ParisShooting http://t.co/70EPFWZLwN,0,TarekFatah,charliehebdo,not_rumour,Top editor in Qatar urges Muslims not to apologize for CharlieHebdo ParisShooting,12
"Chapeau, George Packer and @NewYorker, for telling it exactly as it is. http://t.co/J50TcdkpJ8 #JeSuisCharlie",0,stephenfry,charliehebdo,not_rumour,"Chapeau, George Packer and , for telling it exactly as it is. JeSuisCharlie",13
Please RT petition calling for solidarity w #CharlieHebdo https://t.co/1YiIfUdPW4 … @MaryamNamazie @NickyAACampbell @FFRF @OpenlySecular,0,ChrisMoos_,charliehebdo,not_rumour,Please RT petition calling for solidarity w CharlieHebdo,8
"France's most talented cartoonists:Cabu, Wolinski, Charb, Tignous died in #CharlieHebdo attack http://t.co/HrNScpSyMj http://t.co/GSG45GlgIt",1,AgnesCPoirier,charliehebdo,rumour,"France's most talented cartoonists Cabu, Wolinski, Charb, Tignous died in CharlieHebdo attack",12
Who profits from killing Charlie? (Op-Edge by Pepe Escobar) #CharlieHebdo http://t.co/p0LpnuyntG http://t.co/OoTUd8R1uO,0,RT_com,charliehebdo,not_rumour,Who profits from killing Charlie? Op-Edge by Pepe Escobar CharlieHebdo,10
Update - Police say 3 gunmen on the loose after 12 people were killed when HQ of satirical publication #CharlieHebdo was attacked in #Paris,1,SkyNewsBreak,charliehebdo,rumour,Update - Police say 3 gunmen on the loose after 12 people were killed when HQ of satirical publication CharlieHebdo was attacked in Paris,24
Here's a rundown of the cartoons the #Muslim savages in Paris just slaughtered 12 people over: http://t.co/lg5H5cxXbW http://t.co/K1m6vMAPWh,0,BradThor,charliehebdo,not_rumour,Here's a rundown of the cartoons the Muslim savages in Paris just slaughtered 12 people over,16
Eleven dead in shooting at Paris offices of satirical magazine Charlie Hebdo – live updates http://t.co/gOtSqbwROc,1,guardian,charliehebdo,rumour,Eleven dead in shooting at Paris offices of satirical magazine Charlie Hebdo live updates,14
"The most eloquent responses to today's tragedy have come from the cartoonists. #JeSuisCharlie RT @MaximeHaes
 http://t.co/CTjOnF6Aer",0,ahouseisnot1813,charliehebdo,not_rumour,The most eloquent responses to today's tragedy have come from the cartoonists. JeSuisCharlie RT,14
#CharlieHebdo will print 1 million copies next week http://t.co/9rN03AJrO9 http://t.co/7W21oQBHTO,0,thedailybeast,charliehebdo,not_rumour,CharlieHebdo will print 1 million copies next week,8
Hostage-taker at Paris grocery is suspect in fatal shooting of officer; official confirms that shooting linked to newspaper attack - @AP,1,BreakingNews,charliehebdo,rumour,Hostage-taker at Paris grocery is suspect in fatal shooting of officer official confirms that shooting linked to newspaper attack -,20
"You're not Charlie Hebdo unless you are prepared to retweet its most ""offensive"" cartoons  #iamcharlie http://t.co/fbyn2UEcn0",0,Holbornlolz,charliehebdo,not_rumour,"You're not Charlie Hebdo unless you are prepared to retweet its most ""offensive"" cartoons iamcharlie",15
Israel shares France's pain and grief.  #CharlieHebdo http://t.co/mjFnEkvajd,0,Israel,charliehebdo,not_rumour,Israel shares France's pain and grief. CharlieHebdo,7
MORE: Massacre suspects believed to have taken hostage and holed up in small industrial town northeast of Paris: http://t.co/lmr2ImJhmr,1,AP,charliehebdo,rumour,MORE Massacre suspects believed to have taken hostage and holed up in small industrial town northeast of Paris,18
Sunni extremists behind #CharlieHebdo attack have no issues mocking Shia holy figures in their own cartoons: @AgMahdi http://t.co/9L9jePj8nb,0,IraqiExpat,charliehebdo,not_rumour,Sunni extremists behind CharlieHebdo attack have no issues mocking Shia holy figures in their own cartoons,16
"Out of all the cartoons we've seen, I think this is the most poignant, the most beautiful. #JeSuisCharlie http://t.co/Wk8M7EV3Eb",0,Songbird_uk,charliehebdo,not_rumour,"Out of all the cartoons we've seen, I think this is the most poignant, the most beautiful. JeSuisCharlie",18
"Gunmen responsible for deadly attack on #CharlieHebdo are still on the loose, @fhollande says. http://t.co/sBOkqaRg1Y http://t.co/km88JvZmCa",0,CNN,charliehebdo,not_rumour,"Gunmen responsible for deadly attack on CharlieHebdo are still on the loose, says.",13
#CharlieHebdo attack is a barbaric act of terrorism. Nothing can justify it. Muslim scholar Gulen must be remembered. http://t.co/NgQNmlPqBf,0,MustafaEdib,charliehebdo,not_rumour,CharlieHebdo attack is a barbaric act of terrorism. Nothing can justify it. Muslim scholar Gulen must be remembered.,18
"Saudi Arabian condemnation of Paris terror attacks are hollow as they whip a blogger for ""insulting Islam"". The mentality is the same",0,sunny_hundal,charliehebdo,not_rumour,"Saudi Arabian condemnation of Paris terror attacks are hollow as they whip a blogger for ""insulting Islam"". The mentality is the same",22
"BREAKING: #CharlieHebdo suspects “almost certainly behind hostage taking,"" say officials: http://t.co/qB4b5cKvPg http://t.co/iGJNu386dQ",1,cnni,charliehebdo,rumour,"BREAKING CharlieHebdo suspects almost certainly behind hostage taking,"" say officials",10
"A Muslim must always be straightforward and consistent in his actions and words.
#RespectForMuslims
#JeSuisCharlie http://t.co/9B1fkBYDIG",0,mfgulenEN,charliehebdo,not_rumour,A Muslim must always be straightforward and consistent in his actions and words. RespectForMuslims JeSuisCharlie,15
"#CharlieHebdo’s most controversial religious covers, explained--PHOTOS: http://t.co/i6iHNENtPq http://t.co/wSAWthWHx7",0,Slate,charliehebdo,not_rumour,"CharlieHebdos most controversial religious covers, explained--PHOTOS",6
"Please enjoy this culturally, ethically and politically correct cartoon. #charliehebdo http://t.co/EKJX0BmPH2",0,ConservCityGirl,charliehebdo,not_rumour,"Please enjoy this culturally, ethically and politically correct cartoon. charliehebdo",10
"Suspects in #CharlieHebdo attack spoke to police by phone and said they wanted to die as martyrs, says French MP. http://t.co/bGkMtT3lUF",1,cnni,charliehebdo,rumour,"Suspects in CharlieHebdo attack spoke to police by phone and said they wanted to die as martyrs, says French MP.",20
BREAKING Charlie Hebdo latest: 11 dead 10 wounded (five critical) two gunmen unaccounted for http://t.co/kjW3uwCV0f http://t.co/9K8ICs97Be,1,Independent,charliehebdo,rumour,BREAKING Charlie Hebdo latest 11 dead 10 wounded five critical two gunmen unaccounted for,14
This is trending on French twitter #MouradHamydInnocent started by classmates who say Mourad was in class when #CharlieHebdo attack happened,1,gert_lang_,charliehebdo,rumour,This is trending on French twitter MouradHamydInnocent started by classmates who say Mourad was in class when CharlieHebdo attack happened,20
The latest on the manhunt for Charlie Hebdo attackers and two hostage situations taking place: http://t.co/A3ChSCOHck http://t.co/ArkKqSNQFb,0,WSJ,charliehebdo,not_rumour,The latest on the manhunt for Charlie Hebdo attackers and two hostage situations taking place,15
BREAKING: Gunshots and several explosions heard at Dammartin-en-Goele site in France: Reuters reporter,0,Reuters,charliehebdo,not_rumour,BREAKING Gunshots and several explosions heard at Dammartin-en-Goele site in France Reuters reporter,13
.@jonathanchait on #CharlieHebdo and the right to commit blasphemy: http://t.co/XuRzCwxO3w http://t.co/KhOXObej0d,0,NYMag,charliehebdo,not_rumour,. on CharlieHebdo and the right to commit blasphemy,9
#CharlieHebdo attack: terrified witness films masked gunmen shooting man on pavement http://t.co/4K2F98Q4JT http://t.co/LwggGQP0Ao,0,TelegraphNews,charliehebdo,not_rumour,CharlieHebdo attack terrified witness films masked gunmen shooting man on pavement,11
Nah it isn't though RT @igeldard: This is just brilliant #charliehebdo #sonyhack http://t.co/r9YfMv7rUe,0,fivefifths,charliehebdo,not_rumour,Nah it isn't though RT This is just brilliant charliehebdo sonyhack,11
Those turning on Muslims after yesterday’s vile atrocity are doing exactly what terrorists want them to do. Me: http://t.co/rTJ2A1Ck8Y,0,OwenJones84,charliehebdo,not_rumour,Those turning on Muslims after yesterdays vile atrocity are doing exactly what terrorists want them to do. Me,18
"French police confirm that the #CharlieHebdo attackers shouted ""The Prophet has been avenged"".

Sigh.",1,ManhattanDoc,charliehebdo,rumour,"French police confirm that the CharlieHebdo attackers shouted ""The Prophet has been avenged"". Sigh.",14
"For those saying we don't yet know who's responsible for #CharlieHebdo killings, yes, you're right, it was probably fundamentalist atheists.",0,JuliaHB1,charliehebdo,not_rumour,"For those saying we don't yet know who's responsible for CharlieHebdo killings, yes, you're right, it was probably fundamentalist atheists.",20
"As a Muslim, I strongly condemn this brutal terrorist attack. 
#ATerroristCannotBeARealMuslim
#ARealMuslimCannotBeATerrorist
#CharlieHebdo",0,SonVesayet,charliehebdo,not_rumour,"As a Muslim, I strongly condemn this brutal terrorist attack. ATerroristCannotBeARealMuslim ARealMuslimCannotBeATerrorist CharlieHebdo",13
"RAW VIDEO (WARNING GRAPHIC):
Terror Attack on Charlie Hebdo Paris Headquarters:
https://t.co/QZo3WBXHfD via @NomaNescio 
#ParisShooting",0,An0nKn0wledge,charliehebdo,not_rumour,RAW VIDEO WARNING GRAPHIC Terror Attack on Charlie Hebdo Paris Headquarters via ParisShooting,13
White House @PressSec says shooting at #CharlieHebdo office seems to be an attack on freedom of press. #ParisShooting http://t.co/zulRpKriuv,0,FoxNews,charliehebdo,not_rumour,White House says shooting at CharlieHebdo office seems to be an attack on freedom of press. ParisShooting,17
"The hashtag #JeSuisAhmed is a powerful one. For Ahmed, the Muslim cop killed outside #CharlieHebdo http://t.co/cE1xLniFDm",0,moneyries,charliehebdo,not_rumour,"The hashtag JeSuisAhmed is a powerful one. For Ahmed, the Muslim cop killed outside CharlieHebdo",15
"Please enjoy this culturally, ethnically, religiously, and politically correct cartoon responsibly #CharlieHebdo http://t.co/L0ALhejpYu",0,PascalBarollier,charliehebdo,not_rumour,"Please enjoy this culturally, ethnically, religiously, and politically correct cartoon responsibly CharlieHebdo",12
"Reports say #CharlieHebdo suspects have been killed, hostages freed in both locations. http://t.co/EBbK7ny8Cx",0,FoxNews,charliehebdo,not_rumour,"Reports say CharlieHebdo suspects have been killed, hostages freed in both locations.",12
Update - Telegraph reporter Henry Samuels tells Sky News 10 people have been killed in shooting at Charlie Hebdo headquarters in #Paris,1,SkyNewsBreak,charliehebdo,rumour,Update - Telegraph reporter Henry Samuels tells Sky News 10 people have been killed in shooting at Charlie Hebdo headquarters in Paris,22
Hezbollah chief: Extremists harm Islam more than cartoons http://t.co/PBs3sMwhLt #CharlieHebdo,0,haaretzcom,charliehebdo,not_rumour,Hezbollah chief Extremists harm Islam more than cartoons CharlieHebdo,9
What we do and don't know about the aftermath of the Charlie Hebdo shooting http://t.co/r7Zo8PQyCM http://t.co/mu7n5BzGhR,0,nytimes,charliehebdo,not_rumour,What we do and don't know about the aftermath of the Charlie Hebdo shooting,14
My clip on @BBCNews - scrutinising Islam as an idea is not the same as anti-Muslim hate crime http://t.co/Gugd4FqiK3 #JeSuisCharlie,0,MaajidNawaz,charliehebdo,not_rumour,My clip on - scrutinising Islam as an idea is not the same as anti-Muslim hate crime JeSuisCharlie,18
Victims of the Paris terror attack: http://t.co/QdCLsj2GLl #JeSuisCharlie http://t.co/BpJ23gUShQ,0,ABC,charliehebdo,not_rumour,Victims of the Paris terror attack JeSuisCharlie,7
Police marksmen take up position at scene of hostage situation: http://t.co/4ZB2A3eKb1 #CharlieHebdo http://t.co/e9tE2iZdGR,0,WSJ,charliehebdo,not_rumour,Police marksmen take up position at scene of hostage situation CharlieHebdo,11
"Google is donating nearly $300,000 to Charlie Hebdo http://t.co/t9c80aSkhL http://t.co/qWqHwnPtAX",0,TheNextWeb,charliehebdo,not_rumour,"Google is donating nearly 300,000 to Charlie Hebdo",8
"RT @LucilleClerc: Break one, thousand will rise #CharlieHebdo #JeSuisCharlie #raiseyourpencilforfreedom http://t.co/j6eGzOB6lk",0,SupTulum,charliehebdo,not_rumour,"Break one, thousand will rise CharlieHebdo JeSuisCharlie raiseyourpencilforfreedom",8
Paris terror attacks: six explosions heard at kosher supermarket in Paris – live updates http://t.co/mtPv1mMS0D,0,guardian,charliehebdo,not_rumour,Paris terror attacks six explosions heard at kosher supermarket in Paris live updates,13
Follow the latest updates on the deadly shooting at the Paris offices of the satirical newspaper Charlie Hebdo http://t.co/LYnQ6zsmoS,0,nytimes,charliehebdo,not_rumour,Follow the latest updates on the deadly shooting at the Paris offices of the satirical newspaper Charlie Hebdo,18
"Pray for everyone in Paris, what happened today is truly sad, I think we lost peace forever. #JeSuisCharlie #CharlieHebdo",0,badpostmodels,charliehebdo,not_rumour,"Pray for everyone in Paris, what happened today is truly sad, I think we lost peace forever. JeSuisCharlie CharlieHebdo",19
"Radicals were upset #CharlieHebdo portrayed Islam as a violent religion in their cartoons,so they killed the journalists to prove 'em wrong.",0,_Syriana_,charliehebdo,not_rumour,"Radicals were upset CharlieHebdo portrayed Islam as a violent religion in their cartoons,so they killed the journalists to prove 'em wrong.",21
"A picture is worth a thousand words. 
#JeSuisCharlie 
#JeSuisAhmed
#JeSuisHumain

#CharlieHebdo

via @Raseef22 http://t.co/EKYcmauf33",0,LibyaLiberty,charliehebdo,not_rumour,A picture is worth a thousand words. JeSuisCharlie JeSuisAhmed JeSuisHumain CharlieHebdo via,12
"#CharlieHebdo attack shows ‘a complete change in terrorist methods', French FM @LaurentFabius tells me http://t.co/bYWd4RFFPk",0,camanpour,charliehebdo,not_rumour,"CharlieHebdo attack shows a complete change in terrorist methods', French FM tells me",13
"If this cartoon is why #CharlieHebdo staff have been shot at, all publications should show solidarity and republish http://t.co/LGuUi7dj1u",0,JPSargeant78,charliehebdo,not_rumour,"If this cartoon is why CharlieHebdo staff have been shot at, all publications should show solidarity and republish",18
Artists fight violence with images #CharlieHebdo #solidarity http://t.co/1i8Dq4iVg6 http://t.co/XMmGLDvmIn,0,HuffPostArts,charliehebdo,not_rumour,Artists fight violence with images CharlieHebdo solidarity,7
"Brilliant: Bob Mankoff, New Yorker cartoon editor #CharlieHebdo http://t.co/hlGxq0Uf7e",0,monaeltahawy,charliehebdo,not_rumour,"Brilliant Bob Mankoff, New Yorker cartoon editor CharlieHebdo",8
"After Paris, Obama vows vigilance on terrorism as he releases Gitmo prisoners http://t.co/6vgpK4rTSl #TCOT via @IBDinvestors",0,AHMalcolm,charliehebdo,not_rumour,"After Paris, Obama vows vigilance on terrorism as he releases Gitmo prisoners TCOT via",14
BREAKING NEWS: PARIS SHOOTERS ARE IN CONFRONTATION WITH POLICE. HOSTAGES INVOLVED. #ParisShooting,1,TheAnonMessage,charliehebdo,rumour,BREAKING NEWS PARIS SHOOTERS ARE IN CONFRONTATION WITH POLICE. HOSTAGES INVOLVED. ParisShooting,12
A person living near the #Dammartin hostage scene sent us these photos #CharlieHebdo #obs http://t.co/FKHD1fGt03,1,Observers,charliehebdo,rumour,A person living near the Dammartin hostage scene sent us these photos CharlieHebdo obs,14
"If you tweeted #JeSuisCharlie, please RT: #JeSuisJuif",0,EylonALevy,charliehebdo,not_rumour,"If you tweeted JeSuisCharlie, please RT JeSuisJuif",7
Hostage-taker at kosher market in #Paris said to be killed. Mayor confirms 2 brothers killed at separate hostage-taking. #CharlieHebdo,1,CBCAlerts,charliehebdo,rumour,Hostage-taker at kosher market in Paris said to be killed. Mayor confirms 2 brothers killed at separate hostage-taking. CharlieHebdo,19
"Horrific attack on France and free speech. France, the cradle of press freedom. Deep condolences and solidarity. #CharlieHebdo",0,stengel,charliehebdo,not_rumour,"Horrific attack on France and free speech. France, the cradle of press freedom. Deep condolences and solidarity. CharlieHebdo",18
"""State surveillance of emails will prevent a #CharlieHebdo atrocity.""

- But France already has email surveillance.

""Let's have it anyway.""",0,JackofKent,charliehebdo,not_rumour,"""State surveillance of emails will prevent a CharlieHebdo atrocity."" - But France already has email surveillance. ""Let's have it anyway.""",20
"Fact that the Gunmen were shouting ""Allah Hu Akbar"" while shooting rules out any connection with the Religion of peace. #CharlieHebdo",1,TRobinsonNewEra,charliehebdo,rumour,"Fact that the Gunmen were shouting ""Allah Hu Akbar"" while shooting rules out any connection with the Religion of peace. CharlieHebdo",21
4 cartoonists in Paris had more convictions than the whole of Indian mainstream media put together. #CharlieHebdo,0,IndiaSpeaksPR,charliehebdo,not_rumour,4 cartoonists in Paris had more convictions than the whole of Indian mainstream media put together. CharlieHebdo,17
#BREAKING Le Monde newspaper says hostage take at Kosher supermarket in #Paris dead. #PorteDeVincennes #ParisTerrorAttacks,1,Tburgeswatson,charliehebdo,rumour,BREAKING Le Monde newspaper says hostage take at Kosher supermarket in Paris dead. PorteDeVincennes ParisTerrorAttacks,15
Prediction: the #CharlieHebdo massacre will not dent the political class's complacency one iota,0,JamesDelingpole,charliehebdo,not_rumour,Prediction the CharlieHebdo massacre will not dent the political class's complacency one iota,13
"The Prophet ﷺ was insulted &amp; hit by stones, till his body was covered in blood. Yet he forgave them, and prayed for them. #CharlieHebdo",0,raztweets,charliehebdo,not_rumour,"The Prophet was insulted amp hit by stones, till his body was covered in blood. Yet he forgave them, and prayed for them. CharlieHebdo",24
"Attack that killed policewoman south of Paris being treated as ""terrorist"", French prosecutors say  http://t.co/Dz1HZhy2Ul",0,BBCBreaking,charliehebdo,not_rumour,"Attack that killed policewoman south of Paris being treated as ""terrorist"", French prosecutors say",14
"According to AFP ""a number"" of hostages have been freed after police raided supermarket / Hostage in #Dammartin free http://t.co/LdSF5QeCiv",1,FRANCE24,charliehebdo,rumour,"According to AFP ""a number"" of hostages have been freed after police raided supermarket Hostage in Dammartin free",18
The unarmed policeman executed by the Charlie Hebdo terrorists was a Muslim http://t.co/rIzpr04NYr,0,iowahawkblog,charliehebdo,not_rumour,The unarmed policeman executed by the Charlie Hebdo terrorists was a Muslim,12
LIVE video from scene of deadly attack on Paris offices of satirical weekly Charlie Hebdo: http://t.co/h3uQuxHeTF http://t.co/MzzOMR19ve,0,ReutersLive,charliehebdo,not_rumour,LIVE video from scene of deadly attack on Paris offices of satirical weekly Charlie Hebdo,15
I condemn #CharlieHebdo shooting.. I also don't accept naming it Islamic Terrorism #NotInMyName,0,tubanursonmez,charliehebdo,not_rumour,I condemn CharlieHebdo shooting.. I also don't accept naming it Islamic Terrorism NotInMyName,13
Update - French television channel 'France 2' are reporting that the hostage held by suspected #CharlieHebdo gunmen is male and 26 years old,1,SkyNewsBreak,charliehebdo,rumour,Update - French television channel 'France 2' are reporting that the hostage held by suspected CharlieHebdo gunmen is male and 26 years old,23
If religion — any religion — is off-limits for open debate we are in a very dangerous situation. #Freedomofexpression #CharlieHebdo,0,NatSecSoc,charliehebdo,not_rumour,If religion any religion is off-limits for open debate we are in a very dangerous situation. Freedomofexpression CharlieHebdo,18
"Rushdie: ""Religion, a mediaeval form of unreason, when combined with modern weaponry becomes a real threat to our freedoms"" #CharlieHebdo",0,joshglancy,charliehebdo,not_rumour,"Rushdie ""Religion, a mediaeval form of unreason, when combined with modern weaponry becomes a real threat to our freedoms"" CharlieHebdo",20
Iran condemns #CharlieHebdo massacre?! What about this man on death row... for blogging! http://t.co/H1Kbn2AltW http://t.co/wSeuOMPtuf,0,LisaDaftari,charliehebdo,not_rumour,Iran condemns CharlieHebdo massacre?! What about this man on death row... for blogging!,13
Shots fired and hostages taken in a building east of Paris as police hunt #CharlieHebdo attackers http://t.co/GFdUI2rwlN,1,NBCNews,charliehebdo,rumour,Shots fired and hostages taken in a building east of Paris as police hunt CharlieHebdo attackers,16
While the West fought foreign wars we ignored the threat from within our own societies says UKIP Leader @Nigel_Farage http://t.co/cJ8lyelD5U,0,UKIP,charliehebdo,not_rumour,While the West fought foreign wars we ignored the threat from within our own societies says UKIP Leader,18
"They wanted to bring France to her knees, instead they made her stand up"" by @dijibe #JeSuisCharlie http://t.co/q7SU4Gls1n",0,CreateLex,charliehebdo,not_rumour,"They wanted to bring France to her knees, instead they made her stand up"" by JeSuisCharlie",16
Here's the @NewYorker cartoonist's response to the #CharlieHebdo attack: https://t.co/frxZ74TGOL,0,amolrajan,charliehebdo,not_rumour,Here's the cartoonist's response to the CharlieHebdo attack,8
72 covers of tomorrow's newspapers #CharlieHebdo http://t.co/XiKU8OY8jh,0,mathieuvonrohr,charliehebdo,not_rumour,72 covers of tomorrow's newspapers CharlieHebdo,6
"Charlie Hebdo’s editor:  ""When activists need a pretext to justify their violence, they always find it.”  #CharlieHebdo",0,StephenMangan,charliehebdo,not_rumour,"Charlie Hebdos editor ""When activists need a pretext to justify their violence, they always find it. CharlieHebdo",17
"Charlie Hebdo: We ignored the threat from within our own societies, says @Nigel_Farage http://t.co/bYPrEBoP15 http://t.co/mLSh5vdJ5Y",0,IndyVoices,charliehebdo,not_rumour,"Charlie Hebdo We ignored the threat from within our own societies, says",12
'Charlie Hebdo' editor killed in Paris terror attack built career on defiance http://t.co/T6VqPcerWe,0,TIME,charliehebdo,not_rumour,'Charlie Hebdo' editor killed in Paris terror attack built career on defiance,12
"Charlie Hebdo: Norway didn’t give in to Islamophobia, nor should France http://t.co/zOecdkUL41 @owenjones84",0,guardian,charliehebdo,not_rumour,"Charlie Hebdo Norway didnt give in to Islamophobia, nor should France",11
"#Murder is prohibited in #Judaism, #Christianity &amp; #Islam

Click http://t.co/C989YBqv5d

#CharlieHebdo #ParisShooting http://t.co/k3vjLOodDQ",0,islam4christian,charliehebdo,not_rumour,"Murder is prohibited in Judaism, Christianity amp Islam Click CharlieHebdo ParisShooting",11
"#BREAKING Reports: Cherif Kouachi, 32, and older brother Said, 34, suspected of Charlie Hebdo attack are dead: http://t.co/7tGdSv4fr8",0,USATODAY,charliehebdo,not_rumour,"BREAKING Reports Cherif Kouachi, 32, and older brother Said, 34, suspected of Charlie Hebdo attack are dead",17
A pile of pens at vigil in Paris for #CharlieHebdo victims. #JeSuisCharlie http://t.co/7hJYMe48AX,0,TODAYshow,charliehebdo,not_rumour,A pile of pens at vigil in Paris for CharlieHebdo victims. JeSuisCharlie,12
#CharlieHebdo attack latest: Footage shows Paris gunmen on rampage as policeman is shot  http://t.co/VkLHN9pxyf http://t.co/LxHM3TuhQy,0,Independent,charliehebdo,not_rumour,CharlieHebdo attack latest Footage shows Paris gunmen on rampage as policeman is shot,13
"Location of the #Paris #Hypercacher supermarket where a gunman has taken hostages 
http://t.co/NEcgQGr3y6 http://t.co/lmqbbWh9hU",0,BBCNewsGraphics,charliehebdo,not_rumour,Location of the Paris Hypercacher supermarket where a gunman has taken hostages,12
"BREAKING: Police official: Suspects in Charlie Hebdo massacre killed, hostage freed.",1,AP,charliehebdo,rumour,"BREAKING Police official Suspects in Charlie Hebdo massacre killed, hostage freed.",11
Why terrorists can't kill Charlie Hebdo‘s ideas http://t.co/dHvxbOyF7g,0,WIRED,charliehebdo,not_rumour,Why terrorists can't kill Charlie Hebdos ideas,7
"@FT's Tony Barber describes #CharlieHebdo as ""editorially foolish"" and ""stupid""  http://t.co/dFan6rptkM http://t.co/cmiaUNA0eO",0,LukeReuters,charliehebdo,not_rumour,"'s Tony Barber describes CharlieHebdo as ""editorially foolish"" and ""stupid""",10
A 2012 cartoon by the @NewYorker - well worth remembering today #CharlieHebdo #ParisShooting http://t.co/6gOnSwwRfC,0,shilpakannan,charliehebdo,not_rumour,A 2012 cartoon by the - well worth remembering today CharlieHebdo ParisShooting,12
Update - AFP reports an armed man has taken a hostage in a kosher grocery in #Paris,1,SkyNewsBreak,charliehebdo,rumour,Update - AFP reports an armed man has taken a hostage in a kosher grocery in Paris,17
. @USEmbassyFrance changes Twitter pic to #JeSuisCharlie #CharlieHebdo http://t.co/nCO0bEygIx,0,Claire_Phipps,charliehebdo,not_rumour,. changes Twitter pic to JeSuisCharlie CharlieHebdo,7
"Ahmed Merabet, a French Muslim Cop, first victim of #CharlieHebdo attack, #JeSuisCharlie http://t.co/cMKQhVTLQN",1,jensbest,charliehebdo,rumour,"Ahmed Merabet, a French Muslim Cop, first victim of CharlieHebdo attack, JeSuisCharlie",12
"I am reminded of the words of @stephenfry ...
#JeSuisCharlie http://t.co/MOSenZwI5q",0,GodlessRobin,charliehebdo,not_rumour,I am reminded of the words of ... JeSuisCharlie,9
The German newspaper Berliner Kurier printed a new #Mohammed cartoon on today's front page. #JeSuisCharlie http://t.co/rpNHS7BmiL,0,matthew_hunt,charliehebdo,not_rumour,The German newspaper Berliner Kurier printed a new Mohammed cartoon on today's front page. JeSuisCharlie,15
So now let's talk seriously about #CharlieHebdo and Western double standard on freedom of speech http://t.co/X8iyp64azl,0,LatuffCartoons,charliehebdo,not_rumour,So now let's talk seriously about CharlieHebdo and Western double standard on freedom of speech,15
"Fuck Islam and fuck their pedophile prophet. That's all.

#CharlieHebdo http://t.co/LlVvy35DUg",0,Bidenshairplugs,charliehebdo,not_rumour,Fuck Islam and fuck their pedophile prophet. That's all. CharlieHebdo,10
Indian artist Sudarsan Pattnaik and his tribute to those killed in the attack on Charlie Hebdo http://t.co/36rBaLxCJ6,0,AFP,charliehebdo,not_rumour,Indian artist Sudarsan Pattnaik and his tribute to those killed in the attack on Charlie Hebdo,16
what's happening at the moment is really bad! I respect every religion! but this is just terror!!!🌍 #StopViolence #JeSuisCharlie,0,ThePhilCoenen,charliehebdo,not_rumour,what's happening at the moment is really bad! I respect every religion! but this is just terror!!! StopViolence JeSuisCharlie,19
.@fpleitgenCNN is by a school on lockdown where students echo #JeSuisCharlie sentiment.  http://t.co/Xk46LBlGuT,0,NewDay,charliehebdo,not_rumour,. is by a school on lockdown where students echo JeSuisCharlie sentiment.,12
Armed police lead people away near the store where hostages have been taken. #ParisAttacks http://t.co/qxlwCWdaVB http://t.co/bnhb1DcAbj,0,SkyNews,charliehebdo,not_rumour,Armed police lead people away near the store where hostages have been taken. ParisAttacks,14
"#CHARLIEHEBDO SHOOTING: Gunmen still at large, manhunt underway - LIVE UPDATES http://t.co/3Jsosc7yl3 http://t.co/LzCuCBqQP8",0,RT_com,charliehebdo,not_rumour,"CHARLIEHEBDO SHOOTING Gunmen still at large, manhunt underway - LIVE UPDATES",11
French media say Paris hostage-taker demanding freedom of #CharlieHebdo suspects #ParisAttacks http://t.co/ATmBpjwW3b http://t.co/MI7DYRuBDP,1,SkyNews,charliehebdo,rumour,French media say Paris hostage-taker demanding freedom of CharlieHebdo suspects ParisAttacks,11
French police release pic of two suspects from Thursday shooting of officer as hostage situation unfolds in Paris: http://t.co/bkWxvLR4Yh,0,cnni,charliehebdo,not_rumour,French police release pic of two suspects from Thursday shooting of officer as hostage situation unfolds in Paris,18
French official says attack on Paris weekly #CharlieHebdo was with Kalachnikov automatic rifles and rocket launcher. Unprecedented. #AFP,1,marcburleigh,charliehebdo,rumour,French official says attack on Paris weekly CharlieHebdo was with Kalachnikov automatic rifles and rocket launcher. Unprecedented. AFP,18
Gunshots and explosions heard in #Dammartin http://t.co/LdSF5QeCiv http://t.co/VoqNdOeYfm,0,FRANCE24,charliehebdo,not_rumour,Gunshots and explosions heard in Dammartin,6
The @NewYorker cartoonist's response to the #CharlieHebdo attack: https://t.co/0gseord87R,0,cmschroed,charliehebdo,not_rumour,The cartoonist's response to the CharlieHebdo attack,7
"Salman Rushdie: ""Satire has always been a force for liberty and against tyranny, dishonesty and stupidity"" #CharlieHebdo",0,joshglancy,charliehebdo,not_rumour,"Salman Rushdie ""Satire has always been a force for liberty and against tyranny, dishonesty and stupidity"" CharlieHebdo",17
Paris: @UNESCO staff in solidarity with #CharlieHebdo. Freedom of expression is a human right http://t.co/HbTz7XM55E http://t.co/M8sTeyu4s3,0,UN,charliehebdo,not_rumour,Paris staff in solidarity with CharlieHebdo. Freedom of expression is a human right,13
Paris shoot-out: the shocking images of the terrorist attack against satyrical weekly http://t.co/vNwnPjT5wm http://t.co/aMS9RcLiIu,0,FRANCE24,charliehebdo,not_rumour,Paris shoot-out the shocking images of the terrorist attack against satyrical weekly,12
Several attacks against mosques in France after Paris shooting: reports,0,ndtv,charliehebdo,not_rumour,Several attacks against mosques in France after Paris shooting reports,10
