sid,Id,CreatedAt,author_id,OrigTweet,mVader,mRetweets,mLikes,mReplies,mHasURL,mHasMedia,mUFollowers,mUFollowing,mUTweets,mUVader,Rumour,Type of rumour,label,rumour_type,cleaned_tweet,cleaned_length,cleaned_word_count
26750,jENY87XMDAD0,2018-08-11 09:55:04+00:00,pp6bzXY,.@BTP hero hound Mojo will be putting his paws up having retired from the force. The courageous pup was the first dog on the scene at last year’s Manchester Arena attack. It’s well deserved Mojo! https://t.co/t27IG6DfS9 https://t.co/pBHXM6Rrfw,0.7184212081071,0,2,0,1,1,1947,266,9431,0.217205004188911,True,,reliable,,. hero hound Mojo will be putting his paws up having retired from the force. The courageous pup was the first dog on the scene at last years Manchester Arena attack. Its well deserved Mojo!,189,35
40040,DGwmKNOKqAVk,2017-08-29 07:48:54+00:00,6BzLJYr,I've #justdonated to support families of those killed and injured in the Manchester Arena attack. https://t.co/feot4rJcut,-0.822462893624465,0,0,0,1,0,37,95,43,-0.822462893624465,True,,reliable,,I've justdonated to support families of those killed and injured in the Manchester Arena attack.,96,15
68371,Z6p8Qz7ap9AP,2017-05-23 14:40:11+00:00,3NYb4kl,‘There was fire in the air – everyone was screaming and running’ #ManchesterAttack https://t.co/kda8rAt2rD https://t.co/zzRmdwYcID,-0.612372435695795,2,0,0,1,1,135845,4155,286530,-0.426756094154488,True,,reliable,,There was fire in the air everyone was screaming and running ManchesterAttack,77,12
49037,eDj9wEZwNX4o,2017-05-26 06:01:41+00:00,6KjWkJ7wm9Ew,#UK #Manchester #ManchesterBombing Bomber travelled from London to carry out attack on Manchester Arena https://t.co/mBPf9pagcR https://t.co/rYh6fZfMwF,-0.476657605574574,0,0,0,1,1,921,3417,147348,-0.609638893233803,True,,reliable,,UK Manchester ManchesterBombing Bomber travelled from London to carry out attack on Manchester Arena,100,14
1016,pk9eXebemwxjz,2023-03-02 15:52:40+00:00,0WWBmY49BROnv,"They came here ""seeking asylum"" and supported their terrorist son, cops were probably too busy checking who'd read ""1984"".

#islam #moslems #terrorism 

Security services 'could have stopped Manchester Arena attack' https://t.co/f2LZ2NcneD via @MailOnline",-0.7184212081071,1,1,0,1,0,649,1038,99611,-0.7184212081071,Fake,Refugee bomber,misinformation,Refugee bomber,"They came here ""seeking asylum"" and supported their terrorist son, cops were probably too busy checking who'd read ""1984"". islam moslems terrorism Security services 'could have stopped Manchester Arena attack' via",213,31
10252,3Nopl8jYZ6Kkv,2021-05-22 11:02:52+00:00,oppnjw,"The Prime Minister, Boris Johnson, says his thoughts are with the families of the 22 people who lost their lives in the terror attack at Manchester Arena four years ago.

#ManchesterRemembers https://t.co/HEZRnLkzbu",-0.831632035280786,0,1,0,1,0,30669,2998,56511,-0.486504230737039,True,,reliable,,"The Prime Minister, Boris Johnson, says his thoughts are with the families of the 22 people who lost their lives in the terror attack at Manchester Arena four years ago. ManchesterRemembers",189,31
73969,ronLZMXVnZd9,2017-05-23 11:19:33+00:00,r4Vwj9,Appeal over missing Barra #Scotland girls in #manchestermissing https://t.co/SVBGyDwuH0 https://t.co/EFKFxdCg31,-0.295958174200194,2,1,0,1,1,4872,3503,49036,-0.295958174200194,True,,reliable,,Appeal over missing Barra Scotland girls in manchestermissing,61,8
88434,vlwrJGqDMLXn,2017-05-22 23:42:08+00:00,ladYJWq,Terror Attack at #Manchester arena #coverage https://t.co/hATDl10ggf #ManchesterArena #ArianaGrande #periscope,-0.757936728959867,1,0,0,1,0,238,367,6651,-0.757936728959867,True,,reliable,,Terror Attack at Manchester arena coverage ManchesterArena ArianaGrande periscope,81,9
52950,z4DOdVKDmWNr,2017-05-24 20:02:47+00:00,bXZVAmN,London Stansted Airport terror police arrest man 'plotting attack' https://t.co/Fy4nZSG5Gf,-0.835975867759116,0,0,0,1,0,38,206,2243,-0.772768031372303,True,,reliable,,London Stansted Airport terror police arrest man 'plotting attack',66,9
47152,DXrl9jAanV1N,2017-05-28 04:24:44+00:00,xDapzzB,Manchester bombing: government 'furious' at US leaks – as it happened https://t.co/Gsggqcc7JD,-0.72694578401804,1,0,0,1,0,10,0,1785,-0.72694578401804,True,,reliable,,Manchester bombing government 'furious' at US leaks as it happened,66,10
73413,O7b077BamJap,2017-05-23 11:40:39+00:00,aw1DmE,"Anne-Marie, who survived the Manchester Arena bomb, says her thoughts are with those not as fortunate as her and her daughter #5liveDaily https://t.co/vmdkPd4Mmu",0.458831467741123,10,19,1,1,1,681694,217,138971,-0.4684435204952,True,,reliable,,"Anne-Marie, who survived the Manchester Arena bomb, says her thoughts are with those not as fortunate as her and her daughter 5liveDaily",136,22
7600,0W1JEdDGAbMAd,2021-10-19 21:19:35+00:00,epPL3RXxjlro,"@Nigel_Farage All these ppl-so glad that 1,000’s pw unknown migrants r ‘arriving safely’.How Naive!Who r these ppl-ex Isis fighters/criminals.ppl here have short memories-when the nxt terrorist attack takes place, like Lndn Bridge or manchester arena &amp; 1 of yr family r killed,how will u feel?",-0.859064180591617,0,0,0,0,0,73,175,15145,-0.851737239309967,Fake,Refugee bomber,misinformation,Refugee bomber,"All these ppl-so glad that 1,000s pw unknown migrants r arriving safely.How Naive!Who r these ppl-ex Isis fighters criminals.ppl here have short memories-when the nxt terrorist attack takes place, like Lndn Bridge or manchester arena amp 1 of yr family r killed,how will u feel?",278,45
81602,V9AB0Ge4NxjY,2017-05-23 07:18:04+00:00,JQ4mnl,Hunt for parents as more than 60 children take refuge at hotel following Manchester terror attack https://t.co/xqbr6thPIT https://t.co/BBqtQGlTTM,-0.757936728959867,24,15,1,1,1,1386780,4083,939467,-0.580048587981103,Fake,Children sheltered in hotels,misinformation,Children sheltered in hotels,Hunt for parents as more than 60 children take refuge at hotel following Manchester terror attack,97,16
67081,dM4MPvj74a09,2017-05-23 15:43:15+00:00,dVlb69QA9xE8,THE NEW YORK TIMES: Police arrested a 23-year-old man in Manchester in connection with the concert bombing. They l… https://t.co/txfA5o17Mk,-0.0258112866459834,0,0,0,1,0,1578,3242,453708,-0.508380002139409,True,,reliable,,THE NEW YORK TIMES Police arrested a 23-year-old man in Manchester in connection with the concert bombing. They l,113,19
87042,3GLV0wWobmjR,2017-05-23 01:32:25+00:00,rV4jbXWdD0mO,"RT MailOnline ""RT DailyMailUK: A Manchester hotel has taken in 50 children after explosion at Ariana Grande gig https://t.co/EANBezIc5h""",0.0,0,0,0,1,0,223,0,322332,-0.505257509063031,Fake,Children sheltered in hotels,misinformation,Children sheltered in hotels,"MailOnline ""RT DailyMailUK A Manchester hotel has taken in 50 children after explosion at Ariana Grande gig",107,17
73162,n7DLrXPDWopv,2017-05-23 11:50:20+00:00,bjeW4nA,Far-right German politician thanks refugees for rescue #BBC https://t.co/9IKL3RLAKG,0.735147044114705,0,0,0,1,0,8432,8962,1119306,0.0283562093225656,Fake,Refugee bomber,misinformation,Refugee bomber,Far-right German politician thanks refugees for rescue BBC,58,8
73725,a3ZG89PZeORR,2017-05-23 11:28:46+00:00,DVoZaxE,Real Madrid Release Statement on Manchester Arena Attack https://t.co/8cmnuA6jcn,-0.476657605574574,0,0,0,1,0,349,153,32413,-0.429238386748626,True,,reliable,,Real Madrid Release Statement on Manchester Arena Attack,56,8
5142,xdvdplXLkRXvE,2022-05-10 12:53:21+00:00,8aNY9e,"Today we are attending the opening of the Glade of Light - a memorial for the victims of the Manchester arena attack. 

If you or anyone you know have been affected by an act of terrorism, we are here to support you. Support@peace-foundation.org.uk https://t.co/oQxuQbdu59",-0.7184212081071,6,68,2,1,1,11972,3641,19473,-0.0957021848713437,True,,reliable,,"Today we are attending the opening of the Glade of Light - a memorial for the victims of the Manchester arena attack. If you or anyone you know have been affected by an act of terrorism, we are here to support you. Support-foundation.org.uk",240,43
6113,j74QBRYjNjr34,2022-01-19 10:07:22+00:00,Dmml9BVwzGzN,"The Protect Duty is a proposed legislation which will legally require public venues to improve security measures, in the wake of the Manchester Arena bombing in 2017. 

The anti-terror legislation will help protect the public in easily accessible spaces. https://t.co/YLMsND4Mdi",0.851896017079914,1,3,1,1,1,616,428,2091,0.107473037076744,True,,reliable,,"The Protect Duty is a proposed legislation which will legally require public venues to improve security measures, in the wake of the Manchester Arena bombing in 2017. The anti-terror legislation will help protect the public in easily accessible spaces.",252,39
75032,eD8e0QAW7oj3,2017-05-23 10:46:25+00:00,0d1nGzzZBvaY,"Pray for #Manchester
NEWS - MANCHESTER ARENA ATTACK  https://t.co/3PngEknZux",-0.202288694969669,1,1,0,1,0,85,516,363,-0.202288694969669,True,,reliable,,Pray for Manchester NEWS - MANCHESTER ARENA ATTACK,50,8
55834,ro0E34KVeYpO,2017-05-24 13:07:30+00:00,AAZavYd,Live updates: Manchester Arena terror attacker named as Salman Abedi https://t.co/cUTajPfX3Q,-0.796389070934751,0,0,0,1,0,215,129,13006,-0.796389070934751,True,,reliable,,Live updates Manchester Arena terror attacker named as Salman Abedi,67,10
41316,0EozlRKRGjqv,2017-07-13 23:01:05+00:00,rPreVbQ,Ariana Grande EMOTIONALLY speaks out about being made an honorary citizen of Manchester following the horrific… https://t.co/zukYs8exl8 https://t.co/1qDnjDCKWD,-0.458831467741123,0,0,0,1,1,76108,13,188780,-0.523215865314316,True,,reliable,,Ariana Grande EMOTIONALLY speaks out about being made an honorary citizen of Manchester following the horrific,110,16
23294,dv9o7Z1dEn98,2019-04-15 19:30:55+00:00,M3mkrRj,"I've #justdonated to support charities set up by some of the families who lost loved-ones in the 2017 Manchester Arena attack.. Donate on @justgiving and help raise £10000 https://t.co/9MmsfvPM2l """"",0.771737211101106,0,0,0,1,0,621,707,5195,0.771737211101106,True,,reliable,,"I've justdonated to support charities set up by some of the families who lost loved-ones in the 2017 Manchester Arena attack.. Donate on and help raise 10000 """"",160,28
32480,V840GopA44lm,2018-04-16 16:17:13+00:00,znJLDN6,Arena attack survivor returns to karate https://t.co/iLsJDtlmOY,-0.153093108923949,0,0,0,1,0,17,9,9784,-0.314875357249262,True,,reliable,,Arena attack survivor returns to karate,39,6
62580,ronrz3qMKEDM,2017-05-23 19:54:38+00:00,dBKVe61b7ple,"Manchester Arena attack: why the atrocity at Ariana Grande's concert was an attack on a generation

https://t.co/XfQmfY2eOT",-0.735147044114705,1,0,0,1,0,179,549,8743,-0.735147044114705,True,,reliable,,Manchester Arena attack why the atrocity at Ariana Grande's concert was an attack on a generation,97,16
75329,eD8emjNAbMLO,2017-05-23 10:36:12+00:00,ODZzvPp,@Ironwand  BREAKING: #Manchester's Arndale shopping centre 'evacuated' as shoppers flee in panic https://t.co/fjkDIT7s8v,-0.510607056638284,0,0,0,1,0,1562,30,125510,-0.697786463980821,True,,reliable,,BREAKING Manchester's Arndale shopping centre 'evacuated' as shoppers flee in panic,83,11
9072,9Ex9lMDZAVXa8,2021-07-02 12:40:37+00:00,11ZYm4K,"Dancers from all over the UK have taken part in 'A Dance for Eilidh' 

https://t.co/oq0wWr8RYD",0.0,5,14,0,1,0,137789,1642,171576,-0.593889532304142,True,,reliable,,Dancers from all over the UK have taken part in 'A Dance for Eilidh',68,14
24396,kDrJWGDL907w,2019-02-13 15:50:15+00:00,wq4vA7n3367a,"@chrislhayes Why do you think he suggested this ? Could it be Charlie Hebdo, pulse nightclub, 9/11, 7/7, bataclan, London bridge, Manchester arena, Brussels market, Boston marathon etc, etc, etc ? Poland has had 0 terror attacks in recent years, Poland rejects Muslim immigrants, coincidence ?",-0.848122265505103,0,0,0,0,0,843,1531,11530,-0.848122265505103,Fake,Refugee bomber,misinformation,Refugee bomber,"Why do you think he suggested this ? Could it be Charlie Hebdo, pulse nightclub, 9 11, 7 7, bataclan, London bridge, Manchester arena, Brussels market, Boston marathon etc, etc, etc ? Poland has had 0 terror attacks in recent years, Poland rejects Muslim immigrants, coincidence ?",280,47
65538,oQkBZmkbnK11,2017-05-23 16:46:03+00:00,pNmzlBV,The 15 missing from the Manchester Arena terror attack #manchestermissing  https://t.co/3DIhlYONRy,-0.827129996023704,0,0,0,1,0,24,194,510,-0.827129996023704,True,,reliable,,The 15 missing from the Manchester Arena terror attack manchestermissing,72,10
66269,DX3XJ4BOpze7,2017-05-23 16:16:56+00:00,N6OM7jj,"@IzJustMyOpinion @HackettTerence @baby_leje @JackPosobiec In UK news:  ""Salman Abedi, son of Libyan refugees, named as suspected suicide bomber who killed 22 in Manchester Arena attack.""",-0.932504808240314,0,0,0,0,0,1,40,12,-0.932504808240314,Fake,Refugee bomber,misinformation,Refugee bomber,"In UK news ""Salman Abedi, son of Libyan refugees, named as suspected suicide bomber who killed 22 in Manchester Arena attack.""",126,21
88337,WPJZBjPDO3OY,2017-05-22 23:51:56+00:00,B8JGW64,"#BREAKING: Chaos outside #Manchester Arena after reported pressure cooker bomb explodes &amp; Allah Akbar was overhead
https://t.co/mh17x6LeBz",-0.844214852227165,15,16,4,1,0,105307,87595,12863,-0.844214852227165,True,,reliable,,BREAKING Chaos outside Manchester Arena after reported pressure cooker bomb explodes amp Allah Akbar was overhead,113,16
8288,J1z9jEbdPxAX6,2021-08-23 06:11:23+00:00,wpnOxYK4p6ek3,"@GBNEWS I hope she realizes that the people calling for more refugees will have blood on there hands if there's a similar Manchester arena bombing  by a refugee  she has no right to put the British people at risk,there is more chance of dying of a terrorist attack than covid",-0.421463615211762,1,3,0,0,0,234,687,4947,-0.421463615211762,Fake,Refugee bomber,misinformation,Refugee bomber,"I hope she realizes that the people calling for more refugees will have blood on there hands if there's a similar Manchester arena bombing by a refugee she has no right to put the British people at risk,there is more chance of dying of a terrorist attack than covid",265,49
84211,V9AqOjGArXNY,2017-05-23 05:37:06+00:00,ro7NbKBLebMG,"'An attack on innocents': Manchester Arena attack reaction https://t.co/x15LhbmL8L via @telegraphnews
#Manchester #BlacklistIRGC",-0.585881765446162,1,1,0,1,0,537,594,6364,-0.753006488833974,True,,reliable,,'An attack on innocents' Manchester Arena attack reaction via Manchester BlacklistIRGC,86,11
20177,A9BQLzppNJDx,2019-10-14 13:17:37+00:00,4zneXpW,"@RuthMurrell Hi Ruth, I am a student journalist from Birmigham.

I am writing a story on the manchester arena attack and wondered if we could talk more.

Please DM me for more info.

Jade",-0.202288694969669,0,0,0,0,0,897,2784,6565,0.305157906679636,True,,reliable,,"Hi Ruth, I am a student journalist from Birmigham. I am writing a story on the manchester arena attack and wondered if we could talk more. Please DM me for more info. Jade",171,33
8724,zRbbaaJaGa6dL,2021-07-26 20:18:27+00:00,009n89xBQrNe,"@GetExBritDone @UnIronicAnCap @Max_Arosev @worldscope_aus @NBCOlympics @USAShooting @TeamUSA Date
Country/Region
Incident
22 Mar 2016
Belgium
Brussels bombings
14 Jul 2016
France
Nice truck attack
19 Dec 2016
Germany
Berlin Christmas market attack
22 May 2017
UK
Manchester Arena bombing",-0.526741537567377,0,0,0,0,0,99,426,5728,-0.526741537567377,True,,reliable,,Date Country Region Incident 22 Mar 2016 Belgium Brussels bombings 14 Jul 2016 France Nice truck attack 19 Dec 2016 Germany Berlin Christmas market attack 22 May 2017 UK Manchester Arena bombing,194,32
64799,pRBEemm9aGdz,2017-05-23 17:30:27+00:00,eG4mLLY,BREAKING: Salford University EVACUATED after Manchester terror attack #ManchersterArena #manchesterattack https://t.co/hXcW2Mzfsc https://t.co/EIVNPTy8cf,-0.757936728959867,0,0,0,1,1,310,246,5378,-0.608519359156634,True,,reliable,,BREAKING Salford University EVACUATED after Manchester terror attack ManchersterArena manchesterattack,102,10
32145,Yj939j94aQ0P,2018-04-28 14:32:00+00:00,Z3YrZ6,#BGT stars' show fate unknown  https://t.co/92U2dK2tEh,0.0,0,1,0,1,0,527243,61882,661327,-0.0495776599908135,True,,reliable,,BGT stars' show fate unknown,28,5
5776,NWeA0VZX3ZXRp,2022-02-22 18:04:02+00:00,6omGnaaP1Zd1D,Hashem Abedi: Manchester Arena bomber’s brother and two other terror attackers guilty of assaulting prison officer – Sky News https://t.co/PosRt4u7ER,-0.947698489944879,0,0,0,1,0,34,47,31725,-0.425127712144027,True,,reliable,,Hashem Abedi Manchester Arena bombers brother and two other terror attackers guilty of assaulting prison officer SkyNews,120,17
69697,0GAdnn3npQwE,2017-05-23 13:42:39+00:00,9GxnnNp,"Pray for the victims and stop radical Islamic terrorism.
Manchester Arena: 22 killed in concert terror attack @CNN https://t.co/v4SUe9MMmV",-0.955862978229187,0,0,0,1,0,43,159,258,-0.955862978229187,True,,reliable,,Pray for the victims and stop radical Islamic terrorism. Manchester Arena 22 killed in concert terror attack,108,17
20086,7wW9An0GKd8d,2019-10-22 12:09:25+00:00,ZjdbY0,"HuffPostUKPol: RT JimmyTLeach: 'After the Manchester Arena bombing, It seems extraordinary that concert venues have no obligation to take advice on reducing the risk of a terrorist attack and take sensible precautions,' LordTobySays writes #MartynsLaw https://t.co/9jHpAqmMhz",-0.872021592554982,0,0,0,1,0,3957,5000,287782,-0.527448284214527,True,,reliable,,"HuffPostUKPol RT JimmyTLeach 'After the Manchester Arena bombing, It seems extraordinary that concert venues have no obligation to take advice on reducing the risk of a terrorist attack and take sensible precautions,' LordTobySays writes MartynsLaw",248,35
79501,WPJkYoNqLOWY,2017-05-23 08:38:56+00:00,rXRa841,"First victim named, so sad #Manchester #ManchesterBombing https://t.co/TWwTx10T9c",-0.636949942926426,0,0,0,1,0,227,160,2952,-0.636949942926426,True,,reliable,,"First victim named, so sad Manchester ManchesterBombing",55,7
47656,V9mzjGwR1RZ8,2017-05-27 10:59:58+00:00,VaxWrAe,'Large Part Of Network' Behind Manchester Arena Attack Arrested: UK Police - NDTV https://t.co/eHembuxE8r #topstories,-0.735147044114705,0,0,0,1,0,104,1,24832,-0.712602663154527,True,,reliable,,'Large Part Of Network' Behind Manchester Arena Attack Arrested UK Police - NDTV topstories,91,14
49584,6WQJM16DNR7b,2017-05-25 18:00:04+00:00,83x4d9,Global media reacts to horror of U.K. attack https://t.co/kHHI9Eq8Kl,-0.778253322150626,0,0,0,1,0,1193,2300,39491,-0.778253322150626,True,,reliable,,Global media reacts to horror of U.K. attack,44,8
25906,kxZkopwRmekM,2018-10-01 16:00:26+00:00,6r7GRGY77MYm,"@KenReid_utv @utv Ask her what part she had in the staging of the car attack on skull and bones day 322 London bridge and what she new about the staged bombing at the Manchester Arena where there was zero evidence of any bomb going off and all their crises actors as usual give the whole game away,",-0.885989313829565,0,0,0,0,0,85,231,2787,-0.885989313829565,Fake,Conspiracy,misinformation,Conspiracy,"Ask her what part she had in the staging of the car attack on skull and bones day 322 London bridge and what she new about the staged bombing at the Manchester Arena where there was zero evidence of any bomb going off and all their crises actors as usual give the whole game away,",280,55
83404,QR7qkxazmLvM,2017-05-23 06:18:07+00:00,9rQeQl8,The Chancellor Philip Hammond says his 'thoughts are with the victims and their families' in the #Manchester Arena attack #CapitalReports https://t.co/ORUkOfAr3c,-0.636949942926426,0,0,0,1,1,3235,1909,42052,-0.563607523135459,True,,reliable,,The Chancellor Philip Hammond says his 'thoughts are with the victims and their families' in the Manchester Arena attack CapitalReports,135,20
74728,79YxrdQneBpD,2017-05-23 10:56:32+00:00,j6OoOQ3,We are with you Manchester !!! Felt heavy with the news of Manchester Arena Attack by radicals... My prayers is with Hurt families!!! https://t.co/bb9srAQg6j,-0.757936728959867,0,1,0,1,1,40,213,116,-0.757936728959867,True,,reliable,,We are with you Manchester !!! Felt heavy with the news of Manchester Arena Attack by radicals... My prayers is with Hurt families!!!,133,23
7344,9Evd8MloAKn1N,2021-10-23 11:47:55+00:00,r6dP40XVxnRM,"You just know that @BorisJohnson and the @Conservatives are praying for another ""terrorist attack"", like the Manchester Arena one, to divert attention from the Covid and Brexit fiascos.

@GOVUK https://t.co/vhsxLi7IBJ",-0.796389070934751,0,0,1,1,0,1531,5001,26884,-0.796389070934751,True,,reliable,,"You just know that and the are praying for another ""terrorist attack"", like the Manchester Arena one, to divert attention from the Covid and Brexit fiascos.",156,26
47069,vlx1E3BNbYxn,2017-05-28 08:27:52+00:00,6MlK33,Suicide bomber pictured moments before Manchester Arena terror attack https://t.co/zUAtS9aiw6 https://t.co/e00mXmzEZD,-0.900070320740819,0,0,0,1,1,22858,2493,79108,-0.414296037353525,True,,reliable,,Suicide bomber pictured moments before Manchester Arena terror attack,69,9
59695,0GA7397qRY6w,2017-05-24 01:17:27+00:00,pxJpdLq,Qui Radio Londra: Singer's Fans Recall How Manchester Arena Attack Happened https://t.co/h0uRRgWBef,-0.202288694969669,0,0,0,1,0,10443,5373,555857,-0.435371417891245,True,,reliable,,Qui Radio Londra Singer's Fans Recall How Manchester Arena Attack Happened,74,11
7647,WBOmnDjBKEARv,2021-10-18 10:51:34+00:00,oNZd6nP,@talkRADIO @Iromg @willgeddes After Manchester arena attack it was “don’t look back in anger”. After MP slaughtered it’s “let’s tackle online trolls”. After Jo Cox murder it was “we have to do something about far right extremism”. How about we stop pretending this is about online hate &amp; address the problem?,-0.962286528210825,0,4,1,0,0,1252,1726,39096,-0.780829843941965,True,,reliable,,After Manchester arena attack it was dont look back in anger. After MP slaughtered its lets tackle online trolls. After Jo Cox murder it was we have to do something about far right extremism. How about we stop pretending this is about online hate amp address the problem?,271,48
3095,lej3Om960x8vB,2022-11-01 00:56:27+00:00,6oMxPM1e1lYNb,@itn @ITNProductions @nightingaleitv @itv are you aware that https://t.co/9aG9LMBf2Z are using your footage in broadcasts for Hate Trolling of the Manchester Arena Bomb victims? https://t.co/fQzOf6QgW6,-0.840168050416806,1,1,0,1,0,34,96,4711,-0.840168050416806,True,,reliable,,are you aware that are using your footage in broadcasts for Hate Trolling of the Manchester Arena Bomb victims?,111,19
78926,V9ADG6VqzQx0,2017-05-23 08:55:14+00:00,aJneDn1kRdNE,"Manchester Arena Explosion: Ariana Grande Concert victim Georgina Callander https://t.co/rk1yWHfppN via @newscomauHQ
rip",-0.273212885294474,0,0,0,1,0,27,124,5160,-0.273212885294474,True,,reliable,,Manchester Arena Explosion Ariana Grande Concert victim Georgina Callander via rip,82,11
81951,dM4oN6neqqzw,2017-05-23 07:05:44+00:00,WaDO4v,"Manchester terror attack latest:
- 22 dead, 59 injured
- children among the dead
- lone male carried out attack
https://t.co/DZJ4whqJn4",-0.971930782769259,6,8,5,1,0,645529,2247,225184,-0.509381007924365,True,,reliable,,"Manchester terror attack latest - 22 dead, 59 injured - children among the dead - lone male carried out attack",110,20
87210,ronZzGNDK7A8,2017-05-23 01:18:32+00:00,mKqjA6w,This attack at Manchester Arena is breaking my heart #Manchester #ArianaGrande 💔💔😔,-0.476657605574574,0,1,1,0,0,443,204,11336,-0.476657605574574,True,,reliable,,This attack at Manchester Arena is breaking my heart Manchester ArianaGrande,76,11
59575,a3ZLjb3vGRYk,2017-05-24 01:44:47+00:00,AVn0K1E,"#StopMuslimImmigrantINVASION
JONES: I Blame #Islam &amp; The #Left for #ManchesterArena Terror Attack, Not the Victims https://t.co/c8kYtDgSjD",-0.875,0,0,0,1,0,202,250,62747,-0.875,Fake,Refugee bomber,misinformation,Refugee bomber,"StopMuslimImmigrantINVASION JONES I Blame Islam amp The Left for ManchesterArena Terror Attack, Not the Victims",111,15
3661,7Dk6qoXDJRmYx,2022-07-10 10:09:51+00:00,D6wopVWLbw40E,@ASPD9 @rorybremner Proven fact is one refugee who was let in went  to the Manchester arena during a concert and blew our children up with a suicide bomb !!! Look it up !!!,-0.827129996023704,0,0,0,0,0,1013,1929,15734,-0.347580193478977,Fake,Refugee bomber,misinformation,Refugee bomber,Proven fact is one refugee who was let in went to the Manchester arena during a concert and blew our children up with a suicide bomb !!! Look it up !!!,151,31
39873,VG4d1Xn1bp9Y,2017-09-04 16:45:28+00:00,vXw3xG6,#NHS #Health News from BBC #kineton Manchester Arena bomb victim Eve Senior wants to nurse https://t.co/tRSWTg6Gty,-0.612372435695795,0,0,0,1,0,1083,2073,7645,-0.612372435695795,True,,reliable,,NHS Health News from BBC kineton Manchester Arena bomb victim Eve Senior wants to nurse,87,15
1252,3NVDMBjdl9Y4W,2023-03-02 14:00:03+00:00,7mxWdo6,"BREAKING: MI5 missed a “significant” opportunity to prevent the Manchester Arena attack by failing to act on intelligence which could have uncovered the bomb, a damning inquiry report has concluded",-0.750630313328434,1,1,1,0,0,2547,1211,3216,-0.70824437414019,True,,reliable,,"BREAKING MI5 missed a significant opportunity to prevent the Manchester Arena attack by failing to act on intelligence which could have uncovered the bomb, a damning inquiry report has concluded",194,30
6961,OO6dPLKAmKGxJ,2021-11-16 08:29:13+00:00,E4AaLw9dW8qve,"@Soozywoozy2014 The man who bombed Manchester Arena was British born,The men who murdered Lee Rigby were both  British born,7/11 tube bombers 3 were British Born one was Jamaican born,London Bridge attack was carried out by a British national.I don't think the Asylum system is the issue here.",-0.817623560871883,0,0,0,0,0,69,151,3368,-0.817623560871883,Fake,Refugee bomber,misinformation,Refugee bomber,"The man who bombed Manchester Arena was British born,The men who murdered Lee Rigby were both British born,7 11 tube bombers 3 were British Born one was Jamaican born,London Bridge attack was carried out by a British national.I don't think the Asylum system is the issue here.",276,47
1396,d6rvqaNVmboPQ,2023-02-28 08:04:01+00:00,rPar8pl3NYXN4,"@Shanetallaght I remember how ‘shocking’ it was when extremists Mowed down innocent pedestrians on London Bridge, also how shocked I was over the Bombing at Manchester arena, all carried out by “foreigners’… indigenous populations have had enough https://t.co/WDA30cQNFI",-0.381819167922678,0,0,0,1,0,626,23,2785,-0.73180250393201,Fake,Refugee bomber,misinformation,Refugee bomber,"I remember how shocking it was when extremists Mowed down innocent pedestrians on London Bridge, also how shocked I was over the Bombing at Manchester arena, all carried out by foreigners indigenous populations have had enough",226,36
621,rPZxZJB8bm7N4,2023-03-02 23:48:37+00:00,QrvZXqWbKWGlD,"'Blood on their hands': could MI5 have prevented the Manchester Arena attack?

https://t.co/nnBNqIq5Mz
Yes exactly by not letting any foreigner in the country 100% they always bring it on them selfs purposely 
Sent via @updayUK",0.440433570760169,0,0,0,1,0,40,33,3248,0.440433570760169,Fake,Refugee bomber,misinformation,Refugee bomber,'Blood on their hands' could MI5 have prevented the Manchester Arena attack? Yes exactly by not letting any foreigner in the country 100 they always bring it on them selfs purposely Sent via,190,33
66595,ronoGvM884Yb,2017-05-23 16:00:22+00:00,KYbkb30,"Manchester Arena attack: ISIS claims responsibility after 22 killed, almost 60 injured - https://t.co/iuNelBdbJW #VMVideos",-0.87520484282744,0,0,0,1,0,589,583,169605,-0.79755568173388,True,,reliable,,"Manchester Arena attack ISIS claims responsibility after 22 killed, almost 60 injured - VMVideos",96,14
3786,rP1Q8kvDQlGw1,2022-06-18 15:16:12+00:00,vpEoddP9R04J1,@bmay 22 children blown apart by bomb planted by channel migrant.Manchester arena. Their blood on your hands.,0.0,0,4,0,0,0,1608,1760,21559,-0.201189512727673,Fake,Refugee bomber,misinformation,Refugee bomber,22 children blown apart by bomb planted by channel migrant.Manchester arena. Their blood on your hands.,103,16
2110,oRxJ3lEdDjbk4,2022-11-22 01:13:05+00:00,rPa8W1NllD98G,"@alicatte007 @GBNEWS She was on every news channel saying; “the manchester arena attack was deserved”. She had no empathy to the children who lost their lives and said that loud and clear.
That in itself spks volumes on where her moral compass is. Those views are most certainly a “security risk”.",-0.0258112866459835,0,0,0,0,0,1537,2134,6609,-0.0258112866459835,True,,reliable,,She was on every news channel saying the manchester arena attack was deserved. She had no empathy to the children who lost their lives and said that loud and clear. That in itself spks volumes on where her moral compass is. Those views are most certainly a security risk.,271,49
17539,a1wKQEZllqYBk,2020-05-20 17:46:24+00:00,wppQWp13AYV1r,Packed weekend #unitedwestreamgm - Thu &amp; Sun @ManJazzFest - Fri a special event to mark 3rd anniversary of the Manchester Arena attack  @MelanieCmusic @SurvivorsChoir - Sat - another amazing @realmadchester all-dayer - Mon @RonJichardson @SJHospice -  details incoming!! ❤️❤️ https://t.co/avR1sph9Yl,0.526741537567376,8,22,0,1,1,16346,363,13672,0.526741537567376,True,,reliable,,Packed weekend unitedwestreamgm - Thu amp Sun - Fri a special event to mark 3rd anniversary of the Manchester Arena attack - Sat - another amazing all-dayer - Mon - details incoming!!,183,32
53150,dMLGLrWGO6MJ,2017-05-24 19:28:17+00:00,maVnxwN,This was us about 20minutes before the attack at Manchester Arena on Monday. After the… https://t.co/zRnPW0mjMl,-0.476657605574574,0,8,1,1,0,11003,763,16577,-0.476657605574574,True,,reliable,,This was us about 20minutes before the attack at Manchester Arena on Monday. After the,86,15
1951,lejZ4AnAGYaXm,2022-12-14 08:56:09+00:00,vpEoddP9R04J1,@nazirafzal 22 children blown up and murdered. By a bomb detonated by a migrant “rescued” from the channel. Their blood on your hands. Manchester Arena.,-0.381819167922678,1,0,0,0,0,1608,1760,21559,-0.201189512727673,Fake,Refugee bomber,misinformation,Refugee bomber,22 children blown up and murdered. By a bomb detonated by a migrant rescued from the channel. Their blood on your hands. Manchester Arena.,138,24
4642,vpvb1jbJRRJZD,2022-05-22 07:46:20+00:00,a1dJwD4,"WE WILL NEVER FORGET!🐝🐝🐝🐝🐝🐝🐝🐝🐝🐝🐝🐝🐝🐝🐝🐝🐝🐝🐝🐝🐝🐝 this treacherous terror attack - innocent victims ,who were watching the #ArianaGrande concert at Manchester Arena #OneLoveManchester, #ManchesterRemembers #WeStandTogether #machester #manchesterarena https://t.co/ezHshNqzh8",0.163532176609015,63,1030,2,1,1,137896,8064,14284,0.163532176609015,True,,reliable,,"WE WILL NEVER FORGET! this treacherous terror attack - innocent victims ,who were watching the ArianaGrande concert at Manchester Arena OneLoveManchester, ManchesterRemembers WeStandTogether machester manchesterarena",216,25
41351,678rLXmqLrmr,2017-07-12 09:03:12+00:00,KLOPxYZ,WATCH: Special Council meeting reflecting on the aftermath of the Manchester Arena attack https://t.co/GNUFG8Qqom https://t.co/cGujH64oPp,-0.102733099387503,0,0,0,1,1,16298,12523,80820,-0.493754841029926,True,,reliable,,WATCH Special Council meeting reflecting on the aftermath of the Manchester Arena attack,88,13
8644,nOl8AD4MQqDPZ,2021-08-01 13:59:37+00:00,znYmLl,"‘The reason emergency help did not arrive is because the ambulance and fire services were performing risk assessments before they would go to the scene of the explosion.’

✍️ Duncan Gardham

https://t.co/8rynXYekwm",-0.526741537567377,6,12,1,1,0,253768,843,130722,-0.444908835214472,True,,reliable,,The reason emergency help did not arrive is because the ambulance and fire services were performing risk assessments before they would go to the scene of the explosion. Duncan Gardham,183,30
17670,xdPaOQ9K6nDV9,2020-05-06 08:12:32+00:00,lpWV0m,"@AlisonHammond @Hive22Running is a running club set up in memory of the victims of the Manchester Arena attack. It is free, online and money raised from kit and medals goes to support the victims. Supporting a worthy cause while keeping active and it also helps mental health. Fab group 🐝",0.943242218283799,0,1,0,0,0,165,951,6059,0.594626122167129,True,,reliable,,"is a running club set up in memory of the victims of the Manchester Arena attack. It is free, online and money raised from kit and medals goes to support the victims. Supporting a worthy cause while keeping active and it also helps mental health. Fab group",256,47
14765,xdko1WXpGP73b,2020-09-08 17:24:05+00:00,N47LrNq,SO a bomb went of at The Manchester Arena killing and injuring Many The First Paramedic didn't arrive for 40 MINUTES And was the only paramedic on the scene Ambulances waited outside and The first fire engine wasn't on scene for TWO HOURS What was going on? https://t.co/I79ms8Bc0b,-0.875,1,2,3,1,1,12,57,8010,-0.875,True,,reliable,,SO a bomb went of at The Manchester Arena killing and injuring Many The First Paramedic didn't arrive for 40 MINUTES And was the only paramedic on the scene Ambulances waited outside and The first fire engine wasn't on scene for TWO HOURS What was going on?,257,47
58399,a3Abb48Gl38O,2017-05-24 06:37:39+00:00,O7bBmAxAjKwm,"He was known to the authorities #manchesterattack

Salman Ramadan Abedi named by police as Manchester Arena attacker
https://t.co/JG1zerKKJw",-0.526741537567377,0,0,0,1,0,143,505,2310,-0.526741537567377,Fake,The police knew the attacker,misinformation,The police knew the attacker,He was known to the authorities manchesterattack Salman Ramadan Abedi named by police as Manchester Arena attacker,114,17
7056,Gp4ZxJQqWR0Jm,2021-11-02 23:12:03+00:00,qR6o0JNE1E0Av,@jaamesbown_ @deathbychocoIat @dwoutcharted @DONTUSAYSO @PopCrave @edsheeran @HITSDD The lies pls😭 sweetener did less and it was after Manchester arena bomb https://t.co/8Q0Frl3ylf,-0.440433570760169,0,0,0,1,0,697,570,7351,-0.440433570760169,True,,reliable,,The lies pls sweetener did less and it was after Manchester arena bomb,70,13
71148,9Z9l40vJaZrN,2017-05-23 12:47:40+00:00,prJKGX,So cowardly to attack children and young people! Spirit will never be broken! https://t.co/Nv1NDq4fqX,-0.349772469371623,0,0,0,1,0,247,921,9173,-0.349772469371623,True,,reliable,,So cowardly to attack children and young people! Spirit will never be broken!,77,13
2087,V3lJJdZqwM6nm,2022-11-22 20:49:16+00:00,LweenPm,@Anesu_24 @linmeitalks She believed that the  Manchester Arena attack was “justified”? She was 19 when she said that. Hmm 🤔,-0.102733099387503,0,1,2,0,0,254,631,13226,-0.31473731847744,True,,reliable,,She believed that the Manchester Arena attack was justified? She was 19 when she said that. Hmm,95,17
81873,a3Zojpp6VZXB,2017-05-23 07:08:26+00:00,0DdKKe,LIVE BLOG: 22 dead after terror attack at Manchester Arena concert https://t.co/Mt86ElDoc5 https://t.co/T0rAHOqsle,-0.895664663740519,2,0,0,1,1,17101,1139,69012,-0.84820949020048,True,,reliable,,LIVE BLOG 22 dead after terror attack at Manchester Arena concert,65,11
85421,vlwKz1pBErWR,2017-05-23 03:52:09+00:00,pkMXp9b,What we know so far about the Manchester Arena attack – video explainer https://t.co/wxSKiDS1Bn ^Guardian https://t.co/7Nn8Xi41ZZ,-0.476657605574574,0,0,0,1,1,5002,2300,2685235,-0.555032036305158,True,,reliable,,What we know so far about the Manchester Arena attack video explainer Guardian,78,13
46961,dMvdENbawYWz,2017-05-28 11:17:45+00:00,3PmaWW,"Adore Manchester.

‘Manchester has a sense of identity that you don’t find elsewhere. It’s a city that takes you in’ https://t.co/4Es6Ukfs3A",0.557370401713154,0,2,0,1,0,1545,2659,5330,0.557370401713154,True,,reliable,,Adore Manchester. Manchester has a sense of identity that you dont find elsewhere. Its a city that takes you in,111,20
42496,V7YArkvXzWRk,2017-06-23 15:36:18+00:00,nk8DNG04Yvr8,Ariana Grande is to be the first patron of a charity set up for survivors and victims of the Manchester Arena attack. https://t.co/DlhPoDoLIc,0.0258112866459833,0,1,0,1,1,27,75,49,0.0258112866459833,True,,reliable,,Ariana Grande is to be the first patron of a charity set up for survivors and victims of the Manchester Arena attack.,117,22
46675,0G7LYV97DzvO,2017-05-28 18:23:20+00:00,vV9G9E7AX4qQ,#Break: Officers investigating the attack on the #Manchester Arena have executed two more warrants; one in #Rusholme and one in #Gorton -LBC,-0.476657605574574,0,0,0,0,0,239,396,4661,-0.636694183660687,True,,reliable,,Break Officers investigating the attack on the Manchester Arena have executed two more warrants one in Rusholme and one in Gorton -LBC,134,22
2524,9EqR1DeAwlJeG,2022-11-03 20:44:00+00:00,9d03ZA8,"They ALL could have survived if we didn't let asylum seekers back from holiday in the country they are supposed to have fled from!

BBC News - Manchester Arena victim John Atkinson could have survived attack
https://t.co/mFzkyos4ZT",0.624893326938946,2,2,0,1,0,11783,11887,75339,-0.465143824491517,Fake,Refugee bomber,misinformation,Refugee bomber,They ALL could have survived if we didn't let asylum seekers back from holiday in the country they are supposed to have fled from! BBC News - Manchester Arena victim John Atkinson could have survived attack,206,36
3179,V3l60NO7YZ73q,2022-10-30 14:41:28+00:00,V3OWvBqpOVdvk,"@YvetteCooperMP Don't forget, this was one of yours #RefugeesWelcome https://t.co/a5GrzSHjeA",-0.226347954672536,0,1,0,1,0,266,265,7863,0.106812466838395,Fake,Refugee bomber,misinformation,Refugee bomber,"Don't forget, this was one of yours RefugeesWelcome",51,8
6283,LARaAKZk6QxkK,2022-01-06 20:27:00+00:00,JQ4mnl,"'Glade of Light' memorial to Manchester Arena terror attack victims opens to public
https://t.co/a2S5flj5Sd https://t.co/O9xqqvs1rY",-0.822462893624465,3,5,0,1,1,1386780,4083,939467,-0.580048587981103,True,,reliable,,'Glade of Light' memorial to Manchester Arena terror attack victims opens to public,83,13
5290,nO0VrM9OZV8rG,2022-04-15 12:39:46+00:00,8ORNNvl,"I do.
Try asking Manchester arena bombing victims.
Make asylum a safe process for all.
Analysis by the Henry Jackson Society of convictions over the past 20 years identified 45 foreign nationals who served prison sentences for terror offences were allowed to remain in the UK. https://t.co/pH79UqmML2",-0.778253322150626,0,0,0,1,0,1375,1273,66075,-0.752599553084333,Fake,Refugee bomber,misinformation,Refugee bomber,I do. Try asking Manchester arena bombing victims. Make asylum a safe process for all. Analysis by the Henry Jackson Society of convictions over the past 20 years identified 45 foreign nationals who served prison sentences for terror offences were allowed to remain in the UK.,276,46
85947,wZ7BKaOqmPlP,2017-05-23 03:01:59+00:00,GGZPpp,"Lauter Knall...

Video shows moment when the bomb detonated at #Ariana Grande's concert in #Manchester Arena. 
https://t.co/4nOkrj0tSa",-0.493914580573631,0,0,0,1,0,7358,2624,541791,-0.493914580573631,True,,reliable,,Lauter Knall... Video shows moment when the bomb detonated at Ariana Grande's concert in Manchester Arena.,106,16
2262,3NpkX3Z94lNXl,2022-11-06 11:37:02+00:00,r9mGZGZE98k8,"@MrBrendanCox The individual concerned was just that, an individual, he had zero terror links and no other people were involved.
Nobody died unlike Manchester arena.
The murderer of Emily Jones was an Islamist refugee but was declared mentally ill and her actions were not blamed on terror.",-0.967838587347613,1,1,0,0,0,969,1579,40732,-0.903520285771027,Fake,Refugee bomber,misinformation,Refugee bomber,"The individual concerned was just that, an individual, he had zero terror links and no other people were involved. Nobody died unlike Manchester arena. The murderer of Emily Jones was an Islamist refugee but was declared mentally ill and her actions were not blamed on terror.",276,46
8247,D6zJk9XDY4DLE,2021-08-31 17:51:12+00:00,xdd4kWx8BOARL,"Please stop trying follow every fake story that is released.
These people faked the Manchester Arena Bomb (Novichok, Everhard, Westminster Bridge, 7.7.2005 &amp; many more) to steal billions and fake a narrative. 
The UK is criminal to the core, they are capable of anything.",-0.923147976982903,0,1,0,0,0,421,484,5011,-0.800820576998755,Fake,Conspiracy,misinformation,Conspiracy,"Please stop trying follow every fake story that is released. These people faked the Manchester Arena Bomb Novichok, Everhard, Westminster Bridge, 7.7.2005 amp many more to steal billions and fake a narrative. The UK is criminal to the core, they are capable of anything.",270,44
2549,qRABexZRdJ6YN,2022-11-03 19:33:53+00:00,WeBlEMw,This report is damning. Why were appalling decisions made and accepted by 1st responders? What action will be taken on decision makers? How do we really know response change has taken place? Manchester Arena victim John Atkinson could have survived attack https://t.co/NX57bxV6V8,-0.571885032070072,0,1,0,1,0,726,234,41853,-0.571885032070072,True,,reliable,,This report is damning. Why were appalling decisions made and accepted by 1st responders? What action will be taken on decision makers? How do we really know response change has taken place? Manchester Arena victim John Atkinson could have survived attack,255,41
52565,vl3KOoQedGzQ,2017-05-24 21:25:13+00:00,ED3L19M,Brother of #ManchesterAttack bomber knew an attack was coming: Libyan official - ABC News - https://t.co/M5LJS9l8wn via @ABC,-0.476657605574574,0,0,0,1,0,397,1190,9802,-0.476657605574574,True,,reliable,,Brother of ManchesterAttack bomber knew an attack was coming Libyan official - ABC News - via,93,16
9765,4z0dpVEmQV0OE,2021-06-15 21:20:37+00:00,bXabbjd,"Manchester Arena bombing: The agonising missed chances to stop killer Salman Abedi from Libya
#Appeasement
#Dhimmitude
#DecoloniseTheUK
#DiversityIsOurStrength
#GaddafiWasRight
#Hijrah
#Infidelophobia
#Maruna
#RefugeesWelcome
#Taqiyya
#Tawriya
#NewBritain

https://t.co/qtjtFpNzXE",-0.848122265505103,0,1,1,1,0,2337,4613,41777,-0.625616878241805,Fake,Refugee bomber,misinformation,Refugee bomber,Manchester Arena bombing The agonising missed chances to stop killer Salman Abedi from Libya Appeasement Dhimmitude DecoloniseTheUK DiversityIsOurStrength GaddafiWasRight Hijrah Infidelophobia Maruna RefugeesWelcome Taqiyya Tawriya NewBritain,242,26
29812,aB3LRKZ1nJAE,2018-05-22 08:27:57+00:00,1VMjzl,"Brilliant words from @MarcusRashford about what happened 1 year ago, today. @ManUtd #ManchesterArena #OneLoveManchester  https://t.co/NfgqDlD4FA",0.585881765446162,0,0,0,1,0,106,549,7974,0.585881765446162,True,,reliable,,"Brilliant words from about what happened 1 year ago, today. ManchesterArena OneLoveManchester",93,12
85824,YrLW8Z8vNLQl,2017-05-23 03:12:19+00:00,VZB0arr3JAAx,The attack on the Manchester Arena! Is nothing short than Satanic behaviour!Enough is Enough! Its time for the U.K to act Once and for all..,-0.476657605574574,0,0,0,0,0,2,8,33,-0.476657605574574,True,,reliable,,The attack on the Manchester Arena! Is nothing short than Satanic behaviour!Enough is Enough! Its time for the U.K to act Once and for all..,140,25
57870,WPnjQa7LbGGj,2017-05-24 08:09:15+00:00,qX74QE,"Victoria Station will remain closed again today. 
https://t.co/Z4vTmXcVcw",0.0,0,0,0,1,0,96384,970,188118,-0.313996404048893,True,,reliable,,Victoria Station will remain closed again today.,48,7
84596,n7DNkaMDxVeJ,2017-05-23 05:10:44+00:00,Kqmvzwe,"Sad to hear about this bomb in manchester arena ,and thoughts go to victims famalies",-0.812604508328942,0,0,0,0,0,43,195,1923,-0.812604508328942,True,,reliable,,"Sad to hear about this bomb in manchester arena ,and thoughts go to victims famalies",84,15
5182,xdaZnJ97pbzr4,2022-05-04 12:05:43+00:00,ewOGdG8ZKB81B,New Royal Engagement: The Duke and Duchess of Cambridge will attend the official opening of Light Memorial on May 10th. The Memorial commemorates the victims of the May 22 2017 terrorist attack at Manchester Arena.❤️🙏#DukeandDuchessOfCambridge https://t.co/Gwxqo8PzE0,-0.784527379658275,5,35,0,1,1,3489,2931,24253,-0.733777406312975,True,,reliable,,New Royal Engagement The Duke and Duchess of Cambridge will attend the official opening of Light Memorial on May 10th. The Memorial commemorates the victims of the May 22 2017 terrorist attack at Manchester Arena.DukeandDuchessOfCambridge,238,35
45108,roKOPevOAPAm,2017-05-30 12:22:35+00:00,4kYLGE,@bbclaurak May was warned by FBI on January 17th this year that Abedi was planning a terror attack. Government did nothing! https://t.co/9vALBKyF6O,-0.822462893624465,0,0,0,1,0,284,999,7347,-0.73666081882324,True,,reliable,,May was warned by FBI on January 17th this year that Abedi was planning a terror attack. Government did nothing!,112,20
86036,oQkb0lV9BGNj,2017-05-23 02:54:01+00:00,rBNQA0p,"@politicalmiller ... here's another violent extremist attack you ought to condemn, Jack ... with not one, but nineteen, dead ... https://t.co/VaewJcs2hR",-0.931272453865628,0,0,1,1,0,360,497,49180,-0.931272453865628,True,,reliable,,"... here's another violent extremist attack you ought to condemn, Jack ... with not one, but nineteen, dead ...",111,19
59,nOGYwBV87mLvG,2023-03-14 13:07:56+00:00,ew4WknBmB0JQO,"Terror attack 🤣🤣have you had a lobotomy 
Gordon Stainedmattress
Forgotten the Manchester arena bombing all them young lives lost 
yes killed by a asylum seeker seeker
hang your head in shame you🪳🪳 https://t.co/xzpdiUEcNk",-0.939267596636045,0,0,0,1,0,889,980,61112,-0.860322604844825,Fake,Refugee bomber,misinformation,Refugee bomber,Terror attack have you had a lobotomy Gordon Stainedmattress Forgotten the Manchester arena bombing all them young lives lost yes killed by a asylum seeker seeker hang your head in shame you,190,32
954,vp8Okq0dvJqKb,2023-03-02 16:37:46+00:00,P4MO7eM,The damning report into the Manchester Arena bombing has found that MI5 missed a “significant opportunity” to act on two pieces of intelligence leading up to the attack. Read more about the upsetting findings: https://t.co/XdKQeoZRyz https://t.co/S5y20yjkvk,-0.476657605574574,2,5,0,1,1,1684,821,4398,-0.173935667171356,True,,reliable,,The damning report into the Manchester Arena bombing has found that MI5 missed a significant opportunity to act on two pieces of intelligence leading up to the attack. Read more about the upsetting findings,206,34
12617,3NPPA6jknaBVv,2020-12-07 12:23:59+00:00,rKxXwW1ZXAYQ,"Hashem Abedi has admitted involvement in planning the Manchester Arena bombing for the first time, an inquiry has been told.

The 2017 terror attack, which targeted an Ariana Grande concert, killed 22 people.

https://t.co/4A4hLWOECj https://t.co/8jTAwjkVrX",-0.890978546741256,0,0,0,1,1,213,56,36109,-0.804907113752075,True,,reliable,,"Hashem Abedi has admitted involvement in planning the Manchester Arena bombing for the first time, an inquiry has been told. The 2017 terror attack, which targeted an Ariana Grande concert, killed 22 people.",207,33
16473,1PABloYp0JL0V,2020-06-13 13:57:51+00:00,ew3rpnr,"BBC News - Manchester Arena attack inquiry: Union asked for views
https://t.co/N4YkBYpQdi",-0.476657605574574,0,0,0,1,0,1753,2512,238557,-0.537122735200403,True,,reliable,,BBC News - Manchester Arena attack inquiry Union asked for views,64,11
19335,LA1DMW0VGzW9l,2020-01-17 12:45:11+00:00,m1bY6zj,"Eminem has been condemned by the families of the Manchester arena bombing victims for making light of the attack in a new song.

 https://t.co/dv9mO9z24J",-0.796389070934751,4,3,3,1,0,109964,122,70236,-0.651221289642258,True,,reliable,,Eminem has been condemned by the families of the Manchester arena bombing victims for making light of the attack in a new song.,127,23
3137,rP7ZjVxbwDOK4,2022-10-31 10:08:23+00:00,V3OWvBqpOVdvk,I wonder how many of just yesterday's arrivals on the South Coast have the same beliefs as this refugee? @Iromg @TalkTV https://t.co/a5GrzSHjeA,0.0,0,1,0,1,0,266,265,7863,0.106812466838395,Fake,Refugee bomber,misinformation,Refugee bomber,I wonder how many of just yesterday's arrivals on the South Coast have the same beliefs as this refugee?,104,19
5028,V3Y3WzYZwYOmw,2022-05-11 07:17:36+00:00,pKrqVKX,"Martin Hibbert, who was badly injured in the Manchester Arena attack, has told #CapitalReports the continued support of Prince william and Kate means a lot. They were in Manchester yesterday to officially open the Glade Of Light memorial. https://t.co/FtX2GFhePl",-0.735147044114705,0,1,0,1,1,4592,4742,29189,-0.458975543898027,True,,reliable,,"Martin Hibbert, who was badly injured in the Manchester Arena attack, has told CapitalReports the continued support of Prince william and Kate means a lot. They were in Manchester yesterday to officially open the Glade Of Light memorial.",237,38
70920,oQkJRLwKbBvY,2017-05-23 12:54:05+00:00,WBaqxXQ,This Woman Cared for 50 Children at a Hotel Following the Manchester Attack https://t.co/8Y7OEX1Tse https://t.co/QToHkQDVnC,-0.0772283284276542,0,0,0,1,1,4443,286,145063,-0.343670836205453,Fake,Children sheltered in hotels,misinformation,Children sheltered in hotels,This Woman Cared for 50 Children at a Hotel Following the Manchester Attack,75,13
80083,79Y0vGWlEAmx,2017-05-23 08:20:06+00:00,lzDJe7K,Concerned friends &amp; relatives can use emergency number 0161 856 9400 - set up after Manchester Arena attack https://t.co/EGM9igxWOe,-0.295958174200194,0,1,0,1,0,637,784,32980,-0.295958174200194,True,,reliable,,Concerned friends amp relatives can use emergency number 0161 856 9400 - set up after Manchester Arena attack,109,18
11305,NWqeOMvBvow88,2021-03-03 10:37:09+00:00,zXd7ll,Fire service crew manager Nicholas Mottram tells the inquiry there was a 'clear lack of leadership when it was needed for the biggest terror attack that Manchester has ever had' - live updates: https://t.co/i9E839C3zU,-0.822462893624465,2,7,1,1,0,662727,1439,362383,-0.42559874603329,True,,reliable,,Fire service crew manager Nicholas Mottram tells the inquiry there was a 'clear lack of leadership when it was needed for the biggest terror attack that Manchester has ever had' - live updates,192,33
9567,M3AJRjRxlRzNz,2021-06-17 13:51:19+00:00,3ObX1G0,"Security missed chances to prevent Manchester Arena attack, inquiry finds

https://t.co/gjG7RmHo7U",-0.202288694969669,0,0,0,1,0,651,1805,18082,-0.581921039057294,True,,reliable,,"Security missed chances to prevent Manchester Arena attack, inquiry finds",73,10
6007,vpE03PZN74dKv,2022-02-08 00:50:17+00:00,kR319668OAMxl,"Well these few realities might give you a clue ... 🙄

7/7, Manchester Arena, Reading, Liverpool, misogyny, homophobia, forced marriages, FGM, rape gangs, sharia, halal, hate preachers, refusal to integrate, mass Mosque building &amp; 40k! Muslims on the terror watch list https://t.co/PoFmQCIANw",-0.92870816414906,55,138,3,1,0,33223,32506,29568,-0.628927471520072,True,,reliable,,"Well these few realities might give you a clue ... 7 7, Manchester Arena, Reading, Liverpool, misogyny, homophobia, forced marriages, FGM, rape gangs, sharia, halal, hate preachers, refusal to integrate, mass Mosque building amp 40k! Muslims on the terror watch list",266,41
87772,KPEaXMvKvz6e,2017-05-23 00:32:08+00:00,Wz09OQv,Trade #Forex 50% Bonus Up To $2000 on your First Deposit Here https://t.co/P0yVDoXisR UK media now saying Manch... https://t.co/LQ23eYQqWC,0.54232614454664,0,0,0,1,0,11463,879,122406,0.54232614454664,True,,reliable,,Trade Forex 50 Bonus Up To 2000 on your First Deposit Here UK media now saying Manch...,87,17
29977,rmobWe1oGm69,2018-05-22 07:49:15+00:00,nOLwVnk,"What will always stick with me after the Manchester Arena attack were the weeks that followed, the strongest sense of unity I've seen #manchestertogether #ManchesterArena #ChooseLove",-0.0515710623129397,0,3,0,0,0,359,1118,3978,-0.0515710623129397,True,,reliable,,"What will always stick with me after the Manchester Arena attack were the weeks that followed, the strongest sense of unity I've seen manchestertogether ManchesterArena ChooseLove",179,26
57580,DX9e0KVw4MPN,2017-05-24 09:08:11+00:00,DNGDwVn,"""If we had banned immigrants the Manchester arena attack wouldn't have happened""

DONT BE STUPID THE PERSON WHO DID IT WAS FROM MANCHESTER!",-0.514529940282732,0,0,0,0,0,1697,787,23026,-0.514529940282732,Fake,Refugee bomber,misinformation,Refugee bomber,"""If we had banned immigrants the Manchester arena attack wouldn't have happened"" DONT BE STUPID THE PERSON WHO DID IT WAS FROM MANCHESTER!",138,23
29810,V89z0EaAElw7,2018-05-22 08:28:31+00:00,oAdBoEb,Today our flag flies at half mast and we take time to reflect on and remember the victims and their families of the Manchester Arena Terror Attack.  At 14:30hrs we will pause for a minutes silence to remember them #ManchesterArena #999Family https://t.co/i3yn1xrrSw,-0.822462893624465,2,10,1,1,1,3107,162,2002,-0.822462893624465,True,,reliable,,Today our flag flies at half mast and we take time to reflect on and remember the victims and their families of the Manchester Arena Terror Attack. At 14 30hrs we will pause for a minutes silence to remember them ManchesterArena 999Family,238,42
84801,3GLkRzNDR1od,2017-05-23 04:55:56+00:00,a1DPOvr,How sad is this! 😢😢😢 another terrorist attack BBC News - Manchester Arena: Eyewitnesses describe blast horror https://t.co/aUMkX1k7Lq,-0.939267596636045,0,0,0,1,0,659,388,5116,-0.939267596636045,True,,reliable,,How sad is this! another terrorist attack BBC News - Manchester Arena Eyewitnesses describe blast horror,104,16
18870,B88AozlQjbqE4,2020-02-07 11:02:21+00:00,0zDzJOkjLnwE,"Just in case anyone had seen an earlier report from @GranadaReports , Lisa (Chloe’s mam) was not injured in the Manchester Arena attack and has been in a wheelchair for a long time 💗💙#lazyreporter",-0.700349291735761,7,27,1,0,0,3562,4977,8498,0.584091722271988,True,,reliable,,"Just in case anyone had seen an earlier report from , Lisa Chloes mam was not injured in the Manchester Arena attack and has been in a wheelchair for a long time lazyreporter",174,33
34198,DaE9LAoe0wbE,2018-02-24 06:57:23+00:00,rk0zRP4vOWZ9,"Homeless Chris Parker, who stole from Manchester Arena bomb attack victims, jailed for Four! Five! Six! Seven! Almost there! Eight! Nine! TEN! Yay!",-0.801995608018326,0,0,0,0,0,3,29,28,-0.801995608018326,True,,reliable,,"Homeless Chris Parker, who stole from Manchester Arena bomb attack victims, jailed for Four! Five! Six! Seven! Almost there! Eight! Nine! TEN! Yay!",147,23
19198,3NZL8L3dZ3EmR,2020-01-23 10:47:44+00:00,k9DDKqGrJKDR,"@Rachaelcartoons @carolJhedges @AlfDubs This is what liberal lefties and #Remainers are responsible for.

Inviting terrorists disguised as refugees into the UK to murder our own people.

I won't forget and won't let you forget the lives lost because of it...

https://t.co/RjWEGyfiiv",-0.918558653543692,0,3,0,1,0,1023,1392,37283,-0.254751497281083,Fake,Refugee bomber,misinformation,Refugee bomber,This is what liberal lefties and Remainers are responsible for. Inviting terrorists disguised as refugees into the UK to murder our own people. I won't forget and won't let you forget the lives lost because of it...,215,37
58695,vl3pJWmB4QXZ,2017-05-24 05:28:09+00:00,bXndxAN,Salman Ramadan known by police #Manchester Arena attacker https://t.co/8BYqRU561B,-0.571885032070072,0,0,0,1,0,466,1797,11183,-0.571885032070072,Fake,The police knew the attacker,misinformation,The police knew the attacker,Salman Ramadan known by police Manchester Arena attacker,56,8
45263,dM7o8nL9X4Re,2017-05-30 02:47:00+00:00,akrD30k,#Happiness: Manchester Arena attack - the heroes who shone light in Manchester's darkest hour https://t.co/dTNJLPENvq,-0.401923825269382,0,1,0,1,0,19257,3289,1755845,-0.440282913789157,True,,reliable,,Happiness Manchester Arena attack - the heroes who shone light in Manchester's darkest hour,91,14
127,j7GapDYmb96qL,2023-03-09 09:19:26+00:00,vpEoddP9R04J1,@SteveChalke 22 children blown up by a bomb detonated by a migrant “rescued” from the channel. Hundreds more left with life changing injuries. You don’t care how many innocent U.K. citizens die. Manchester Arena. Never forget. Never forgive.,-0.0597025040572317,0,0,0,0,0,1608,1760,21559,-0.201189512727673,Fake,Refugee bomber,misinformation,Refugee bomber,22 children blown up by a bomb detonated by a migrant rescued from the channel. Hundreds more left with life changing injuries. You dont care how many innocent U.K. citizens die. Manchester Arena. Never forget. Never forgive.,225,37
8643,baRv3WwO4N0BJ,2021-08-01 14:25:38+00:00,jr3930,"Did poor doctrine mean lives were lost? This as distinct from the individual heroism we all know existed in the chaos of the Manchester Arena bombing. A sobering description of system failure here by @DuncanGardham 
https://t.co/ZgaXlLqecj via @spectator",-0.855541579265878,1,3,2,1,0,11898,10422,40864,-0.736175075305138,True,,reliable,,Did poor doctrine mean lives were lost? This as distinct from the individual heroism we all know existed in the chaos of the Manchester Arena bombing. A sobering description of system failure here by via,203,35
84818,kzxAAMR9RGd4,2017-05-23 04:54:28+00:00,GN3N8P,"Group of men stopped at police cordon to thank officers for all they are doing
https://t.co/6HZheQFfRJ",0.153093108923949,1,15,0,1,0,533640,1121,467591,-0.37271506114442,True,,reliable,,Group of men stopped at police cordon to thank officers for all they are doing,78,15
56582,ro04jjxejVz8,2017-05-24 11:39:04+00:00,OpPJBJ,"Yaya Touré And His Agent Donate £100,000 To Victims Of Manchester Arena Attack .... https://t.co/5BXR6OJmYv",-0.636949942926426,0,5,0,1,0,841798,4,625728,-0.5568037742505,True,,reliable,,"Yaya Tour And His Agent Donate 100,000 To Victims Of Manchester Arena Attack ....",81,14
45123,YrXrkoEZzeaW,2017-05-30 11:49:24+00:00,d1Er1az,Come on people lets stand together and let's help get a permanent memorial for the 22 killed on Monday 22nd May... https://t.co/nnjbFNtTEI,-0.421463615211762,0,0,0,1,0,22,45,251,-0.529206779069094,True,,reliable,,Come on people lets stand together and let's help get a permanent memorial for the 22 killed on Monday 22nd May...,114,21
19196,oRzk7VvMJ09jP,2020-01-23 12:30:21+00:00,k9DDKqGrJKDR,"@IRBFUK_org_uk @JuliaHB1 If it was up to people like you, we would be inundated with immigrants in this country.

Let's not forget what sort of people you are inviting into our country.

You are inviting trouble, putting our lives at risk.

https://t.co/RjWEGywTH5",0.102733099387503,0,0,1,1,0,1023,1392,37283,-0.254751497281083,Fake,Refugee bomber,misinformation,Refugee bomber,"If it was up to people like you, we would be inundated with immigrants in this country. Let's not forget what sort of people you are inviting into our country. You are inviting trouble, putting our lives at risk.",212,39
16261,j7anqVz8LRq4J,2020-07-16 10:37:27+00:00,vGXYaJQ,"What I find extremely concerning is in what world do these judges live in? 🤬
To even rule Shamima Begum has any kind of rights at all? 
A dangerous isis woman who betrayed our country &amp; literally said the Manchester arena attack was “justified” 

🤯🤯🤯",-0.624893326938946,53,190,31,0,0,13330,7020,49124,-0.330106381721032,True,,reliable,,What I find extremely concerning is in what world do these judges live in? To even rule Shamima Begum has any kind of rights at all? A dangerous isis woman who betrayed our country amp literally said the Manchester arena attack was justified,241,43
9236,oR3Vo7ArO4E0X,2021-06-18 18:04:00+00:00,6WpL6D,"There are calls for those involved in security at the Manchester Arena on the night of the terrorist attack, to potentially face charges of corporate manslaughter.

Andrew Roussos lost his eight-year-old daughter Saffie in the attack.

Read more: https://t.co/FBqdEHaK82 https://t.co/kjilHZ7bjC",-0.895664663740519,10,43,4,1,1,330629,11190,70740,-0.543685087979864,True,,reliable,,"There are calls for those involved in security at the Manchester Arena on the night of the terrorist attack, to potentially face charges of corporate manslaughter. Andrew Roussos lost his eight-year-old daughter Saffie in the attack. Read more",243,38
3920,6oq9oePYboNPw,2022-06-09 08:45:23+00:00,LA8OLPLwllK3Q,"@scobie The same guys also referred to the victims of the 2017 Manchester Arena suicide bomb attack, in which 22 people attending an Ariana Grande concert were killed, as “sluts.”  &amp; praised the 2019 New Zealand mass shooting that left 51 people dead at two mosques during Friday prayers",-0.97291328606972,0,0,0,0,0,4,24,616,-0.97291328606972,True,,reliable,,"The same guys also referred to the victims of the 2017 Manchester Arena suicide bomb attack, in which 22 people attending an Ariana Grande concert were killed, as sluts. amp praised the 2019 New Zealand mass shooting that left 51 people dead at two mosques during Friday prayers",278,48
22256,WbK3AJ7rKxBY,2019-05-22 10:00:18+00:00,awmq3Xk,Remembering the 22 innocent lives lost in the Manchester Arena attack on 22nd May 2017. Never forget 🐝💛🖤 #ManchesterRemembers #ManchesterArena #ManchesterTogether #Manchester22 #rememberingtogether #WeStandTogether #NeverForgotten https://t.co/3C59YJqeSt,-0.325660883787324,1,3,0,1,1,2344,2271,3016,-0.530403963951015,True,,reliable,,Remembering the 22 innocent lives lost in the Manchester Arena attack on 22nd May 2017. Never forget ManchesterRemembers ManchesterArena ManchesterTogether Manchester22 rememberingtogether WeStandTogether NeverForgotten,219,24
7631,NWrp76AkAGXdL,2021-10-19 10:04:30+00:00,K36BaXO,"The Manchester Arena bomber’s brother has left the UK after being called to give evidence to the public inquiry into the attack

Ismail Abedi was due to give evidence on his brother's radicalisation on Thursday, but is no longer in the country

https://t.co/NDpICKo8Tl",-0.476657605574574,8,17,9,1,0,22106,1776,28046,-0.563649295061721,True,,reliable,,"The Manchester Arena bombers brother has left the UK after being called to give evidence to the public inquiry into the attack Ismail Abedi was due to give evidence on his brother's radicalisation on Thursday, but is no longer in the country",241,42
57,NWoqqdXZar49p,2023-03-14 14:10:26+00:00,ew4WknBmB0JQO,"Remember the Manchester arena bombing a real terrorist attack by an asylum seeker
not a word about that from Fani, now feel free to crawl back under your rock
                                 him                                 
                                 👇 https://t.co/pYGZ3rSnF3 https://t.co/Efy1jCO3MH",-0.670478399654806,0,0,0,1,1,889,980,61112,-0.860322604844825,Fake,Refugee bomber,misinformation,Refugee bomber,"Remember the Manchester arena bombing a real terrorist attack by an asylum seeker not a word about that from Fani, now feel free to crawl back under your rock him",162,30
8291,Gpwz4Ap6n3O1m,2021-08-21 23:36:59+00:00,zXbBa6,"@Birdybabe07 I was aghast at the reaction to the Manchester arena bomb
""Don't look back in anger""
No No No 
We should be fecking furious!!!
It may sadly take another b4 the country wakes up!
(Bomber was refugee rescued by royal navy off Syria)",-0.926003339774301,4,11,0,0,0,4376,2736,101018,-0.538575119299543,Fake,Refugee bomber,misinformation,Refugee bomber,"I was aghast at the reaction to the Manchester arena bomb ""Don't look back in anger"" No No No We should be fecking furious!!! It may sadly take another b4 the country wakes up! Bomber was refugee rescued by royal navy off Syria",227,43
37561,0z3WjvnVwVMY,2017-11-24 10:45:04+00:00,rZzRrz8,"We're looking forward to meeting members old &amp; new at our Regional Conference 'Nursing and Resilience Under Pressure', with nurses who cared for patients after the Manchester Arena attack, &amp; the Parrs Wood High School choir. It's promising to be an insightful &amp; informative event. https://t.co/grdaLc2Czy",0.0515710623129397,0,0,0,1,1,3052,2077,7105,-0.150611398951615,True,,reliable,,"We're looking forward to meeting members old amp new at our Regional Conference 'Nursing and Resilience Under Pressure', with nurses who cared for patients after the Manchester Arena attack, amp the Parrs Wood High School choir. It's promising to be an insightful amp informative event.",286,45
10447,6oPpAajY4lM6b,2021-05-22 07:52:06+00:00,vdERaq1,Thoughts are with those who are still suffering on the anniversary of the Manchester Arena Attack.,-0.735147044114705,0,7,0,0,0,1140,1406,7128,-0.653516038092389,True,,reliable,,Thoughts are with those who are still suffering on the anniversary of the Manchester Arena Attack.,98,16
60118,dM4LLv6G33x9,2017-05-23 23:56:45+00:00,Zw0O7We,#ArianaGrande Does Hilarious Impression of Jennifer Lawrence on 'Saturday #ArianaGrande https://t.co/ogT05WVaAF,0.557370401713154,0,0,0,1,0,18280,0,1459429,0.119982843151117,True,,reliable,,ArianaGrande Does Hilarious Impression of Jennifer Lawrence on 'Saturday ArianaGrande,85,10
1988,7D7M4REAkoN1v,2022-12-04 15:50:00+00:00,ewWNeakKkAAZY,"@Emma_h_mua @PedroSu19680421 @dave43law @mrjamesob You're boring me now, Emma. Time to go. 

You're a Manc. Remember the Manchester Arena terrorist attack was an immigrant.

Also, it's people like you who have caused this to our elderly. We'll never forgive or forget what you horrible arseholes have done.

https://t.co/zGsU9q4mlt",-0.709379451199398,0,1,2,1,0,11,29,1253,-0.554231554116182,Fake,Refugee bomber,misinformation,Refugee bomber,"You're boring me now, Emma. Time to go. You're a Manc. Remember the Manchester Arena terrorist attack was an immigrant. Also, it's people like you who have caused this to our elderly. We'll never forgive or forget what you horrible arseholes have done.",252,43
1655,0W3d8GLZKJjLY,2023-02-05 15:32:25+00:00,NQOzGqp,"He's not wrong. It's that simple. England helped the US to bomb Libya - a Libyan then bombed Manchester Arena. Most migrants are travelling from countries the  ""US-led our rules-based order"" has bombed. Migrants are here because the West was there. It ain't rocket science https://t.co/Gic9B9QpLC",-0.743037755434939,0,0,0,1,0,32,511,8820,-0.683965541186942,Fake,Refugee bomber,misinformation,Refugee bomber,"He's not wrong. It's that simple. England helped the US to bomb Libya - a Libyan then bombed Manchester Arena. Most migrants are travelling from countries the ""US-led our rules-based order"" has bombed. Migrants are here because the West was there. It ain't rocket science",271,45
29097,mADa8dYdk3Wx,2018-05-22 12:25:18+00:00,aw1DmE,"The Manchester @SurvivorsChoir, made up of people who were in the Manchester Arena on the night of the attack, sing a beautiful rendition of their song 'City United' - put together with Manchester band Prose. 

#WeStandTogether #ManchesterAttack #ManchesterBuzz https://t.co/sbcGctzHbI",0.557370401713154,22,61,1,1,1,681694,217,138971,-0.4684435204952,True,,reliable,,"The Manchester , made up of people who were in the Manchester Arena on the night of the attack, sing a beautiful rendition of their song 'City United' - put together with Manchester band Prose. WeStandTogether ManchesterAttack ManchesterBuzz",241,38
83943,6WvA6jE39GWG,2017-05-23 05:56:03+00:00,rlGQxoRDJne8,Manchester Arena explosion: 19 killed in 'terror attack by suicide bomber' Ariana Grande concert https://t.co/jb0Sb8V0yP via @telegraphnews,-0.947698489944879,0,0,0,1,0,6470,5038,232347,-0.947698489944879,True,,reliable,,Manchester Arena explosion 19 killed in 'terror attack by suicide bomber' Ariana Grande concert via,99,15
18100,V33K1bv03OYk7,2020-03-17 15:03:21+00:00,8891le,NEW: Jury has found Hashem Abedi guilty of the murder of 22 victim in the Manchester Arena attack. Some of the families burst into tears and can be heard sobbing as the jury foreman repeats the word guilty. https://t.co/ECGVk6CoVd,-0.952401677253622,45,140,17,1,1,11115,5329,19492,-0.558110192883543,True,,reliable,,NEW Jury has found Hashem Abedi guilty of the murder of 22 victim in the Manchester Arena attack. Some of the families burst into tears and can be heard sobbing as the jury foreman repeats the word guilty.,205,38
25033,dLEMQWVXA7kO,2018-11-30 17:30:00+00:00,raeWlDm,"Ariana Grande shares letter about Manchester Arena attack in new docu-series

https://t.co/PihlsK4RG1 https://t.co/acLQpv556U",-0.226347954672536,0,0,0,1,1,2283,1980,49821,-0.43509970453048,True,,reliable,,Ariana Grande shares letter about Manchester Arena attack in new docu-series,76,11
40009,ervWrnQORoYY,2017-08-29 21:56:00+00:00,V7GBlqVb94q7,#MCR100DAYS Oh my god 100 days since the Manchester Arena Attack ..... I'm so so sorry 💔💔💔,-0.318210996771242,0,5,0,0,0,82,390,271,-0.318210996771242,True,,reliable,,MCR100DAYS Oh my god 100 days since the Manchester Arena Attack ..... I'm so so sorry,85,16
58712,V9E3QPGaV4NY,2017-05-24 05:24:16+00:00,LvGMX3,I expected better of The Guardian imho https://t.co/5RdFso97Oo,0.735147044114705,0,0,0,1,0,3940,1454,27954,0.735147044114705,True,,reliable,,I expected better of The Guardian imho,38,7
3245,9EqOxOVa9O04Q,2022-10-08 16:20:00+00:00,Vrd1Gk,"Martin was just metres away from the bomb that killed 22 people in the terror attack at Manchester Arena
https://t.co/kngpo7l9KF",-0.934875358261127,2,8,0,1,0,40486,3239,46516,-0.431188405030277,True,,reliable,,Martin was just metres away from the bomb that killed 22 people in the terror attack at Manchester Arena,104,19
28278,W0QAKXVPRZQQ,2018-05-22 19:13:51+00:00,k7eQ1M,Very thoughtful insight from #marcusrashford. https://t.co/4ziohQxCGO. #Manchester22 #ManUtd,0.381819167922678,0,1,0,1,0,1483,754,9761,0.48385046668442,True,,reliable,,Very thoughtful insight from marcusrashford. Manchester22 ManUtd,64,7
63806,ronqppD7KXXQ,2017-05-23 18:26:59+00:00,986LmG,True North and Winnipeg police say there will be enhanced security at the show &amp; others in light of the Manchester Arena attack. #ctvwpg 2/2,0.273212885294474,2,1,0,0,0,4255,1879,10400,0.0476776624154224,True,,reliable,,True North and Winnipeg police say there will be enhanced security at the show amp others in light of the Manchester Arena attack. ctvwpg 2 2,141,26
30194,W0Pn4nRPMX7V,2018-05-22 06:55:55+00:00,erbVww,NEWS: The victims of the Manchester Arena bombing are being remembered - a year on from the attack: https://t.co/a6dLW0F3Te https://t.co/PlO5ZQkzo7,-0.636949942926426,0,1,0,1,1,14935,7076,35337,-0.428828165493408,True,,reliable,,NEWS The victims of the Manchester Arena bombing are being remembered - a year on from the attack,97,18
21588,dvKneKLAME1Y,2019-05-22 22:46:16+00:00,BQV34z,"Second Anniversary of the Manchester Arena Attack... sad and surreal day, poignant and reflective day of grief stricken prayer and finding hope in all who gathered in the city all day. Privilege for faith leaders and politicians gathering for silence at 10.31pm!",-0.670478399654806,3,22,0,0,0,2100,2302,6495,-0.670478399654806,True,,reliable,,"Second Anniversary of the Manchester Arena Attack... sad and surreal day, poignant and reflective day of grief stricken prayer and finding hope in all who gathered in the city all day. Privilege for faith leaders and politicians gathering for silence at 10.31pm!",262,42
86872,Lznwkzd8vEaX,2017-05-23 01:45:37+00:00,OwQ89DBoPwQ6,"Thoughts are with those affected by attack in Manchester. Check hotels near manchester arena venue for lost loved ones.

#ILoveMCR",-0.273212885294474,0,0,0,0,0,141,138,1905,-0.273212885294474,Fake,Children sheltered in hotels,misinformation,Children sheltered in hotels,Thoughts are with those affected by attack in Manchester. Check hotels near manchester arena venue for lost loved ones. ILoveMCR,128,20
5246,pkjLxm7Ye0aAz,2022-04-24 14:46:41+00:00,WB8RYG3nOdJr0,"Participants are needed for an online interview study!
I am interested in exploring the experiences of positive psychological change following the indirect exposure to the Manchester Arena terrorist attack. (1/4) https://t.co/tyPMGb5yMI",-0.361157559257308,1,2,1,1,1,1,2,4,-0.381540692263345,True,,reliable,,Participants are needed for an online interview study! I am interested in exploring the experiences of positive psychological change following the indirect exposure to the Manchester Arena terrorist attack. 1 4,210,31
67785,lbXVAmevqZ9j,2017-05-23 15:08:33+00:00,9dR0RN,Manchester Arena: 22 killed in concert terror attack https://t.co/CDkMtgFa1T,-0.900070320740819,0,0,0,1,0,1892,1141,17575,-0.900070320740819,True,,reliable,,Manchester Arena 22 killed in concert terror attack,51,8
82962,dM4om6lP0rZO,2017-05-23 06:32:44+00:00,YRMVlW,"Full statement from Greater Manchester Police chief constable Ian Hopkins:
https://t.co/CjlIXXY8hZ",0.361157559257308,3,0,0,1,0,94463,260,318691,-0.388738444358881,True,,reliable,,Full statement from Greater Manchester Police chief constable Ian Hopkins,73,10
4346,ewRvmeR6RoVvw,2022-05-22 11:50:01+00:00,j7ne9bV0L7dA0,"@machirabrian @ManUtd No, it’s a worker bee which is the symbol of Manchester. It’s also the symbol for the 22 victims of the terror attack at Manchester Arena on this day in 2017. Don’t mock what you don’t know about, dumbass.",-0.932504808240314,0,0,0,0,0,951,1039,3014,-0.85537906519547,True,,reliable,,"No, its a worker bee which is the symbol of Manchester. Its also the symbol for the 22 victims of the terror attack at Manchester Arena on this day in 2017. Dont mock what you dont know about, dumbass.",201,39
16058,NW9KnWjoz8JVd,2020-08-13 13:11:54+00:00,xdd4kWx8BOARL,"Watch the Queen, Charles&amp; Camila meet ""victims"" (crisis actors) after Manchester Arena fake bomb. No bomb, No dead, No injured.  UK needs to wake up.
https://t.co/G1S25eupkP",-0.97089465427068,0,0,0,1,0,421,484,5011,-0.800820576998755,Fake,Conspiracy,misinformation,Conspiracy,"Watch the Queen, Charles amp Camila meet ""victims"" crisis actors after Manchester Arena fake bomb. No bomb, No dead, No injured. UK needs to wake up.",149,26
16372,a1w4m1DZDJNBr,2020-06-25 00:10:04+00:00,xdd4kWx8BOARL,"@grantliz1 @dominiquetaegon Refused to go on an intensive racial reeducation course.    This is planned from the top.  If I tell you Manchester Arena bomb was a fake hoax- MI5 bombed the London Tube in 2005, they want UK overrun or a race war to protect themselves. I can send you clear proof if you ask me.",-0.801995608018326,0,1,1,0,0,421,484,5011,-0.800820576998755,Fake,Conspiracy,misinformation,Conspiracy,"Refused to go on an intensive racial reeducation course. This is planned from the top. If I tell you Manchester Arena bomb was a fake hoax- MI5 bombed the London Tube in 2005, they want UK overrun or a race war to protect themselves. I can send you clear proof if you ask me.",275,54
7401,YMVbYebv4BVrl,2021-10-22 19:40:50+00:00,XApwa9DrG01WW,Man arrested by police investigating Manchester Arena terrorist attack | Manchester Arena attack | The Guardian https://t.co/ebZsQ1sutO,-0.932504808240314,0,0,0,1,0,248,249,29310,-0.689630120221757,True,,reliable,,Man arrested by police investigating Manchester Arena terrorist attack Manchester Arena attack The Guardian,107,14
8999,WB73e0nENYmoY,2021-07-08 09:24:18+00:00,zXd7ll,"Breakdown in communication at previous counter terror exercise, inquiry hears https://t.co/gIVsWnJNZ3",-0.526741537567377,1,2,0,1,0,662727,1439,362383,-0.42559874603329,True,,reliable,,"Breakdown in communication at previous counter terror exercise, inquiry hears",77,10
29884,pLROVKq6XAzY,2018-05-22 08:10:10+00:00,81J94Z,"One year on, remembering the 22 people who tragically lost their lives in the Manchester Arena terrorist attack. #manchesterattack #manchestertogether #ManchesterStrong #Manchesterbee #ManchesterBomb #DontLookBackInAnger https://t.co/xDU8EOyBWE",-0.930007282051376,0,8,0,1,1,13691,9121,34550,-0.930007282051376,True,,reliable,,"One year on, remembering the 22 people who tragically lost their lives in the Manchester Arena terrorist attack. manchesterattack manchestertogether ManchesterStrong Manchesterbee ManchesterBomb DontLookBackInAnger",214,24
81158,QR7xBbd3dW1d,2017-05-23 07:35:24+00:00,bZoVX3,Terror attack kills 22 in Manchester explosion https://t.co/kOzWhgBNnc,-0.904216237352023,0,0,0,1,0,1490,1634,590040,-0.543760051678288,True,,reliable,,Terror attack kills 22 in Manchester explosion,46,7
602,OOxop9kOvqWmL,2023-03-03 01:12:27+00:00,4kpN08,"How can we have faith in a effete leader who puts pronouns in their bio?
MI5 chief 'profoundly sorry' agency did not prevent Manchester Arena attack https://t.co/g0wIRdet0z",-0.128036879932896,0,1,0,1,0,6604,7243,347869,-0.540711570697549,True,,reliable,,How can we have faith in a effete leader who puts pronouns in their bio? MI5 chief 'profoundly sorry' agency did not prevent Manchester Arena attack,148,26
44011,0EWjZR9D8n4e,2017-06-05 01:56:04+00:00,eDr4AZM9l8o4,"Ariana Grande held a benefit concert for 50,000 music fans in remembrance of the Manchester Arena attack. #J2150F https://t.co/ya0aUaq0l0",0.295958174200194,0,2,0,1,1,11,0,102,0.295958174200194,True,,reliable,,"Ariana Grande held a benefit concert for 50,000 music fans in remembrance of the Manchester Arena attack. J2150F",112,18
7200,V3ObJdOWY7jnm,2021-10-26 13:23:44+00:00,L61RdA,"Manchester Arena bomber Salman Abedi was in contact with EIGHT MI5 'suspects' in the years before carrying out terror attack. Same failings when Lee Rigbys attackers were known threats for years &amp; the Reading Failed Asylum Seeker. All victims let down.
https://t.co/VrPXFtLlq5",-0.973540281062461,29,40,2,1,0,7616,4161,42382,-0.645196220534502,True,,reliable,,Manchester Arena bomber Salman Abedi was in contact with EIGHT MI5 'suspects' in the years before carrying out terror attack. Same failings when Lee Rigbys attackers were known threats for years amp the Reading Failed Asylum Seeker. All victims let down.,254,41
24752,r0kwY9JL8za1,2019-01-04 14:22:58+00:00,pxXOPZX,"To all those feeling sorry for the English Channel/North Sea migrants. 
You really are stupid.

https://t.co/dNj8gFWIOo",-0.541252928190867,0,2,0,1,0,960,1223,16603,-0.591949087575103,Fake,Refugee bomber,misinformation,Refugee bomber,To all those feeling sorry for the English Channel North Sea migrants. You really are stupid.,93,16
6833,OO6PYzJnzwJVK,2021-11-27 15:42:53+00:00,alV3WD,"@NickLuft The ""many"" was towards the high profile terror incidents in the UK, like Liverpool or Manchester arena, they were done by people who came in through asylum, I don't like taring the majority for the minority, but I'd rather have a bit of an inconvenience than people dying.",-0.226347954672536,0,0,1,0,0,714,865,34828,-0.226347954672536,Fake,Refugee bomber,misinformation,Refugee bomber,"The ""many"" was towards the high profile terror incidents in the UK, like Liverpool or Manchester arena, they were done by people who came in through asylum, I don't like taring the majority for the minority, but I'd rather have a bit of an inconvenience than people dying.",272,48
33979,eNqmd3nNzmLO,2018-03-12 18:44:03+00:00,bWn6Wmw,Manchester Arena bomb victim Martyn Hett given permanent memorial on Coronation Street set https://t.co/9bX3FyClpz #LGBTQ+,-0.648556646884329,0,0,0,1,0,6864,3094,60949,-0.648556646884329,True,,reliable,,Manchester Arena bomb victim Martyn Hett given permanent memorial on Coronation Street set LGBTQ,96,14
29732,aB3Lv8DR44Yk,2018-05-22 08:44:31+00:00,Jz7kj0,I can't believe it has been a year already since the Manchester arena bomb attack! My thoughts are with the victims and their families. #Manchester #Manchesterarena #ILoveMCR,-0.812604508328942,0,0,0,0,0,991,841,5474,-0.812604508328942,True,,reliable,,I can't believe it has been a year already since the Manchester arena bomb attack! My thoughts are with the victims and their families. Manchester Manchesterarena ILoveMCR,171,27
45744,wZlDNzYDznn4,2017-05-29 11:45:35+00:00,lelQqdV,Hope they learn from their terrible mistake. MI5 opens inquiries into missed warnings over Manchester terror threat https://t.co/p5S7fGtdR1,-0.918558653543692,0,0,0,1,0,6,154,930,-0.918558653543692,True,,reliable,,Hope they learn from their terrible mistake. MI5 opens inquiries into missed warnings over Manchester terror threat,115,17
12175,WBa6BOp7wMW8V,2021-01-13 15:25:07+00:00,EkDJnKm,"@BBCWorld Thanks ""Manchester Arena and Parsons Green bombers charged with prison officer attack"" Hashem Abedi (left) and Ahmed Hassan are due to appear at Bromley Magistrates' Court "" Please APPEASE MORE #Muslims AS @metpoliceuk 🦁 LIVES Matter LESS =Let in More #RefugeesWelcome https://t.co/N7zGmrZ8O1",-0.202288694969669,0,0,0,1,1,91,839,18999,-0.202288694969669,Fake,Refugee bomber,misinformation,Refugee bomber,"Thanks ""Manchester Arena and Parsons Green bombers charged with prison officer attack"" Hashem Abedi left and Ahmed Hassan are due to appear at Bromley Magistrates' Court "" Please APPEASE MORE Muslims AS LIVES Matter LESS Let in More RefugeesWelcome",248,39
18141,ewwe74owP6jxY,2020-03-16 06:12:37+00:00,NWW4w9eP8ooqM,"Anti-Terror Police Investigate Manchester Arena Bombing Photos and Images Getty Images
https://t.co/t9srbNdSQM",-0.690774742992202,0,0,0,1,0,10,100,475,-0.650159317408587,True,,reliable,,Anti-Terror Police Investigate Manchester Arena Bombing Photos and Images Getty Images,86,11
37583,vqzPeKvjpGkv,2017-11-23 23:15:03+00:00,q4VD9vo,[BBC News] Manchester Arena attack: Siblings return six months on https://t.co/0zHCj0boCy https://t.co/XoBCsAYsl9,-0.476657605574574,0,0,0,1,1,22,3,64298,-0.366806949279909,True,,reliable,,BBC News Manchester Arena attack Siblings return six months on,62,10
48751,vlRz78xrapKQ,2017-05-26 10:23:59+00:00,NEqM8pz,"Dad of Valley girl, 14, injured by Manchester Arena bomb reveals horrifying phone call https://t.co/9qBzptaozV",-0.862468816257373,0,0,0,1,0,9,54,404,-0.862468816257373,True,,reliable,,"Dad of Valley girl, 14, injured by Manchester Arena bomb reveals horrifying phone call",86,14
83520,wZ737vKwYLm4,2017-05-23 06:14:02+00:00,808VdEn,"Death toll in Manchester rises to 22 - attack was carried out by one man who died at the arena, police say @rtenews https://t.co/fkNVw50oUx https://t.co/i3580eqo58",-0.890978546741256,6,10,0,1,1,699840,23417,100295,-0.750386959690611,True,,reliable,,"Death toll in Manchester rises to 22 - attack was carried out by one man who died at the arena, police say",106,22
277,3NOZDYx3APKQR,2023-03-05 18:32:36+00:00,LAoWrLpD3abol,"Utterly heartbreaking.
The BBC adding to the stress with Begums podcasts! Disgraceful.

Broudie Jackson Canter, are looking at a possible high court claim that would rest upon article 2 of the Human Rights Act, which protects the right to life.

https://t.co/vpBnv8MOGj",-0.584918592770089,0,2,0,1,0,2517,2433,11543,-0.790555269566727,True,,reliable,,"Utterly heartbreaking. The BBC adding to the stress with Begums podcasts! Disgraceful. Broudie Jackson Canter, are looking at a possible high court claim that would rest upon article 2 of the Human Rights Act, which protects the right to life.",243,40
32597,x63ZwOaJ8DlM,2018-04-11 11:04:47+00:00,wpj3DYr,"Girl, 12, caught up in Manchester Arena terror attack gets royal wedding invite https://t.co/XOazztxfdU",-0.709560194985489,3,10,0,1,0,18027,1541,47630,-0.691782962041772,True,,reliable,,"Girl, 12, caught up in Manchester Arena terror attack gets royal wedding invite",79,13
69516,DX3J6kL6lEQo,2017-05-23 13:50:18+00:00,Ve9me8,From 9/11 to #Manchester Arena attack: List of deadly terror attacks around the world https://t.co/n8AcRl0nZl writes @kotakyesha https://t.co/flJIbPAQuO,-0.862468816257373,3,6,2,1,1,2298367,18,718074,-0.862468816257373,True,,reliable,,From 9 11 to Manchester Arena attack List of deadly terror attacks around the world writes,90,16
28266,nJklbj1MnYWv,2018-05-22 19:28:38+00:00,ZjbD1n,"Interesting to appeal to bleeding hearts there with the ""refugees"" card and not mention, as they've previously reported, that the Manchester bomber was radicalized by former #LIFG fighters. On the one-year anniversary of the attack, no less. https://t.co/xvXT1No7Jy",0.0515710623129396,0,0,0,1,0,1060,609,13027,0.0515710623129396,Fake,Refugee bomber,misinformation,Refugee bomber,"Interesting to appeal to bleeding hearts there with the ""refugees"" card and not mention, as they've previously reported, that the Manchester bomber was radicalized by former LIFG fighters. On the one-year anniversary of the attack, no less.",240,37
26226,rnwLE0zzXRnb,2018-09-07 22:40:23+00:00,6oR9QGG,"I genuinely hurt for Ariana too, she blamed herself for the Manchester arena attack and now is being blamed for Mac’s death, it’s cruel as fuck",-0.974731481159774,0,3,0,0,0,750,695,31394,-0.974731481159774,True,,reliable,,"I genuinely hurt for Ariana too, she blamed herself for the Manchester arena attack and now is being blamed for Macs death, its cruel as fuck",141,26
897,K3eO93kjLzzzN,2023-03-02 17:46:32+00:00,NWpB4VozKRV3p,"Three months later, the attack on the Arena directly next to this Maccie D's happened. Conspiracy ?
https://t.co/BUI7snlzJP",-0.757936728959867,0,0,0,1,0,57,352,3789,-0.757936728959867,Fake,Conspiracy,misinformation,Conspiracy,"Three months later, the attack on the Arena directly next to this Maccie D's happened. Conspiracy ?",99,17
79046,V9AD99G8340w,2017-05-23 08:53:11+00:00,NMRRAjd,Social Media: Idris Elba tweets passionate message to Manchester attack victims https://t.co/26oRdlGTVj,-0.20228869496967,0,0,0,1,0,5437,4446,339706,-0.516398260747885,True,,reliable,,Social Media Idris Elba tweets passionate message to Manchester attack victims,78,11
18955,3NNXXpVPK7b3v,2020-02-05 20:12:15+00:00,1P4Yn4G,"@FigenMurray “My son was killed in the Manchester Arena terror attack. I beg you to forget the name of the Streatham terrorist.”
“We must not fall into the trap of giving these deluded and evil people the air time they crave”",-0.971591551149473,0,4,1,0,0,864,670,34680,-0.759960397334945,True,,reliable,,My son was killed in the Manchester Arena terror attack. I beg you to forget the name of the Streatham terrorist. We must not fall into the trap of giving these deluded and evil people the air time they crave,208,40
8077,6oBv0Om1qN7Xj,2021-09-15 09:35:20+00:00,wpk7Al6Nxom41,"@GMB @richardm56 Begum made her choice supporting a terrorist group so she should live with the consequences!
Maybe we should ask the parents of all the children killed in the Manchester arena terror attack what they think about all this??
No way should a terrorist be allowed back in the UK.",-0.961225453587021,0,0,0,0,0,44,3,19957,-0.961225453587021,True,,reliable,,Begum made her choice supporting a terrorist group so she should live with the consequences! Maybe we should ask the parents of all the children killed in the Manchester arena terror attack what they think about all this?? No way should a terrorist be allowed back in the UK.,275,49
48007,rob9x0XpjJq4,2017-05-26 23:40:07+00:00,6PA7rD,Manchester Arena False Flag - Aruane Grand Concert Attack. What links does family of Salman Abedi have to the CIA? https://t.co/WROHyVUato,-0.0258112866459834,7,3,0,1,0,35874,594,134866,-0.0258112866459834,True,,reliable,,Manchester Arena False Flag - Aruane Grand Concert Attack. What links does family of Salman Abedi have to the CIA?,114,20
56196,n7rjaMAarQOZ,2017-05-24 12:29:11+00:00,0QB0GqY,"Manchester Arena attack: Chelsea cancel Premier League victory parade: Chelsea cancel their Premier League victory parade, which… #Pakistan https://t.co/tW3ei5BsDE",-0.72694578401804,0,0,0,1,1,2167,515,102849,-0.732755506391187,True,,reliable,,"Manchester Arena attack Chelsea cancel Premier League victory parade Chelsea cancel their Premier League victory parade, which Pakistan",135,18
14634,0WqjvR4KGQrMr,2020-09-13 06:16:12+00:00,0rZZrAw,"It’s not just the facts about the Manchester massacre that should drive change; there are too many examples of public service shambles e.g. procurement negligence, Police Operation Midland, Stafford NHS Hospital &amp; Gosport NHS Hospital - time for change

https://t.co/54xSJbIyxS",0.750630313328434,0,0,0,1,0,1519,301,7555,0.566224740625556,True,,reliable,,"Its not just the facts about the Manchester massacre that should drive change there are too many examples of public service shambles e.g. procurement negligence, Police Operation Midland, Stafford NHS Hospital amp Gosport NHS Hospital - time for change",252,39
3953,WBVZv87dNrjrj,2022-06-02 08:02:28+00:00,rqLBGKLe87r9,@ZoeJardiniere It only took one refugee to bomb the Manchester arena.,-0.493914580573631,0,0,0,0,0,1127,2038,14176,-0.720806535259255,Fake,Refugee bomber,misinformation,Refugee bomber,It only took one refugee to bomb the Manchester arena.,54,10
28347,ez07aLmG8Lkr,2018-05-22 18:00:20+00:00,VJbV17JYwQm0,"Heartwarming hashtag #BeMoreMartyn pays tribute to #ManchesterArena attack victim Martyn Hett.
We also remember all of the 22 lives lost as we mark the 1st anniversary 💕
https://t.co/HIFZw7vOgJ https://t.co/csX0bdxl2z",-0.585881765446162,1,4,0,1,1,1122,1317,3472,-0.585881765446162,True,,reliable,,Heartwarming hashtag BeMoreMartyn pays tribute to ManchesterArena attack victim Martyn Hett. We also remember all of the 22 lives lost as we mark the 1st anniversary,165,26
58642,vl3dMbe9YMRG,2017-05-24 05:43:27+00:00,v6RvR8Ad3O17,Ariana Grande in tears as she returns home after Manchester Arena terror attack https://t.co/kMHwfiFPOO,-0.757936728959867,0,0,0,1,0,84,281,15535,-0.826800696350193,True,,reliable,,Ariana Grande in tears as she returns home after Manchester Arena terror attack,79,13
9524,oR3akqDnq89pE,2021-06-17 14:39:49+00:00,Nv3VGB,"Brilliant, damning piece of work by @LyonsIzzy and Telegraph interactive team https://t.co/Htmz1MtuSM",0.339950051825042,0,1,0,1,0,1060,580,1157,0.246521580374496,True,,reliable,,"Brilliant, damning piece of work by and Telegraph interactive team",66,10
13142,a1D3OLBMWpmNJ,2020-11-06 17:09:32+00:00,K3YnJxp,Manchester bomber's parents are among six people police want to quiz https://t.co/muhgxlGiLg @MailOnline,0.0772283284276542,0,0,0,1,0,1779,4998,145305,-0.542185312496287,True,,reliable,,Manchester bomber's parents are among six people police want to quiz,68,11
64263,6Wvb8AeWPWLJ,2017-05-23 18:00:56+00:00,Lk6YzKQ,"Support families of those killed and injured in the Manchester Arena attack. Donate on @justgiving https://t.co/IvJ1NKUxxz """"",-0.822462893624465,1,0,0,1,0,147,1219,654,-0.822462893624465,True,,reliable,,"Support families of those killed and injured in the Manchester Arena attack. Donate on """"",89,15
32752,9XzGWK0lxb3v,2018-04-09 06:28:10+00:00,WMkEmGV,Mass sing-along to mark first anniversary of Manchester arena terror attack #CapitalReports https://t.co/msWmJo2JnD,-0.757936728959867,0,0,0,1,0,2441,1284,42494,-0.582163484787995,True,,reliable,,Mass sing-along to mark first anniversary of Manchester arena terror attack CapitalReports,90,12
36984,rqjQWdK903d9,2017-12-05 13:08:25+00:00,zXd7ll,"LIVE: The report looking at the actions of intelligence agencies in the run-up to the Manchester Arena bombing is being published -
updates here https://t.co/Amb41lkjS8",0.476657605574574,1,3,1,1,0,662727,1439,362383,-0.42559874603329,True,,reliable,,LIVE The report looking at the actions of intelligence agencies in the run-up to the Manchester Arena bombing is being published - updates here,143,24
46797,WPbD30m7AXAQ,2017-05-28 14:43:19+00:00,q79EJLk,"UK secret services, MI5 MI6 complicit in Manchester Arena terror attack? https://t.co/vHVaceoroR",-0.757936728959867,0,0,0,1,0,274,991,33226,-0.346405284115053,True,,reliable,,"UK secret services, MI5 MI6 complicit in Manchester Arena terror attack?",72,11
42653,d8nX9koYdYYG,2017-06-20 13:37:44+00:00,9z8omG,@fdarena have you upped security since the Manchester Arena attack? Attending Celine Dion on Sunday and was wondering!,-0.177857560463629,0,0,1,0,0,272,204,7604,-0.177857560463629,True,,reliable,,have you upped security since the Manchester Arena attack? Attending Celine Dion on Sunday and was wondering!,109,17
3502,GpYE49EroRZvG,2022-08-15 04:40:00+00:00,OLAKaL,"Children affected by the Manchester Arena terror attack are being urged to share their experiences of the support they have received since the atrocity

https://t.co/BUJ1CPfKdl",-0.493914580573631,1,1,0,1,0,151408,190,128441,-0.655852709799579,True,,reliable,,Children affected by the Manchester Arena terror attack are being urged to share their experiences of the support they have received since the atrocity,151,24
16407,LAkneAeKRra33,2020-06-22 17:17:32+00:00,6xzJ0x,@Dormy4 @Gilambesh @mickkent1 How do you know he was against whites and not just the uk in general? When have you known terroists who attack this country to be picky on who they kill? When they bombed Manchester arena did they make sure they only got white people? 🤦🏽‍♂️,-0.757936728959867,0,0,1,0,0,412,525,13271,-0.843322446554464,True,,reliable,,How do you know he was against whites and not just the uk in general? When have you known terroists who attack this country to be picky on who they kill? When they bombed Manchester arena did they make sure they only got white people?,234,45
66421,n7D74qp3xQ4J,2017-05-23 16:07:08+00:00,dkZKz8,Pep Guardiola's wife and daughters unharmed after being caught up in terror attack at Manchester Arena https://t.co/Tx5SCzvisu https://t.co/mDeB1NrzGm,-0.757936728959867,28,34,0,1,1,547989,879,376737,-0.822501956925519,True,,reliable,,Pep Guardiola's wife and daughters unharmed after being caught up in terror attack at Manchester Arena,102,16
80910,eD811X03mxJ3,2017-05-23 07:46:06+00:00,4YPXzkr,"Manchester Arena attack leaves parents searching for kids
https://t.co/uMTA0EkA91 via @MailOnline RT",-0.476657605574574,0,0,0,1,0,784,1310,144935,-0.476657605574574,True,,reliable,,Manchester Arena attack leaves parents searching for kids via RT,64,10
32007,W0Y0BknDRAkV,2018-05-03 09:32:05+00:00,Vj3BRWq,Menachem Ben-Ezra is showing how people high in xenophobia felt more stress following the Manchester arena terrorist attack at #bpsconf. So perhaps tackling xenophobia could help reduce stress?,-0.89335803114606,1,1,0,0,0,2194,2312,5969,-0.89335803114606,True,,reliable,,Menachem Ben-Ezra is showing how people high in xenophobia felt more stress following the Manchester arena terrorist attack at bpsconf. So perhaps tackling xenophobia could help reduce stress?,192,28
24814,o6VWDrjd4jbY,2018-12-30 19:02:00+00:00,8E70nnD,"@FightingTopBlog @jeremycorbyn Ask these girls and women if they want any more migrants?

Parsons Green bomber teenage migrant
Manchester Arena immigrant bomber

DO WE WANT ANY MORE TERROR AND CHILD GROOMING? https://t.co/n7h59A25jq",-0.421463615211762,0,0,1,1,1,1184,1892,62960,-0.523083572097161,Fake,Refugee bomber,misinformation,Refugee bomber,Ask these girls and women if they want any more migrants? Parsons Green bomber teenage migrant Manchester Arena immigrant bomber DO WE WANT ANY MORE TERROR AND CHILD GROOMING?,175,29
14833,leYkEKaJK0bdV,2020-09-07 22:00:53+00:00,DxJm1Q8nazdE,Manchester Arena attack: Inquiry told opportunities missed to identify suicide bomber https://t.co/c4ekAbfAxB via @clarefallon,-0.790569415042095,0,0,0,1,0,58,303,7363,-0.813272641400606,True,,reliable,,Manchester Arena attack Inquiry told opportunities missed to identify suicide bomber via,88,12
61731,GkMaJO8J7KXG,2017-05-23 21:04:07+00:00,9AM6RM,"Known to security services. Again. So sad.

Manchester Arena attacker named by police as Salman Ramadan Abedi | https://t.co/EfPvf3pfKL",-0.659727946850383,0,3,1,1,0,24156,5654,72679,-0.659727946850383,Fake,The police knew the attacker,misinformation,The police knew the attacker,Known to security services. Again. So sad. Manchester Arena attacker named by police as Salman Ramadan Abedi,108,17
86056,YrLW17x8p3nQ,2017-05-23 02:51:52+00:00,B8vM4VO,@NessyGood A nails bomb exploded outside the Manchester arena minutes after the end of Ariana concert...,-0.493914580573631,0,0,1,0,0,362,499,19158,-0.493914580573631,True,,reliable,,A nails bomb exploded outside the Manchester arena minutes after the end of Ariana concert...,93,15
80919,a3Z886J9w8nQ,2017-05-23 07:45:45+00:00,kYJbBM,"LATEST UPDATE: Twenty-two people, including children, have been killed and 59 injured in a suicide attack at #Manchester Arena.",-0.94130381464628,3,3,0,0,0,5246,2339,15948,-0.94130381464628,True,,reliable,,"LATEST UPDATE Twenty-two people, including children, have been killed and 59 injured in a suicide attack at Manchester Arena.",125,19
85614,XZdErAp473eW,2017-05-23 03:32:35+00:00,G9OZwK,The worst thing to happen for a pop-singer...being tagged with a terror blast #ArianaGrande in #Manchester 😟https://t.co/DkjT2O5HCT,-0.817623560871883,0,0,0,1,0,156,171,2672,-0.817623560871883,True,,reliable,,The worst thing to happen for a pop-singer...being tagged with a terror blast ArianaGrande in Manchester,104,16
75814,dM40EG7DPx9w,2017-05-23 10:20:17+00:00,oVRR7lNNDZj1,President Trump condemned what he called the ˮevil losersˮ responsible for the Manchester attack https://t.co/r1adDIITX3,-0.909989136872722,0,0,0,1,0,1505,1322,25406,-0.909989136872722,True,,reliable,,President Trump condemned what he called the evil losers responsible for the Manchester attack,94,14
45452,vl9aeW8p6wwQ,2017-05-29 17:22:17+00:00,PVJnXZ7,#askMay why is the broadcast media not reporting in this? #manchesterattack  https://t.co/3hGiI2bYLY,0.0,0,0,0,1,0,1188,2819,21999,-0.0055163091734038,True,,reliable,,askMay why is the broadcast media not reporting in this? manchesterattack,73,11
86334,O7bR7EW4RvDp,2017-05-23 02:22:30+00:00,jzrAY8K,Veteran4Trump: RT RedPillDropper: I have no idea who's responsible for the Manchester Arena terror attack yet but … https://t.co/iTeRchxsuw.,-0.636949942926426,0,0,0,1,0,7754,7399,393666,-0.213961246024163,True,,reliable,,Veteran4Trump RT RedPillDropper I have no idea who's responsible for the Manchester Arena terror attack yet but,111,17
88539,YrLQd8ZlnJo7,2017-05-22 23:33:33+00:00,B9qDK0N,Manchester arena Terrorist Attack (Bomb explosion) https://t.co/UrsnoBNLZj,-0.900070320740819,0,0,0,1,0,67,1062,6638,-0.900070320740819,True,,reliable,,Manchester arena Terrorist Attack Bomb explosion,48,6
6932,WBOQqNjZorvwx,2021-11-19 10:36:39+00:00,9pjvq8,"Police have also found no connection between the Liverpool bomb and the Manchester Arena attack. The device used was different to the one used in the arena attack, according to counter terror police. 

3/

ends",-0.915277325894875,0,0,0,0,0,10732,3598,11847,-0.482480041068008,True,,reliable,,"Police have also found no connection between the Liverpool bomb and the Manchester Arena attack. The device used was different to the one used in the arena attack, according to counter terror police. 3 ends",206,35
45186,oQvJDv78q3kY,2017-05-30 08:41:51+00:00,M3eRJl8,Wellacre students tribute after Manchester Arena Attack https://t.co/BON3yZ5Mf3 https://t.co/vtLKW8WPEK,-0.476657605574574,3,7,0,1,1,9825,1389,19237,-0.57199808858699,True,,reliable,,Wellacre students tribute after Manchester Arena Attack,55,7
24,1PRkV7Y4v3o8O,2023-03-19 17:33:42+00:00,vpEoddP9R04J1,@GaryLineker 22 children blown up by a bomb detonated by a migrant “rescued” from the Chanel. Many more left with life changing injuries. He had been vetted. Manchester Arena. Never forget. Never forgive.,-0.233877085285055,5,47,1,0,0,1608,1760,21559,-0.201189512727673,Fake,Refugee bomber,misinformation,Refugee bomber,22 children blown up by a bomb detonated by a migrant rescued from the Chanel. Many more left with life changing injuries. He had been vetted. Manchester Arena. Never forget. Never forgive.,189,32
11345,0WpRQn3BQpvVv,2021-03-02 15:51:51+00:00,oKknYb,Manchester Arena attack: Firefighters 'felt shame' at being held back - I bet they did https://t.co/94dfxAH238,-0.735147044114705,0,0,0,1,0,1566,2975,39231,-0.702001640144896,True,,reliable,,Manchester Arena attack Firefighters 'felt shame' at being held back - I bet they did,85,15
10470,qRwA46oAv3npK,2021-05-22 07:19:37+00:00,RE4q7Bm,"Today marks 4 years since the devastating Manchester Arena attack.

We are remembering the 22 people who lost their lives and their families 🐝🐝🐝🐝🐝🐝🐝🐝🐝🐝🐝🐝🐝🐝🐝🐝🐝🐝🐝🐝🐝🐝

❤️ #ManchesterRemembers https://t.co/LXCdC1TLun",-0.865760258296458,1,2,0,1,1,1680,1343,4674,-0.865760258296458,True,,reliable,,Today marks 4 years since the devastating Manchester Arena attack. We are remembering the 22 people who lost their lives and their families ManchesterRemembers,159,24
39032,WG4qxnLYOZ3v,2017-09-11 09:45:53+00:00,dmAv7J9,Noel Gallagher reopened Manchester Arena after the bomb attack https://t.co/FEY80TFyAl https://t.co/UGyJ1iRotg,-0.743037755434939,0,0,0,1,1,7675,4720,346759,-0.411407149497934,True,,reliable,,Noel Gallagher reopened Manchester Arena after the bomb attack,62,9
74493,eD8LnGqkVWYX,2017-05-23 11:03:32+00:00,a1v0lp4,There is zero chance this attacker acted alone. He had a support network. He had resources. https://t.co/mQa647jEa5,-0.25,5,9,0,1,0,40614,1861,120449,-0.189403665590414,True,,reliable,,There is zero chance this attacker acted alone. He had a support network. He had resources.,91,16
37896,aqEp1mndebJR,2017-11-19 12:38:03+00:00,NW4xOz,Eight-year-old Arena attack survivor goes back to karate https://t.co/TP8URojP8y via BBC,-0.153093108923949,0,0,0,1,0,420,68,526253,-0.472078620796756,True,,reliable,,Eight-year-old Arena attack survivor goes back to karate via BBC,64,10
28552,qpnMpBB3wQNL,2018-05-22 15:44:19+00:00,pk19eqD,Watch “Trees of Hope - remembering the Manchester Arena Attack a year on” on #Vimeo @NorthernQuota #WeAreMCR #WeStandTogether https://t.co/dwfVkYrHAD,-0.0515710623129397,3,1,0,1,0,411,638,17454,-0.0515710623129397,True,,reliable,,Watch Trees of Hope - remembering the Manchester Arena Attack a year on on Vimeo WeAreMCR WeStandTogether,105,17
88820,0GAvMeYJ7z0d,2017-05-22 22:52:18+00:00,j7l9M68,BREAKING NEWS: Emergency services rush to Manchester Arena https://t.co/Q8h5cB4BuT via @MailOnline Seems like a terrorist attack of a degree,-0.835975867759116,0,0,0,1,0,2476,3784,94182,-0.835975867759116,True,,reliable,,BREAKING NEWS Emergency services rush to Manchester Arena via Seems like a terrorist attack of a degree,103,17
5854,D6prlR0N0wMJv,2022-02-17 07:47:21+00:00,YM3mnY8x1RMYM,"Police Knew of Manchester Arena Bomber’s Terror Connections Three Years Before Attack
https://t.co/CdZgfzyrzO",-0.757936728959867,2,1,0,1,0,2932,3248,85610,-0.801086021129277,Fake,The police knew the attacker,misinformation,The police knew the attacker,Police Knew of Manchester Arena Bombers Terror Connections Three Years Before Attack,84,12
62022,n7DJdRalx0dv,2017-05-23 20:48:39+00:00,DoDlzao,"Mum of girl, 8, slaughtered at Manchester Arena 'is critically injured in hospital and doesn't know her daughter... https://t.co/RssFqOppWb",-0.401923825269382,0,0,0,1,0,683,316,18690,-0.614526910646543,True,,reliable,,"Mum of girl, 8, slaughtered at Manchester Arena 'is critically injured in hospital and doesn't know her daughter...",115,18
74375,eD8L4zWaQ34o,2017-05-23 11:07:47+00:00,zX6JKL,Rest in Peace Princess: First victim of Manchester Arena suicide bomb attack named as Georgina Callander https://t.co/StESjlASgw,-0.855541579265878,3,4,0,1,0,22015,598,67204,-0.855541579265878,True,,reliable,,Rest in Peace Princess First victim of Manchester Arena suicide bomb attack named as Georgina Callander,103,16
368,V3w0GLkZXkPKk,2023-03-05 09:14:08+00:00,wpOQm01MPxv11,"@RmSalih Superior for subjugating and vailing women?

Superior for death threats against autistic school boy and Batley school teacher who are in hiding?

Superior for terror attacks including stabbing to death of MP David Amos and killing children at Manchester Arena?",-0.930007282051376,2,20,0,0,0,368,1327,23043,-0.930007282051376,True,,reliable,,Superior for subjugating and vailing women? Superior for death threats against autistic school boy and Batley school teacher who are in hiding? Superior for terror attacks including stabbing to death of MP David Amos and killing children at Manchester Arena?,258,40
3520,7DAA88YYpdR3P,2022-08-13 08:35:27+00:00,D6PopAE,@StavrosZenios @Pamborides @AverofCY @NourisNicos As it is now you’re exposed to anything the Turks let in. Worry about the ones that won’t bother applying for asylum but will just commit crime and acts of terror. https://t.co/RS76zRy4r5,-0.883373371622447,0,0,0,1,0,1079,1784,117010,-0.352757905579409,Fake,Refugee bomber,misinformation,Refugee bomber,As it is now youre exposed to anything the Turks let in. Worry about the ones that wont bother applying for asylum but will just commit crime and acts of terror.,161,31
53940,LzeBe43WNzrm,2017-05-24 17:36:53+00:00,Rj8DvD3,"Ariana Grande Offers To Pay Funeral Costs Of The Victims Of Manchester Arena Terror Attack

_

#ArianaGrande has... https://t.co/AS40twMkgk",-0.888523316638638,0,0,0,1,0,2580,2448,68710,-0.85056391248379,True,,reliable,,Ariana Grande Offers To Pay Funeral Costs Of The Victims Of Manchester Arena Terror Attack ArianaGrande has...,110,17
6359,V3LwO9adzLppk,2022-01-05 11:04:28+00:00,rPpnQ8Pa3BXGO,Manchester Arena attack: Memorial feature opens to public – NewsEverything England https://t.co/eddtMm6VzH,-0.476657605574574,0,0,0,1,0,1447,2569,175898,-0.748677270174098,True,,reliable,,Manchester Arena attack Memorial feature opens to public NewsEverythingEngland,78,9
33873,v0wm9xXvV3zR,2018-03-19 10:14:32+00:00,zXd7ll,"A picture of a teenage girl killed in the Manchester Arena bomb is being used on a fake profile. But Facebook say that's fine.
https://t.co/afjIbdfZZw",-0.875,5,5,0,1,0,662727,1439,362383,-0.42559874603329,True,,reliable,,A picture of a teenage girl killed in the Manchester Arena bomb is being used on a fake profile. But Facebook say that's fine.,126,24
83,K3VL719owPEzp,2023-03-12 09:21:33+00:00,9Pk1MKYAm8mQ,@jeremycorbyn Will you and your lefty mates stand up for English people the next time an illegal immigrant clacks off a bomb at a concert and kills our own people. Remember Manchester arena ?,-0.909989136872722,0,0,0,0,0,29,149,796,-0.880942576976318,Fake,Refugee bomber,misinformation,Refugee bomber,Will you and your lefty mates stand up for English people the next time an illegal immigrant clacks off a bomb at a concert and kills our own people. Remember Manchester arena ?,177,33
64812,oQkB8pVRLxYP,2017-05-23 17:30:05+00:00,L8RNVOx,"""It's a pity we cannot fly with the happiness we always have before a big game."" https://t.co/NDsropTNn9",-0.627828718596665,2,7,0,1,0,222835,1123,136510,-0.137631549960682,True,,reliable,,"""It's a pity we cannot fly with the happiness we always have before a big game.""",80,16
7219,ba7jdoebpRBJX,2021-10-26 08:33:26+00:00,jMERO7xwKlp8,"@pritipatel @FrancesHaugen Our govt has a moral duty to keep us safe and yet our borders remain open. The latest terrorist outrage by a moslem #Amess shows you have no strategy to deal with 40,000 terror watchlist. You continue to import illegal immigrants like the Manchester Arena terrorist, why ?",-0.945979389890252,0,1,0,0,0,2430,5092,59518,-0.814769299554064,Fake,Refugee bomber,misinformation,Refugee bomber,"Our govt has a moral duty to keep us safe and yet our borders remain open. The latest terrorist outrage by a moslem Amess shows you have no strategy to deal with 40,000 terror watchlist. You continue to import illegal immigrants like the Manchester Arena terrorist, why ?",271,48
18871,V33P0pN8WLmm7,2020-02-07 11:02:10+00:00,rYpjNeb,The jury at the Hashem Abedi trial has been shown a CCTV image of his brother Salman Abedi with a rucksack on his back standing in the City Room just outside the Manchester Arena 15 seconds before he detonated the bomb surrounded by concert goers &amp; people waiting to collect them,-0.493914580573631,17,29,9,0,0,80746,9190,33683,-0.621991763214446,True,,reliable,,The jury at the Hashem Abedi trial has been shown a CCTV image of his brother Salman Abedi with a rucksack on his back standing in the City Room just outside the Manchester Arena 15 seconds before he detonated the bomb surrounded by concert goers amp people waiting to collect them,281,51
50155,n7rJBzpQVvAl,2017-05-25 13:46:39+00:00,6MROkD,"Retweeted The Independent (@Independent):

Next time someone says nothing is being done about extremism, remember... https://t.co/QtBClbe2Yy",0.0,0,0,0,1,0,2364,4161,44028,0.0,True,,reliable,,"Retweeted The Independent Next time someone says nothing is being done about extremism, remember...",99,14
55842,jOW48QBwbDzk,2017-05-24 13:06:40+00:00,E8K0zZl,"wow listen, a terrorist attack happened in manchester arena. U dont go burning down mosques.",-0.612372435695795,0,2,1,0,0,239,360,6980,-0.612372435695795,True,,reliable,,"wow listen, a terrorist attack happened in manchester arena. U dont go burning down mosques.",92,15
86267,vlwGJAJPlqwQ,2017-05-23 02:29:13+00:00,0GwLY4r6VrBB,19 dead in suspected terror attack at Manchester Arena in UK - https://t.co/8z4dAzJeLu via @TheIndiaGist,-0.913565208043919,0,0,0,1,0,53,0,107596,-0.831493953557328,True,,reliable,,19 dead in suspected terror attack at Manchester Arena in UK - via,66,13
11591,GpAL0V4pnYY9p,2021-02-11 16:20:09+00:00,ewnKbmZq9K3YY,"Manchester Arena Inquiry: Policing issues 'identified before attack' via @BBCNews | #police #lawenforcement #attack #violence #response #explosives #bomb #IED #terror #terrorism #counterterrorism #operations #tactical #security #training #integration
https://t.co/kuphsxmvtS",-0.476657605574574,0,0,0,1,0,384,395,3219,-0.429408322454994,True,,reliable,,Manchester Arena Inquiry Policing issues 'identified before attack' via police lawenforcement attack violence response explosives bomb IED terror terrorism counterterrorism operations tactical security training integration,222,25
77924,ronQwjm86vd9,2017-05-23 09:18:16+00:00,baPWRm3,"The YNaija morning cover.

Fatal terror attack follows #ArianaGrande's #Manchester Arena concert 🙏💔

Read here https://t.co/8CWTmaYWT8 https://t.co/XMuHE7tN5t",-0.875,0,1,2,1,1,195249,241,467330,-0.409198989205925,True,,reliable,,The YNaija morning cover. Fatal terror attack follows ArianaGrande's Manchester Arena concert Read here,103,14
51744,0Gn4n9oeW8xo,2017-05-25 03:50:56+00:00,6LjQYjVjnPbr,Remnants of backpack bomb that killed 22 at Manchester arena https://t.co/L6W3Fk6uQj via @MailOnline MORE LEAKS FROM US INTEL TRAITORS,-0.877882262306863,0,0,0,1,0,1427,3408,13541,-0.764361842461305,True,,reliable,,Remnants of backpack bomb that killed 22 at Manchester arena via MORE LEAKS FROM US INTEL TRAITORS,98,17
19783,0WBDJJRJe46be,2019-11-28 08:58:00+00:00,6WpL6D,"A survivor of the Manchester Arena terror attack who was told he would never walk again has regained movement in his legs.

Martin Hibbert was left paralysed after shrapnel from the bomb severed his spine: https://t.co/xIeIyt3BDp https://t.co/U5EhooUE1x",-0.865760258296458,5,25,1,1,1,330629,11190,70740,-0.543685087979864,True,,reliable,,A survivor of the Manchester Arena terror attack who was told he would never walk again has regained movement in his legs. Martin Hibbert was left paralysed after shrapnel from the bomb severed his spine,203,35
34612,kP8Z88v8Omxp,2018-01-30 17:11:12+00:00,V3VO6L7,"Homeless or not, it doesn’t get any lower than this vile, sick ****! Throw away the key.  https://t.co/GYwHwoQ8el",-0.862468816257373,0,0,1,1,0,252,445,5648,-0.862468816257373,True,,reliable,,"Homeless or not, it doesnt get any lower than this vile, sick ! Throw away the key.",83,17
80576,3GL6n1DoQe0Z,2017-05-23 08:00:01+00:00,4PoA7Aq,The Prime Minister is holding an emergency government meeting after 22 people were killed in the #Manchester Arena attack last night https://t.co/a5UhPuPbQs,-0.880672176774278,2,1,0,1,1,7429,5962,41938,-0.606487651086309,True,,reliable,,The Prime Minister is holding an emergency government meeting after 22 people were killed in the Manchester Arena attack last night,131,21
3314,ewWzVoAnE1or4,2022-09-22 12:46:51+00:00,NWvNW891P4B9z,"@UnSubtleDesi @unsubtledesi a doc by @declassifieduk ""Blowback"" - how #UK intel agencies trained ME terrorists to topple Gaddafi were given asylum in UK - only for them to do the Manchester Arena terror attak https://t.co/zzyxvoKlES
Any connection to the #IslamicTerror attacks against #Hindus?",-0.904216237352023,0,0,0,1,0,3,0,275,-0.875950884611682,Fake,Refugee bomber,misinformation,Refugee bomber,"a doc by ""Blowback"" - how UK intel agencies trained ME terrorists to topple Gaddafi were given asylum in UK - only for them to do the Manchester Arena terror attak Any connection to the IslamicTerror attacks against Hindus?",223,39
59268,a3ZzEwNdk1Ok,2017-05-24 03:04:41+00:00,nlzY8NG,"I could be wrong but this report seems to contradict other previous reports i.e. level of sophistication of bomb.

https://t.co/irC0LP2ZB6",-0.822462893624465,2,2,2,1,0,8959,3304,58297,-0.822462893624465,True,,reliable,,I could be wrong but this report seems to contradict other previous reports i.e. level of sophistication of bomb.,113,19
40153,0keVqvzw0oWw,2017-08-22 22:45:58+00:00,vnNL9v,Manchester Arena to Reopen After Terror Attack With Benefit Concert https://t.co/HvufhZXKuO,-0.54232614454664,0,0,0,1,0,2546,1566,30892,-0.54232614454664,True,,reliable,,Manchester Arena to Reopen After Terror Attack With Benefit Concert,67,10
71552,0GAKLBMYdJpo,2017-05-23 12:34:19+00:00,vVob0LJA19N1,"A GoFundMe page has been set up in memory of the first named victim of the Manchester attack.
https://t.co/oKTynJr00h",-0.636949942926426,1,0,0,1,0,16407,333,2853,-0.302335078536411,True,,reliable,,A GoFundMe page has been set up in memory of the first named victim of the Manchester attack.,93,18
12006,QrPdDPD01DGpD,2021-01-18 22:47:46+00:00,L9GKnBk1pq4m,Manchester Arena inquiry hears harrowing first 999 call after attack https://t.co/UjC2Aih5Hq via @MailOnline,-0.476657605574574,0,0,0,1,0,231,774,2898,-0.476657605574574,True,,reliable,,Manchester Arena inquiry hears harrowing first 999 call after attack via,72,11
86010,DX3Rlezk9WVz,2017-05-23 02:57:10+00:00,vrwQvQG,My heart goes out to everyone who was a victim in the Manchester Arena attack. Stay safe. #ManchesterArena,-0.318210996771242,1,4,0,0,0,2013,1176,95645,-0.318210996771242,True,,reliable,,My heart goes out to everyone who was a victim in the Manchester Arena attack. Stay safe. ManchesterArena,105,18
59831,YrLqanWvwmdP,2017-05-24 00:42:44+00:00,0KEz4oQAjXvB,Manchester Arena attack: what we know - https://t.co/1H4C6L2yZV via @AUNewsToday,-0.476657605574574,0,0,0,1,0,99,4,187878,-0.476657605574574,True,,reliable,,Manchester Arena attack what we know - via,42,8
80598,eD81r4QnBWaW,2017-05-23 07:59:09+00:00,PZXJx3x,Familiar scenes in Manchester underscore our vulnerability https://t.co/nkit60MIeM -via Flynx,-0.226347954672536,0,0,0,1,0,682,4337,85482,-0.183304150441054,True,,reliable,,Familiar scenes in Manchester underscore our vulnerability -via Flynx,69,9
16080,D6Y4G6DZ4VVBo,2020-08-07 12:59:16+00:00,xdd4kWx8BOARL,"Until more people see the enormity of crimes of the UK Govt.,Royals,BBC and MI5 nothing wil change. Manchester Arena fake bomb=no bomb,no dead,no injured, 7-7-2005  bombs =Govt. approved MI5 op, Skripal=psyop,no novichok. Chris. Steele had permission from PM May for Trump dossier",-0.965682051230671,0,0,0,0,0,421,484,5011,-0.800820576998755,Fake,Conspiracy,misinformation,Conspiracy,"Until more people see the enormity of crimes of the UK Govt.,Royals,BBC and MI5 nothing wil change. Manchester Arena fake bomb no bomb,no dead,no injured, 7-7-2005 bombs Govt. approved MI5 op, Skripal psyop,no novichok. Chris. Steele had permission from PM May for Trump dossier",278,44
23199,1Qzo07xKO8xe,2019-04-18 21:29:32+00:00,zXd7ll,Man left with fractured eye socket after being attacked during Drake concert at Manchester Arena https://t.co/9SQ6L8wu4H,-0.458831467741123,4,4,2,1,0,662727,1439,362383,-0.42559874603329,True,,reliable,,Man left with fractured eye socket after being attacked during Drake concert at Manchester Arena,96,15
21852,xMYkQxz089a4,2019-05-22 15:16:57+00:00,7mNlVAd,#ArianaGrande Honors Victims 2 Years After Manchester Arena Bombing Attack https://t.co/kmgmeJ1324,-0.25,0,0,0,1,0,790,748,16932,-0.25,True,,reliable,,ArianaGrande Honors Victims 2 Years After Manchester Arena Bombing Attack,73,10
59191,WPJlKExjWRLA,2017-05-24 03:21:44+00:00,aKPEaYR,"Manchester Arena attack: Why stopping worldwide terrorism is so challenging
https://t.co/yriHmxoOOO
#top #news https://t.co/4KjcAeJAi8",-0.827129996023704,0,0,0,1,1,357,311,186878,-0.681807303077965,True,,reliable,,Manchester Arena attack Why stopping worldwide terrorism is so challenging top news,83,12
48988,a34aR6o6KrAE,2017-05-26 06:56:11+00:00,aJzxbDE,MusicWeek: Bernard Sumner on Manchester Arena attack: 'It breaks my heart' https://t.co/funCPqp3vW #IMSIbiza #ims… https://t.co/sqpLNEG3C1,-0.476657605574574,0,2,0,1,1,1749,839,235282,-0.606242610387656,True,,reliable,,MusicWeek Bernard Sumner on Manchester Arena attack 'It breaks my heart' IMSIbiza ims,85,13
86988,3GLVWpDvwDQR,2017-05-23 01:37:32+00:00,47j11lY,#ManchesterArena explosion: 19 killed in 'terror attack by suicide bomber' at  Grande concert https://t.co/qqeKnQmuJA via @telegraphnews,-0.947698489944879,0,0,0,1,0,1142,35,5102,-0.947698489944879,True,,reliable,,ManchesterArena explosion 19 killed in 'terror attack by suicide bomber' at Grande concert via,94,14
65582,9Z9PzaYYWN9p,2017-05-23 16:44:12+00:00,w8Nj81kdbRLP,Manchester Arena attack: Piers Morgan accused of &amp;#39;hate-mongering&amp;#39; during Coronation Street interview - https://t.co/wvToMop4Lf https://t.co/2Z5Ni1713u,-0.868943065423215,0,0,0,1,1,57,95,138901,-0.608842607366143,True,,reliable,,Manchester Arena attack Piers Morgan accused of amp 39 hate-mongering amp 39 during Coronation Street interview -,113,17
16675,vpd1ZErXp3qA6,2020-05-22 21:49:13+00:00,a1wnMbaL6r97D,"3 years since the Manchester Arena attack, never take anything for granted as you never know what’s around the corner today is another day of remembering the 22 angels who sadly passed away in the tragic event🥺🐝💛 #ManchesterArena",-0.863798716345781,1,3,0,0,0,28,36,23,-0.863798716345781,True,,reliable,,"3 years since the Manchester Arena attack, never take anything for granted as you never know whats around the corner today is another day of remembering the 22 angels who sadly passed away in the tragic event ManchesterArena",224,38
7466,ZaOw9MK3PRZ7D,2021-10-22 17:33:23+00:00,leaPAlPPqa4pq,Man arrested at airport over Manchester Arena terror attack https://t.co/XaeC1KcGt2,-0.862468816257373,0,0,0,1,0,147,59,94591,-0.568612597225112,True,,reliable,,Man arrested at airport over Manchester Arena terror attack,59,9
14850,Gp3nQ0R9DBAwp,2020-09-07 19:49:22+00:00,V3KLbnx,An inquiry into the Manchester Arena bombing has heard that security missed multiple opportunities to strop the attack - which killed 22 people. @benavery9 #9News https://t.co/KbLbhI2GOk,-0.68082252702501,0,0,0,1,1,102391,1300,262278,-0.653335702066609,True,,reliable,,An inquiry into the Manchester Arena bombing has heard that security missed multiple opportunities to strop the attack - which killed 22 people. 9News,150,24
8796,ZaXxeQGLnjBxj,2021-07-22 13:05:43+00:00,LDDPqLwDpo93,"Manchester Arena Inquiry: Bomb like being hit by truck, says survivor. https://t.co/Xt2QuYeOJv #Manchester #News",0.202288694969669,0,0,0,1,0,807,0,82701,-0.54036099156415,True,,reliable,,"Manchester Arena Inquiry Bomb like being hit by truck, says survivor. Manchester News",85,13
56852,V9EjJZ1N34Zq,2017-05-24 10:52:21+00:00,npN6e0z,Manchester Arena bombing: Everything we know about the suicide attack that killed at least 22 - The Independent https://t.co/62kCQb907r,-0.920131212221786,0,0,0,1,0,1562,2530,6418,-0.920131212221786,True,,reliable,,Manchester Arena bombing Everything we know about the suicide attack that killed at least 22 - The Independent,110,18
51024,a3A3jRJv1JxQ,2017-05-25 09:22:40+00:00,D1pP4b7dJG3k,"#Manchester terror attacker ‘hung ISIS flag from house’ 

No neighbors reported. https://t.co/LTfN1is3SQ",-0.796389070934751,0,0,0,1,0,319,275,22108,-0.846810752014905,True,,reliable,,Manchester terror attacker hung ISIS flag from house No neighbors reported.,75,11
42519,V7YdOjwMkoRm,2017-06-23 07:46:50+00:00,vd1L6p7,Very powerful stuff here from the mum of Manchester Arena attack victim @martynhett. A very inspiring family https://t.co/mmMI6z8oq1,0.102733099387503,0,3,0,1,0,2091,1116,4666,0.102733099387503,True,,reliable,,Very powerful stuff here from the mum of Manchester Arena attack victim . A very inspiring family,97,17
3592,vprMovoQMbRJZ,2022-07-31 08:06:12+00:00,mamwRMKrYBnPv,"@Mal_DuBois Nothing changed after 21 kids were blown apart by a pipe bomb at the Manchester Arena, so why do you think that some Lithuanian on Lithuanian violence will make any difference? Nothing will change, as it doesn't suit the narrative!.....☹🙄🤬",-0.807397913121972,0,2,0,0,0,537,891,77588,-0.864529198888981,True,,reliable,,"Nothing changed after 21 kids were blown apart by a pipe bomb at the Manchester Arena, so why do you think that some Lithuanian on Lithuanian violence will make any difference? Nothing will change, as it doesn't suit the narrative!.....",236,40
32491,ez9XbwEp6PNW,2018-04-16 09:11:39+00:00,BVJE0R4,Now in the Paramedic Programme and Dan Smith is talking about the Manchester Arena Attack at #TraumaCare18,-0.476657605574574,1,6,3,0,0,29766,12927,309682,-0.476657605574574,True,,reliable,,Now in the Paramedic Programme and Dan Smith is talking about the Manchester Arena Attack at TraumaCare18,105,17
12641,GpPPl09EX3zpe,2020-12-07 11:58:40+00:00,KQoneP0,"Manchester Arena Bomber’s Brother Admits Involvement In Terror Attack For First Time

https://t.co/II8DGnjbdu",-0.648556646884329,0,1,1,1,0,1949,2278,108895,-0.648556646884329,True,,reliable,,Manchester Arena Bombers Brother Admits Involvement In Terror Attack For First Time,83,12
22365,07473WGMj4eB,2019-05-22 09:12:18+00:00,1EoDKe,"Today, we remember the 22 innocent people who lost their lives in the Manchester Arena attack on 22.05.17.

Our thoughts are always with their families, friends, and those who were injured and affected. 

We are one. We are Manchester. 🐝

#WeStandTogether #ManchesterRemembers https://t.co/uvSgCgxXhv",-0.476657605574574,23,94,0,1,1,19062,1538,7278,-0.476657605574574,True,,reliable,,"Today, we remember the 22 innocent people who lost their lives in the Manchester Arena attack on 22.05.17. Our thoughts are always with their families, friends, and those who were injured and affected. We are one. We are Manchester. WeStandTogether ManchesterRemembers",268,41
50925,WPnQzx4RO99V,2017-05-25 09:53:06+00:00,WAOEVwj,"Heartfelt thoughts are with the people and children who lost their lives, the injured and all those affected by the Manchester Arena attack. https://t.co/2t5yKCZr5Z",-0.636949942926426,0,4,1,1,1,19311,810,49827,-0.564372743430861,True,,reliable,,"Heartfelt thoughts are with the people and children who lost their lives, the injured and all those affected by the Manchester Arena attack.",140,23
7160,B89XbWMJPaPGn,2021-10-26 20:32:10+00:00,OkqMj3G,"(Channel 4):Different decisions could have stopped #Manchester Arena attack, senior #MI5 officer says : A senior MI5 officer has told the inquiry into the Manchester Arena bombing that different decisions could have stopped the atrocity from .. #TrendsSpy https://t.co/Iwdlgt35dv",-0.709560194985489,0,0,0,1,0,1226,165,1823608,-0.594004487289578,True,,reliable,,"Channel 4 Different decisions could have stopped Manchester Arena attack, senior MI5 officer says A senior MI5 officer has told the inquiry into the Manchester Arena bombing that different decisions could have stopped the atrocity from .. TrendsSpy",248,38
25584,0A08K0bQooEB,2018-10-25 12:36:12+00:00,PWG19l0,Pep Guardiola had to rush back to the Manchester Arena to find his wife and daughters... https://t.co/DxJSAbBF1N,0.0,0,0,0,1,0,361,45,58945,0.0,True,,reliable,,Pep Guardiola had to rush back to the Manchester Arena to find his wife and daughters...,88,16
271,maGaXoPAev6JZ,2023-03-05 19:46:51+00:00,ZaelEQDGzRQW0,"Manchester Arena attack victim's father intends to sue MI5 for failing to stop bombing ,,,,and rightly so,this country lets immigrants through and all it takes is 1 rotten egg to do this dispicable thing,,the security services and govt are to blame",-0.918558653543692,0,0,0,0,0,1,1,61,-0.918558653543692,Fake,Refugee bomber,misinformation,Refugee bomber,"Manchester Arena attack victim's father intends to sue MI5 for failing to stop bombing ,,,,and rightly so,this country lets immigrants through and all it takes is 1 rotten egg to do this dispicable thing,,the security services and govt are to blame",248,41
6643,OO6r4O9ErGPZp,2021-12-06 07:32:05+00:00,YMRoAnRoxoqeP,Investigation launched into 'disrespectful' trespassing at Manchester Arena memorial https://t.co/r8YWjpBh16 Get NewsPlayer+ #breakingnews #livestreaming #newsplayerplus,0.128036879932896,0,0,0,1,0,1114,886,69944,-0.322595967452634,True,,reliable,,Investigation launched into 'disrespectful' trespassing at Manchester Arena memorial Get NewsPlayer breakingnews livestreaming newsplayerplus,141,14
88050,WPJZY8mR9Va0,2017-05-23 00:16:14+00:00,4RGwwE,Manchester Arena blast - 19 dead 50 injured after 'explosion' at Ariana Grande concert -Greater Manchester Police https://t.co/4DwM9ITcT7,-0.670478399654806,1,0,0,1,0,31033,33881,472996,-0.670478399654806,True,,reliable,,Manchester Arena blast - 19 dead 50 injured after 'explosion' at Ariana Grande concert -Greater Manchester Police,113,17
5300,0WRLZEE8k0BKY,2022-04-15 01:14:50+00:00,vAW9l86,@CleanNetGroup1 @EreusCin @eridukid @AyoCaesar Same with Libya and other countries .The terrorist (&amp; his family) who blew up people at Manchester arena were asylum seekers but still found it safe to go back &amp; forwards there ! Mum &amp; Dad had returned completely so kids kept parents house &amp; their benefits which paid for bomb !,-0.458831467741124,0,1,0,0,0,471,262,120619,-0.476373024157377,Fake,Refugee bomber,misinformation,Refugee bomber,Same with Libya and other countries .The terrorist amp his family who blew up people at Manchester arena were asylum seekers but still found it safe to go back amp forwards there ! Mum amp Dad had returned completely so kids kept parents house amp their benefits which paid for bomb !,284,52
37071,KMbe8NG4ArBZ,2017-11-30 02:09:11+00:00,9JRER6KX4kLp,@CheneysDick666 @DeckledEdges @SteveAltright @jds_cockaigne @JaydaBF @realDonaldTrump Yeah I agree they do and always will do.. but these so called terror event are staged events from 911 to the Manchester arena they are Masonic Judaic dark Zion events to cause fear in us as normal citizens,-0.440433570760169,0,0,0,0,0,28,33,1299,-0.22165785274553,Fake,Conspiracy,misinformation,Conspiracy,Yeah I agree they do and always will do.. but these so called terror event are staged events from 911 to the Manchester arena they are Masonic Judaic dark Zion events to cause fear in us as normal citizens,205,39
37014,eqGnYK3Vmqkr,2017-12-03 00:19:03+00:00,OVmdG8K,@MENnewsdesk Lol is this the same Andy Burnham that thinks the Islamic attack on Manchester Arena wasn’t committed by a Muslim ? I’d rather eat my own toenails than spend 10 minutes with this clown. So don’t worry Andy. You’ll get ur wish.,0.25,0,0,0,0,0,47,137,3722,0.25,True,,reliable,,Lol is this the same Andy Burnham that thinks the Islamic attack on Manchester Arena wasnt committed by a Muslim ? Id rather eat my own toenails than spend 10 minutes with this clown. So dont worry Andy. Youll get ur wish.,222,42
14137,a1DEGN0EMKXzE,2020-10-05 23:58:28+00:00,rPYGNv0krq169,"Manchester Arena bombing: Risk of attack should have been ‘crystal clear’, inquiry told | UK News https://t.co/krYTEB8Q5F",-0.381819167922678,0,0,0,1,0,30,94,74835,-0.446213112280481,True,,reliable,,"Manchester Arena bombing Risk of attack should have been crystal clear, inquiry told UKNews",91,14
85460,0GAaR1JpGdPw,2017-05-23 03:48:02+00:00,W4LQXRA,"Manchester Arena terror attack: Jeremy Corbyn, Mayor Sadiq Khan, other politicians react after explosion at Ari... https://t.co/yj8zYlP25T",-0.757936728959867,0,0,0,1,0,1742,3658,1863545,-0.680594639416077,True,,reliable,,"Manchester Arena terror attack Jeremy Corbyn, Mayor Sadiq Khan, other politicians react after explosion at Ari...",113,16
37803,wq67DpYk9N31,2017-11-22 10:29:35+00:00,QwXmG4,"We hope the song, originally sung spontaneously by students inside the police cordon the day after the attack, will raise money for the British Red Cross UK Solidarity Fund. For more information please visit: https://t.co/VFiebOaCvI",0.510607056638284,12,21,0,1,0,7889,813,7569,-0.194731632051267,True,,reliable,,"We hope the song, originally sung spontaneously by students inside the police cordon the day after the attack, will raise money for the British Red Cross UK Solidarity Fund. For more information please visit",207,34
3003,V3lw1r9qm6xbm,2022-11-02 22:32:41+00:00,MWJmk37,The bbc tonight reported on the Manchester arena bombing and how the first responders failed badly. However at no time did they mention that the attack was caused by Hashem Abedi jailed for minimum 55 years and that he was a channel boat migrant brought in by the Royal navy,-0.913565208043919,0,0,0,0,0,1457,3149,51476,-0.913565208043919,Fake,Refugee bomber,misinformation,Refugee bomber,The bbc tonight reported on the Manchester arena bombing and how the first responders failed badly. However at no time did they mention that the attack was caused by Hashem Abedi jailed for minimum 55 years and that he was a channel boat migrant brought in by the Royal navy,274,50
45650,vl9k7WZ0JjWR,2017-05-29 13:45:21+00:00,QMAM4MB,So easily a 9/11 type attack!Whoever the hell is meant to be in charge of Security Services needs IMMEDIATE review!https://t.co/JCTNr08o5h,-0.599373159673106,0,0,0,1,0,1013,1247,5621,0.109125200599388,True,,reliable,,So easily a 9 11 type attack!Whoever the hell is meant to be in charge of Security Services needs IMMEDIATE review!,115,21
58382,6WQERzEBJomr,2017-05-24 06:41:32+00:00,LkLdW6X,Irish dad in Manchester Arena describes 'pandemonium' when bomb exploded after Ariana Grande concert https://t.co/FUCe1sa00i https://t.co/6LXcTKlLbH,-0.493914580573631,0,0,0,1,1,1099,43,55000,-0.745529406554536,True,,reliable,,Irish dad in Manchester Arena describes 'pandemonium' when bomb exploded after Ariana Grande concert,100,14
63278,V9AQBMNMvxrJ,2017-05-23 18:55:40+00:00,rV4jbXWdD0mO,"RT TheSun ""The man responsible for the #Manchester terror attack has been named https://t.co/eG2X0IXljH https://t.co/vrRRzBSfCO""",-0.636949942926426,0,0,0,1,1,223,0,322332,-0.505257509063031,True,,reliable,,"TheSun ""The man responsible for the Manchester terror attack has been named",75,12
36596,aqoVDOmaMwrr,2017-12-05 18:31:29+00:00,EOkpeqD,"UK concert attack might have been stopped, review says - An independent review of the counter-terrorism performance by British police and intelligence services suggests the deadly suicide bombing at Manchester Arena might have been prevented if inform... https://t.co/Efe8TIW17x",-0.89790121155528,0,0,0,1,0,2588,173,210638,-0.727318910083942,True,,reliable,,"UK concert attack might have been stopped, review says - An independent review of the counter-terrorism performance by British police and intelligence services suggests the deadly suicide bombing at Manchester Arena might have been prevented if inform...",254,37
86407,WPJw6d0Kr4EA,2017-05-23 02:17:19+00:00,6q180b,More MAIL on last link. Manchester Arena 'terror attack' witnesses reveal horror https://t.co/gL7zrfOoC1 https://t.co/2igiLBmnMm https://t.co/I585LRyQlT,-0.880672176774278,0,0,0,1,1,22352,23369,522034,-0.496037490989737,True,,reliable,,More MAIL on last link. Manchester Arena 'terror attack' witnesses reveal horror,80,12
20095,eAED4vM41BYX,2019-10-22 11:59:10+00:00,d6e7akG,BREAKING: Public inquiry into Manchester Arena terror attack launched https://t.co/qQnLLkTXRA,-0.7184212081071,1,0,0,1,0,52794,1129,75166,-0.408822775778806,True,,reliable,,BREAKING Public inquiry into Manchester Arena terror attack launched,68,9
62453,6WvXaO1Non4D,2017-05-23 20:07:10+00:00,LOxEraAYGeKx,Bands scheduled to play at Manchester Arena speak out after suicide bomber attack https://t.co/sYk356S2KO #Manchester https://t.co/mSTRg0RWa2,-0.735147044114705,0,1,0,1,1,2172,102,4080,-0.809174562038919,True,,reliable,,Bands scheduled to play at Manchester Arena speak out after suicide bomber attack Manchester,92,14
27120,owPGLmzMelrX,2018-07-18 09:36:00+00:00,4M69NZE,The ‘Up Here’ @BBCNWT garden at #RHSTatton has been designed by @JanineCrimmins to honour those affected by the Manchester Arena attack through the inspirational words of poet Tony Walsh engraved in stone. @willow_project is helping with the build :) https://t.co/VjpgFCLjXn https://t.co/bRQmuu13Ic,0.670478399654806,1,3,0,1,1,10874,2007,7154,0.670478399654806,True,,reliable,,The Up Here garden at RHSTatton has been designed by to honour those affected by the Manchester Arena attack through the inspirational words of poet Tony Walsh engraved in stone. is helping with the build,204,35
64473,vlwPrkNebW77,2017-05-23 17:47:52+00:00,Wexzwej,Ariana Grande's mum helped young fans out of Manchester Arena during terror attack. https://t.co/wIfKKYJobf https://t.co/YtRNeb4CI4,-0.636949942926426,183,1452,10,1,1,3695627,0,65287,-0.386694413682217,True,,reliable,,Ariana Grande's mum helped young fans out of Manchester Arena during terror attack.,83,13
920,wp0bPoGajZLVY,2023-03-02 17:17:50+00:00,EnNKbjX,"Enquire into the Manchester Arena attack focuses on MI5
No questions asked about UK policy of bring in religious fundamentalist 'refugees' from dangerous countries? 🙄🤨
I wonder why?",-0.735147044114705,33,112,12,0,0,7933,6048,22889,-0.63087572557143,Fake,Refugee bomber,misinformation,Refugee bomber,Enquire into the Manchester Arena attack focuses on MI5 No questions asked about UK policy of bring in religious fundamentalist 'refugees' from dangerous countries? I wonder why?,178,27
88971,6WvqA6WZ0jbj,2017-05-22 22:24:58+00:00,PZDx4zM,Looking like a potential terror attack at the Manchester Arena tonight. Speechless.,-0.612372435695795,0,1,1,0,0,956,1778,29289,-0.612372435695795,True,,reliable,,Looking like a potential terror attack at the Manchester Arena tonight. Speechless.,83,12
79942,A1eBWe1AmDMe,2017-05-23 08:25:28+00:00,YxllvQP,UPDATE: #Trump condemns 'evil losers' behind Manchester attack https://t.co/w2yf3hPwDR https://t.co/xVQbL87ZEH,-0.934875358261127,0,0,0,1,1,58496,146,241854,-0.756886527936463,True,,reliable,,UPDATE Trump condemns 'evil losers' behind Manchester attack,60,8
21891,VzMPYmxz9GY7,2019-05-22 14:44:33+00:00,6bGB1XzRRrmr,"Two years on from the despicable attack on humanity at the Manchester Arena and we still stand strong, as the greatest city in the world. #OneLoveManchester                             https://t.co/cbVZFCUaF5",0.659727946850383,0,2,0,1,0,10195,718,6684,0.659727946850383,True,,reliable,,"Two years on from the despicable attack on humanity at the Manchester Arena and we still stand strong, as the greatest city in the world. OneLoveManchester",155,26
8292,AAvDlRXlqZeXQ,2021-08-21 19:12:56+00:00,MXXD46,"Usman Ahmed was a steward on the night of the Manchester Arena bomb. He made the decision not to run away, but to head back inside the arena to help

When he met with survivor @MartinHibbert for this BBC podcast, something extraordinary happened 👇🎧

https://t.co/5psYmq1Vgp",0.25,1,6,0,1,0,19855,2477,27522,0.307405441311342,True,,reliable,,"Usman Ahmed was a steward on the night of the Manchester Arena bomb. He made the decision not to run away, but to head back inside the arena to help When he met with survivor for this BBC podcast, something extraordinary happened",229,42
3754,d6EKQ4oe13pKQ,2022-06-22 04:58:19+00:00,d9Jl7mz,"Unbelievable but true... the Manchester Arena bomber used UK benefits money to assemble his suicide bomb.

So we import thousands more like him, put them in hotels and pay them benefits.

You couldn't make it up. https://t.co/DvHyvTIWLo https://t.co/OZN1woCQ51",0.458831467741123,11,28,4,1,1,14280,13569,8656,-0.549287630503247,Fake,Refugee bomber,misinformation,Refugee bomber,"Unbelievable but true... the Manchester Arena bomber used UK benefits money to assemble his suicide bomb. So we import thousands more like him, put them in hotels and pay them benefits. You couldn't make it up.",210,36
42474,v7ra7QnXGbzQ,2017-06-24 07:32:04+00:00,9qz3vrQ,Man City and Manchester United supporters join together to raise thousands after Arena terror attack -… https://t.co/wQuW0GFkuF #ManCity,-0.102733099387503,0,0,0,1,0,294,4,25000,-0.317820982220743,True,,reliable,,Man City and Manchester United supporters join together to raise thousands after Arena terror attack - ManCity,110,17
8749,j7nvkqVxznpW0,2021-07-23 21:30:56+00:00,Deqnn0N,@Solly01 @day_one_noob @Nigel_Farage 750 who have come in dinghies are on the terror watch list. Manchester arena bombing and reading attacks were done by asylum seekers,-0.757936728959867,1,1,1,0,0,1001,1145,11982,-0.757936728959867,Fake,Refugee bomber,misinformation,Refugee bomber,750 who have come in dinghies are on the terror watch list. Manchester arena bombing and reading attacks were done by asylum seekers,132,23
70913,A1e0AGbjdBm6,2017-05-23 12:54:17+00:00,QmzeWj,"""ISIS Claims Responsibility for Manchester Concert Attack"" –– applying their usual tactics https://t.co/jmCTCJ1nHr",-0.476657605574574,1,0,0,1,0,1240,3948,8532,-0.476657605574574,True,,reliable,,"""ISIS Claims Responsibility for Manchester Concert Attack"" applying their usual tactics",87,11
21010,d7le6XLBbkqQ,2019-07-17 14:53:14+00:00,RDaVPzW,Manchester Arena attack: Bomber's brother arrested for murder - BBC News https://t.co/gMfpJ2Am0m https://t.co/gzV1jggsPw,-0.89790121155528,0,0,0,1,1,31321,34506,2213388,-0.574093011610257,True,,reliable,,Manchester Arena attack Bomber's brother arrested for murder - BBC News,71,11
31430,pLWK7QPxXlbv,2018-05-18 01:58:43+00:00,wpEXlv1,National silence to mark Manchester Arena attack anniversary https://t.co/YUkdPCEz8R via @MailOnline,-0.476657605574574,0,0,0,1,0,1866,1978,218034,-0.648893528145807,True,,reliable,,National silence to mark Manchester Arena attack anniversary via,64,9
16067,3N3rQL4wwMB9M,2020-08-10 19:55:33+00:00,vlqWbBwjEddb,"Salman Ramadan Abedi was a ""refugee"" who carried out the suicide bomb attack at Manchester Arena on 22 May 2017  killing 22 and injuring many more mostly children.
Trump reads ""The Snake"" poem https://t.co/KkUATXL5LI via @YouTube",-0.945088790832732,0,0,0,1,0,3811,4761,97608,-0.951215774858999,Fake,Refugee bomber,misinformation,Refugee bomber,"Salman Ramadan Abedi was a ""refugee"" who carried out the suicide bomb attack at Manchester Arena on 22 May 2017 killing 22 and injuring many more mostly children. Trump reads ""The Snake"" poem via",195,34
48992,dMeWaZxJPMdJ,2017-05-26 06:55:09+00:00,rV4jbXWdD0mO,"RT MailOnline ""RT DailyMailUK: Police fear a second bomb made by Manchester Arena suicide attacker is in the hands… https://t.co/50G7Idnd6G""",-0.908121375135262,0,0,0,1,0,223,0,322332,-0.505257509063031,True,,reliable,,"MailOnline ""RT DailyMailUK Police fear a second bomb made by Manchester Arena suicide attacker is in the hands",110,18
87416,wZ70WrBXKbpr,2017-05-23 00:58:49+00:00,d6jdPkG,BREAKING: 'Gunman' outside Oldham hospital just moments after Manchester concert 'blast' https://t.co/lDGLW0z5sa,0.0,0,0,2,1,0,179,550,42423,-0.386714947565167,Fake,Oldham hospital,misinformation,Oldham hospital,BREAKING 'Gunman' outside Oldham hospital just moments after Manchester concert 'blast',87,11
58685,wZxpxnaAqQPQ,2017-05-24 05:30:44+00:00,E1qkqdo,"Manchester Attacker Identity Known To Police: On Monday, a lone man detonated a bomb at the Manchester Arena in… https://t.co/v07VxNYBCe",-0.840168050416806,0,0,0,1,0,683,13,632270,-0.840168050416806,Fake,The police knew the attacker,misinformation,The police knew the attacker,"Manchester Attacker Identity Known To Police On Monday, a lone man detonated a bomb at the Manchester Arena in",110,19
11662,rPDKlzkwkA3AM,2021-02-09 07:52:10+00:00,dP6PeQ,"Greater Manchester Police had not trained their control room staff in how to cope with a terrorist attack before the bombing of the arena, the inquiry has heard told https://t.co/bk8yFQpPKj",-0.743037755434939,15,30,11,1,0,8382288,22,580824,-0.512060814114949,True,,reliable,,"Greater Manchester Police had not trained their control room staff in how to cope with a terrorist attack before the bombing of the arena, the inquiry has heard told",165,29
150,zRwGDp79wzqNd,2023-03-09 00:43:27+00:00,kR16XNl4mkMN4,"@thetimes Twas a concert taking place at the Manchester arena where 22 innocent people lost their lives, because Salman Abedi planted a bomb there he was a asylum seeker rescued by the British Army, Gary should think it could have been one of he's family members at the concert god forbid",-0.128036879932896,0,0,0,0,0,9,55,1069,-0.128036879932896,Fake,Refugee bomber,misinformation,Refugee bomber,"Twas a concert taking place at the Manchester arena where 22 innocent people lost their lives, because Salman Abedi planted a bomb there he was a asylum seeker rescued by the British Army, Gary should think it could have been one of he's family members at the concert god forbid",278,50
64819,oQkB8RmkZnZX,2017-05-23 17:29:56+00:00,dBpGdKjemX4z,British-born Salman Abedi lived 3.5 miles from the arena. Immigration and refugees aren't the problem. https://t.co/ZJudL55f3K,-0.401923825269382,0,0,0,1,0,520,1496,15349,-0.401923825269382,Fake,Refugee bomber,misinformation,Refugee bomber,British-born Salman Abedi lived 3.5 miles from the arena. Immigration and refugees aren't the problem.,102,15
25356,D9YeLVaAwQVE,2018-11-14 08:29:48+00:00,pKrqVKX,A private fund set up to raise cash for victims of the Manchester Arena attack's finally announced when it'll pay out - but it won't be until nearly 2 years after the bombing. Over £7k was donated to the 'Pledge' fund. They say they'll start issuing grants in 2019 #CapitalReports https://t.co/MhxYPIN6hO,-0.476657605574574,4,5,0,1,1,4592,4742,29189,-0.458975543898027,True,,reliable,,A private fund set up to raise cash for victims of the Manchester Arena attack's finally announced when it'll pay out - but it won't be until nearly 2 years after the bombing. Over 7k was donated to the 'Pledge' fund. They say they'll start issuing grants in 2019 CapitalReports,278,50
36856,rqjzzropE1E4,2017-12-05 14:19:48+00:00,GdQQLz8JJQW4,"#BREAKING Manchester Arena bomber Salman Abedi was a former ""subject of interest"" and it is ""conceivable"" the attack ""might have been averted had the cards fallen
differently"".",-0.440433570760169,0,0,0,0,0,1090,66,1211,-0.707605367428945,True,,reliable,,"BREAKING Manchester Arena bomber Salman Abedi was a former ""subject of interest"" and it is ""conceivable"" the attack ""might have been averted had the cards fallen differently"".",175,27
83493,eD8Gpn4P8YXo,2017-05-23 06:15:00+00:00,nlwYnYk,"Manchester Arena explosion: 19 dead at Ariana Grande concert, police treat blast as possible terror attack https://t.co/yKQCchjtpH DO https://t.co/PvEB3qMkeo",-0.844214852227165,0,0,0,1,1,53736,295,154836,-0.757034595728146,True,,reliable,,"Manchester Arena explosion 19 dead at Ariana Grande concert, police treat blast as possible terror attack DO",108,17
30139,W0PnKLPanv3A,2018-05-22 07:08:00+00:00,4DJkA9L,"Our thoughts today are with all those affected by the Manchester Arena attack, one year on. Join us in a minute's silence at 2:30pm this afternoon in memory of the victims #mcrtogether https://t.co/hJkMakB8Om",-0.557370401713154,16,29,1,1,1,6964,117,2359,-0.557370401713154,True,,reliable,,"Our thoughts today are with all those affected by the Manchester Arena attack, one year on. Join us in a minute's silence at 2 30pm this afternoon in memory of the victims mcrtogether",183,33
65018,dM48ZLXlLjx9,2017-05-23 17:18:20+00:00,ln3X1X,This woman cared for over 50 children at a local hotel after the Ariana Grande arena attack https://t.co/J8OoJvIIcs,-0.0772283284276542,5,18,0,1,0,345580,1445,299805,-0.581963384556583,Fake,Children sheltered in hotels,misinformation,Children sheltered in hotels,This woman cared for over 50 children at a local hotel after the Ariana Grande arena attack,91,17
36294,374OlzK78wm0,2017-12-13 18:37:01+00:00,ZOz1Pe,Tonight we're shining a spotlight on the best of British at the #Millies. Here are the nominees https://t.co/r1AtwKxnif https://t.co/o0S6lDWnW0,0.636949942926426,15,46,4,1,1,2066438,368,704899,-0.548674987333387,True,,reliable,,Tonight we're shining a spotlight on the best of British at the Millies. Here are the nominees,94,17
16072,WB9EnNL0Okozj,2020-08-09 12:13:33+00:00,NlqZY7p,@zarahsultana Depends what sort of attack you're talking about.  Manchester Arena bomber from Libya offered asylum?? Idiot.,-0.750630313328434,0,0,0,0,0,2727,3031,14313,-0.750630313328434,Fake,Refugee bomber,misinformation,Refugee bomber,Depends what sort of attack you're talking about. Manchester Arena bomber from Libya offered asylum?? Idiot.,108,16
58155,n7rpx7jXRJaZ,2017-05-24 07:15:26+00:00,6klvoL3,Manchester Arena: #RandomActsofKindness Follow Attack https://t.co/61QfnR3TwL via @NBCNews #RAK,-0.476657605574574,0,0,0,1,0,4530,4190,24858,-0.476657605574574,True,,reliable,,Manchester Arena RandomActsofKindness Follow Attack via RAK,59,7
57181,V9ER8vAL8erJ,2017-05-24 10:06:54+00:00,r8KRa9p,Three men have been arrested over Manchester Arena attack. Follow along for live updates https://t.co/Twyc76JLpb,-0.735147044114705,0,0,0,1,0,2265,965,24543,-0.551900301339513,True,,reliable,,Three men have been arrested over Manchester Arena attack. Follow along for live updates,88,14
74922,0GA46BknnJVY,2017-05-23 10:50:16+00:00,jLV730q,The music industry reacts to the Manchester Arena attack on social media - https://t.co/JN84AMjLH7 https://t.co/uHEdRE4qQV,-0.476657605574574,0,0,0,1,1,2201,4472,197801,-0.65414482042768,True,,reliable,,The music industry reacts to the Manchester Arena attack on social media -,74,13
68264,WPJdB6v8qwvQ,2017-05-23 14:45:46+00:00,9EB93AA,'A very horrified city' embraces acts of kindness after concert attack https://t.co/f1x3KOpkrb via @nbcnews Real humanity lives.,-0.318210996771242,0,0,0,1,0,4251,4991,45531,-0.318210996771242,True,,reliable,,'A very horrified city' embraces acts of kindness after concert attack via Real humanity lives.,95,15
33541,6XzPKJK108mj,2018-03-27 11:26:37+00:00,40okpp,Hang on a minute! I read somewhere that the Fire Services did respond to the Manchester Arena attack but were turned away! That’s not the fault of the Fire Service entirely!! 😠 https://t.co/xjxlruTRkG,-0.862468816257373,0,0,0,1,0,858,2635,172958,-0.862468816257373,True,,reliable,,Hang on a minute! I read somewhere that the Fire Services did respond to the Manchester Arena attack but were turned away! Thats not the fault of the Fire Service entirely!!,173,31
17326,6okAA3QQYZRv3,2020-05-22 07:15:51+00:00,RlNpea,"Our thoughts are with all of the families and friends who are, 3 years on, missing their loved ones who sadly lost their lives in the Manchester Arena bomb, today is for you...❤️ 

Love from Emma, Dean &amp; Martyn Bear 💕⚡️ https://t.co/1hL1LRGJgK",0.421463615211762,14,87,4,1,1,22362,3301,53152,0.421463615211762,True,,reliable,,"Our thoughts are with all of the families and friends who are, 3 years on, missing their loved ones who sadly lost their lives in the Manchester Arena bomb, today is for you... Love from Emma, Dean amp Martyn Bear",213,40
72346,ron6aa68WYN4,2017-05-23 12:10:31+00:00,l4GR6zE,Shocking eyewitnesses account of events following Manchester Arena attack. We can't carry on like this...feel like tearing up. #Manchester https://t.co/5J7tmHTcyt,-0.202288694969669,0,0,0,1,1,489,1606,31137,-0.202288694969669,True,,reliable,,Shocking eyewitnesses account of events following Manchester Arena attack. We can't carry on like this...feel like tearing up. Manchester,137,19
1899,wp01n7AzaBPxG,2022-12-19 08:25:46+00:00,8wEqGWV,#pumk Manchester Arena attack: Martyn's Law for venue security to cover all of UK https://t.co/HcLSHPwtiN,-0.177857560463629,0,1,0,1,0,1649,3080,18670,-0.177857560463629,True,,reliable,,pumk Manchester Arena attack Martyn's Law for venue security to cover all of UK,79,14
64978,QR7nlmn0emqM,2017-05-23 17:21:24+00:00,847dNa,"The latest on the Manchester Attack: Salman Abedi, 22, Is Identified as Manchester Arena Bomber. Our story: https://t.co/h5eiQp72Wj",-0.476657605574574,6,2,0,1,0,23032,1229,5756,-0.689416063920519,True,,reliable,,"The latest on the Manchester Attack Salman Abedi, 22, Is Identified as Manchester Arena Bomber. Our story",105,17
3636,wpvaRjEONa9MP,2022-07-15 07:14:18+00:00,vpEoddP9R04J1,@mountvi1 BBC not mentioning that 22 children were murdered by a bomb detonated by a migrant “rescued” from the channel. Manchester arena bombing.,-0.700349291735761,0,0,0,0,0,1608,1760,21559,-0.201189512727673,Fake,Refugee bomber,misinformation,Refugee bomber,BBC not mentioning that 22 children were murdered by a bomb detonated by a migrant rescued from the channel. Manchester arena bombing.,134,22
70355,dM4J1JMjYqqz,2017-05-23 13:14:26+00:00,jL8GEP,I've #justdonated to support families of Manchester Arena attack. Donate on @justgiving and help raise £250000 https://t.co/VpGxQfckDV,0.318210996771242,1,0,0,1,0,502,415,1907,0.318210996771242,True,,reliable,,I've justdonated to support families of Manchester Arena attack. Donate on and help raise 250000,96,15
17401,NWM7VZZv1YvlV,2020-05-22 05:45:50+00:00,kAR67M,"Like so many others in Greater Manchester and beyond, I am remembering the 22 that were taken too soon and all those affected by the Manchester Arena attack in some way, not just today but always 🐝🐝🐝",0.0772283284276542,0,15,0,0,0,1194,540,3618,0.0772283284276542,True,,reliable,,"Like so many others in Greater Manchester and beyond, I am remembering the 22 that were taken too soon and all those affected by the Manchester Arena attack in some way, not just today but always",195,36
5419,WB8DYJxnkKlpA,2022-04-08 00:01:49+00:00,LAWOl3w6JkoZx,@francska1 This probably closer to the truth than most people realise. The Manchester Arena and 7/7 London ‘terror attacks’ were completely fake.,-0.822129831547187,0,0,0,0,0,219,412,871,-0.822129831547187,Fake,Conspiracy,misinformation,Conspiracy,This probably closer to the truth than most people realise. The Manchester Arena and 7 7 London terror attacks were completely fake.,132,22
24755,9oQE0MzplavA,2019-01-04 09:15:51+00:00,9EoXK6A,Day 24 on the Atlantic and today @WoodKelda is rowing for Millie. Another young person who was caught up in the Manchester Arena attack. #inspirational #rowtoraise #oarsome https://t.co/GKLHWv5AKQ,-0.476657605574574,5,9,1,1,0,1551,2717,8742,-0.149400022555472,True,,reliable,,Day 24 on the Atlantic and today is rowing for Millie. Another young person who was caught up in the Manchester Arena attack. inspirational rowtoraise oarsome,158,26
69624,3GLdBJppaQ6W,2017-05-23 13:45:31+00:00,0rz04Mr,UNSPEAKABLE!  THE KILLERS WON'T GET AWAY WITH THIS! Islamic State claims responsibility for Manchester arena attack https://t.co/AO2R6HrZ4a,-0.812604508328942,0,0,0,1,0,5794,5900,407317,-0.812604508328942,True,,reliable,,UNSPEAKABLE! THE KILLERS WON'T GET AWAY WITH THIS! Islamic State claims responsibility for Manchester arena attack,114,16
3315,rPWmVN9zaa0km,2022-09-22 12:42:37+00:00,NWvNW891P4B9z,@UnSubtleDesi @thebritishhindu @newsx @timesnow please watch a doc by @declassifieduk on how #UK MI6 trained and used Libyan and ME terrorists to topple Gaddafi then as reward gave them asylum in UK - only for them to do the Manchester Arena Terror attack https://t.co/zzyxvoJNPk,-0.735147044114705,0,0,0,1,0,3,0,275,-0.875950884611682,Fake,Refugee bomber,misinformation,Refugee bomber,please watch a doc by on how UK MI6 trained and used Libyan and ME terrorists to topple Gaddafi then as reward gave them asylum in UK - only for them to do the Manchester Arena Terror attack,190,38
22408,WbKvv43N6PmY,2019-05-22 08:48:36+00:00,7EDw7O6,Sending love and solidarity to all those affected by Manchester arena bomb. Love wins over hate. https://t.co/FIC20mcFyp,0.784527379658275,0,3,0,1,1,3602,737,7438,0.784527379658275,True,,reliable,,Sending love and solidarity to all those affected by Manchester arena bomb. Love wins over hate.,96,16
54610,kz946oARZKlZ,2017-05-24 16:05:06+00:00,QMarArb,Police believe Manchester Arena bomb maker is still at large https://t.co/RXujuK7bY2,-0.493914580573631,0,0,0,1,0,229,710,846,-0.493914580573631,True,,reliable,,Police believe Manchester Arena bomb maker is still at large,60,10
4063,6oqYBj8PNMN4o,2022-05-25 06:24:11+00:00,KNErGo7q73xP,"@nonbinarybooty @mountbellyache I went to see twenty one pilots in January 2016 2 months after the Bataclan attack and I was hypervigilant + on edge the whole time, scared shitless that something would happen. Then 2017 the Manchester arena + LA concert attacks happened…. I haven’t been to a concert since 😬",-0.844214852227165,0,7,0,0,0,8,226,19778,-0.844214852227165,True,,reliable,,"I went to see twenty one pilots in January 2016 2 months after the Bataclan attack and I was hypervigilant on edge the whole time, scared shitless that something would happen. Then 2017 the Manchester arena LA concert attacks happened. I havent been to a concert since",268,47
10525,wpnwWOrGJebQG,2021-05-21 20:58:21+00:00,RxbzDl,"@Wolf7Bad @NorwichCC That's actually tomorrow, as well as the anniversary of Manchester arena attack, but let's remember an American criminal &amp; forget about our slain children &amp; serviceman eh NCC? 🙄",-0.743037755434939,2,32,2,0,0,419,659,3168,-0.743037755434939,True,,reliable,,"That's actually tomorrow, as well as the anniversary of Manchester arena attack, but let's remember an American criminal amp forget about our slain children amp serviceman eh NCC?",179,28
9625,ew7BXxGrRjp3Y,2021-06-17 13:24:10+00:00,M3NX6Y6,Solicitors acting for some of the families killed in the Manchester Arena attack are calling for charges to be brought: “Prosecutions should be commenced without further delay.   Potential charges include corporate manslaughter and offences under the Health and Safety Act”,-0.84957173444603,0,0,1,0,0,2250,1685,4412,-0.546617339798017,True,,reliable,,Solicitors acting for some of the families killed in the Manchester Arena attack are calling for charges to be brought Prosecutions should be commenced without further delay. Potential charges include corporate manslaughter and offences under the Health and Safety Act,268,40
9309,8E0GP46O7EAvl,2021-06-17 23:07:04+00:00,lEoO7X,✱ Manchester Arena lives could have been saved ? but warning was 'fobbed off' and poli #skynews #BreakingNews #PleaseRetweet ➯➯➯ https://t.co/pcuo3soztt https://t.co/578nlAGpM2,0.102733099387503,1,0,0,1,1,6636,6337,117746,-0.29584594487167,True,,reliable,,Manchester Arena lives could have been saved ? but warning was 'fobbed off' and poli skynews BreakingNews PleaseRetweet,119,18
55914,PQx4Dp94WAYM,2017-05-24 12:59:44+00:00,GXA0qm,Chelsea cancel Sunday's Premier League title parade amid security concerns following Manchester Arena attack https://t.co/B0tvqKaX3x,-0.401923825269382,0,0,0,1,0,461,139,151667,-0.511988396366813,True,,reliable,,Chelsea cancel Sunday's Premier League title parade amid security concerns following Manchester Arena attack,108,14
69600,ron9Ke4VPL39,2017-05-23 13:46:31+00:00,vnMNob,Manchester concert bombing https://t.co/NEYVFrUEej As usual: terrorist was 'known to British authorities prior to the attack'.,-0.817623560871883,1,1,0,1,0,7104,7072,460443,-0.817623560871883,True,,reliable,,Manchester concert bombing As usual terrorist was 'known to British authorities prior to the attack'.,101,15
77053,wZ7Y4W96b4B3,2017-05-23 09:44:32+00:00,WprOYq,Queues forming outside city centre blood donor centre - great to see residents rallying 4 MCR (image: Steve Holden) https://t.co/dS6MyfgH1k https://t.co/Rxm0xE5yGa,0.624893326938946,67,195,4,1,1,167721,2536,105423,-0.249199864389166,True,,reliable,,Queues forming outside city centre blood donor centre - great to see residents rallying 4 MCR image Steve Holden,112,19
330,a1kRAvJz3AbXY,2023-03-05 14:53:28+00:00,6oEoDw81pNadD,"Manchester Arena attack: Saffie Roussos' father plans to sue MI5 por Miguel Adolfo Ledo Nass Zambrano Saffie Roussos' father says the agency has ""most of the blame"" for not preventing the attack. https://t.co/sZT8rYipAd",-0.827129996023704,0,0,0,1,0,7,52,11880,-0.516240258013707,True,,reliable,,"Manchester Arena attack Saffie Roussos' father plans to sue MI5 por Miguel Adolfo Ledo Nass Zambrano Saffie Roussos' father says the agency has ""most of the blame"" for not preventing the attack.",194,32
28234,x6R9YM4omdvb,2018-05-22 20:11:26+00:00,960wv0E,"Manchester Arena terror survivor on the attack that changed his life
https://t.co/P7xyderLBY",-0.612372435695795,0,0,0,1,0,24,0,74181,-0.624856753346223,True,,reliable,,Manchester Arena terror survivor on the attack that changed his life,68,11
55945,eDpOpzqqzGoX,2017-05-24 12:58:09+00:00,QzjWZQV,Madonna Slammed For 'Narcissistic' Instagram Post About Manchester Terror Attack - HuffPost UK https://t.co/ayELXrl5IL,-0.757936728959867,0,1,0,1,0,5645,6231,26583,-0.757936728959867,True,,reliable,,Madonna Slammed For 'Narcissistic' Instagram Post About Manchester Terror Attack - HuffPost UK,94,13
16424,1PAJEY39EWWJV,2020-06-21 21:59:19+00:00,j689Rq,"And the Libyan who bombed Manchester arena in 2017 was known to them as well, and his father (veteran terrorist) was granted asylum 25 yrs ago with his connection to Turkey &amp; Qatar .. 
https://t.co/H06LizSwdz",-0.381819167922678,0,0,0,1,0,832,353,12723,-0.391487652612301,Fake,Refugee bomber,misinformation,Refugee bomber,"And the Libyan who bombed Manchester arena in 2017 was known to them as well, and his father veteran terrorist was granted asylum 25 yrs ago with his connection to Turkey amp Qatar ..",183,34
47565,DXrAGxaaBX9P,2017-05-27 14:20:16+00:00,6KlAYOZ9Oa3x,Salma Hayek tears up talking about Manchester Arena attack https://t.co/jNbfQG6yqf https://t.co/mCm4t8vLZe,-0.476657605574574,0,1,0,1,1,204,28,489638,-0.439864032109465,True,,reliable,,Salma Hayek tears up talking about Manchester Arena attack,58,9
69639,ron9eJvrl0Pm,2017-05-23 13:44:42+00:00,obMxq1,Islamic State group claims responsibility for deadly Manchester Arena bombing https://t.co/f73yVdiHqj,0.0,0,0,0,1,0,2785,1815,7991,0.0,True,,reliable,,Islamic State group claims responsibility for deadly Manchester Arena bombing,77,10
54482,LzemKWzo49Pl,2017-05-24 16:22:52+00:00,nLPnV8,#Manchester Arena #bomb maker #may still be at large - May 24 @ 12:22 PM ET  https://t.co/eyQIfBtKej,0.0,0,0,0,1,0,5474,895,4204298,-0.326975682595221,True,,reliable,,Manchester Arena bomb maker may still be at large - May 24 12 22 PM ET,70,16
5884,j74Mj0eA4xvbP,2022-02-15 14:47:19+00:00,D6Qaz6N,"Conspiracy prediction confirmed: MI5 knew Manchester Arena bomber supported Isis before attack.
 https://t.co/O0oKf1jYeQ",-0.636949942926426,6,13,4,1,0,8081,6196,201413,-0.636949942926426,Fake,Conspiracy,misinformation,Conspiracy,Conspiracy prediction confirmed MI5 knew Manchester Arena bomber supported Isis before attack.,94,12
77696,eD8mW6MQw1kr,2017-05-23 09:25:41+00:00,WepmL1v,Manchester Arena attack leaves parents searching for kids | Daily Mail Online https://t.co/Q9tBKTaOl5,-0.476657605574574,0,0,0,1,0,575,149,224587,-0.603465482692757,True,,reliable,,Manchester Arena attack leaves parents searching for kids Daily Mail Online,75,11
27660,rmmQ93Qd9KRM,2018-05-30 05:55:00+00:00,QDw1xM,At 7: We talk about mental health support after terror attacks with a Manchester Arena bomb survivor from Leeds and training for people helping victims with @LindaMcAvanMEP as it's discussed in the European Parliament today. https://t.co/LDwGGYtKJ2,-0.659727946850383,0,0,0,1,0,8685,1043,32110,-0.714722212297601,True,,reliable,,At 7 We talk about mental health support after terror attacks with a Manchester Arena bomb survivor from Leeds and training for people helping victims with as it's discussed in the European Parliament today.,207,34
43692,4bmM9lz83YxQ,2017-06-06 23:49:53+00:00,EMl9eXljPwjm,"BREAKING NEWS: Police arrest man, 38, at Heathrow Airport in connection with Manchester Arena terror attack https://t.co/GDYq2FmWZv",-0.835975867759116,1,3,0,1,1,0,1,492,-0.835975867759116,True,,reliable,,"BREAKING NEWS Police arrest man, 38, at Heathrow Airport in connection with Manchester Arena terror attack",106,16
65254,n7Dk46OwQO7v,2017-05-23 17:03:13+00:00,bP9mNRX,Statement on #ManchesterAttack: https://t.co/zX2BmC8Wib inter/faith responses: https://t.co/Mr1jwpjQSN  #PrayForMancester #WeStandTogether https://t.co/IA7AZWKXo5,0.421463615211762,5,1,0,1,1,5155,1134,5121,-0.0879929475883118,True,,reliable,,Statement on ManchesterAttack inter faith responses PrayForMancester WeStandTogether,84,8
48085,3GW41qWwrN0Z,2017-05-26 21:38:05+00:00,obJKbRY,"We have now added an image of the last victim of the Manchester Arena Attack, Megan Hurley who was 15 years old: https://t.co/qNQVp1wglE",-0.636949942926426,1,1,0,1,0,119,74,2906,-0.349182110775141,True,,reliable,,"We have now added an image of the last victim of the Manchester Arena Attack, Megan Hurley who was 15 years old",111,22
45382,kzdeOQeJ7vnE,2017-05-29 19:38:33+00:00,JqwAkl,Support reminder for people affected by Manchester Arena attack https://t.co/IEvw2dq8Ut,-0.25,0,0,0,1,0,12631,133,62221,-0.552241274396605,True,,reliable,,Support reminder for people affected by Manchester Arena attack,63,9
30636,ezDBZbjL94lw,2018-05-21 21:35:28+00:00,Ned148,R.I.P all that lost their lives in the Manchester Arena bomb 😔🙏❤️#ManchesterArena #manchesterarenabomb #DontLookBackInAnger #manchesterbee #Angels https://t.co/SuqmbdTLOb,-0.670478399654806,0,1,0,1,1,294,2923,3911,-0.222065222491135,True,,reliable,,R.I.P all that lost their lives in the Manchester Arena bomb ManchesterArena manchesterarenabomb DontLookBackInAnger manchesterbee Angels,137,16
70523,oQkJ0aPVe8LE,2017-05-23 13:08:07+00:00,jkLLnk,@KayBurley TERRIBLE NEWS LAST NIGHT AT MANCHESTER ARENA VILE PEOPLE THAT ATTACK  INNOCENT CHILDREN AND FAMILIES OUR THOUGHTS ARE WITH THOSE AFFECTED😟,-0.859064180591617,0,0,0,0,0,637,1921,1571,-0.859064180591617,True,,reliable,,TERRIBLE NEWS LAST NIGHT AT MANCHESTER ARENA VILE PEOPLE THAT ATTACK INNOCENT CHILDREN AND FAMILIES OUR THOUGHTS ARE WITH THOSE AFFECTED,136,21
65338,n7DkaWOJ1Q18,2017-05-23 16:57:55+00:00,3XK1MO,Three seconds of silence then a scream: How the Manchester suicide attack unfolded - https://t.co/Ha6aPdnUwm,-0.883373371622447,0,0,0,1,0,4906,2166,47491,-0.883373371622447,True,,reliable,,Three seconds of silence then a scream How the Manchester suicide attack unfolded -,83,14
3964,YMvQa1jvKGWVl,2022-05-31 07:39:15+00:00,kR8pYWJQjEjjE,"@DominiqueTaegon If it wasn’t so worrying I’d laugh , how many of recent terror offences carried out by failed asylum seekers or “ refugees “
District Line Bomber , Manchester Arena brothers , Liverpool Womens  Hospital Bomber , London Bridge etc etc",-0.771737211101106,1,5,0,0,0,11,57,1934,-0.590184125698047,Fake,Refugee bomber,misinformation,Refugee bomber,"If it wasnt so worrying Id laugh , how many of recent terror offences carried out by failed asylum seekers or refugees District Line Bomber , Manchester Arena brothers , Liverpool Womens Hospital Bomber , London Bridge etc etc",226,39
65100,QR7nYxJDk4nO,2017-05-23 17:12:47+00:00,aDwOrQ,Hundreds have gathered in Cardiff Bay and Swansea in vigils to remember the victims of the Manchester attack https://t.co/SVsYh0K1ky,-0.636949942926426,16,43,0,1,0,344825,1476,276262,-0.750704697618053,True,,reliable,,Hundreds have gathered in Cardiff Bay and Swansea in vigils to remember the victims of the Manchester attack,108,18
43633,4bmYVwDRXvaW,2017-06-07 04:53:09+00:00,9E6Y8dR,"This is why I love #WWE. What a special moment. Well done @WWEUK, lovely. https://t.co/BvgHnQ0gGQ #OneLoveManchester #WWENXT #NXTUKTour https://t.co/Fp2nuh69fB",0.915277325894875,10,39,2,1,1,26290,1271,15593,0.915277325894875,True,,reliable,,"This is why I love WWE. What a special moment. Well done , lovely. OneLoveManchester WWENXT NXTUKTour",101,17
15749,6oEGNkroYPB6b,2020-08-20 12:41:39+00:00,rP3LWz1WY98k8,"Hashem abedi man who was the perpetrator of the suicide bombing of Manchester arena attack 22nd may 2017, has been sentenced for minimum term of 55 years",-0.89790121155528,0,0,0,0,0,106,969,282,-0.89790121155528,True,,reliable,,"Hashem abedi man who was the perpetrator of the suicide bombing of Manchester arena attack 22nd may 2017, has been sentenced for minimum term of 55 years",153,27
1886,LAj1Rw1JNLEmx,2022-12-19 10:45:00+00:00,BNjp9ed,#Manchester Arena attack: #MartynsLaw to cover all of UK and require venues and local authorities to have preventative action plans against #terror attacks https://t.co/cVcymzVLqg via @BBCNews #police #metpolice #crime #security #terrorism #ManchesterArena,-0.709560194985489,0,1,0,1,0,969,500,35758,-0.630077808258614,True,,reliable,,Manchester Arena attack MartynsLaw to cover all of UK and require venues and local authorities to have preventative action plans against terror attacks via police metpolice crime security terrorism ManchesterArena,213,30
30279,dOM4v3XZX1QG,2018-05-22 06:32:27+00:00,6WpL6D,"One year ago today, 22 people were killed in a terror attack on the Manchester Arena. To mark the first anniversary, poet David Scott, also known as @arghkid has written a poem exclusively for Granada Reports. 'A Breathing Masterpiece' is a tribute to his hometown. #mcrtogether https://t.co/HDh3p8yj2C",-0.784527379658275,211,361,13,1,1,330629,11190,70740,-0.543685087979864,True,,reliable,,"One year ago today, 22 people were killed in a terror attack on the Manchester Arena. To mark the first anniversary, poet David Scott, also known as has written a poem exclusively for Granada Reports. 'A Breathing Masterpiece' is a tribute to his hometown. mcrtogether",268,45
12965,oRMkY4evW1Vwj,2020-11-18 16:38:01+00:00,ZadQKA7,"Liz Forster (GMP) agrees the Manchester Arena attack was a watershed moment for giving counter-terrorism security advice. 

“It was a totally different methodology…the attack for egress, so waiting around for people to come out. It’s now changed the way we operate.“",-0.755316841067086,0,0,0,0,0,841,115,2606,-0.483555502894866,True,,reliable,,"Liz Forster GMP agrees the Manchester Arena attack was a watershed moment for giving counter-terrorism security advice. It was a totally different methodologythe attack for egress, so waiting around for people to come out. Its now changed the way we operate.",258,41
1783,4zVNL3APxvp1q,2023-01-02 21:15:34+00:00,WBV80elX9Qkbj,The UK Politicians have learned nothing from The London Bridge and The Manchester Arena Terrorist Attack's. It's not if it will happen again it's when😠 https://t.co/EJPLEj4uif,-0.831632035280786,13,32,0,1,0,1266,1315,19857,-0.831632035280786,True,,reliable,,The UK Politicians have learned nothing from The London Bridge and The Manchester Arena Terrorist Attack's. It's not if it will happen again it's when,150,25
34515,00V7RNaJwDLr,2018-01-31 11:49:01+00:00,zGwGWr,Now you've investigated this penniless homeless man will you PLEASE DO YOUR JOB &amp; investigate private security firm ShowSec that may have facilitated the Manchester Arena terror attack? https://t.co/7mxa9ybadO https://t.co/odQJo0ba6L,-0.421463615211762,2,1,2,1,0,7434,394,87938,-0.666780053503357,True,,reliable,,Now you've investigated this penniless homeless man will you PLEASE DO YOUR JOB amp investigate private security firm ShowSec that may have facilitated the Manchester Arena terror attack?,187,28
14218,D6opDawmdVkj1,2020-10-02 06:39:13+00:00,V3paxG7,@mbsocent @WalesPolitics Time to get real - the Manchester Arena attack was the direct result of taking in refugees. We just can’t let this go on any longer when we know there are dangers.,-0.757936728959867,0,3,1,0,0,335,315,13235,-0.672823554927471,Fake,Refugee bomber,misinformation,Refugee bomber,Time to get real - the Manchester Arena attack was the direct result of taking in refugees. We just cant let this go on any longer when we know there are dangers.,162,32
6646,rPAKdL7VVozAm,2021-12-06 07:08:23+00:00,NEbD94B,"Manchester Arena attack: Families 'disgusted' by memorial trespassing 

#memorial https://t.co/uHNmLB6wsX",-0.757936728959867,0,0,0,1,0,1774,1516,6768,-0.557046975048879,True,,reliable,,Manchester Arena attack Families 'disgusted' by memorial trespassing memorial,77,9
53858,dMLrX8axNRxY,2017-05-24 17:47:18+00:00,WjAP3X,The Royal family has spoken out after the Manchester terror attack https://t.co/T4dY2AMKfp https://t.co/hJGwxH53IT,-0.757936728959867,1,6,0,1,1,277997,3167,241039,-0.617165614518786,True,,reliable,,The Royal family has spoken out after the Manchester terror attack,66,11
1363,ZaeM9kWZbx8dj,2023-03-01 08:46:45+00:00,aQzRjJ,"Abedi’s links with convicted terrorist Abdallah are troubling. In 2014, the pair exchanged 1300 messages including about martyrdom. Abedi visited Abdallah twice in prison including on 24 Jan 2017 the day he took delivery of the first chemicals for his bomb https://t.co/wQL4d9P35w",-0.940298324505927,4,5,2,1,0,39640,994,23753,-0.859275823328276,True,,reliable,,"Abedis links with convicted terrorist Abdallah are troubling. In 2014, the pair exchanged 1300 messages including about martyrdom. Abedi visited Abdallah twice in prison including on 24 Jan 2017 the day he took delivery of the first chemicals for his bomb",255,41
77952,dM4QD0qJZ14e,2017-05-23 09:17:07+00:00,wnABjkv,"Forensic officers walk along a raised walkway by Manchester Arena following a deadly terror attack in Manchester,... https://t.co/JT9SZL4qTF",-0.757936728959867,0,0,0,1,0,1773,2169,4322,-0.757936728959867,True,,reliable,,"Forensic officers walk along a raised walkway by Manchester Arena following a deadly terror attack in Manchester,...",116,17
58291,dMLXYB0816oY,2017-05-24 06:58:51+00:00,xdAxGjN,I've #justdonated 2 support families of those killed &amp; injured in the #Manchester Arena attack. Donate on @justgiving and help raise £750000,-0.709560194985489,0,0,0,0,0,395,863,7871,-0.709560194985489,True,,reliable,,I've justdonated 2 support families of those killed amp injured in the Manchester Arena attack. Donate on and help raise 750000,127,21
70905,V9AJ3z7nY4ww,2017-05-23 12:54:31+00:00,4zPLMGW,"Mosque in Glasgow, mosque in Oldham attacked.............. https://t.co/afn489vOKT",-0.458831467741123,0,0,0,1,0,744,335,73247,-0.655363742410519,True,,reliable,,"Mosque in Glasgow, mosque in Oldham attacked..............",58,7
3117,nO3XRM9BbnQwJ,2022-10-31 16:56:26+00:00,V3OWvBqpOVdvk,"@mitsyarty Here's a real charmer of a ""refugee"" https://t.co/a5GrzSHjeA",0.440433570760169,4,15,1,1,0,266,265,7863,0.106812466838395,Fake,Refugee bomber,misinformation,Refugee bomber,"Here's a real charmer of a ""refugee""",36,7
5424,AA8n4wYD7RoDe,2022-04-07 11:12:50+00:00,WN04Jx3vBoK0,S1 this week have been investigating the Manchester Arena attack that happened in 2017 and produced a newspaper report from what they found! Excellent work S1👏📚 https://t.co/u7dQhpCX8l,0.153093108923949,1,1,0,1,1,510,521,654,0.153093108923949,True,,reliable,,S1 this week have been investigating the Manchester Arena attack that happened in 2017 and produced a newspaper report from what they found! Excellent work S1,158,26
78099,6Wv6kzXVprVG,2017-05-23 09:12:33+00:00,qBw0NNE,"New post: ""This is how world leaders and politicians have responded to the Manchester Arena terror attack"" https://t.co/T2QBqEHgai",-0.757936728959867,0,0,0,1,0,238,1677,18048,-0.555217337981364,True,,reliable,,"New post ""This is how world leaders and politicians have responded to the Manchester Arena terror attack""",105,17
7546,8EpOKvPY8EnEn,2021-10-22 16:46:39+00:00,bZE4Nd,"#ARREST | Today a 24-year-old man has been arrested at the airport by detectives investigating the Manchester Arena attack on suspicion of terrorism offences. 

See full story here: https://t.co/NJzVTMlAHd https://t.co/k0MwNyWezq",-0.939267596636045,12,96,6,1,1,611342,649,63662,-0.53380529777926,True,,reliable,,ARREST Today a 24-year-old man has been arrested at the airport by detectives investigating the Manchester Arena attack on suspicion of terrorism offences. See full story here,175,27
18020,WBBKlzL8MrEaj,2020-03-17 15:57:22+00:00,aDwOrQ,"The brother of Manchester Arena bomber found guilty of terror plot that saw 22 people murdered
https://t.co/snslSWO4dz https://t.co/PgGGMHmKuE",-0.890978546741256,1,3,1,1,1,344825,1476,276262,-0.750704697618053,True,,reliable,,The brother of Manchester Arena bomber found guilty of terror plot that saw 22 people murdered,94,16
10200,kRbeMQP1VDPdM,2021-05-22 12:19:24+00:00,npMWRnE,"💛🐝Manchester Remembers.🐝💛
We remember!
27.05.17 
The bomb went off 4 years ago today, at 22.31 at the Manchester Arena. 22 people killed. 
Never forgotten, our thoughts are still with the families, friends and all those affected.

#manchesterremember #dontlookbackinanger https://t.co/ONN07coSih",-0.66342959060085,1,4,0,1,1,1613,1581,975,-0.66342959060085,True,,reliable,,"Manchester Remembers. We remember! 27.05.17 The bomb went off 4 years ago today, at 22.31 at the Manchester Arena. 22 people killed. Never forgotten, our thoughts are still with the families, friends and all those affected. manchesterremember dontlookbackinanger",262,38
3085,0WJOq401Lr8pY,2022-11-01 10:13:11+00:00,nqqVlQR9RjKQ,"@davidyelland If one just one of those (asylum) seekers aka ILLEGALS PART OF THE INVASION, goes on to commit an act of atrocity say like the Manchester arena attack WILL YOU David Yelland find all the relatives and go and apologise in person for your views ???????? https://t.co/pC7gXVX3Ql",0.493914580573631,0,0,0,1,1,603,3127,16128,0.427536069915469,Fake,Refugee bomber,misinformation,Refugee bomber,"If one just one of those asylum seekers aka ILLEGALS PART OF THE INVASION, goes on to commit an act of atrocity say like the Manchester arena attack WILL YOU David Yelland find all the relatives and go and apologise in person for your views ????????",249,46
55610,GkroXqWXEXGe,2017-05-24 13:40:11+00:00,V8OaRJ,Manchester Arena attack: 22 killed at Ariana Grande concert as bomber named as Salman Abedi https://t.co/OK8bPN3XgU,-0.822462893624465,0,0,0,1,0,994,2094,35689,-0.822462893624465,True,,reliable,,Manchester Arena attack 22 killed at Ariana Grande concert as bomber named as Salman Abedi,90,15
83507,kzxWxQKwVe14,2017-05-23 06:14:23+00:00,Za7KK4N,Sickened to hear of the attack last night at Manchester Arena #westandwithmanchester #PrayForManchester https://t.co/jvBaI94W2b,-0.7649686210234,0,2,0,1,1,210,280,6847,-0.7649686210234,True,,reliable,,Sickened to hear of the attack last night at Manchester Arena westandwithmanchester PrayForManchester,101,13
50404,kz9q9OYweGNw,2017-05-25 12:12:43+00:00,Jl1Y1We,"#ManchesterArena attacker named as Salman Ramadan Abedi
'members of south Manchester’s Libyan community astonished'
https://t.co/uPavqEozEd",-0.273212885294474,0,0,0,1,0,1790,1851,46600,-0.484566539757499,True,,reliable,,ManchesterArena attacker named as Salman Ramadan Abedi 'members of south Manchesters Libyan community astonished',113,14
5733,rPaMBlBj6QxE9,2022-03-01 08:27:06+00:00,aNdRNOGj8xbJ,Hashem Abedi: Manchester Arena bomber's brother and two other terror attackers guilty of assaulting prison officer https://t.co/KIj7qqZWGD,-0.947698489944879,0,2,0,1,0,3268,4984,11730,-0.512185160886201,True,,reliable,,Hashem Abedi Manchester Arena bomber's brother and two other terror attackers guilty of assaulting prison officer,113,16
25844,0AZ6RWNLBE9v,2018-10-10 17:46:29+00:00,1Y74rG,"Four FBI agents improperly handled intel on the Manchester arena bombing that killed 22 people and injured 59 others, violating government computer rules and behavior https://t.co/wVwEaqdN13",-0.89335803114606,3,4,0,1,0,18153,2463,83825,-0.89335803114606,True,,reliable,,"Four FBI agents improperly handled intel on the Manchester arena bombing that killed 22 people and injured 59 others, violating government computer rules and behavior",166,25
26820,WWPjpjLG01eA,2018-08-03 23:22:17+00:00,arMW6Y0joOAE,"@trumpy675 @NickyAACampbell @NoisyMV @Whoyagottatweet @DutchCloggs @ezralevant That man should have never been killed, if our society had a better grip on Islamic terror he would not have had a reason to attack finsbury mosque. The attack in his words was a response to the manchester arena bombing. Im pro immigrant but anti Muslim immigrant.",-0.866276692157029,0,0,0,0,0,336,678,12357,-0.901146144126556,Fake,Refugee bomber,misinformation,Refugee bomber,"That man should have never been killed, if our society had a better grip on Islamic terror he would not have had a reason to attack finsbury mosque. The attack in his words was a response to the manchester arena bombing. Im pro immigrant but anti Muslim immigrant.",264,48
19286,9EKJ81n9kVLdQ,2020-01-17 17:41:45+00:00,bazRbqX,"Compared to other Eminem lyrics, this is pretty tame tbh. https://t.co/jGgsnO64xG",0.493914580573631,0,1,1,1,0,405,789,1175,0.493914580573631,True,,reliable,,"Compared to other Eminem lyrics, this is pretty tame tbh.",57,10
61379,3GL9AOa3dl9W,2017-05-23 21:28:53+00:00,ZDvZQWP,MI6 'info from local communities is more impt in stopping terrorism than putting up barriers or bombing in the ME' https://t.co/2rkf3mC2Rx,-0.771737211101106,0,5,0,1,0,9078,4843,12240,-0.771737211101106,True,,reliable,,MI6 'info from local communities is more impt in stopping terrorism than putting up barriers or bombing in the ME',114,20
3272,d6Rak6oPq6Xr9,2022-10-04 09:58:23+00:00,0Wqnoze,"Up to half of claims for criminal injury compensation made to the government after the Manchester Arena terror attack have been rejected.

Our #CICA expert @mrsbaileygibbs, who represents an emergency services worker, has asked for a review.

Read more: https://t.co/5lhHqKDbmA",-0.955862978229187,1,4,0,1,0,5717,3017,19000,-0.696548275683585,True,,reliable,,"Up to half of claims for criminal injury compensation made to the government after the Manchester Arena terror attack have been rejected. Our CICA expert , who represents an emergency services worker, has asked for a review. Read more",234,39
9035,9Ex4DXE7MY3d8,2021-07-05 17:11:26+00:00,J1aYaPE1wNZx8,"Whatever Next. @pritipatel @BorisJohnson @DominicRaab @RishiSunak @CPhilpOfficial @michaelgove @10DowningStreet @ukhomeoffice @RobertBuckland @kitmalthouse @lucyfrazermp 
Police officer, 37, pleads guilty to spying for organised crime gang https://t.co/zedHPeeGiG via @MailOnline",-0.743037755434939,1,1,0,1,0,947,723,31317,-0.795580010470021,True,,reliable,,"Whatever Next. Police officer, 37, pleads guilty to spying for organised crime gang via",87,14
50984,wZxQO1AWPZwa,2017-05-25 09:34:04+00:00,a0pnvRY,Manchester Evening News Has Raised Over £1.2 Million for Victims o..  https://t.co/YR6Uz4NHMm crowdiligent #tech #startup #crowdfunding,-0.273212885294474,0,0,0,1,0,88,0,14698,-0.273212885294474,True,,reliable,,Manchester Evening News Has Raised Over 1.2 Million for Victims o.. crowdiligent tech startup crowdfunding,106,15
30225,ezDpav6KXvEB,2018-05-22 06:49:56+00:00,8EzRqq9,"Manchester, by @MarcusRashford 

One year on from the #ManchesterArena bombing, a heartfelt salute to the victims and the city.

https://t.co/tz7zJL6u1J

Spread it far and wide.

#McrTogether

❤️🐝",0.339950051825042,55,78,0,1,0,48436,338,9255,0.339950051825042,True,,reliable,,"Manchester, by One year on from the ManchesterArena bombing, a heartfelt salute to the victims and the city. Spread it far and wide. McrTogether",144,24
3537,oRj3w1k13AW0R,2022-08-04 07:47:30+00:00,mVRArw,"The only right wing murder I can recall is evil Thomas Mair on Jo Cox.

An FOI request to the @ONS found:

""52 victims from the 7/7 London bombings.
4 from the Westminster Bridge attack.
31 from the Manchester Arena &amp; London Bridge attack""

That's a ration of 87 to 1.

Cc @Peston https://t.co/GVdjAjstV4",-0.954524163281734,28,49,12,1,0,57815,39278,169840,-0.703984441487034,True,,reliable,,"The only right wing murder I can recall is evil Thomas Mair on Jo Cox. An FOI request to the found ""52 victims from the 7 7 London bombings. 4 from the Westminster Bridge attack. 31 from the Manchester Arena amp London Bridge attack"" That's a ration of 87 to 1. Cc",264,52
8630,NWlnwYoJdQZwp,2021-08-02 08:52:27+00:00,OBm8oPAYVGLk,"@PepiTheFireAnt @RichardBurgon It's a common misconception that Abedi was a refugee. He was evacuated from Tripoli along with 'other British citizens'.

https://t.co/xXGPgBjQAD",0.0,0,0,1,1,0,159,99,14506,0.0,Fake,Refugee bomber,misinformation,Refugee bomber,It's a common misconception that Abedi was a refugee. He was evacuated from Tripoli along with 'other British citizens'.,120,19
395,WBwx1op0eGqQx,2023-03-04 12:04:07+00:00,a1x73odxL3PNJ,"Manchester Bombing: Five-year inquiry concludes 

- Mail: Security services could have stopped Manchester Arena attack if they acted on intelligence, and bomber's own family ""holds significant responsibility"" for his radicalisation, damning report finds

https://t.co/OUEYnSqfRi",-0.0258112866459833,0,0,1,1,0,166,241,4394,-0.0258112866459833,True,,reliable,,"Manchester Bombing Five-year inquiry concludes - Mail Security services could have stopped Manchester Arena attack if they acted on intelligence, and bomber's own family ""holds significant responsibility"" for his radicalisation, damning report finds",249,33
54037,dMLlOmd9aeVQ,2017-05-24 17:32:40+00:00,r9o4B3LBG3zM,Investigation Photos Show Bomb Materials Used in Manchester Attack #news #viralnews https://t.co/pupfBHN7Sg,-0.743037755434939,0,0,0,1,0,210,0,12303,-0.75829615109434,True,,reliable,,Investigation Photos Show Bomb Materials Used in Manchester Attack news viralnews,81,11
1021,E4ZeL0wdp4v8m,2023-03-02 15:39:10+00:00,GpYkRkG,My thoughts are with all the victims and families of the  Manchester Arena Bombing today. @mcrinquiry confirms MI5 could have prevented the attack. Our award winning documentary #WorldsCollide about this monumental failure is still available on @ITVX here https://t.co/VqbmJSVkjW,-0.128036879932896,2,7,0,1,0,1578,972,6546,-0.128036879932896,True,,reliable,,My thoughts are with all the victims and families of the Manchester Arena Bombing today. confirms MI5 could have prevented the attack. Our award winning documentary WorldsCollide about this monumental failure is still available on here,235,36
87254,WPJ4Ex7VBK0x,2017-05-23 01:14:16+00:00,jpReWJ,Ariana Grande is reportedly “in hysterics” following the attack at her Manchester Arena show: https://t.co/E7VZLoUUqp https://t.co/2RTIMYFDih,-0.476657605574574,54,99,3,1,1,79363,323,56144,-0.484086977103259,True,,reliable,,Ariana Grande is reportedly in hysterics following the attack at her Manchester Arena show,90,14
2081,qRAWn3MJz8mBE,2022-11-23 00:10:16+00:00,a4OeWrXon63J,"#ManchesterArenaInquiry Volume 2: Emergency Response

Report of the Public Inquiry into the Attack on Manchester Arena
on 22nd May 2017
Chairman: The Hon Sir John Saunders https://t.co/nFc9Y7z8Sy",-0.690774742992202,0,0,0,1,0,323,474,918,-0.690774742992202,True,,reliable,,ManchesterArenaInquiry Volume 2 Emergency Response Report of the Public Inquiry into the Attack on Manchester Arena on 22nd May 2017 Chairman The Hon Sir John Saunders,167,26
64970,dM48O7jOZZZ9,2017-05-23 17:22:14+00:00,Dq7dmL1,@mel_aben @charliekirk11 The man was born in England in 1994 https://t.co/OkirHB3Mut,0.0,0,0,0,1,0,123,635,6715,0.0,True,,reliable,,The man was born in England in 1994,35,8
14395,wpR9oJrBvxDD3,2020-09-25 14:23:19+00:00,LloZBJ,A huge anti-violence bee sculpture is being made from thousands of  knives and guns reclaimed from the streets of Greater Manchester. The British Ironwork Centre has invited families affected by the Manchester Arena attack to add an inscription. https://t.co/MQd8B8H8mH,-0.827129996023704,2,5,0,1,1,152969,2628,107421,-0.48076062822629,True,,reliable,,A huge anti-violence bee sculpture is being made from thousands of knives and guns reclaimed from the streets of Greater Manchester. The British Ironwork Centre has invited families affected by the Manchester Arena attack to add an inscription.,244,38
44217,ar19jZekOMWB,2017-06-04 00:07:46+00:00,33nrqM,"Travel Ban wouldn't have stopped Manchester Arena attack. 

https://t.co/I2kLiErzX0",-0.822462893624465,0,0,0,1,0,329,502,14467,-0.822462893624465,Fake,Refugee bomber,misinformation,Refugee bomber,Travel Ban wouldn't have stopped Manchester Arena attack.,57,8
80940,YrLOpr7BP93G,2017-05-23 07:44:40+00:00,lABJajX,Town council DENY reports of gunman outside Royal Oldham hospital after Manchester blast https://t.co/KTDBI35Lfb,-0.339950051825042,0,0,0,1,0,155,313,25784,-0.339950051825042,Fake,Oldham hospital,misinformation,Oldham hospital,Town council DENY reports of gunman outside Royal Oldham hospital after Manchester blast,88,13
80137,wZ7JkzneNYj4,2017-05-23 08:17:42+00:00,Y8KbbYqz8X9V,@StGeorgeStckprt OPEN this morning to support and pray for anyone who has been affected by the attack at Manchester Arena #PrayforManchester,0.0772283284276542,0,0,0,0,0,353,302,1982,0.0772283284276542,True,,reliable,,OPEN this morning to support and pray for anyone who has been affected by the attack at Manchester Arena PrayforManchester,122,20
55137,9ZonlGkZ3moN,2017-05-24 14:34:22+00:00,laxjQwL,UPDATE: Statement by Greater Manchester police with regards to the investigation into the terrorist attack at the Manchester arena. https://t.co/aXyQBXtvzQ,-0.743037755434939,7,2,1,1,1,29731,1439,19925,-0.721694025093889,True,,reliable,,UPDATE Statement by Greater Manchester police with regards to the investigation into the terrorist attack at the Manchester arena.,130,19
29471,wrZl8px1apd3,2018-05-22 10:00:03+00:00,PMR80N,An enigmatic Corrie superfan and an LGBT icon: #BeMoreMartyn hashtag pays tribute to Manchester Arena victim Martyn Hett https://t.co/VOavEmlV7n,-0.361157559257308,6,26,0,1,0,286488,1400,248940,-0.609016296613781,True,,reliable,,An enigmatic Corrie superfan and an LGBT icon BeMoreMartyn hashtag pays tribute to Manchester Arena victim Martyn Hett,118,18
59303,a3ZzbqqEDkRR,2017-05-24 02:54:11+00:00,rl89WKzB4o7b,WWE Exhibit At Manchester Arena In Limbo After Assault https://t.co/lL8nTpdKAa https://t.co/m8cnzuOR1L,-0.585881765446162,0,0,0,1,1,21,81,107031,-0.517520713169742,True,,reliable,,WWE Exhibit At Manchester Arena In Limbo AfterAssault,53,8
48601,V9mb4vpVNBve,2017-05-26 13:41:14+00:00,bZ01Nd,"Manchester attack latest: All 22 victims have been named
https://t.co/gk5ATLxhyG https://t.co/Dpc2KUPmDW",-0.636949942926426,4,2,0,1,1,229657,14872,242846,-0.429477436928892,True,,reliable,,Manchester attack latest All 22 victims have been named,55,9
5254,NWeNWrPoa7WKz,2022-04-22 14:11:17+00:00,Y63nM7,"@bailey3436 @BorisJohnson A lie can't kill you, but a unfettered so called  migrant can with a bomb strapped to his back can.  Manchester Arena 22.",-0.835975867759116,2,3,0,0,0,342,334,21685,-0.810251623708695,Fake,Refugee bomber,misinformation,Refugee bomber,"A lie can't kill you, but a unfettered so called migrant can with a bomb strapped to his back can. Manchester Arena 22.",119,23
765,V36WLZYZ67kpm,2023-03-02 19:18:14+00:00,KeVze7p,Manchester Arena bombing inquiry finds MI5 missed significant chance to stop attack https://t.co/WgOsdYj5hu,-0.571885032070072,0,0,0,1,0,1272,4844,10436,-0.571885032070072,True,,reliable,,Manchester Arena bombing inquiry finds MI5 missed significant chance to stop attack,83,12
22550,WbKndYEN3Nqx,2019-05-22 07:40:14+00:00,BzjLkod,"Thinking of all those who lost their lives in the terror attack on the Manchester Arena two years ago today.

I know how brave our first responders and emergency services were and pay tribute to them.",-0.812604508328942,28,170,30,0,0,121045,3139,4930,-0.812604508328942,True,,reliable,,Thinking of all those who lost their lives in the terror attack on the Manchester Arena two years ago today. I know how brave our first responders and emergency services were and pay tribute to them.,199,36
3130,7D7Ve4rYQGrj1,2022-10-31 10:56:30+00:00,M3ZVOnz,"Considering asylum seeker attacks like the Manchester Arena, a lone petrol bomb suicide leading to minor injuries could be considered a win for tolerance. 
A positive spin!",-0.557370401713154,0,0,0,0,0,232,91,18264,-0.557370401713154,Fake,Refugee bomber,misinformation,Refugee bomber,"Considering asylum seeker attacks like the Manchester Arena, a lone petrol bomb suicide leading to minor injuries could be considered a win for tolerance. A positive spin!",171,27
56821,wZxnQmqR8lLa,2017-05-24 10:57:08+00:00,b0lDJG,Facebook appeal traces good Samaritan from St Helens who helped girls following Manchester Arena attack: A WOMAN… https://t.co/ybVM09phFr https://t.co/bA4TKbfP81,-0.0515710623129397,2,4,0,1,1,21793,1565,51581,-0.339965175792075,True,,reliable,,Facebook appeal traces good Samaritan from St Helens who helped girls following Manchester Arena attack A WOMAN,111,17
13671,kRYJEqz1bG9rR,2020-11-01 11:24:27+00:00,WBDWB7q,"@BBCNews  https://t.co/CY0qdKJGnj
""He started campaigning after the 2017 Manchester Arena bombing."" Why did you not make it clear this terror attack was carried out by someone UK born? NOT someone seeking asylum. You are spreading Islamaphobia and racism",-0.840168050416806,0,0,0,1,0,575,1345,2231,-0.840168050416806,Fake,Refugee bomber,misinformation,Refugee bomber,"""He started campaigning after the 2017 Manchester Arena bombing."" Why did you not make it clear this terror attack was carried out by someone UK born? NOT someone seeking asylum. You are spreading Islamaphobia and racism",220,36
1866,YM03b7oobaLwP,2022-12-19 16:52:38+00:00,RDaVPzW,"Andy Vermaut shares:Martyn’s Law: new counter-terrorism rules for UK venues from spring 2023: The law is named after Martyn Hett, one of the 22 people killed in the 2017 terror attack at Manchester Arena  

The post Martyn’s Law: new… https://t.co/8E3I1s6Qez Thank you. https://t.co/s4JgKXTg2h",-0.916941237710853,0,0,0,1,1,31321,34506,2213388,-0.574093011610257,True,,reliable,,"Andy Vermaut shares Martyns Law new counter-terrorism rules for UK venues from spring 2023 The law is named after Martyn Hett, one of the 22 people killed in the 2017 terror attack at Manchester Arena The post Martyns Law new Thank you.",236,42
10514,d6plEDBYRpVew,2021-05-21 23:50:39+00:00,oaP64W1,"#ManchesterRemembers the 22 victims of the Manchester Arena attack on this day in 2017.

🐝💙

#mancity #mcfc #rip https://t.co/LLlz98XvPL",-0.636949942926426,3,19,0,1,1,1490,340,3478,-0.636949942926426,True,,reliable,,ManchesterRemembers the 22 victims of the Manchester Arena attack on this day in 2017. mancity mcfc rip,103,17
61738,3GL01Q147JE8,2017-05-23 21:03:53+00:00,ke7WEGM,Ariana Grande Pokes Fun at Her &amp;#39;Problem&amp;#39; Lyrics in &amp;#39;Saturday Night Live&amp;#39; Promos… https://t.co/EixbG4Qmdx #ArianaGrande,0.510607056638284,0,0,0,1,0,14656,17616,1186189,0.214284937801675,True,,reliable,,Ariana Grande Pokes Fun at Her amp 39 Problem amp 39 Lyrics in amp 39 Saturday Night Live amp 39 Promos ArianaGrande,116,22
10007,7DNVEEMD4VknJ,2021-05-23 08:20:51+00:00,JjYVxdVXLdBP,"@Steve4435 What absolute cretins !!!
On the anniversary of Lee Rigby's murder &amp; the Manchester arena attack which murdered 22 innocent souls these morons choose to commemorate a drug addled career criminal from America.
Moronic virtue signalling oxygen thieves. They should all resign now🤮",-0.975297508865504,0,0,0,0,0,448,659,7041,-0.903464772073145,True,,reliable,,What absolute cretins !!! On the anniversary of Lee Rigby's murder amp the Manchester arena attack which murdered 22 innocent souls these morons choose to commemorate a drug addled career criminal from America. Moronic virtue signalling oxygen thieves. They should all resign now,279,43
87061,79YVMDQBoKox,2017-05-23 01:30:48+00:00,1D1jaa,BREAKING NEWS: Nineteen people confirmed dead and 50 injured in Manchester Arena 'terrorist attack' as explosions... https://t.co/JPjDwzcn7Y,-0.94130381464628,0,0,0,1,0,3591,5003,92645,-0.756594423358176,True,,reliable,,BREAKING NEWS Nineteen people confirmed dead and 50 injured in Manchester Arena 'terrorist attack' as explosions...,115,16
17311,D6Vvvd0LaM0Zv,2020-05-22 07:22:02+00:00,wj6JjG4pdQVY,"Today marks three years since 22 people tragically died in the Manchester Arena attack.
We are thinking of everybody affected by that terrible day. #WeStandTogether
🐝 https://t.co/tcy7zU9BHP",-0.933705429223618,0,21,0,1,1,1779,373,2494,-0.933705429223618,True,,reliable,,Today marks three years since 22 people tragically died in the Manchester Arena attack. We are thinking of everybody affected by that terrible day. WeStandTogether,163,25
3304,0WNm7o46ZZWPr,2022-09-24 16:00:24+00:00,nOebqkZdOJd8M,"@CJBdingo25 @iamthedrifter @CJBdingo25 a doc by @declassifiedUK ""Blowback"" - how #UK intel agencies trained #islamic #terrorists in Libya to topple Gaddafi and then gave them asylum here in the UK - who then performed the Manchester Arena terrorist attack. Any links to #Leicester?
https://t.co/KZjngtUZWk",-0.831632035280786,0,0,0,1,0,2,41,95,-0.831632035280786,Fake,Refugee bomber,misinformation,Refugee bomber,"a doc by ""Blowback"" - how UK intel agencies trained islamic terrorists in Libya to topple Gaddafi and then gave them asylum here in the UK - who then performed the Manchester Arena terrorist attack. Any links to Leicester?",222,39
75161,V9AKd60DZ6G8,2017-05-23 10:43:04+00:00,YM7LP1M,There's only one way Britain should respond to the Manchester #ATTACK . Carry on exactly as before https://t.co/kYnOYMjzwL #ManchesterArena,0.0,0,0,0,1,0,2140,2001,14662,0.0,True,,reliable,,There's only one way Britain should respond to the Manchester ATTACK . Carry on exactly as before ManchesterArena,113,18
5952,RDqQozGnrepnM,2022-02-12 09:59:25+00:00,LbYLqJ9ZpMO3,"@jv_uk2011 Idiot! it was the offspring of a refugee who blew up the Manchester Arena, a refugee who slit a girls throat in a park, another refugee who murdered three men, again in a park. Thousands of refugees are on the terror watch list. Ignoring this is a danger to us all.",-0.953125,0,0,0,0,0,10033,9405,49269,-0.925688334917051,Fake,Refugee bomber,misinformation,Refugee bomber,"Idiot! it was the offspring of a refugee who blew up the Manchester Arena, a refugee who slit a girls throat in a park, another refugee who murdered three men, again in a park. Thousands of refugees are on the terror watch list. Ignoring this is a danger to us all.",265,51
57614,9ZoAGbqqRGJG,2017-05-24 09:01:42+00:00,alYAaQ,"If you have been affected by the terror attack at Manchester Arena, help and support is available. https://t.co/n8hh3SDmLY",-0.401923825269382,12,6,0,1,0,23829,1056,46399,-0.515849315311094,True,,reliable,,"If you have been affected by the terror attack at Manchester Arena, help and support is available.",98,17
49795,dMLLb6BYrXEw,2017-05-25 16:08:41+00:00,VXZZXOJ,Queen Elizabeth II visits victims of the Manchester arena attack in hospital https://t.co/2EtXs8lnxC https://t.co/GsqQeh9WwO,-0.636949942926426,0,0,0,1,1,421,346,91129,-0.743817727603042,True,,reliable,,Queen Elizabeth II visits victims of the Manchester arena attack in hospital,76,12
48705,MbQ1x8m1bNq0,2017-05-26 11:31:26+00:00,JQ4mnl,Manchester attack victim 'staggered blind and badly burned' out of blast as friend was killed https://t.co/wttdu4jNIC https://t.co/dXeXrk5Oei,-0.906197782642367,2,6,2,1,1,1386780,4083,939467,-0.580048587981103,True,,reliable,,Manchester attack victim 'staggered blind and badly burned' out of blast as friend was killed,93,15
67067,jO3OaXveQQYK,2017-05-23 15:44:03+00:00,4MGZn7,"Armed police will patrol the Scottish Cup Final on Saturday, Police Scotland have announced #manchesterattack   https://t.co/Tu5YHZEKNz https://t.co/lt4tUFN8t0",0.0,8,4,1,1,1,195658,1293,362772,-0.649264881028677,True,,reliable,,"Armed police will patrol the Scottish Cup Final on Saturday, Police Scotland have announced manchesterattack",108,15
8283,leWDpjDYjP7rB,2021-08-23 14:52:22+00:00,xdd4kWx8BOARL,"@PatrioticSocia1 Seriously. If you could wake more UK people to the reality of. Manchester Arena bomb was fake, a hoax. MI5 blew up London Transport.  Dunblane, Novichok, Sarah Everhard, Westminster Bridge.  
The totally, utterly fake false flag of Cornwall shootings.",-0.914791808008638,0,0,0,0,0,421,484,5011,-0.800820576998755,Fake,Conspiracy,misinformation,Conspiracy,"Seriously. If you could wake more UK people to the reality of. Manchester Arena bomb was fake, a hoax. MI5 blew up London Transport. Dunblane, Novichok, Sarah Everhard, Westminster Bridge. The totally, utterly fake false flag of Cornwall shootings.",248,39
15528,D6YJMeJ8ea9p1,2020-08-20 15:32:44+00:00,WAreLYw,"The Manchester Arena attack &amp; other Islamic Terror attacks in the UK was caused by our Corrupt Political Class turning their backs on the British people in favour of
Open Borders Mass Uncontrolled Immigration.
Blood on their hands @theresa_may @AmberRuddUK @Conservatives https://t.co/oFmwjlDjkX",-0.670478399654806,1,6,0,1,0,1572,2059,63718,-0.670478399654806,Fake,Refugee bomber,misinformation,Refugee bomber,The Manchester Arena attack amp other Islamic Terror attacks in the UK was caused by our Corrupt Political Class turning their backs on the British people in favour of Open Borders Mass Uncontrolled Immigration. Blood on their hands,232,38
59051,9ZoKv4NoROGp,2017-05-24 03:57:47+00:00,r1n84O,no words to express how shocked &amp; heartbroken i feel to hear about the attack on manchester arena. my heart &amp; prayers go out to all affected,-0.883373371622447,3,4,0,0,0,5200,1147,12086,-0.883373371622447,True,,reliable,,no words to express how shocked amp heartbroken i feel to hear about the attack on manchester arena. my heart amp prayers go out to all affected,144,27
1542,6oVvxDJko3aJx,2023-02-22 16:36:54+00:00,ma96VWMJWxRMP,"@travellersuzy @mvha871 She was 19 and an adult when she stated that the Manchester Arena bomb was merely a retaliation to what was going on in Syria. She also stated that she didn't have any problem seeing cut-off heads in Raqqa.
She can stay stateless and in her current hovel.",-0.790569415042095,0,1,0,0,0,10,63,2394,-0.790569415042095,True,,reliable,,She was 19 and an adult when she stated that the Manchester Arena bomb was merely a retaliation to what was going on in Syria. She also stated that she didn't have any problem seeing cut-off heads in Raqqa. She can stay stateless and in her current hovel.,255,48
13777,mankB1MqbRK9O,2020-10-28 16:44:30+00:00,LloZBJ,Bosses at Manchester Arena have insisted the CCTV was a good system - despite a blind spot where Salman Abedi hid before the attack. Camera footage shows him disappearing from view - then reappearing before detonating his bomb. Mike Cowley from SMG Europe gave evidence today. https://t.co/1qQZnXPU71,-0.369902636034038,0,1,1,1,1,152969,2628,107421,-0.48076062822629,True,,reliable,,Bosses at Manchester Arena have insisted the CCTV was a good system - despite a blind spot where Salman Abedi hid before the attack. Camera footage shows him disappearing from view - then reappearing before detonating his bomb. Mike Cowley from SMG Europe gave evidence today.,276,46
57742,3GbP8B7WB3Yl,2017-05-24 08:35:42+00:00,leXvr9E,#manchesterattack https://t.co/dBa62naDmh Refugee Abedi family import the Sectarian Libyan war to Britain.,-0.599373159673106,0,0,0,1,0,685,1399,95681,-0.721795627498081,Fake,Refugee bomber,misinformation,Refugee bomber,manchesterattack Refugee Abedi family import the Sectarian Libyan war to Britain.,81,11
50010,V9Ev7jpz8XKe,2017-05-25 14:51:27+00:00,4mn7pxQ,Queen Elizabeth visits victims of the Manchester Arena attack #ArianaGrande via @veooz https://t.co/4C8KZun9hj,-0.636949942926426,0,0,0,1,0,855,4,16763,-0.697443335943147,True,,reliable,,Queen Elizabeth visits victims of the Manchester Arena attack ArianaGrande via,78,11
81817,n7D4DPaQApxJ,2017-05-23 07:10:41+00:00,K4Rkee,Manchester Arena: children among 22 dead in suicide attack at Ariana Grande concert – latest | UK news |  Guardian https://t.co/RrDtq37A7D,-0.916941237710853,0,0,0,1,0,4809,2965,510646,-0.752667152545583,True,,reliable,,Manchester Arena children among 22 dead in suicide attack at Ariana Grande concert latest UK news Guardian,106,17
9449,J1DvjV6pnKvRD,2021-06-17 17:07:12+00:00,vMOjN1,"#ManchesterArena bomber #SalmanAbedi should have been identified as threat on night of attack, inquiry finds
https://t.co/e8hFO7ccXd",-0.757936728959867,0,0,0,1,0,750,1576,66947,-0.686833615619607,True,,reliable,,"ManchesterArena bomber SalmanAbedi should have been identified as threat on night of attack, inquiry finds",106,15
9824,3No4vaBJZ7z4v,2021-06-11 11:49:49+00:00,oppnjw,"READ MORE⤵️: The older brother of the Manchester Arena bombers will NOT get immunity in return for giving evidence at the public inquiry.

Ismail Abedi wanted a promise his responses would not ""land him in the dock"", but his request has been denied.

https://t.co/0W7KRBVQn2",0.20228869496967,0,2,0,1,0,30669,2998,56511,-0.486504230737039,True,,reliable,,"READ MORE The older brother of the Manchester Arena bombers will NOT get immunity in return for giving evidence at the public inquiry. Ismail Abedi wanted a promise his responses would not ""land him in the dock"", but his request has been denied.",245,43
39696,vPrJm9RVBxKQ,2017-09-08 08:40:06+00:00,DBAamA,Manchester Arena shares first pictures of renovated foyer after terror attack https://t.co/XWZEnLu4ml,-0.648556646884329,7,12,0,1,0,363696,2579,393965,-0.626897840942216,True,,reliable,,Manchester Arena shares first pictures of renovated foyer after terror attack,77,11
37509,dqrzd7Q3Qpv9,2017-11-24 16:51:19+00:00,qG4WJdK,"3Novices:Anger over PM 'failure' to commit to terror costs https://t.co/6dK0bl4b3W Greater Manchester mayor Andy Burnham has reacted with anger after the Government suggested it may not pay the full costs of the Manchester Arena bombing. November 24, 2017 at 08:20PMFor informat…",-0.895664663740519,0,0,0,1,0,755,1065,1517636,-0.646851852863072,True,,reliable,,"3Novices Anger over PM 'failure' to commit to terror costs Greater Manchester mayor Andy Burnham has reacted with anger after the Government suggested it may not pay the full costs of the Manchester Arena bombing. November 24, 2017 at 08 20PMFor informat",254,42
10286,6oPp8DPJKbRZo,2021-05-22 10:18:05+00:00,LvzOPn3,"Cheshire Police have paid tribute to an officer from Ellesmere Port who was killed in the Manchester Arena terror attack on the fourth anniversary.
https://t.co/OvqIVqpZDa",-0.900070320740819,0,1,0,1,0,17991,3210,38814,-0.865438283917009,True,,reliable,,Cheshire Police have paid tribute to an officer from Ellesmere Port who was killed in the Manchester Arena terror attack on the fourth anniversary.,147,24
2067,nO3RlWeDb4nwz,2022-11-23 19:14:54+00:00,9LY7eq6pQbRD,"@Rolo_Tamasi @dearaunty @JeremyVineOn5 @MarinaPurkiss @CarverEmily @StormHuntley She was 19 when she backed the Manchester Arena bombers.

https://t.co/4WpWtwS90l",0.0258112866459834,0,2,1,1,0,519,1152,21297,0.0258112866459834,True,,reliable,,She was 19 when she backed the Manchester Arena bombers.,56,10
87955,V9AlDzWGz800,2017-05-23 00:20:55+00:00,PVmvlqN,BREAKING: 'Gunman' outside Oldham hospital just moments after Manchester concert 'blast' https://t.co/xGvdXj0Mp3　via @Daily_Express,0.0,0,2,0,1,0,497,441,29784,0.0,Fake,Oldham hospital,misinformation,Oldham hospital,BREAKING 'Gunman' outside Oldham hospital just moments after Manchester concert 'blast' via,91,12
30897,vZVO4qmq7YY6,2018-05-20 18:00:37+00:00,BNnklO,"My old High School between 1994-1999 @Burnage_Academy featured in this documentary as the little Bastard went there 😡😭🐝

The #Manchester Arena #bomb - the unanswered questions @ManchesterArena #Burnage 
 https://t.co/SiQwoOCUry",-0.495101362615488,0,0,0,1,0,897,5005,233748,-0.484472085192918,True,,reliable,,My old High School between 1994-1999 featured in this documentary as the little Bastard went there The Manchester Arena bomb - the unanswered questions Burnage,159,25
34400,WNwQNAvrE9EA,2018-02-10 09:34:06+00:00,oppnjw,Support available for anyone hurt in the #Manchester Arena attack: https://t.co/NXYHAOs6pK,-0.585881765446162,1,1,0,1,0,30669,2998,56511,-0.486504230737039,True,,reliable,,Support available for anyone hurt in the Manchester Arena attack,64,10
39513,vPzmKJLM0wlv,2017-09-09 08:50:04+00:00,rWd8xqM,"Sell-out “We Are Manchester” benefit concert will reopen Manchester Arena after terrorist attack that killed 22
https://t.co/RYXrqJo2hc",-0.883373371622447,3,4,0,1,0,477927,3,208495,-0.51575376624639,True,,reliable,,Sell-out We Are Manchester benefit concert will reopen Manchester Arena after terrorist attack that killed 22,109,16
16542,6okdokBbGQwAj,2020-06-04 04:34:42+00:00,WBBKYQjrxJZQQ,it's been three years since @ArianaGrande and people of Manchester came together in a benefit concert to honor and raise money for the victims of the Manchester arena attack. https://t.co/c6HmMqwFNo,0.25,0,0,0,1,1,27,108,286,0.25,True,,reliable,,it's been three years since and people of Manchester came together in a benefit concert to honor and raise money for the victims of the Manchester arena attack.,160,28
42016,LMV88Rj6oZ1A,2017-07-06 05:38:24+00:00,GbX6Y7Y,Ariana Grande pays tribute to youngest victim of Manchester Arena terror attack Saffie Roussos – “We’re thinking of you baby” …,-0.840168050416806,0,0,0,0,0,46,176,61260,-0.545287141752707,True,,reliable,,Ariana Grande pays tribute to youngest victim of Manchester Arena terror attack Saffie Roussos Were thinking of you baby,120,19
49874,V9EAZzMRE0ew,2017-05-25 15:44:27+00:00,zJbn4G,Teenager and stepfather confirmed dead in Manchester Arena suicide bombing https://t.co/N5WGZhnUUP,-0.868943065423215,0,0,0,1,0,2688,2390,10097,-0.868943065423215,True,,reliable,,Teenager and stepfather confirmed dead in Manchester Arena suicide bombing,74,10
2977,ewZ3w8ZRZpbPB,2022-11-03 01:33:37+00:00,Y006xQ,"@adilray Remember these? November 2015 Paris attacks (130 killed), July 2016 Nice truck attack (86 killed),  June 2016 Atatürk Airport attack (45 killed), March 2016 Brussels bombings (32 killed), May 2017 Manchester Arena bombing (22 killed)?? Where was your outrage????",-0.987535658047533,1,6,0,0,0,2515,2302,20916,-0.618892192761544,True,,reliable,,"Remember these? November 2015 Paris attacks 130 killed , July 2016Nice truck attack 86 killed , June 2016Atatrk Airport attack 45 killed , March 2016Brussels bombings 32 killed , May 2017Manchester Arena bombing 22 killed ?? Where was your outrage????",251,40
3703,0Wvd7bAQG8JMY,2022-06-26 06:28:44+00:00,vpEoddP9R04J1,@BBBYetAgain @NettieNetNoo @ATsangarides1 @LBC @DavidLammy 22 little children blown up by a bomb detonated by a channel migrant. Manchester Arena. All those who want migrants have blood on their hands.,0.144029163118679,4,12,0,0,0,1608,1760,21559,-0.201189512727673,Fake,Refugee bomber,misinformation,Refugee bomber,22 little children blown up by a bomb detonated by a channel migrant. Manchester Arena. All those who want migrants have blood on their hands.,142,25
9051,ew7j6GwNmm3v3,2021-07-05 11:16:13+00:00,WvaMrlejj6qx,"Police officer, 37, who tried to save victims in Manchester Arena terror attack led double life as underworld mole spying for organised crime gang 
via https://t.co/NnhIRvXp0L https://t.co/Eajv3F0y8P",-0.835975867759116,0,0,0,1,0,573,514,10196,-0.835975867759116,True,,reliable,,"Police officer, 37, who tried to save victims in Manchester Arena terror attack led double life as underworld mole spying for organised crime gang via",150,25
36306,0zZvM7RW6Klr,2017-12-13 15:16:49+00:00,ar61dv0YkOzJ,Beatle's gift raises funds for Manchester attack families - The box-set from Sir Paul McCartney has raised funds for two families affected by the Manchester arena attack. https://t.co/B6JPUvNGvQ,-0.599373159673106,0,0,0,1,0,35,242,2376,-0.599373159673106,True,,reliable,,Beatle's gift raises funds for Manchester attack families - The box-set from Sir Paul McCartney has raised funds for two families affected by the Manchester arena attack.,170,27
79967,0GA9r7YqlNvE,2017-05-23 08:24:17+00:00,abKDlQ,"There are reportedly over 60 children without guardians being held at Holiday Inn Express, Manchester 

https://t.co/S8a6RMfwsr",-0.308926241053029,7,2,1,1,0,351089,2832,510839,-0.268465734233559,Fake,Children sheltered in hotels,misinformation,Children sheltered in hotels,"There are reportedly over 60 children without guardians being held at Holiday Inn Express, Manchester",101,15
48323,DXkOe6nNq60E,2017-05-26 18:11:42+00:00,DLN6VN,"Found at the Scene in Manchester: Shrapnel, a Backpack and a Battery https://t.co/l7jJOQzu0Z #world",0.0,0,0,0,1,0,144,78,227175,-0.660556773872614,True,,reliable,,"Found at the Scene in Manchester Shrapnel, a Backpack and a Battery world",73,13
49541,WPnbDWm6aaYx,2017-05-25 18:28:00+00:00,WqLj1pQ344dv,"How woman's iPhone saved her life in the Manchester Arena bomb attack: Lisa, a manager of a… https://t.co/rjJCSFuHK2",-0.54232614454664,0,2,0,1,0,13525,4799,11125,-0.635705060905915,True,,reliable,,"How woman's iPhone saved her life in the Manchester Arena bomb attack Lisa, a manager of a",90,17
6917,Qr8OpKpjpJbkx,2021-11-22 10:02:42+00:00,enxv4Pr,"@MattDrayton_BE @GBNEWS The victims of the grooming gangs were aged between 12 and 16. 
At 15 you know the difference between right and wrong. She had the wherewithal and the intention to tootle off to Syria and was later unfazed by heads in baskets and refused to condemn the Manchester arena attack.",-0.902174522266463,0,0,2,0,0,29464,15745,191098,-0.588996665371035,True,,reliable,,The victims of the grooming gangs were aged between 12 and 16. At 15 you know the difference between right and wrong. She had the wherewithal and the intention to tootle off to Syria and was later unfazed by heads in baskets and refused to condemn the Manchester arena attack.,276,50
56744,dMLp7RmMbnEw,2017-05-24 11:09:38+00:00,vMz4R1,"@gmpolice 'We are now confident that we know who all the people are, who have sadly lost their lives in the attack at the Manchester Arena'",-0.612372435695795,0,1,0,0,0,8527,2663,73928,-0.486764997476551,True,,reliable,,"'We are now confident that we know who all the people are, who have sadly lost their lives in the attack at the Manchester Arena'",129,25
3814,RDv3bJ1bKOX6a,2022-06-16 20:37:27+00:00,0pRKGMw,"On the Monday after the manchester arena bomb the @RMTunion guard on my daily northern rail train asked on the PA for all passengers to look and report suspect packages, never once did the lazy arse fucker walk up and down the train! #RailStrikes Lazy and overpaid as it is!!",-0.328711037580315,0,0,0,0,0,8,77,115,-0.328711037580315,True,,reliable,,"On the Monday after the manchester arena bomb the guard on my daily northern rail train asked on the PA for all passengers to look and report suspect packages, never once did the lazy arse fucker walk up and down the train! RailStrikes Lazy and overpaid as it is!!",264,49
16447,4zrld99EAYblp,2020-06-20 14:56:49+00:00,rm1O3K0KO9mG,@Mike_P_Williams @Mic_Stutts so you're gonna forget the victims of the manchester arena attack?. Brits are under attack. 23 deaths 800 injured.,-0.94130381464628,0,5,2,0,0,32,208,4485,-0.94130381464628,True,,reliable,,so you're gonna forget the victims of the manchester arena attack?. Brits are under attack. 23 deaths 800 injured.,114,19
11135,V3RqpNYwrQ8bm,2021-03-17 19:33:21+00:00,39vaOkLWB3Yl,"Manchester Arena Inquiry: First medic on scene 'unprepared' for bomb aftermath https://t.co/0IjqKC37Tc How prepared is your agency and EMS professionals for a MCI, physically and mentally? https://t.co/Yh4hEK1V43 https://t.co/SxD2Sl8wx1",-0.318210996771242,0,0,0,1,1,17,19,2052,-0.318210996771242,True,,reliable,,"Manchester Arena Inquiry First medic on scene 'unprepared' for bomb aftermath How prepared is your agency and EMS professionals for a MCI, physically and mentally?",163,25
56515,vl3bVKPKQvVQ,2017-05-24 11:50:23+00:00,OVJ6vPp,Breaking: Armed police are executing a raid at a flat in Manchester city centre https://t.co/39r9ujK2dw https://t.co/V5Xb2PGlLG,0.0,0,0,0,1,1,1925,1354,16323,-0.318474971463213,True,,reliable,,Breaking Armed police are executing a raid at a flat in Manchester city centre,78,14
64479,wZ7z61DLqLoY,2017-05-23 17:47:39+00:00,rYzjzQQ,Pep Guardiola: Manchester City manager's wife and children escape terror attack - CNN https://t.co/9NRucHYrQp,-0.700349291735761,0,0,0,1,0,6319,6660,40857,-0.700349291735761,True,,reliable,,Pep Guardiola Manchester City manager's wife and children escape terror attack - CNN,84,13
10425,WB7Zoe88OQBYx,2021-05-22 08:07:30+00:00,YOBZXp,I can't believe it's been 4 years already since the Manchester Arena attack 😔,-0.476657605574574,0,2,0,0,0,2117,1864,96317,-0.333829786715611,True,,reliable,,I can't believe it's been 4 years already since the Manchester Arena attack,75,13
64290,DX3GWQ86133E,2017-05-23 17:59:28+00:00,YePnm7,"I agree- Katie Hopkins: Our society is sick - and I fear it's terminal
https://t.co/bPfbabCsDl via @MailOnline",-0.612372435695795,0,0,0,1,0,789,1365,37489,-0.797519441927315,True,,reliable,,I agree- Katie Hopkins Our society is sick - and I fear it's terminal via,73,15
18728,QrrPrxKEGV3dd,2020-02-10 22:15:28+00:00,jrBLWm3,"Manchester Arena bomb - what happened after Mrs Tabbal left for Libya in October 2016?

Was there Grande-Grandma confusion just as the 'tour' started?

Dangerous Woman Tour (3 February 2017 - ) https://t.co/nlOrVq9BeT

Context...

Grandma prays to Elrond https://t.co/quP1DRyYFS https://t.co/xMrlaVzZxZ",-0.72694578401804,0,0,1,1,0,1352,1924,63848,-0.564224524865188,True,,reliable,,Manchester Arena bomb - what happened after Mrs Tabbal left for Libya in October 2016? Was there Grande-Grandma confusion just as the 'tour' started? Dangerous Woman Tour 3 February 2017 - Context... Grandma prays to Elrond,223,36
17153,ewnG1O3qXk4bY,2020-05-22 08:46:33+00:00,xZExdz4YxKGL,"Today we remember all of those who were affected by the #Manchester Arena attack 3 years ago.

Never forgotten #WeStandTogether 🐝❤️ https://t.co/I5YatRdFeb",-0.464956421405088,0,0,0,1,1,319,715,479,-0.464956421405088,True,,reliable,,Today we remember all of those who were affected by the Manchester Arena attack 3 years ago. Never forgotten WeStandTogether,124,20
16091,oRDP3JNxMxzZX,2020-08-06 13:22:17+00:00,xdd4kWx8BOARL,"Why more immigrants? London bombs 7-7-2005=MI5+UK Govt., Manchester arena=psyop,no bomb,no dead. Sergei Skripal=no novichok, psyop. Spy in a suitcase=MI5, &amp; many more. Royals+media complicit. I'm serious as hell. Can send links to anyone. Proof is all out there.",-0.948528230307789,0,0,0,0,0,421,484,5011,-0.800820576998755,Fake,Conspiracy,misinformation,Conspiracy,"Why more immigrants? London bombs 7-7-2005 MI5 UK Govt., Manchester arena psyop,no bomb,no dead. Sergei Skripal no novichok, psyop. Spy in a suitcase MI5, amp many more. Royals media complicit. I'm serious as hell. Can send links to anyone. Proof is all out there.",264,44
12,vpGEnvE38p98v,2023-03-21 07:39:50+00:00,E4jd4vANaoQbo,"@JohnTho28162716 @bigphilcampion @COLRICHARDKEMP What about the 70.000 children killed by the Brit’s in Iraq and Afghanistan??? Or Mi6 turning an eye to allow the Manchester arena bomb, your flag is dripping in the blood of innocent children",-0.659727946850383,0,0,0,0,0,1373,2078,5627,-0.659727946850383,Fake,Conspiracy,misinformation,Conspiracy,"What about the 70.000 children killed by the Brits in Iraq and Afghanistan??? Or Mi6 turning an eye to allow the Manchester arena bomb, your flag is dripping in the blood of innocent children",191,34
83857,n7DZ9qWDY0Jk,2017-05-23 06:00:43+00:00,j7ErvmL,"Terrorist bomb attack at a teen pop concert -- #Manchester Arena ‘suicide bomb’ kills 19 and injures 59. 
https://t.co/DPg2IU99xC",-0.97611196178181,1,0,0,1,0,7782,8550,291950,-0.808629840194876,True,,reliable,,Terrorist bomb attack at a teen pop concert -- Manchester Arena suicide bomb kills 19 and injures 59.,101,18
19671,6o4RdKd49RYdD,2019-11-30 15:12:41+00:00,p3We8Wb,"@iainmartin1 Theresa May wasn't interviewed by Andrew #Marr after the Manchester Arena bombing or after the London Bridge attack. It's all about appearing in a favourable light for the egregious and cynical Boris Johnson, and avoiding @afneil. #GeneralElection2019",-0.796389070934751,0,10,0,0,0,13091,12383,406552,-0.796389070934751,True,,reliable,,"Theresa May wasn't interviewed by Andrew Marr after the Manchester Arena bombing or after the London Bridge attack. It's all about appearing in a favourable light for the egregious and cynical Boris Johnson, and avoiding . GeneralElection2019",242,37
5847,j749wGRMDqYv0,2022-02-17 18:56:02+00:00,dkYMeQ4Q1JYG,Police Knew Manchester Bomber’s Terror Ties Three Years Befrore Attack https://t.co/w6dhBGYsId via @BreitbartNews,-0.757936728959867,1,0,0,1,0,3063,3081,334439,-0.6297434706243,Fake,The police knew the attacker,misinformation,The police knew the attacker,Police Knew Manchester Bombers Terror Ties Three Years Befrore Attack via,73,11
11042,LAoZNN3YowGKQ,2021-03-25 22:01:06+00:00,ewbkz3wzD4z4X,"Critically injured waited three hours to be taken to hospital, Manchester Arena inquiry hears: High priority patients had to wait up to three hours to be taken to hospital after the Manchester Arena bombing, the public inquiry into the attack has heard. https://t.co/jOAhzuOBDi",-0.700349291735761,1,0,0,1,0,14440,17,84850,-0.569589029023708,True,,reliable,,"Critically injured waited three hours to be taken to hospital, Manchester Arena inquiry hears High priority patients had to wait up to three hours to be taken to hospital after the Manchester Arena bombing, the public inquiry into the attack has heard.",252,42
48398,9Z4DleKdNLwp,2017-05-26 16:48:01+00:00,OzbJrBZmakWO,Manchester attack: minute’s silence to be held at FA Cup and… https://t.co/jAvy5MdrEd #FA_Cup #Manchester_Arena_attack #Football #Sport https://t.co/h2ObR2biUs,-0.476657605574574,0,0,0,1,1,403,25,52145,-0.194828914261173,True,,reliable,,Manchester attack minutes silence to be held at FA Cup and FA Cup Manchester Arena attack Football Sport,104,18
36827,dqo0qA8anYz8,2017-12-05 14:30:46+00:00,JV0AQjE,'News Update:' Manchester Arena attack 'could have been stopped' https://t.co/kQ49qSsTid,-0.612372435695795,0,0,0,1,0,26,5,19519,-0.429015670361404,True,,reliable,,'News Update ' Manchester Arena attack 'could have been stopped',64,10
24471,0Ye3rpdj1vjd,2019-01-30 11:59:28+00:00,enk4b7e,Projections by Adam Curtis are shown as Massive Attack perform at Manchester Arena as part of their Mezzanine XX1 tour. Picture by Mike Gray/LFI/RETNA/Avalon #MassiveAttack #LiveMusic #AdamCurtis #MezzanineXX1 https://t.co/QV2k6yPlfu https://t.co/n8jeavlCtN,-0.476657605574574,0,3,0,1,1,511,2184,5690,-0.476657605574574,True,,reliable,,Projections by Adam Curtis are shown as Massive Attack perform at Manchester Arena as part of their Mezzanine XX1 tour. Picture by Mike Gray LFI RETNA Avalon MassiveAttack LiveMusic AdamCurtis MezzanineXX1,205,31
4069,GpV4apXZmrpVG,2022-05-24 15:26:06+00:00,PkvQzW,"This film is available for one more day on Paus for free - it is a really touching movie about the development of positive community action in the wake of the Manchester Arena attack and doesn’t ghoulishly dwell on trauma.

Please have a look.  https://t.co/31Ye7CEMDc",0.585881765446162,1,2,0,1,0,1423,3406,3474,0.585881765446162,True,,reliable,,This film is available for one more day on Paus for free - it is a really touching movie about the development of positive community action in the wake of the Manchester Arena attack and doesnt ghoulishly dwell on trauma. Please have a look.,241,44
27582,D791QQW6344v,2018-06-04 12:08:08+00:00,0zlmNNebWjpr,"@StefanMolyneux Oh, and Manchester wasn't a Free Tommy protest. It was supposed to be a silent march in tribute to the Manchester Arena bomb victims, but Tommy's fans turned up and soon spoiled any chance of that.",0.0772283284276541,0,0,0,0,0,672,225,29993,0.0772283284276541,True,,reliable,,"Oh, and Manchester wasn't a Free Tommy protest. It was supposed to be a silent march in tribute to the Manchester Arena bomb victims, but Tommy's fans turned up and soon spoiled any chance of that.",197,36
23740,WvdmJ4Ra7boY,2019-03-15 19:07:14+00:00,vpweA6D,"Interesting how when the Charlie Hebdo attack or the Manchester Arena attack happened, everybody at work had something to say and we were holding a minutes silence. 

But I've not heard one mention of the Christchurch Mosque attack. It's like they wanna pretend it didn't happen.",-0.670478399654806,9,17,0,0,0,1089,829,27512,-0.670478399654806,True,,reliable,,"Interesting how when the Charlie Hebdo attack or the Manchester Arena attack happened, everybody at work had something to say and we were holding a minutes silence. But I've not heard one mention of the Christchurch Mosque attack. It's like they wanna pretend it didn't happen.",277,46
2020,OOAdoXBajdpEJ,2022-11-26 20:13:43+00:00,jAGoBvJ,Narinder supports terrorism! Shamima laughed and mocked the victims of the Manchester Arena attack - now go and face the victims’ families and let them know you support Shamima. Shame on you!! https://t.co/93xa7UCLgI,-0.835975867759116,9,26,4,1,0,3524,3512,253590,-0.557269048736662,True,,reliable,,Narinder supports terrorism! Shamima laughed and mocked the victims of the Manchester Arena attack - now go and face the victims families and let them know you support Shamima. Shame on you!!,191,32
87305,vlw8KWP4B4Bn,2017-05-23 01:09:23+00:00,GPYjoe,"#Manchester Arena is the largest indoor arena in Europe, if confirmed as terrorism, it would be deadliest attack on UK since 7/7/2005",-0.827129996023704,30,13,1,0,0,5830,2376,19985,-0.583540023924373,True,,reliable,,"Manchester Arena is the largest indoor arena in Europe, if confirmed as terrorism, it would be deadliest attack on UK since 7 7 2005",132,24
29763,30Ga8PmPwdzZ,2018-05-22 08:37:41+00:00,BAYLn8z,"Ariana Grande tweets she is ""thinking of you all today"" ahead of a day of remembrance in the city.

from BBC News - Home https://t.co/BRBxb58bu3
Manchester Arena attack: Anniversary to be marked in city https://t.co/WpxSiZdMj6",-0.476657605574574,0,0,0,1,0,12,128,418,-0.476657605574574,True,,reliable,,"Ariana Grande tweets she is ""thinking of you all today"" ahead of a day of remembrance in the city. from BBC News - Home Manchester Arena attack Anniversary to be marked in city",176,33
80669,3GL6G6Zn8PEl,2017-05-23 07:57:04+00:00,avx6vr,Our world as we knew it is on a long trip. Thoughts with the families of those in the Manchester Arena attack. https://t.co/Epzz4xusmu,-0.476657605574574,0,0,0,1,0,426,573,2957,-0.476657605574574,True,,reliable,,Our world as we knew it is on a long trip. Thoughts with the families of those in the Manchester Arena attack.,110,22
55369,qa8J6poGjrGK,2017-05-24 14:10:27+00:00,ZPbXM10,"@SkyFootball @ManUtd Not just a good season but a compensation to fans and tribute to Manchester Arena attack victims! The world stands behind us, let's fail not",-0.54232614454664,0,0,1,0,0,83,304,8249,-0.279428106248945,True,,reliable,,"Not just a good season but a compensation to fans and tribute to Manchester Arena attack victims! The world stands behind us, let's fail not",140,25
41481,OBk1PYed1mqK,2017-07-08 09:21:55+00:00,KL7akO,Man arrested at John Lennon airport in connection with the Manchester Arena bombing terror attack investigation https://t.co/DbXh2ubvSY,-0.862468816257373,0,0,0,1,0,378,949,47981,-0.862468816257373,True,,reliable,,Man arrested at John Lennon airport in connection with the Manchester Arena bombing terror attack investigation,111,16
43420,nkpVJ6vKx1Bz,2017-06-07 23:56:23+00:00,a1jxj3Q,"Manchester Arena attack: police make more arrests in the city https://t.co/YayCxj3DyE The Guardian World News

20-year-old man hands himse…",-0.318210996771242,0,0,0,1,0,522,295,382021,-0.543344247777435,True,,reliable,,Manchester Arena attack police make more arrests in the city The Guardian World News 20-year-old man hands himse,112,18
15191,wpkqQ9OaJ7OZv,2020-08-29 16:19:53+00:00,a49WQXb9mjWD,"@StephenJohnEll1 @lucy_sher @SkyNews I hope we get ""rescued"" from the next Manchester Arena type attack, committed by a so-called refugee",0.571885032070072,0,1,1,0,0,6713,4667,26445,-0.368948338903957,Fake,Refugee bomber,misinformation,Refugee bomber,"I hope we get ""rescued"" from the next Manchester Arena type attack, committed by a so-called refugee",100,17
20384,vOMLD84bJZYv,2019-09-14 18:37:38+00:00,DxJm1Q8nazdE,Families of Manchester Arena terror attack may be excluded from parts of inquest https://t.co/2hVyP9WqTG via @fatimamanji,-0.835975867759116,0,0,0,1,0,58,303,7363,-0.813272641400606,True,,reliable,,Families of Manchester Arena terror attack may be excluded from parts of inquest via,84,14
30130,D7X9xKWxpBGo,2018-05-22 07:10:44+00:00,NL0PlM,Some moving messages being posted this morning - a year on from the terror attack at the Manchester Arena: https://t.co/g3X1MXtkrH,-0.757936728959867,0,2,0,1,0,29673,1221,74475,-0.709984200738989,True,,reliable,,Some moving messages being posted this morning - a year on from the terror attack at the Manchester Arena,105,19
39063,0k3vEdz84BoE,2017-09-10 19:33:01+00:00,oNo1vP,"Manchester Arena re-opens with emotional concert after terrorist attack,In the center of the living room Deshaun Watson #twiggermosaicked",-0.801995608018326,0,0,0,0,0,1526,804,193106,-0.66193679465311,True,,reliable,,"Manchester Arena re-opens with emotional concert after terrorist attack,In the center of the living room Deshaun Watson twiggermosaicked",136,18
7375,B89awKvkQqVqd,2021-10-23 00:23:53+00:00,6ZLpJXvYJRam,Manchester Arena attack: Man arrested on suspicion of terror offence https://t.co/bUv3fGtwaK,-0.924595133553445,0,0,0,1,0,27,1,124030,-0.623728686654828,True,,reliable,,Manchester Arena attack Man arrested on suspicion of terroroffence,66,9
31338,06bdR1WQkwD6,2018-05-18 10:43:31+00:00,0We1jlO,"On Tuesday, the anniversary of the Manchester Arena Attack, students across the University will be supporting the Together Forever Trust by wearing pink and blue.
https://t.co/ny9MMcwZNn https://t.co/gcimgYxmZC",0.476657605574574,0,0,0,1,1,5666,894,10383,0.476657605574574,True,,reliable,,"On Tuesday, the anniversary of the Manchester Arena Attack, students across the University will be supporting the Together Forever Trust by wearing pink and blue.",162,25
49499,kz9dA97rx3JR,2017-05-25 19:15:00+00:00,MlqkZW,Family of Barra girl who died in Manchester Arena attack offered support   https://t.co/MHWI9Sy63g,-0.612372435695795,2,7,0,1,0,124279,1414,326874,-0.649985591229279,True,,reliable,,Family of Barra girl who died in Manchester Arena attack offered support,72,12
38364,nxPRGoOYORqQ,2017-10-25 19:22:01+00:00,JpoZq6,UK Terror tsar blasted for ‘offering jihadis a hug’ after law critique  https://t.co/JZU3I47iH4,-0.0772283284276542,0,0,0,1,0,187,198,16433,-0.0772283284276542,True,,reliable,,UK Terror tsar blasted for offering jihadis a hug after law critique,68,12
70417,NwzO3ZP73V8Z,2017-05-23 13:12:19+00:00,mb9okb8,"My heart just aches after yet another senseless attack on innocent people, mostly kids. #ComeLordJesus 💔✝️ https://t.co/i3p3sUoGjJ",-0.510607056638285,0,0,0,1,0,45,112,1429,-0.510607056638285,True,,reliable,,"My heart just aches after yet another senseless attack on innocent people, mostly kids. ComeLordJesus",101,15
1631,qRlaGPLzOVKkv,2023-02-10 13:06:15+00:00,3BABlJl8V9PR,"@albundysdad Remember this woman said the Manchester Arena bombing was ""justified"" Manchester Arena where innocent children were murdered.. blown to pieces by her ISIS, decapitated heads in bins didn't faze her, ""I don't regret coming here."" she said.
#Murderer
https://t.co/MIWShOapV6",-0.476657605574574,22,42,2,1,0,7926,8680,74498,0.0933878115638244,True,,reliable,,"Remember this woman said the Manchester Arena bombing was ""justified"" Manchester Arena where innocent children were murdered.. blown to pieces by her ISIS, decapitated heads in bins didn't faze her, ""I don't regret coming here."" she said. Murderer",247,38
17753,WBBWoPY0LbMY0,2020-04-06 07:01:27+00:00,8zDDzYD,@butlikesstories @Tojo73 @squinteratn Drove ambulances during the war. 70 years later she’s walking round hospital wards in Manchester offering support to all the children injured in the Manchester Arena attack.,-0.790569415042095,0,0,1,0,0,447,1522,10504,-0.446651257214799,True,,reliable,,Drove ambulances during the war. 70 years later shes walking round hospital wards in Manchester offering support to all the children injured in the Manchester Arena attack.,172,27
53269,DX9NOAaAmO3z,2017-05-24 19:07:34+00:00,NWlMpB8,Ariana Grande cancels London tour dates in wake of Manchester attack https://t.co/tOZfyHmIWp,-0.624893326938946,0,0,0,1,0,121,1659,4663,-0.624893326938946,True,,reliable,,Ariana Grande cancels London tour dates in wake of Manchester attack,68,11
81350,DX3WzrKA4l91,2017-05-23 07:28:27+00:00,Vl4ALBJ,I added a video to a @YouTube playlist https://t.co/mRURJnKSCX Ariana Grande Manchester Arena Suicide Attack Witness Speaks Out,-0.822462893624465,0,0,0,1,0,177,11,13710,-0.822462893624465,True,,reliable,,I added a video to a playlist Ariana Grande Manchester Arena Suicide Attack Witness Speaks Out,94,16
53949,GkrEMGNe6jGe,2017-05-24 17:35:53+00:00,3MED1d,The amount of leaks the US media is getting has the UK perplexed. https://t.co/uR5avLWBGm,-0.571885032070072,0,0,0,1,0,925,2640,41012,-0.571885032070072,True,,reliable,,The amount of leaks the US media is getting has the UK perplexed.,65,13
4590,7DkBb93D9eZxX,2022-05-22 08:15:02+00:00,01zVDr,"We remember. 

Today our thoughts are with all those who tragically lost their lives, those injured, their loved ones and all those affected by the Manchester Arena terror attack.

#WeStandTogether https://t.co/jLo8C2DEZ6",-0.89790121155528,3,29,1,1,1,36158,745,17583,-0.906852265972365,True,,reliable,,"We remember. Today our thoughts are with all those who tragically lost their lives, those injured, their loved ones and all those affected by the Manchester Arena terror attack. WeStandTogether",193,30
26836,WWrWPNjG4ZRV,2018-08-01 20:44:39+00:00,zRoQ9Za,"In the same week we learned that #SalmanAbedi had been rescued from Libya by the Royal Navy only to later bomb the  Manchester Arena Concert, we heard too that an Iranian Kurdish refugee, Cambridge Prof Caucher Bircar won the Fields Medal for Mathematics, one of 4 winners",0.757936728959867,1,0,0,0,0,10477,2146,126253,0.757936728959867,Fake,Refugee bomber,misinformation,Refugee bomber,"In the same week we learned that SalmanAbedi had been rescued from Libya by the Royal Navy only to later bomb the Manchester Arena Concert, we heard too that an Iranian Kurdish refugee, Cambridge Prof Caucher Bircar won the Fields Medal for Mathematics, one of 4 winners",270,47
3407,vproWqZ11rZ0D,2022-08-28 17:36:40+00:00,4nYbK7,"#rnli #RoyalNavy seriously what the hell is up with you lot, ferrying #ILLEGALimmigrants the other half of the way to dover. Everyday is going to turn into a Manchester arena bomb situation when you allow enemies of the state in.",-0.902174522266463,0,0,1,0,0,9,12,1138,-0.902174522266463,Fake,Refugee bomber,misinformation,Refugee bomber,"rnli RoyalNavy seriously what the hell is up with you lot, ferrying ILLEGALimmigrants the other half of the way to dover. Everyday is going to turn into a Manchester arena bomb situation when you allow enemies of the state in.",226,40
12020,kREVRE94WJLnE,2021-01-18 18:09:35+00:00,WbwEdzQqxodA,"Sorry, folks, this story has done for me.  Saffie Rose was eight-years-old, the youngest of the Manchester Bombing victims.  She rarely gets talked about.  She should be. 
https://t.co/5MDTyYY9VN",-0.339950051825043,2,13,1,1,0,6206,6449,138464,-0.476161243760419,True,,reliable,,"Sorry, folks, this story has done for me. Saffie Rose was eight-years-old, the youngest of the Manchester Bombing victims. She rarely gets talked about. She should be.",167,27
74852,n7DBbrNl7waz,2017-05-23 10:52:39+00:00,nWYb1G,"""You can't comprehend that somebody could do something as terrible as letting off any sort of bomb.""  - #Manchester Arena blast witness",-0.743037755434939,0,0,0,0,0,126,2042,2197,-0.821554038087879,True,,reliable,,"""You can't comprehend that somebody could do something as terrible as letting off any sort of bomb."" - Manchester Arena blast witness",133,22
7842,kRpODe69eOdDp,2021-09-29 17:14:14+00:00,ZaKlBeP,"@Prof_Umbongo Stats!! Assuming there were 0 incidents before Boris said letterboxes that means there were 3 and 3/4 incidents afterwards.  
Loads fewer than died in the Manchester Arena attack. 
22 people were murdered.",-0.902174522266463,0,2,1,0,0,423,828,16216,-0.902174522266463,True,,reliable,,Stats!! Assuming there were 0 incidents before Boris said letterboxes that means there were 3 and 3 4 incidents afterwards. Loads fewer than died in the Manchester Arena attack. 22 people were murdered.,202,33
11001,vpW4Xl93Zb8Av,2021-04-02 21:35:32+00:00,RLvrRMk,"@PatriotActive66 Blimey!Tell that to ALL those UK Terrorist Attack Victims' Families...Emily Jones, 3  Lovely Guys in the Park, Lorraine Cox, Manchester Arena, PC Palmer...to mention but a few. STOP THE ILLEGAL ECONOMIC MIGRANTS NOW!!! @Number10press @pritipatel @CCHQPress @CCTCommander @UKBorder",-0.89790121155528,0,2,0,0,0,795,41,5185,-0.89790121155528,Fake,Refugee bomber,misinformation,Refugee bomber,"Blimey!Tell that to ALL those UK Terrorist Attack Victims' Families...Emily Jones, 3 Lovely Guys in the Park, Lorraine Cox, Manchester Arena, PC Palmer...to mention but a few. STOP THE ILLEGAL ECONOMIC MIGRANTS NOW!!!",217,33
6761,AAWe7ZamOVoZe,2021-11-29 22:27:10+00:00,j7oR6xXqx9wk0,@AlanThomson_ Spot on the UK has become a fucking cess pit of scum and (illegal) immigrants who want to blow our kids up cant believe we didnt have riots after the Manchester arena bomb if the papers had shown the pictures of kids with nuts n bolts in them im sure riots would of happened..,-0.88132188414318,0,0,0,0,0,141,304,1930,-0.88132188414318,Fake,Refugee bomber,misinformation,Refugee bomber,Spot on the UK has become a fucking cess pit of scum and illegal immigrants who want to blow our kids up cant believe we didnt have riots after the Manchester arena bomb if the papers had shown the pictures of kids with nuts n bolts in them im sure riots would of happened..,274,54
37054,9J6kdLoAz0Gv,2017-11-30 20:37:53+00:00,oqxZMnGkr0RP,"@FOBManiaProject As you will all know, Manchester Arena is a venue close to so many people’s hearts. After the horrific attack in May of this year, we are all determined to show the band and the whole of Manchester some purple love 💜",-0.226347954672535,1,28,0,0,0,220,291,377,-0.226347954672535,True,,reliable,,"As you will all know, Manchester Arena is a venue close to so many peoples hearts. After the horrific attack in May of this year, we are all determined to show the band and the whole of Manchester some purple love",213,41
7715,YMV1AxpREka8G,2021-10-12 00:00:07+00:00,6jxdYo,"Manchester Arena attack victim John Atkinson might have survived had he received hospital treatment sooner, his family says

‘John was badly let down by some from the emergency services. Mistake after mistake was made’
https://t.co/2k2FVdXF8e",-0.885989313829565,0,4,0,1,0,1124080,207,244959,-0.745395688898029,True,,reliable,,"Manchester Arena attack victim John Atkinson might have survived had he received hospital treatment sooner, his family says John was badly let down by some from the emergency services. Mistake after mistake was made",215,34
25218,aApAQQWGW98O,2018-11-22 12:16:01+00:00,6VXnVNj,"People like @AlfDubs with their repeated calls for more refugees to be taken in by this country are complicit in the deaths of innocent people. ""Salman Abedi"" https://t.co/z5glO7RYWo",0.0,0,0,0,1,0,35,19,8698,-0.0513665496937514,Fake,Refugee bomber,misinformation,Refugee bomber,"People like with their repeated calls for more refugees to be taken in by this country are complicit in the deaths of innocent people. ""Salman Abedi""",149,26
8260,GpwDdAm6e0JXp,2021-08-27 21:58:39+00:00,nOMzPoW3qxEGM,"@TruvueC @PoliticsForAlI 21th of July 2005 London Bombings, Leytonstow Stabbing, Reading Stabbing, 2017 London Bridge attack, Stephen Oake Murder, Manchester arena bombing, Jihadi John. All Islamic Terrorists and all Refugees/Asylum seekers. Should I carry on?",-0.926003339774301,0,1,0,0,0,1076,1168,143734,-0.887537576549525,Fake,Refugee bomber,misinformation,Refugee bomber,"21th of July 2005 London Bombings, Leytonstow Stabbing, Reading Stabbing, 2017 London Bridge attack, Stephen Oake Murder, Manchester arena bombing, Jihadi John. All Islamic Terrorists and all Refugees Asylum seekers. Should I carry on?",235,34
68381,WPJrbxAq09mY,2017-05-23 14:39:53+00:00,j8zZA9P,ISIS Claims Responsibility for Manchester Arena Concert Attack That… https://t.co/SarEykVqz8 via @yabaleftonline,-0.476657605574574,0,0,0,1,0,13823,10025,96994,-0.476657605574574,True,,reliable,,ISIS Claims Responsibility for Manchester Arena Concert Attack That via,71,10
865,B8WZ9WWM7ZEpO,2023-03-02 18:04:45+00:00,k1vXLZ,"Manchester Arena inquiry: MI5 'profoundly sorry' for not stopping attack, being sorry will not bring their loved ones back, heads should roll as they totally screwed up. 😡 https://t.co/ZQuvCxD7BQ",-0.59844493721714,0,0,0,1,0,478,951,65193,-0.648217539464982,True,,reliable,,"Manchester Arena inquiry MI5 'profoundly sorry' for not stopping attack, being sorry will not bring their loved ones back, heads should roll as they totally screwed up.",168,27
86926,qaEl1MPW0mnK,2017-05-23 01:41:01+00:00,OkqMj3G,(Daily Express):#Manchester Arena 'terror attack': Fury at journalist's Ariana Grande.. https://t.co/xkq68z8pwV https://t.co/gfSGU2X2DA,-0.880672176774278,0,0,0,1,1,1226,165,1823608,-0.594004487289578,True,,reliable,,Daily Express Manchester Arena 'terror attack' Fury at journalist's Ariana Grande..,83,11
22643,DrK3XJ8dAB7A,2019-05-22 06:45:57+00:00,l41MaB,Remembering all those who lost their lives and those whose lives were changed forever in the Manchester Arena attack 2 years ago xxx https://t.co/RAVLtMq41G,-0.659727946850383,0,6,0,1,1,431,1315,1109,-0.659727946850383,True,,reliable,,Remembering all those who lost their lives and those whose lives were changed forever in the Manchester Arena attack 2 years ago xxx,132,23
14130,nOz8rYPBBnJez,2020-10-06 11:28:04+00:00,wZ9bAw8bqBaG,"Manchester Arena bombing: Risk of attack should have been 'crystal clear', inquiry told https://t.co/lQSYeQBN9S #security",-0.381819167922678,3,2,1,1,0,378,996,2400,-0.515776979482909,True,,reliable,,"Manchester Arena bombing Risk of attack should have been 'crystal clear', inquiry told security",95,14
613,WB4lwOv7D383X,2023-03-03 00:28:36+00:00,Za784p6pjeloN,"MI5 chief…. ?!?!

This 20 ish year old school boy dressed as Harry Potter..

WTF people ?!?!?

Really ?????

WTF….

#MI5
#MI6
@MI5
@MI6
#MI7
@MI7

MI5 chief 'profoundly sorry' agency did not prevent Manchester Arena attack - The Telegraph https://t.co/1bmGKtNUyC",-0.890096211666336,1,0,0,1,0,7,14,2719,-0.890096211666336,True,,reliable,,MI5 chief. ?!?! This 20 ish year old school boy dressed as Harry Potter.. WTF people ?!?!? Really ????? WTF. MI5 MI6 MI7 MI5 chief 'profoundly sorry' agency did not prevent Manchester Arena attack - The Telegraph,212,37
85450,ronN137LE4a9,2017-05-23 03:49:08+00:00,DJoED3WbEvx1,International figures pay tribute to victims of Manchester Arena 'terror attack' https://t.co/AosGx87Iel #news #breakingnews https://t.co/nrDsq6rOLy,-0.840168050416806,0,0,0,1,1,526,1221,60477,-0.682951008829223,True,,reliable,,International figures pay tribute to victims of Manchester Arena 'terror attack' news breakingnews,98,13
53439,V9Ewpb6ZdRbk,2017-05-24 18:41:26+00:00,m4wQ7x,Brutal but straightforward analysis of device and its range and effect. #manchester https://t.co/41PJwTEeDr,-0.624893326938946,0,0,0,1,0,702,687,61967,-0.624893326938946,True,,reliable,,Brutal but straightforward analysis of device and its range and effect. manchester,82,12
16144,nOp8aGoQ3lGaZ,2020-07-22 13:58:55+00:00,oRD3eLoMa38La,"@verydanimary @wilkiegog @Nigel_Farage @pritipatel Or dear.. not heard of Rotherham, Manchester arena attack and many other incitdents then? By the way. These migrants view you as a second class citizen and see white western women as “fair game”. Invite one Of them into your home I dare you.",0.339950051825042,1,0,1,0,0,23,63,896,0.339950051825042,Fake,Refugee bomber,misinformation,Refugee bomber,"Or dear.. not heard of Rotherham, Manchester arena attack and many other incitdents then? By the way. These migrants view you as a second class citizen and see white western women as fair game. Invite one Of them into your home I dare you.",239,44
15320,6oEGZ9YJRX3VG,2020-08-21 11:22:13+00:00,D6VXBPm9aGjLv,"The longest minimum term handed down in English legal history ⚖ LINK TO EXAM 📚 Paper 1 Section A sentencing... read the article and see why they did not impose a whole life tariff 🤔

Manchester Arena attack: Hashem Abedi jailed for minimum 55 years https://t.co/wqC8gEUYwL",-0.822462893624465,0,0,0,1,0,97,119,381,-0.822462893624465,True,,reliable,,The longest minimum term handed down in English legal history LINK TO EXAM Paper 1 Section A sentencing... read the article and see why they did not impose a whole life tariff Manchester Arena attack Hashem Abedi jailed for minimum 55 years,240,42
5147,oR0RPvdGzWMxE,2022-05-10 10:51:27+00:00,1N07xwM,"🇬🇧 #British #Britain #terrorism 
'Never forget' Kate and William join bereaved families at Manchester terror attack site
@English1Maiden @heidiEC5
@SueKeen1 @2tweetaboutit 

https://t.co/n5uO8yeMlI",-0.773980486278787,0,1,0,1,0,1865,35,170492,-0.532453648705994,True,,reliable,,British Britain terrorism 'Never forget' Kate and William join bereaved families at Manchester terror attack site,113,16
27817,rmkGkBE1qNWm,2018-05-24 19:46:34+00:00,GbX6Y7Y,"Ariana Grande gets bee tattoo to mark first anniversary of Manchester Arena bombing after emotional tribute to victims https://t.co/UQejQJa9Oj

The singer sent love to her fans and those affected by the attack on the first anniversary
121only – Celebrity News #celebritynews",0.318210996771242,0,0,0,1,0,46,176,61260,-0.545287141752707,True,,reliable,,Ariana Grande gets bee tattoo to mark first anniversary of Manchester Arena bombing after emotional tribute to victims The singer sent love to her fans and those affected by the attack on the first anniversary 121only Celebrity News celebritynews,246,39
16227,0Wq1eWxNPrlAo,2020-07-16 22:45:36+00:00,nLlbY0M1M1dv,Glad to see this exploratory paper entitled 'Social media forensics applied to assessment of post–critical incident social reaction: The case of the 2017 Manchester Arena terrorist attack' published in the Forensic Science International. https://t.co/5MBptClWLX https://t.co/fcGRGp1Bp8,-0.7184212081071,3,2,0,1,1,1244,3403,10360,-0.7184212081071,True,,reliable,,Glad to see this exploratory paper entitled 'Social media forensics applied to assessment of postcritical incident social reaction The case of the 2017 Manchester Arena terrorist attack' published in the Forensic Science International.,235,33
24638,Wn3LMEoPRxYw,2019-01-20 09:24:10+00:00,xLdV7QB9W76L,"@Meadow19731 @dyspraxiarulesk @WraggsCab @SkyNews Since 2005 there have been at least 87 deaths in the Uk that have been attributed to Islamic Terrorists. That number could be higher its from the 7/7 bombs, Manchester Arena, Westminster &amp; London Bridge, Lee Rigby,..
Far right terror total max. 2 deaths Finsbury Park &amp; Jo Cox.",-0.919072207541388,0,0,1,0,0,395,397,2277,-0.919072207541388,True,,reliable,,"Since 2005 there have been at least 87 deaths in the Uk that have been attributed to Islamic Terrorists. That number could be higher its from the 7 7 bombs, Manchester Arena, Westminster amp London Bridge, Lee Rigby,.. Far right terror total max. 2 deaths Finsbury Park amp Jo Cox.",281,50
15976,d6XJL8R83Xjzw,2020-08-19 17:46:46+00:00,VdMKkPOVbo6J,"@piersmorgan Nope, not refugees, unchecked, undocumented, illegal migrants capable of anything. https://t.co/nPEI4CZd3V",-0.25,0,1,0,1,0,1224,2250,26617,-0.374675352883575,Fake,Refugee bomber,misinformation,Refugee bomber,"Nope, not refugees, unchecked, undocumented, illegal migrants capable of anything.",82,10
8269,9EB3pVoXpYoeN,2021-08-26 15:28:13+00:00,xdd4kWx8BOARL,"A royal family, peerage and intelligence services who will fake Manchester Arena Bomb and all subsequent media and judiciary. No victims, no dead just a big fat raid on the public purse. 
https://t.co/BMbGYtWtAy",-0.862468816257373,0,2,1,1,0,421,484,5011,-0.800820576998755,Fake,Conspiracy,misinformation,Conspiracy,"A royal family, peerage and intelligence services who will fake Manchester Arena Bomb and all subsequent media and judiciary. No victims, no dead just a big fat raid on the public purse.",186,32
42362,0EJE9WE18DGd,2017-06-26 19:48:28+00:00,0LbWe3dVjx3v,"Prince Charles and Camilla, Duchess of Cornwall Stand in Exact Spot Where Suicide Bomb Was ...: https://t.co/Cv5oCgGr1P",-0.827129996023704,0,0,0,1,0,104,0,163893,-0.468792809304755,True,,reliable,,"Prince Charles and Camilla, Duchess of Cornwall Stand in Exact Spot Where Suicide Bomb Was ...",94,16
26931,vJ4DYro3r1Yv,2018-07-31 10:08:26+00:00,Z1KBzNOjwPmb,"The thoughtless open door refugee policy pushed by the left is responsible for the deaths of 22 people in the Manchester Arena attack. The first priority of any government is the protection of its own citizens, and our government has failed in this respect. #Revive https://t.co/NHlSgZtBXB",-0.835975867759116,1,3,0,1,0,322,35,228,-0.835975867759116,Fake,Refugee bomber,misinformation,Refugee bomber,"The thoughtless open door refugee policy pushed by the left is responsible for the deaths of 22 people in the Manchester Arena attack. The first priority of any government is the protection of its own citizens, and our government has failed in this respect. Revive",264,45
81415,vlwoW7xoem0v,2017-05-23 07:25:40+00:00,8wx93Q,Thoughts and prayers go to the families affected by this. Manchester Arena attack: 22 dead… https://t.co/MAcXaziuqU https://t.co/mXSCrCykKh,-0.840168050416806,0,0,0,1,1,952,1080,61912,-0.840168050416806,True,,reliable,,Thoughts and prayers go to the families affected by this. Manchester Arena attack 22 dead,89,15
37636,0zJbk81b9YaY,2017-11-23 19:39:28+00:00,Ar1xJojDN0pp,"Retweeted Y100 Miami (@Y100MIAMI):

The performed at Manchester arena exactly six months after the terror attack... https://t.co/pghDLpTZ8L",-0.757936728959867,0,0,0,1,0,1975,3616,30258,-0.757936728959867,True,,reliable,,Retweeted Y100 Miami The performed at Manchester arena exactly six months after the terror attack...,100,15
87095,pRB9MBo1oOdz,2017-05-23 01:29:20+00:00,Kzzv7N,#UPDATE: Police and British prime minister calling incident at Manchester Arena a terrorist attack. https://t.co/TkKUB75lTd,-0.831632035280786,2,0,0,1,0,690,718,12955,-0.831632035280786,True,,reliable,,UPDATE Police and British prime minister calling incident at Manchester Arena a terrorist attack.,97,14
57489,n7rYlZGGZaoQ,2017-05-24 09:30:53+00:00,7nqVzd,"@BrigittePrabhu @abu_awwaad @KTHopkins Thus you get this, where people say ""Salman? I never would have thought that..."" https://t.co/pCm8hi2aR1",0.0,0,0,0,1,0,3160,4855,89770,0.0,True,,reliable,,"Thus you get this, where people say ""Salman? I never would have thought that...""",80,14
18531,xdd43XZxGARRd,2020-02-24 19:42:01+00:00,DXALw73DbBl1,"Manchester Arena bomber Salman Abedi captured on CCTV days before attack
https://t.co/AayLb2Gkyn
+1 UKBot #UK #news",-0.476657605574574,0,0,0,1,0,2617,4959,116640,-0.436554671899716,True,,reliable,,Manchester Arena bomber Salman Abedi captured on CCTV days before attack 1 UKBot UK news,88,15
19862,6o4oJvPwGndZb,2019-11-22 14:50:45+00:00,LPapPQx,We are incredibly proud of two students attending the  International Congress for the Victims of Terrorism. Both were at Manchester Arena on the night of the attack and are using commemoration to prevent violent extremism. https://t.co/gpqAHury4o,-0.880864107101941,5,45,0,1,1,1782,81,1257,-0.868202843183909,True,,reliable,,We are incredibly proud of two students attending the International Congress for the Victims of Terrorism. Both were at Manchester Arena on the night of the attack and are using commemoration to prevent violent extremism.,221,35
29409,wrZbp0EoZrdr,2018-05-22 10:20:44+00:00,xdjz314,Today the museum will hold a minutes silence at 2.30 to remember the 22 people who lost their lives in the Manchester Arena attack. Our thoughts go out to all those affected #WeStandTogether #mcrtogether #Manchester,-0.7184212081071,2,2,0,0,0,3562,500,3971,-0.7184212081071,True,,reliable,,Today the museum will hold a minutes silence at 2.30 to remember the 22 people who lost their lives in the Manchester Arena attack. Our thoughts go out to all those affected WeStandTogether mcrtogether Manchester,212,35
19128,xddnxrqqra0wB,2020-02-03 03:26:48+00:00,ejvWPX,10...30...British...born...Salman Ramadan Abedi...22...walk...foyer...Manchester...Arena...crowd...stream...Ariana Grande...concert...detonate...mine...pack...shrapnel...kill...22...people...child...IED...improvised...explosive...device...bomb...grenade...Slovenia...Saudi Arabia,-0.835975867759116,1,0,0,0,0,251,0,108654,-0.919772972729542,True,,reliable,,10...30...British...born...Salman Ramadan Abedi...22...walk...foyer...Manchester...Arena...crowd...stream...Ariana Grande...concert...detonate...mine...pack...shrapnel...kill...22...people...child...IED...improvised...explosive...device...bomb...grenade...Slovenia...Saudi Arabia,279,5
72018,PQw709aLBnNQ,2017-05-23 12:21:23+00:00,l6GGb0,The Guardian is reporting that an arrest has been made in connection to last night's #ManchesterArena attack. https://t.co/GPYkOzIiNy,-0.670478399654806,0,0,0,1,0,3093,640,27059,-0.670478399654806,True,,reliable,,The Guardian is reporting that an arrest has been made in connection to last night's ManchesterArena attack.,108,17
30070,x6rXoQNbpnEL,2018-05-22 07:27:36+00:00,dkbAla6dkK4Q,Remembering the twenty-two innocent people who died in the Manchester Arena terror attack just one year ago today. Gone but never forgotten. 🐝🇬🇧 #ManchesterArena,-0.792572577046225,0,0,0,0,0,1271,1907,2033,-0.792572577046225,True,,reliable,,Remembering the twenty-two innocent people who died in the Manchester Arena terror attack just one year ago today. Gone but never forgotten. ManchesterArena,156,23
72178,ron6Z8m4qWQG,2017-05-23 12:15:51+00:00,L0Qpjdx,ISIS claims responsibility for Ariana Grande's #Manchester concert blast killing 22 https://t.co/P6s4DfUNd5 https://t.co/WXPl9rlBM2,-0.659727946850383,0,1,0,1,1,233,218,198661,-0.72484587696141,True,,reliable,,ISIS claims responsibility for Ariana Grande's Manchester concert blast killing 22,82,11
79173,3GLrQ4W8dBGv,2017-05-23 08:50:30+00:00,W6WYn9pJAV7V,Suspected Terror Attack At Ariana Grande Concert in Manchester Arena https://t.co/d8CwNazYvB,-0.812604508328942,0,0,0,1,0,75,81,26008,-0.812604508328942,True,,reliable,,Suspected Terror Attack At Ariana Grande Concert in Manchester Arena,68,10
7569,nOjXrooWee6dv,2021-10-21 20:13:28+00:00,j7zN7raKjVdWP,"'He has taken the coward's way out': Grieving families of Manchester Arena terror attack describe 'horror' that brother of the bomber called to give evidence at public inquiry was ALLOWED...
via https://t.co/YBY2Zzb2IX https://t.co/XAIMu7FFfS",-0.947698489944879,0,0,0,1,0,250,737,8715,-0.947698489944879,True,,reliable,,'He has taken the coward's way out' Grieving families of Manchester Arena terror attack describe 'horror' that brother of the bomber called to give evidence at public inquiry was ALLOWED... via,193,31
17572,Gp0bYv0A1l3R8,2020-05-18 14:40:12+00:00,kwprdvvxz6Wj,"@Dave_H64 @mmpadellan There are some Americans who argue that it's fine for us to say how we think they should live their lives as we've never been the victims of terror.
I'm sorry but can I bring up the Manchester Arena bombing, the London Bridge attack, the 7/7 attack and how could we forget the IRA",-0.597780442130987,0,1,0,0,0,2444,5002,13888,-0.597780442130987,True,,reliable,,"There are some Americans who argue that it's fine for us to say how we think they should live their lives as we've never been the victims of terror. I'm sorry but can I bring up the Manchester Arena bombing, the London Bridge attack, the 7 7 attack and how could we forget the IRA",280,55
85925,9Z9RbRMBPM4R,2017-05-23 03:03:52+00:00,KeqNNe,"@cnnbrk exact moment of the explosion, from inside the Manchester arena, you can feel the terror in people's voices https://t.co/vXbZX0fX0Y",-0.526741537567377,0,0,0,1,0,816,892,9165,-0.526741537567377,True,,reliable,,"exact moment of the explosion, from inside the Manchester arena, you can feel the terror in people's voices",107,18
39174,OGxlvav8E30K,2017-09-10 10:45:34+00:00,awWP9Ek,manchester arena opened back up yesterday for the first time after the attack,-0.476657605574574,0,8,0,0,0,6876,703,123705,-0.476657605574574,True,,reliable,,manchester arena opened back up yesterday for the first time after the attack,77,13
6247,0WVa7VmdjjKZo,2022-01-10 02:17:27+00:00,rxnL1vjZMXLb,"And still Patel lets the fake asylum scroungers into the country. Resign you useless imbecile.  

Venues to have legal duty to be prepared for terror attacks https://t.co/7UoLqB4iec via @MailOnline",-0.939267596636045,0,0,0,1,0,2265,3248,30059,-0.939267596636045,Fake,Refugee bomber,misinformation,Refugee bomber,And still Patel lets the fake asylum scroungers into the country. Resign you useless imbecile. Venues to have legal duty to be prepared for terror attacks via,158,27
14346,a1DOWez1AEoVO,2020-09-29 10:23:37+00:00,nolQA8M,"SMG describe the Manchester Arena attack as 
""a watershed moment for UK society, the emergency and intelligence services, and counter terrorism policing"".",-0.801995608018326,1,0,1,0,0,12476,1309,10125,-0.496657806123735,True,,reliable,,"SMG describe the Manchester Arena attack as ""a watershed moment for UK society, the emergency and intelligence services, and counter terrorism policing"".",153,22
6064,6oYK6dJ0qYbDm,2022-01-24 19:17:11+00:00,6kR4PN3,"More Islamist terrorists who were illegal migrants or failed asylum seekers.
Hassan, Parsons Green tube bomber.
Abedi, Manchester Arena suicide bomber.
Saadallah, Reading stabber of 3 gays.
Redouane, London Bridge attack.
How many others are amongst us?
@SadiqKhan
@Iromg
@TVKev https://t.co/3akHHqvQzA",-0.964759404727593,13,35,0,1,0,25811,25979,33348,-0.964759404727593,Fake,Refugee bomber,misinformation,Refugee bomber,"More Islamist terrorists who were illegal migrants or failed asylum seekers. Hassan, Parsons Green tube bomber. Abedi, Manchester Arena suicide bomber. Saadallah, Reading stabber of 3 gays. Redouane, London Bridge attack. How many others are amongst us?",253,37
37802,eqW8baeAQj3o,2017-11-22 10:31:08+00:00,93BpEJl0EbKE,ILoveMCR: It’s exactly 6 months since the terror attack at Manchester Arena. 22 people lost their lives at the Ariana Grande concert. #WeStandTogether #NeverForgotten #WeAreMCR #iLoveMCR ♥️🐝 https://t.co/q8UIlaVXRH,-0.831632035280786,0,0,0,1,1,140,136,59012,-0.333979825851524,True,,reliable,,ILoveMCR Its exactly 6 months since the terror attack at Manchester Arena. 22 people lost their lives at the Ariana Grande concert. WeStandTogether NeverForgotten WeAreMCR iLoveMCR,180,26
55855,XZO1ABLDr8xk,2017-05-24 13:05:22+00:00,7mnvmXv,"Our hearts go out to those that have lost their lives, to their families and friends. Manchester Arena attack|... https://t.co/sW4bhWIe8S",-0.295958174200194,0,0,0,1,0,784,926,6041,-0.295958174200194,True,,reliable,,"Our hearts go out to those that have lost their lives, to their families and friends. Manchester Arena attack ...",113,20
30575,dOMq4nMxmm69,2018-05-22 02:45:10+00:00,WL7zxNq,"Today marks the one year of the Manchester Arena Attack, our hearts go out to the 22 innocent people and the families❤️🌹 #WeStandTogether #OneLoveManchester https://t.co/nrgeg1HH4D",-0.177857560463629,3,8,0,1,1,242,579,2497,-0.177857560463629,True,,reliable,,"Today marks the one year of the Manchester Arena Attack, our hearts go out to the 22 innocent people and the families WeStandTogether OneLoveManchester",151,24
51360,3GbQ93WOrDzO,2017-05-25 07:31:07+00:00,NYJP08,A 'broken' Ariana Grande returns home to South Florida after deadly Manchester Arena attack. https://t.co/5XlAGXGMb9 https://t.co/a4sOi6fG0c,-0.735147044114705,61,165,37,1,1,17821117,435,409988,-0.448416478661601,True,,reliable,,A 'broken' Ariana Grande returns home to South Florida after deadly Manchester Arena attack.,92,14
74392,vlwLMBJmRDB1,2017-05-23 11:07:15+00:00,GlZzJG,Manchester Arena attack: Salma Hayek in tears after revealing Ariana Grande is her daughter's favourite singer https://t.co/OIvJUtmYwT #br…,-0.476657605574574,0,0,0,1,0,560,593,627270,-0.559419618610613,True,,reliable,,Manchester Arena attack Salma Hayek in tears after revealing Ariana Grande is her daughter's favourite singer br,112,17
5091,ZavaPkq88WmaP,2022-05-10 16:03:07+00:00,JqX44RE,"🗣 ""There is comfort in remembering. In acknowledging that, while taken horribly soon, they lived.""

Prince William has officially opened a new memorial dedicated to the victims of the Manchester Arena attack, including 5 from the #NorthEast. #HeartNews

https://t.co/LqTWa0Sg2P",-0.476657605574574,0,4,0,1,1,9213,5638,38177,-0.672248344553133,True,,reliable,,"""There is comfort in remembering. In acknowledging that, while taken horribly soon, they lived."" Prince William has officially opened a new memorial dedicated to the victims of the Manchester Arena attack, including 5 from the NorthEast. HeartNews",247,37
62522,ronrl7mOOxG8,2017-05-23 20:00:01+00:00,n81okM,Daily Post reporter and family caught up in Manchester Arena terror attack https://t.co/FNQbIbPRfZ,-0.757936728959867,2,1,0,1,0,122163,5850,191237,-0.494936830970598,True,,reliable,,Daily Post reporter and family caught up in Manchester Arena terror attack,74,12
25812,0Ab9BO369pGv,2018-10-15 08:15:52+00:00,nVbN0140ZW1v,"How old is Ariana Grande, who’s her fiance Pete Davidson, when did she date the late Mac Miller and when was the Manchester Arena attack? https://t.co/y37BlBGH5L",-0.476657605574574,0,0,0,1,0,188,66,417866,-0.690708862021271,True,,reliable,,"How old is Ariana Grande, whos her fiance Pete Davidson, when did she date the late Mac Miller and when was the Manchester Arenaattack?",135,24
67366,6WvL1LEKVxDj,2017-05-23 15:30:14+00:00,YxwZWG,Travelers should expect significant disruption in Manchester following last night’s suicide bomb attack at Manchester Arena #FROSCHPulse,-0.909989136872722,0,0,0,0,0,8459,948,11966,-0.909989136872722,True,,reliable,,Travelers should expect significant disruption in Manchester following last nights suicide bomb attack at Manchester Arena FROSCHPulse,134,17
73580,QR7jjKMdALXd,2017-05-23 11:34:06+00:00,xEw3Y9,Messages left by people at candle lighting at Hull Minster for those affected by Manchester Arena attack. https://t.co/QqpDiJ2x61,-0.571885032070072,5,8,0,1,1,5515,2339,7303,-0.571885032070072,True,,reliable,,Messages left by people at candle lighting at Hull Minster for those affected by Manchester Arena attack.,105,17
40289,vPpQzNDjGOPZ,2017-08-18 09:13:12+00:00,bmL0pX,Survivor of Manchester Arena bombing describes horror of being caught up in Barcelona terror attack - Mirror Online https://t.co/fbHqTuC6R0,-0.827129996023704,0,0,0,1,0,4491,2578,108809,-0.778080065691586,True,,reliable,,Survivor of Manchester Arena bombing describes horror of being caught up in Barcelona terror attack - Mirror Online,115,18
87911,WPJZDZmmanB0,2017-05-23 00:23:55+00:00,w8NoAqL789GQ,Manchester suspected terror incident: thaw we know so raf https://t.co/4sfzbIWQ3K https://t.co/p3OA9nLXrw,-0.648556646884329,0,0,0,1,1,226,0,331441,-0.500805907531007,True,,reliable,,Manchester suspected terror incident thaw we know so raf,56,9
10999,K3jvoALnXXmAp,2021-04-03 23:10:50+00:00,XEXLNWx,"@ChrisJ1964 @MatthewdAncona Is it fair that respect is required for Mohammed, who disrespects unbelievers &amp; threatens us with violence? Schools must discuss the cartoon of the prophet with a bomb in his turban. In the context of 7/7 &amp; Manchester Arena (justified by reference to him) it is classic satire. https://t.co/aUNXdDf4Qm",-0.68082252702501,0,1,0,1,1,2176,3084,25393,-0.659491094770592,True,,reliable,,"Is it fair that respect is required for Mohammed, who disrespects unbelievers amp threatens us with violence? Schools must discuss the cartoon of the prophet with a bomb in his turban. In the context of 7 7 amp Manchester Arena justified by reference to him it is classic satire.",279,49
87745,pRBzMlZOp76D,2017-05-23 00:33:25+00:00,nzqp7l,BREAKING: Town council DENY reports of gunman outside Royal Oldham hospital after Manchester blast https://t.co/VRYM2c6QpW https://t.co/Oo1V2ZtbXr,-0.339950051825042,21,4,8,1,1,1009821,785,1191693,-0.585491204444974,Fake,Oldham hospital,misinformation,Oldham hospital,BREAKING Town council DENY reports of gunman outside Royal Oldham hospital after Manchester blast,97,14
29484,06GMZ48vr3qv,2018-05-22 09:56:55+00:00,GEM7p6K,"Remembering 22 people that lost their lives during the Manchester Arena attack, all of the injured people, friends and families affected by this event ❤️🐝 https://t.co/hB7dInOCEJ",-0.670478399654806,0,1,0,1,0,101,68,5764,-0.670478399654806,True,,reliable,,"Remembering 22 people that lost their lives during the Manchester Arena attack, all of the injured people, friends and families affected by this event",150,24
21343,1QvGXA08vlGN,2019-06-11 10:55:45+00:00,zXd7ll,"Army doctor assaulted his wife after row over dog poo... he keeps his job after tribunal hears he had just spent six months helping children injured in the Manchester Arena attack
https://t.co/GZ6pKlKA0F",-0.790569415042095,2,2,3,1,0,662727,1439,362383,-0.42559874603329,True,,reliable,,Army doctor assaulted his wife after row over dog poo... he keeps his job after tribunal hears he had just spent six months helping children injured in the Manchester Arena attack,179,31
3411,YMQp0Pjr0wn1K,2022-08-27 08:56:32+00:00,vpEoddP9R04J1,@DAaronovitch @CMY1952 @Arron_banks 22 children blown up by a bomb detonated by a migrant that was “rescued” in the channel. Their blood on your hands. Manchester Arena.,0.421463615211762,2,6,0,0,0,1608,1760,21559,-0.201189512727673,Fake,Refugee bomber,misinformation,Refugee bomber,22 children blown up by a bomb detonated by a migrant that was rescued in the channel. Their blood on your hands. Manchester Arena.,131,24
7798,zRZnep8q7mxO6,2021-10-02 15:53:40+00:00,NlWavZd,"@aeinsteinset1 @SaveRefugeesNow @Dheer_Sameer @laralogan @LinaRozbih @kabuli07 @MuslimShirzad @rahmanrahmanee @HabibKhanT That “religion” is responsible for the horrors of ISIS, Boko Haram, the barbarism of the Bataclan attack, the Charlie Hebdo attack, the Manchester Arena attack, the French teacher’s beheading etc etc etc etc.",-0.89335803114606,0,1,0,0,0,21,46,728,-0.89335803114606,True,,reliable,,"That religion is responsible for the horrors of ISIS, Boko Haram, the barbarism of the Bataclan attack, the Charlie Hebdo attack, the Manchester Arena attack, the French teachers beheading etc etc etc etc.",205,33
25109,7RnQDn7maoqd,2018-11-29 01:00:28+00:00,RDlr67k,"@BBCWomansHour Our work links to Jo Cox, the Manchester arena attack and the Huddersfield school attack of refugee children. Can we come and tell you about it?",-0.735147044114705,0,0,0,0,0,261,423,2495,-0.735147044114705,Fake,Refugee bomber,misinformation,Refugee bomber,"Our work links to Jo Cox, the Manchester arena attack and the Huddersfield school attack of refugee children. Can we come and tell you about it?",144,26
73397,0GAZEXer41Lr,2017-05-23 11:41:33+00:00,4WMdjlY,Manchester Arena Explosion: Teenage girl named as attack's first victim #Wales https://t.co/x4dWH9jggt https://t.co/54yatpSYDG,-0.636949942926426,0,0,0,1,1,536,283,127650,-0.670874555224898,True,,reliable,,Manchester Arena Explosion Teenage girl named as attack's first victim Wales,76,11
37336,OERmw3Rr8adK,2017-11-26 14:31:36+00:00,bazXlpw,"""Unreasonable Costs""
Is what Teresa May says about spending money on the Manchester arena bomb victims
Unreasonable to who ??? 
#JusticeForManchester",-0.648556646884329,0,0,0,0,0,4071,3862,5209,-0.648556646884329,True,,reliable,,"""Unreasonable Costs"" Is what Teresa May says about spending money on the Manchester arena bomb victims Unreasonable to who ??? JusticeForManchester",147,21
59015,3GbZVPBYarGZ,2017-05-24 04:04:24+00:00,nvKLDLX33wxz,The Manchester Arena terror attack: What we know so far - France 24 https://t.co/qbq4WnHscs,-0.757936728959867,0,0,0,1,0,57,231,19972,-0.573758977368487,True,,reliable,,The Manchester Arena terror attack What we know so far - France 24,66,13
8290,rP4Q1dXRxOkxG,2021-08-22 02:46:10+00:00,ewoBP4B,"Joe Biden withdraws troops from Afghanistan so the UK has to take 20,000 Afghani refugees
Just what we need is another 20k potential Islamic terrorists!
Manchester Arena bomber Salman Abedi was a refugee rescued from Libya by the Royal Navy
He killed 22 people in a suicide attack https://t.co/Jhy229Vr6p",-0.943242218283799,3,6,2,1,1,6387,6664,130454,-0.939628907189941,Fake,Refugee bomber,misinformation,Refugee bomber,"Joe Biden withdraws troops from Afghanistan so the UK has to take 20,000 Afghani refugees Just what we need is another 20k potential Islamic terrorists! Manchester Arena bomber Salman Abedi was a refugee rescued from Libya by the Royal Navy He killed 22 people in a suicide attack",280,48
1589,oRWd6BxYvrQDj,2023-02-19 23:47:35+00:00,vpEoddP9R04J1,"@MatthewdAncona @Care4Calais Care4Calis facilitating human trafficking. 
22 children blown up by a bomb detonated by a migrant “rescued” from the channel. Their blood on your hands. Manchester Arena. Never forget. Never forgive.",0.620982601938393,2,6,0,0,0,1608,1760,21559,-0.201189512727673,Fake,Refugee bomber,misinformation,Refugee bomber,Care4Calis facilitating human trafficking. 22 children blown up by a bomb detonated by a migrant rescued from the channel. Their blood on your hands. Manchester Arena. Never forget. Never forgive.,196,30
56474,GkrwOzlzXv18,2017-05-24 11:59:26+00:00,akdBLD,"'It hits a nerve for us all': Girls, young women target of Manchester attack https://t.co/16e4RwabOY #misogyny #violence #VAW",-0.476657605574574,0,1,0,1,0,20576,7281,124193,-0.476657605574574,True,,reliable,,"'It hits a nerve for us all' Girls, young women target of Manchester attack misogyny violence VAW",97,17
24519,VmPd0kQjX9Ke,2019-01-29 08:50:31+00:00,jRMWk9WmaNk4,"Manchester Arena terror attack: Timeline of recent attacks in United Kingdom - The Financial Express
https://t.co/VYrW1g1eyl",-0.778253322150626,0,0,0,1,0,3,0,1023,-0.836958992945573,True,,reliable,,Manchester Arena terror attack Timeline of recent attacks in United Kingdom - The Financial Express,99,15
42811,rO4PbmLWz0Vb,2017-06-15 09:43:22+00:00,93BpEJl0EbKE,"ILoveMCR: RT ManchesterArena: Following last month’s devastating attack on the city, we are now working towards re… https://t.co/lTuRCXULc6",-0.812604508328942,0,0,0,1,0,140,136,59012,-0.333979825851524,True,,reliable,,"ILoveMCR RT ManchesterArena Following last months devastating attack on the city, we are now working towards re",111,17
21155,eQ7RMkRzanKB,2019-07-04 14:15:55+00:00,znExQz,"Next up talking about learning from terrorist attacks is Prof Paul French, the clinical lead for early intervention in psychosis, Greater Manchester, talking about the clinical response to the Manchester Arena Attack. #rcpsychic",-0.855541579265878,4,2,1,0,0,110974,4735,31923,-0.207554004252855,True,,reliable,,"Next up talking about learning from terrorist attacks is Prof Paul French, the clinical lead for early intervention in psychosis, Greater Manchester, talking about the clinical response to the Manchester Arena Attack. rcpsychic",227,33
68990,8lWJjVxaLrDD,2017-05-23 14:16:14+00:00,aeEzxkQ,Strongly condemn the Manchester Arena concert attack targeting innocent people. Thoughts and prayers with the victims. #PMLN_Arabia,-0.510607056638285,0,0,0,0,0,184,725,829,-0.510607056638285,True,,reliable,,Strongly condemn the Manchester Arena concert attack targeting innocent people. Thoughts and prayers with the victims. PMLN Arabia,130,18
16826,WBeY63q4za70Q,2020-05-22 14:07:50+00:00,P6LK9GdzQX67,Isn't it ironic that the Islamic terrorist Salman Abedi who detonated the Manchester Arena bomb was picked up by the Royal Navy and brought to these shores and given asylum. Let's hope history does not repeat itself. R. I. P. all those murdered on that awful night. God bless.,-0.875,52,85,5,0,0,1836,3865,6769,-0.777911263512505,Fake,Refugee bomber,misinformation,Refugee bomber,Isn't it ironic that the Islamic terrorist Salman Abedi who detonated the Manchester Arena bomb was picked up by the Royal Navy and brought to these shores and given asylum. Let's hope history does not repeat itself. R. I. P. all those murdered on that awful night. God bless.,276,49
84260,V9AqRKraKvpx,2017-05-23 05:33:49+00:00,q7xoMlk,Manchester Arena attack: what we know so far =&gt; Horrible! https://t.co/p7CqkhaDUB,-0.670478399654806,1,0,0,1,0,68,67,5995,-0.670478399654806,True,,reliable,,Manchester Arena attack what we know so far gt Horrible!,56,10
7177,ewOx0rjrmewr4,2021-10-26 17:11:43+00:00,3qVWjvZQ4V1v,"Manchester Arena Inquiry: Trailing Salman Abedi would have led to bomb, families say 🤔 SOUNDS A BIT OF A C@CK UP FROM THOSE WHO LOOK AFTER UK CITIZENS SAFETY….NOT GOOD AT ALL…STOP THE SOFELY APPROACH MUST BE HARD ON THESE TERRORIST.🇬🇧🇬🇧 https://t.co/rrE9snQO7C",-0.700349291735761,0,0,0,1,0,3169,2765,176542,-0.869462686720317,True,,reliable,,"Manchester Arena Inquiry Trailing Salman Abedi would have led to bomb, families say SOUNDS A BIT OF A C UP FROM THOSE WHO LOOK AFTER UK CITIZENS SAFETY.NOT GOOD AT ALLSTOP THE SOFELY APPROACH MUST BE HARD ON THESE TERRORIST.",224,40
10484,7DN7loBjRRYm1,2021-05-22 06:56:23+00:00,qANLJlq,"Four years on, thinking of the 22 innocent victims of the Manchester Arena bomb, as well as the 1,017 who were injured. https://t.co/n70kbA7RNZ",-0.54232614454664,14,130,3,1,1,15737,4226,11285,-0.379241648188596,True,,reliable,,"Four years on, thinking of the 22 innocent victims of the Manchester Arena bomb, as well as the 1,017 who were injured.",119,22
11245,kRv1pp1wW1BRp,2021-03-09 12:50:14+00:00,AR8qrL,A union official has told the public inquiry into the Manchester Arena bombing he does not believe the response to the attack was affected by a dispute about firefighters dealing with terrorist incidents. The FBU's Andy Dark says he doesn't think it affected managerial decisions. https://t.co/Lo1ZA6CTZj,-0.913565208043919,1,7,0,1,1,332050,1075,76752,-0.561227920005825,True,,reliable,,A union official has told the public inquiry into the Manchester Arena bombing he does not believe the response to the attack was affected by a dispute about firefighters dealing with terrorist incidents. The FBU's Andy Dark says he doesn't think it affected managerial decisions.,280,45
5233,ewapPLd76VZLY,2022-04-30 03:01:57+00:00,d9Jl7mz,"@ukhomeoffice The damage is done. Thousands of mystery men put into Britain's hotels, courtesy of the Border Force and RNLI taxi services.

Some of these men will be plotting another Manchester Arena style attack, whilst lounging on their beds using the free wi-fi and Home Office smartphone.",-0.128036879932896,17,41,2,0,0,14280,13569,8656,-0.549287630503247,Fake,Refugee bomber,misinformation,Refugee bomber,"The damage is done. Thousands of mystery men put into Britain's hotels, courtesy of the Border Force and RNLI taxi services. Some of these men will be plotting another Manchester Arena style attack, whilst lounging on their beds using the free wi-fi and Home Office smartphone.",277,46
20758,3BxazGq4qKkv,2019-07-22 19:17:46+00:00,zXd7ll,Row over firm's Facebook ads for Manchester Arena attack compensation claims https://t.co/fAm0xxFtSb,-0.476657605574574,0,0,0,1,0,662727,1439,362383,-0.42559874603329,True,,reliable,,Row over firm's Facebook ads for Manchester Arena attack compensation claims,76,11
64876,B3j6MOY39zXp,2017-05-23 17:26:50+00:00,vnGWYQ,"Salman Abedi, 22, Is Identified as Manchester Arena Bomber, via @nytimes British born, lived 3 mi from suicide site https://t.co/XSkltPzKej",-0.670478399654806,1,1,1,1,0,16764,2059,18318,-0.670478399654806,True,,reliable,,"Salman Abedi, 22, Is Identified as Manchester Arena Bomber, via British born, lived 3 mi from suicide site",106,18
30153,aB3A8davDAXY,2018-05-22 07:04:19+00:00,3rzQXmd,How the Manchester Arena bomb probe unfolded https://t.co/Ar4XPWyn97,-0.493914580573631,0,0,0,1,0,92,182,7064,-0.493914580573631,True,,reliable,,How the Manchester Arena bomb probe unfolded,44,7
46826,qa0LrWWxBZnK,2017-05-28 14:24:04+00:00,Kodv00,Police raid Moss Side home as they investigate Manchester Arena attack https://t.co/f9JHJdRHHN https://t.co/nvLJj04xnh,-0.476657605574574,21,17,3,1,1,2614134,1554,261453,-0.58322362883812,True,,reliable,,Police raid Moss Side home as they investigate Manchester Arena attack,70,11
58128,n7rpbrnL8kaZ,2017-05-24 07:20:45+00:00,LvoYjwx,Manchester bomb attack victims include a heroic aunt and missing teen https://t.co/BRNhaBt5s6,-0.7184212081071,0,0,0,1,0,21715,292,260663,-0.487626647944409,True,,reliable,,Manchester bomb attack victims include a heroic aunt and missing teen,69,11
80063,vlwYWEmLKAPZ,2017-05-23 08:20:51+00:00,9eDEAoD,Our hearts go out to all those affected by last night's attack at Manchester Arena. We will not be divided. #WeStandTogether,-0.571885032070072,8,15,0,0,0,4756,1013,5237,-0.571885032070072,True,,reliable,,Our hearts go out to all those affected by last night's attack at Manchester Arena. We will not be divided. WeStandTogether,123,21
29827,V89mmNjBGenq,2018-05-22 08:23:19+00:00,am90djO,"One year on, my thoughts about the #ManchesterArena attack haven’t changed. 

“Life can be fleeting and should not be taken for granted.”

https://t.co/mVFGZBU6FC",-0.273212885294474,0,3,0,1,0,10197,4863,63865,-0.308233376900912,True,,reliable,,"One year on, my thoughts about the ManchesterArena attack havent changed. Life can be fleeting and should not be taken for granted.",131,22
43563,e0K69db7QGW4,2017-06-07 09:25:28+00:00,KVvM8N,ALERT A man arrested at London Heathrow Airport in connection with Manchester Arena attack https://t.co/gO7xSM3jf2 via @airlivenet,-0.612372435695795,0,0,0,1,0,4971,3862,270466,-0.575203834403229,True,,reliable,,ALERT A man arrested at London Heathrow Airport in connection with Manchester Arena attack via,94,15
2354,0WJa3e9aBe1Dw,2022-11-05 06:48:27+00:00,rPEYvR9,"Who’s more demented, Flat Earthers or people who think terrorist attacks never happened? I was involved in the London Bridge attack in 2017 and actually had people like this confront me about the event being staged. https://t.co/g7eiM1Lepx",-0.877882262306863,0,1,0,1,0,5864,967,8665,-0.877882262306863,True,,reliable,,"Whos more demented, Flat Earthers or people who think terrorist attacks never happened? I was involved in the London Bridge attack in 2017 and actually had people like this confront me about the event being staged.",214,36
4163,vpvb7YalGEG1G,2022-05-22 19:14:03+00:00,re8o7KRRwLXQ,Think it was really nice that Manchester won the premier league on the day of the anniversary of the Manchester arena attack. Something positive on a day that otherwise would be really upsetting for Manchester,0.0515710623129396,0,1,0,0,0,72,449,2482,0.0515710623129396,True,,reliable,,Think it was really nice that Manchester won the premier league on the day of the anniversary of the Manchester arena attack. Something positive on a day that otherwise would be really upsetting for Manchester,209,35
30142,06Gn4VPAeoEB,2018-05-22 07:07:45+00:00,qlX7oWk,It’s been a year since the Manchester arena attack. Never forget the 22 souls who unfortunately didnt make it that day. To all my friends/mutuals that were there that night i love you and feel free to dm me if you need someone.,0.667722955812812,2,9,1,0,0,1243,1057,56969,0.667722955812812,True,,reliable,,Its been a year since the Manchester arena attack. Never forget the 22 souls who unfortunately didnt make it that day. To all my friends mutuals that were there that night i love you and feel free to dm me if you need someone.,226,44
87907,6Wvpe3v8vbDj,2017-05-23 00:24:16+00:00,VJR4V8qXEWAk,Manchester terror attack: Oldham hospital on lockdown after reports of gunman | UK | News | https://t.co/5R4u2Lorhj https://t.co/aXApgvZDP1,-0.757936728959867,0,0,0,1,0,2517,3599,55769,-0.642339133263622,Fake,Oldham hospital,misinformation,Oldham hospital,Manchester terror attack Oldham hospital on lockdown after reports of gunman UK News,84,13
8597,kRoeqKp9KwEe4,2021-08-05 21:46:04+00:00,9n91QEv,@Ricky_K67 It's truly petrifying. Just one migrant we rescued from Libya carried out the Manchester arena attack. I just can't believe what is happening.,-0.25,0,1,0,0,0,348,1138,3632,-0.25,Fake,Refugee bomber,misinformation,Refugee bomber,It's truly petrifying. Just one migrant we rescued from Libya carried out the Manchester arena attack. I just can't believe what is happening.,142,23
22323,xMNM0nMYK9PN,2019-05-22 09:30:02+00:00,aQBEwQ,"I was at Manchester Arena a month before the attack (not meant to sound all 'It CoUlD'vE bEeN mE' 🙄) but I've been back 3 times since and will be at Heaton Park in June. Nowhere quite compares to Manchester, especially for live music. What a city ❤️🐝 #OneLoveManchester",-0.476657605574574,0,0,0,0,0,540,535,29403,-0.0145181731843357,True,,reliable,,"I was at Manchester Arena a month before the attack not meant to sound all 'It CoUlD'vE bEeN mE' but I've been back 3 times since and will be at Heaton Park in June. Nowhere quite compares to Manchester, especially for live music. What a city OneLoveManchester",260,47
161,nOGoQxnpa4Y0M,2023-03-08 11:13:41+00:00,rbW63nM67p7Q,"are really terrorists, how many people have been killed in the UK in the last 23 years by people who have come here claiming to be refugee’s asylum seekers??? Every attack has been committed by refugee’s asylum seekers including the Manchester Arena Attack; the question is how",-0.93919447946617,0,0,1,0,0,51,41,48917,-0.811420428252922,Fake,Refugee bomber,misinformation,Refugee bomber,"are really terrorists, how many people have been killed in the UK in the last 23 years by people who have come here claiming to be refugees asylum seekers??? Every attack has been committed by refugees asylum seekers including the Manchester Arena Attack the question is how",274,47
6590,LAl93oXn41JGx,2021-12-06 23:28:01+00:00,vEkP6v,Devastated relatives of victims have taken it upon themselves to patrol the memorial and prevent further vandalism https://t.co/mfhGcWk0ap,-0.7184212081071,5,5,0,1,0,672474,849,448769,-0.519939862683912,True,,reliable,,Devastated relatives of victims have taken it upon themselves to patrol the memorial and prevent further vandalism,114,17
70877,dM4JPQ0wKV88,2017-05-23 12:55:17+00:00,8PA4e0,ISIS claims UK attack; 1 arrested https://t.co/L7IfLH8535 https://t.co/nkpDCAWhR3,-0.735147044114705,0,0,0,1,1,28840,47,160686,-0.735147044114705,True,,reliable,,ISIS claims UK attack 1 arrested,32,6
55903,3GbmaRo3YbpW,2017-05-24 13:00:12+00:00,V3xX0Zm,"Ariana Grande offers to pay for victims’ funerals after #Manchester Arena attack.
https://t.co/mfUdnvKte4 https://t.co/o1g3KwLiwq",-0.796389070934751,0,3,0,1,1,9191,367,21353,-0.796389070934751,True,,reliable,,Ariana Grande offers to pay for victims funerals after Manchester Arena attack.,79,12
52579,WPnLbdV0jXYw,2017-05-24 21:22:54+00:00,eGqXje3,"US intelligence Release Photos of Salman Abedi, bloodstained fragments… https://t.co/0luZ6CdOHR via https://t.co/wYzTr61dZM",0.476657605574574,0,0,0,1,0,2827,2737,314083,-0.448766125071181,True,,reliable,,"US intelligence Release Photos of Salman Abedi, bloodstained fragments via",74,10
22702,eYeXvYL8YARw,2019-05-22 05:21:17+00:00,pKrqVKX,"As the second anniversary of the Manchester Arena attack is marked, Capital's been speaking to Ellie Taylor and Molly Baigen who've become friends through the Manchester Survivors Choir #CapitalReports https://t.co/saaSogBTU8",0.381819167922678,1,2,0,1,1,4592,4742,29189,-0.458975543898027,True,,reliable,,"As the second anniversary of the Manchester Arena attack is marked, Capital's been speaking to Ellie Taylor and Molly Baigen who've become friends through the Manchester Survivors Choir CapitalReports",200,29
16421,Gp0MZNXqLWrje,2020-06-22 01:35:52+00:00,vlqWbBwjEddb,"Salman Ramadan Abedi was a ""refugee"" who carried out the suicide bomb attack at Manchester Arena on 22 May 2017  killing 22 and injuring many more mostly children.",-0.945088790832732,6,2,0,0,0,3811,4761,97608,-0.951215774858999,Fake,Refugee bomber,misinformation,Refugee bomber,"Salman Ramadan Abedi was a ""refugee"" who carried out the suicide bomb attack at Manchester Arena on 22 May 2017 killing 22 and injuring many more mostly children.",162,28
3727,D6nxmxzrnWown,2022-06-24 14:24:59+00:00,6WpL6D,"Congratulations to @FigenMurray has received an OBE for her campaigning work in the wake of the Manchester Arena attack. 

https://t.co/VkCj2xemc0",0.202288694969669,14,182,6,1,0,330629,11190,70740,-0.543685087979864,True,,reliable,,Congratulations to has received an OBE for her campaigning work in the wake of the Manchester Arena attack.,107,18
1967,WBZJoGV3EmERA,2022-12-09 15:43:48+00:00,YMnNRQblYv41K,@Femi_Sorry @Nigel_Farage What did the EU referendum have to do with the Manchester arena attack?,-0.476657605574574,0,1,0,0,0,1704,390,22946,-0.476657605574574,True,,reliable,,What did the EU referendum have to do with the Manchester arena attack?,71,13
13126,4zMG3LzG91nR4,2020-11-07 18:01:47+00:00,AvRdvPN,Fingerprints of Manchester Arena terrorist‘s refugee father found in bomb storage car. Imagine my shock. https://t.co/sICMu3Igj9 via @BreitbartNews,-0.888523316638638,5,8,0,1,0,10752,8610,22024,-0.888523316638638,Fake,Refugee bomber,misinformation,Refugee bomber,Fingerprints of Manchester Arena terrorists refugee father found in bomb storage car. Imagine my shock. via,107,16
78155,eD8mnnMPmArX,2017-05-23 09:11:21+00:00,rN9wMb,Manchester Arena Attack – Death toll has risen to 22 says UK police https://t.co/5IMNkcFrQg https://t.co/sG9mXzcL5P,-0.790569415042095,6,2,0,1,1,302866,8276,463696,-0.755139141700959,True,,reliable,,Manchester Arena Attack Death toll has risen to 22 says UK police,65,12
36192,YoPzarKjZekW,2017-12-19 18:59:39+00:00,KQokEKO,Families who lost a loved one in the Manchester Arena attack were treated to a special Christmas trip to Disneyland Paris #ILoveMCR https://t.co/iJ7jiTKM91,0.295958174200194,10,28,0,1,1,107070,3689,112234,-0.319662132718462,True,,reliable,,Families who lost a loved one in the Manchester Arena attack were treated to a special Christmas trip to Disneyland Paris ILoveMCR,130,22
59601,3GLanwdNBPm0,2017-05-24 01:40:00+00:00,mYPk7j,#Manchester Arena Suicide Bombing: Random Acts of Kindness Follow Attack https://t.co/ZVwopw8tJP,-0.68082252702501,0,0,0,1,0,11096,508,96611,-0.68082252702501,True,,reliable,,Manchester Arena Suicide Bombing Random Acts of Kindness Follow Attack,70,10
13836,0WeoGwR04zeaY,2020-10-26 15:32:44+00:00,4rxdDQL,"@KenFGalaxy @FenrirWolf26 @2tweetaboutit @MailOnline No, but one in ten might or 1 in 50 or maybe not you but could be responsible for something similar to the Manchester arena attack. Thats the issue most sensible folk have with undocumented migrants.",-0.202288694969669,0,2,1,0,0,2971,3003,101182,-0.514060911649238,Fake,Refugee bomber,misinformation,Refugee bomber,"No, but one in ten might or 1 in 50 or maybe not you but could be responsible for something similar to the Manchester arena attack. Thats the issue most sensible folk have with undocumented migrants.",199,36
21465,nP9xYQP41Eml,2019-05-25 11:27:22+00:00,v4PVY7,NEWS: Community in Holmes Chapel stage walk in memory of Manchester Arena terror attack victim Nell Jones &gt;&gt; https://t.co/T5VtM3aiP9,-0.659727946850383,0,0,0,1,0,4113,1388,44756,-0.413525076316927,True,,reliable,,NEWS Community in Holmes Chapel stage walk in memory of Manchester Arena terror attack victim Nell Jones gt gt,110,19
59830,ronbOAVRJkD8,2017-05-24 00:42:48+00:00,eDd11lbMVYGw,'Broken': Ariana Grande Responds After Arena Attack https://t.co/WEoYtyHOLx #news #usanews #nbcnews https://t.co/wNz8gmENDp,-0.735147044114705,0,0,0,1,1,103,375,10350,-0.36991864114209,True,,reliable,,'Broken' Ariana Grande Responds After Arena Attack news usanews nbcnews,71,10
18183,OOO49kKNeoKkk,2020-03-14 07:06:06+00:00,LDDPqLwDpo93,Manchester Arena attack: Jury 'must put emotion aside' https://t.co/QzpjdkaIk2,-0.476657605574574,0,0,0,1,0,807,0,82701,-0.54036099156415,True,,reliable,,Manchester Arena attack Jury 'must put emotion aside',53,8
30959,D7d0PRxpJKDE,2018-05-20 09:41:32+00:00,jXXVvJ,Preparing for a week full of (research) action: attending the commemoration events of the Manchester Arena Attack followed by a workshop at EUI in Florence where I present my paper on the commemoration events in Brussels last year.,-0.476657605574574,0,5,1,0,0,2507,1227,1982,-0.490873317606931,True,,reliable,,Preparing for a week full of research action attending the commemoration events of the Manchester Arena Attack followed by a workshop at EUI in Florence where I present my paper on the commemoration events in Brussels last year.,228,38
3323,PZmNG7VXV61op,2022-09-20 22:44:33+00:00,mE36L48,"@aditya_tyagi @RanbirS11414092 @KhaledBeydoun The Manchester Arena bomb was detonated by Salman Abedi, a Libyan Islamic extremist terrorist. His family helped him and one of his brothers is in prison for his crimes.
His other family fled Britain.
This is the truth, you're either wrong or lying yourself.",-0.963305429628446,0,1,0,0,0,441,223,9829,-0.881030435358801,Fake,Refugee bomber,misinformation,Refugee bomber,"The Manchester Arena bomb was detonated by Salman Abedi, a Libyan Islamic extremist terrorist. His family helped him and one of his brothers is in prison for his crimes. His other family fled Britain. This is the truth, you're either wrong or lying yourself.",258,44
19982,6zdRpe183lqD,2019-10-23 05:51:45+00:00,oRkrZzX,A public inquiry will be held into the Manchester Arena terror attack so that evidence from the security services and counter-terrorism police can be heard in camera. https://t.co/wEIWwSG3fO https://t.co/X1WtsRX2gy,-0.865760258296458,1,0,0,1,1,4832,682,8078,-0.851324415804195,True,,reliable,,A public inquiry will be held into the Manchester Arena terror attack so that evidence from the security services and counter-terrorism police can be heard in camera.,166,27
9002,NWYXOJEr0zx3B,2021-07-07 16:29:58+00:00,LDDPqLwDpo93,Manchester Arena Inquiry: Fire manager angry at bomb response. https://t.co/YnBe0Np1aH #Manchester #News,-0.835975867759116,0,0,0,1,0,807,0,82701,-0.54036099156415,True,,reliable,,Manchester Arena Inquiry Fire manager angry at bomb response. Manchester News,77,11
6854,B89brmPXmAWvz,2021-11-25 23:22:46+00:00,a49WQXb9mjWD,"@jeremycorbyn What about the lives lost at the Manchester Arena? Caused by the sons of 2 Libyans admitted here as asylum seekers, but who brought their sons up to hate and attack us. What about the people who might have died at the Liverpool hospital?",-0.906197782642367,2,10,0,0,0,6713,4667,26445,-0.368948338903957,Fake,Refugee bomber,misinformation,Refugee bomber,"What about the lives lost at the Manchester Arena? Caused by the sons of 2 Libyans admitted here as asylum seekers, but who brought their sons up to hate and attack us. What about the people who might have died at the Liverpool hospital?",237,44
1594,maxA03EDB8oAv,2023-02-18 23:37:42+00:00,vpEoddP9R04J1,@mjf_michael @Conservatives @SuellaBraverman @RishiSunak 22 children blown up and murdered by a bomb detonated by a migrant “rescued” from the channel. Manchester Arena.,-0.700349291735761,2,5,1,0,0,1608,1760,21559,-0.201189512727673,Fake,Refugee bomber,misinformation,Refugee bomber,22 children blown up and murdered by a bomb detonated by a migrant rescued from the channel. Manchester Arena.,110,19
58802,wZxpwGvv34nv,2017-05-24 04:59:16+00:00,Laer7a3,Manchester Arena attack: What is known about suspected suicide bomber Salman Abedi https://t.co/Zptp8No2Wj via @IndianExpress,-0.859064180591617,0,0,0,1,0,97,72,12169,-0.860766498424495,True,,reliable,,Manchester Arena attack What is known about suspected suicide bomber Salman Abedi via,85,13
13818,V3eK4GAGPdQk0,2020-10-27 14:09:45+00:00,leaPAlPPqa4pq,'Naive' guard missed last chance to stop Manchester bomber minutes before attack https://t.co/3xeiKZuooY,-0.7649686210234,0,0,0,1,0,147,59,94591,-0.568612597225112,True,,reliable,,'Naive' guard missed last chance to stop Manchester bomber minutes before attack,80,12
48911,rob1wePMYQDm,2017-05-26 08:01:20+00:00,D3GLdo,"How do you talk to your children about events like the Manchester Arena attack?

Let @dotdavies1 know. 
https://t.co/oqODyy6bPt https://t.co/YXQL4IEQi8",-0.153093108923949,2,1,0,1,1,81584,1343,90940,-0.595766378760809,True,,reliable,,How do you talk to your children about events like the Manchester Arena attack? Let know.,89,16
86772,9Z9dx0pmz1G8,2017-05-23 01:51:46+00:00,qXLExA,😔 RT @DailyMailUK: A Manchester hotel has taken in 50 children after explosion at Ariana Grande gig https://t.co/rhpDe1j8qm,0.0,0,1,0,1,0,2382,1297,422521,0.0,Fake,Children sheltered in hotels,misinformation,Children sheltered in hotels,RT A Manchester hotel has taken in 50 children after explosion at Ariana Grande gig,83,15
11329,B8N00wBNjxxon,2021-03-02 19:17:11+00:00,4zqNmo4,"Fire chief 'felt ashamed to be a firefighter' as sobbing paramedic asked crews why they were 'stood around' instead of helping Manchester Arena bomb victims a mile away, inquiry hears https://t.co/HZc4a1Kjvv",-0.880672176774278,1,2,0,1,0,4065,3074,13166,-0.586903625740462,True,,reliable,,"Fire chief 'felt ashamed to be a firefighter' as sobbing paramedic asked crews why they were 'stood around' instead of helping Manchester Arena bomb victims a mile away, inquiry hears",183,30
57772,a3AlDox8mv1D,2017-05-24 08:30:00+00:00,w8NoAqL789GQ,"If you've been affected by the Manchester treror attakc, you can share your experience with us https://t.co/W6hzV0pvfa",0.153093108923949,0,0,0,1,0,226,0,331441,-0.500805907531007,True,,reliable,,"If you've been affected by the Manchester treror attakc, you can share your experience with us",94,16
19419,oRzaja6nzWEPP,2020-01-08 06:50:43+00:00,AR8qrL,"Manchester City Council set to ask venues to comply with new anti-terror measures, after campaign by @FigenMurray for Martyn's Law. Martyn Hett was one of those who died in the Manchester Arena bombing. https://t.co/IJnBNPXCGP",-0.851896017079914,2,10,1,1,1,332050,1075,76752,-0.561227920005825,True,,reliable,,"Manchester City Council set to ask venues to comply with new anti-terror measures, after campaign by for Martyn's Law. Martyn Hett was one of those who died in the Manchester Arena bombing.",189,32
6288,XA1LdYlanXNDP,2022-01-06 14:14:41+00:00,YMok6lp,"This is my favourite photo of us - it’s six days after the Manchester Arena attack and was taken by a mate who was a very overworked Copper on his balcony. We took him out, drank and danced in gay bars in the best city on earth. Hate didn’t win. It never will.",0.295958174200194,0,10,0,0,0,9361,5502,46236,-0.136269652443621,True,,reliable,,"This is my favourite photo of us - its six days after the Manchester Arena attack and was taken by a mate who was a very overworked Copper on his balcony. We took him out, drank and danced in gay bars in the best city on earth. Hate didnt win. It never will.",258,53
14367,WBjAE38razolV,2020-09-29 00:39:06+00:00,d9Jl7mz,"@PatriotActive66 Not only did Britain give asylum to the Abedi family, we gave them £200,000 IN BENEFITS, some of which they used to buy the bomb parts.

All thanks to the loony PC multiculturalism agenda.

https://t.co/AC12hFOTW1",0.401923825269382,1,0,0,1,0,14280,13569,8656,-0.549287630503247,Fake,Refugee bomber,misinformation,Refugee bomber,"Not only did Britain give asylum to the Abedi family, we gave them 200,000 IN BENEFITS, some of which they used to buy the bomb parts. All thanks to the loony PC multiculturalism agenda.",186,34
2019,rP7oP8dQMqAR8,2022-11-26 22:17:47+00:00,4zrzavJdoLBP4,"@AndMedh So it shouldn't surprise you to know that the Head of Scotland yard police,MI6,Special branch etc all knew that the terrorist Salman Abedi seen on CCTV carrying his bomb was already on the watch list of terrorists.CCTV watched 24/7 by many trained police
https://t.co/JRvPDBDL4x",-0.868943065423215,0,0,0,1,0,918,1257,15419,-0.868943065423215,Fake,The police knew the attacker,misinformation,The police knew the attacker,"So it shouldn't surprise you to know that the Head of Scotland yard police,MI6,Special branch etc all knew that the terrorist Salman Abedi seen on CCTV carrying his bomb was already on the watch list of terrorists.CCTV watched 24 7 by many trained police",254,44
31890,V8xXkOJO9GY7,2018-05-09 13:36:21+00:00,wZ38B0qa7pJ1,Wow a month ago I was heading to Manchester to see the king when I got tickets the day before because I just saved the right amount of money. Also my first time back in the Manchester Arena after being at the attack 😅💕 https://t.co/IHy3jfoxeh,0.54232614454664,0,0,0,1,1,524,755,14883,-0.355940299856022,True,,reliable,,Wow a month ago I was heading to Manchester to see the king when I got tickets the day before because I just saved the right amount of money. Also my first time back in the Manchester Arena after being at the attack,215,43
49082,3GWmNKG84dKd,2017-05-26 05:05:52+00:00,wpj3DYr,"#Breaking Police search address in  St Helens, Merseyside, in connection with Manchester Arena attack",-0.476657605574574,0,2,0,0,0,18027,1541,47630,-0.691782962041772,True,,reliable,,"Breaking Police search address in St Helens, Merseyside, in connection with Manchester Arena attack",99,14
14281,bam7LD4Lv7ZYX,2020-09-30 20:59:58+00:00,wpkK3NrqdL0ev,MI5 ‘were alerted to Manchester Arena bomber Salman Abedi 18 TIMES before suicide attack’ https://t.co/0Id4xsB1HR,-0.822462893624465,0,0,0,1,0,2,0,56200,-0.779640911616998,True,,reliable,,MI5 were alerted to Manchester Arena bomber Salman Abedi 18 TIMES before suicideattack,86,13
42415,wQ6e0V4eYw9Y,2017-06-25 05:30:26+00:00,NxELN0j,Manchester Arena killer Salman Abedi used YouTube to build bomb | News | The Times &amp; The Sunday Times https://t.co/E0HQIR2PCd,-0.817623560871883,0,0,0,1,0,2899,4998,88114,-0.733090103878106,True,,reliable,,Manchester Arena killer Salman Abedi used YouTube to build bomb News The Times amp The Sunday Times,99,17
23959,6ZxprZjx3bvJ,2019-02-28 11:36:43+00:00,XAMDl1x,"#ArianaGrande will be headlining the LGBTQ festival #ManchesterPride two years after the attack at her Manchester Arena gig
https://t.co/o5rAVC0tZV",0.0258112866459834,0,7,0,1,0,2118823,911,690332,-0.398088187154766,True,,reliable,,ArianaGrande will be headlining the LGBTQ festival ManchesterPride two years after the attack at her Manchester Arena gig,121,18
68058,jO3P47oWOdD4,2017-05-23 14:56:25+00:00,jkqORD,This Woman Cared for 50 Children at a Hotel Following the Manchester Attack  https://t.co/cJqdwQguJo via @MarieClaire,-0.0772283284276542,0,0,0,1,0,1516,189,293839,-0.0772283284276542,Fake,Children sheltered in hotels,misinformation,Children sheltered in hotels,This Woman Cared for 50 Children at a Hotel Following the Manchester Attack via,79,14
49384,dMewAQzwbeWz,2017-05-25 21:06:12+00:00,KLLzj4,RED FLAG: Jez sparks fury by claiming Britain’s foreign policy is to blame for Manchester Arena terror attack:  https://t.co/29TqhWEJnO,-0.89335803114606,92,61,172,1,0,163817,5017,145574,-0.82916332608473,True,,reliable,,RED FLAG Jez sparks fury by claiming Britains foreign policy is to blame for Manchester Arena terror attack,107,18
3061,K3aVaN6pV0OXZ,2022-11-01 20:39:34+00:00,0WJvWam8vlYD6,"@GBNEWS So we should keep paying £600 per night per migrant for all 40,000 migrants?? Will he pay that bill? We are sick of the woke left, they are putting us at risk of the next Manchester arena attack or London Bridge attack..",-0.900070320740819,0,1,2,0,0,5,179,568,-0.900070320740819,Fake,Refugee bomber,misinformation,Refugee bomber,"So we should keep paying 600 per night per migrant for all 40,000 migrants?? Will he pay that bill? We are sick of the woke left, they are putting us at risk of the next Manchester arena attack or London Bridge attack..",219,42
8752,B8BVP9P6AJ8rn,2021-07-23 19:06:27+00:00,9Exj4x0bdvpp8,"#ManchesterArenabombing was staged event using crisis actors. 

Police 'did not share vital information after Manchester Arena attack' https://t.co/Jn7ANQTkFZ @MailOnline",-0.585881765446162,0,0,0,1,0,2,25,647,-0.691135418190457,Fake,Conspiracy,misinformation,Conspiracy,ManchesterArenabombing was staged event using crisis actors. Police 'did not share vital information after Manchester Arena attack',131,17
87887,ron76EbDPzXb,2017-05-23 00:25:06+00:00,jjbdWq,BREAKING: 'Gunman outside Oldham Royal hospital moments after Manchester concert blast' https://t.co/nQ1aJKeiI0 #uk,0.0,6,0,0,1,0,4856,310,538787,-0.619779645032556,Fake,Oldham hospital,misinformation,Oldham hospital,BREAKING 'Gunman outside Oldham Royal hospital moments after Manchester concert blast' uk,89,12
12706,1PXNWeojkVBWM,2020-12-04 14:53:32+00:00,ZxdbBle,@Alex_142177 @LarryQu11905944 @helicoptersqua1 @SkySportsNews I think those countries in my opinion he was right to ban at that time..the UK kept it's border open to Libya and the Manchester arena attack took place..now you could say that was an intelligence fuck up but either way Libya is a war zone and those people shouldn't be allwoed,-0.900070320740819,0,0,2,0,0,44,118,8470,-0.900070320740819,Fake,Refugee bomber,misinformation,Refugee bomber,I think those countries in my opinion he was right to ban at that time..the UK kept it's border open to Libya and the Manchester arena attack took place..now you could say that was an intelligence fuck up but either way Libya is a war zone and those people shouldn't be allwoed,277,52
61499,dM4xbvZdv86Y,2017-05-23 21:22:00+00:00,LmkMdwA,Manchester United fans plan tribute to victims of Manchester Arena terror attack at Europa League final https://t.co/l6e6ZMfWzI,-0.54232614454664,0,0,0,1,0,298,163,298201,-0.577565671921168,True,,reliable,,Manchester United fans plan tribute to victims of Manchester Arena terror attack at Europa League final,103,16
66277,XZdZ6Qvr3b8q,2017-05-23 16:16:26+00:00,a1jxj3Q,"Have you been affected by the suicide bomb attack at Manchester Arena? https://t.co/VnuhGYJAfy The Guardian World News 

Manchester is in …",-0.908121375135262,0,0,0,1,0,522,295,382021,-0.543344247777435,True,,reliable,,Have you been affected by the suicide bomb attack at Manchester Arena? The Guardian World News Manchester is in,111,19
35839,OEbLOlNDrAkL,2018-01-02 19:07:19+00:00,0LbWe3dVjx3v,Manchester Arena victim bumped into suicide bomber Salman Abedi seconds before attack: https://t.co/oHsNnJ7hkN,-0.865760258296458,0,0,0,1,0,104,0,163893,-0.468792809304755,True,,reliable,,Manchester Arena victim bumped into suicide bomber Salman Abedi seconds before attack,85,12
78510,wZ7JXELQROqP,2017-05-23 09:05:15+00:00,ZMjXDP,Donald Trump calls Manchester attackers 'evil losers' https://t.co/wbx0bmKwbo #tech https://t.co/d2HJXhIWPw,-0.909989136872722,0,0,0,1,1,108,6,27295,-0.529645145805655,True,,reliable,,Donald Trump calls Manchester attackers 'evil losers' tech,58,8
16410,wpO77nBBLJMqY,2020-06-22 16:28:41+00:00,YRXlLp,Reminder that the Manchester Arena bombing and the terrorist attack in Reading would not have happened if Hillary Clinton and Barack Obama had not ordered regime change in Libya which allowed warlords and Islamist extremists take over the country.,-0.831632035280786,1516,6031,183,0,0,1374914,919,85950,-0.438369708242787,True,,reliable,,Reminder that the Manchester Arena bombing and the terrorist attack in Reading would not have happened if Hillary Clinton and Barack Obama had not ordered regime change in Libya which allowed warlords and Islamist extremists take over the country.,247,39
27921,dO8MPQaAmppJ,2018-05-23 16:08:37+00:00,zRZ9XVd,The @WeLoveMCRfund has already raised millions for those most affected by the attack at Manchester Arena last year. All proceeds from #WeLoveMcrALLSTARS charity match this Sunday are going to the fund. Find out how you can get involved here: https://t.co/vbi8fr0CvU,-0.226347954672536,12,62,1,1,0,72275,853,4358,-0.100728999354781,True,,reliable,,The has already raised millions for those most affected by the attack at Manchester Arena last year. All proceeds from WeLoveMcrALLSTARS charity match this Sunday are going to the fund. Find out how you can get involved here,224,38
51708,dMLKkXdpkDqz,2017-05-25 04:33:29+00:00,noNqaYG,A minute's silence will be held across the country today in memory of those who lost their lives in the Manchester Arena terror attack.,-0.831632035280786,3,4,0,0,0,4722,1154,9923,-0.906508641950341,True,,reliable,,A minute's silence will be held across the country today in memory of those who lost their lives in the Manchester Arena terror attack.,135,24
21146,eQ7AqGKG3ZD3,2019-07-05 19:49:40+00:00,apmKlnD,Katie Hopkins is notorious for describing refugees as “cockroaches” and asking about a “final solution” after the Isis-inspired attack on the Manchester Arena in 2017. https://t.co/a4mZCVI4aL,-0.128036879932896,0,2,1,1,0,5239,143,27377,-0.554274853281266,Fake,Refugee bomber,misinformation,Refugee bomber,Katie Hopkins is notorious for describing refugees as cockroaches and asking about a final solution after the Isis-inspired attack on the Manchester Arena in 2017.,163,25
64721,vlwPAN0XaO7G,2017-05-23 17:35:42+00:00,8mlbYn,"British-born 'ISIS' bomber Salman Abedi, 22, was a Man United fan and son of Libyan refugees - https://t.co/nCrsjqMPse",0.624893326938946,0,1,0,1,0,26728,28261,40177,0.624893326938946,Fake,Refugee bomber,misinformation,Refugee bomber,"British-born 'ISIS' bomber Salman Abedi, 22, was a Man United fan and son of Libyan refugees -",94,17
74745,vlwNRKD3eYGG,2017-05-23 10:55:51+00:00,eZQAJw,CNNtertainer reports 'Terror at the arena': Shock over Manchester attack ripples through… https://t.co/7D4ddCoCTX,-0.844214852227165,0,0,0,1,0,7745,8444,101425,-0.740582397576796,True,,reliable,,CNNtertainer reports 'Terror at the arena' Shock over Manchester attack ripples through,87,12
69329,DX3JzBY4pEj1,2017-05-23 13:59:05+00:00,oAbRMLP,President Trump Condemns 'Horrible Morning of Death' in UK - New York Times: New York Times… https://t.co/CbfXHauRyc #World FollowforFollow https://t.co/fLHV12cMXW,-0.89335803114606,0,0,0,1,1,970,0,6513,-0.635662092922278,True,,reliable,,President Trump Condemns 'Horrible Morning of Death' in UK - New York Times New York Times World FollowforFollow,112,18
66164,3GLGnm86bVBl,2017-05-23 16:21:39+00:00,rDEdY1,Manchester police say they will not tolerate any hate incidents in the wake of yesterday's terror attack on Manchester Arena.,-0.880672176774278,39,91,12,0,0,2292968,343,240360,-0.774222145952242,True,,reliable,,Manchester police say they will not tolerate any hate incidents in the wake of yesterday's terror attack on Manchester Arena.,125,20
51298,vl3VMvWpa0vD,2017-05-25 07:46:35+00:00,vrxzPAZ,Manchester Arena attack: Is it about the time we wise up? https://t.co/b0wj3RVxv4,0.0,0,0,0,1,0,1398,1631,105127,-0.630375396483615,True,,reliable,,Manchester Arena attack Is it about the time we wise up?,56,11
3751,4zv8d6JABZr4L,2022-06-22 08:22:20+00:00,mRO1Zov,"THESE ARE THE TYPE OF ""ASYLUM  SEEKERS"" THAT ARE INVADING OUR SHORES...
TERRORISTS, RAPISTS, MURDERERS, ETC...
WHY ELSE WOULD THEY HIDE THEIR IDENTITIES BEFORE COMING ASHORE?
WAKE UP PEOPLE BEFORE IT'S TOO LATE...🔥🔥🔥🔥
https://t.co/kB1RdM7oCs",-0.950905187473232,1,0,0,1,0,1715,2196,120542,-0.950905187473232,Fake,Refugee bomber,misinformation,Refugee bomber,"THESE ARE THE TYPE OF ""ASYLUM SEEKERS"" THAT ARE INVADING OUR SHORES... TERRORISTS, RAPISTS, MURDERERS, ETC... WHY ELSE WOULD THEY HIDE THEIR IDENTITIES BEFORE COMING ASHORE? WAKE UP PEOPLE BEFORE IT'S TOO LATE...",212,33
18137,ewweZ0lRvOqmw,2020-03-16 13:17:08+00:00,aJ6P3O,"#Libya Trial of Hashem Abedi, brother of Manchester bomber, nearing end. Abedi sacked his legal team and refusing to appear in court. (Guardian) https://t.co/d181s7aiBS",-0.295958174200194,5,3,0,1,0,25385,672,36713,-0.281363230835925,True,,reliable,,"Libya Trial of Hashem Abedi, brother of Manchester bomber, nearing end. Abedi sacked his legal team and refusing to appear in court. Guardian",141,23
40214,nxpd6LB4kXkG,2017-08-21 18:46:37+00:00,9EWnPop,Man City to auction signed match shirts to commemorate Manchester Arena attack https://t.co/pyS1BJjW4j,-0.476657605574574,0,0,0,1,0,2643,3294,18992,-0.527143151736133,True,,reliable,,Man City to auction signed match shirts to commemorate Manchester Arena attack,78,12
15173,wpkdeXWvNBjv1,2020-09-03 22:40:32+00:00,1wpGveM,"@GaryLineker @RESCUE_UK ""Refugees have helped to keep our communities safe"" Try telling that to the victims of the Manchester arena attack! #RefugeesWelcome #StandWithRefugees https://t.co/rmVmxGbEbY",-0.318210996771242,0,1,0,1,1,1102,1108,57537,-0.534420655049838,Fake,Refugee bomber,misinformation,Refugee bomber,"""Refugees have helped to keep our communities safe"" Try telling that to the victims of the Manchester arena attack! RefugeesWelcome StandWithRefugees",149,21
33364,eNA93kOqwjpW,2018-03-27 14:00:40+00:00,DYpzkV1,'My diary of hope': #Paralysed #Manchester #Arena #bomb victim reveals joy and heartbreak of learning to walk again https://t.co/esdLEaJUtr,0.226347954672535,0,0,0,1,0,276,731,1879,-0.357427498768417,True,,reliable,,'My diary of hope' Paralysed Manchester Arena bomb victim reveals joy and heartbreak of learning to walk again,110,18
79199,oQkNJ6qPpjob,2017-05-23 08:49:36+00:00,XAb3VZj,"LIVE: Manchester suicide attack, death toll 22 https://t.co/9xB2hBupix via @News24
Not unlike the ANC in SA...",-0.909989136872722,0,0,0,1,0,8,0,65,-0.909989136872722,True,,reliable,,"LIVE Manchester suicide attack, death toll 22 via Not unlike the ANC in SA...",77,14
88853,9Z9m8Ajeav7E,2017-05-22 22:45:59+00:00,QVMXvV,I hope this isn't another terror attack - https://t.co/zOpTfOnnm0 #Manchesterexplosion,-0.557370401713154,0,0,1,1,0,7809,275,33361,-0.557370401713154,True,,reliable,,I hope this isn't another terror attack - Manchesterexplosion,61,9
68379,9Z9GpeEO7BqM,2017-05-23 14:39:58+00:00,B6qGoO,"I WOULD HAVE CHOSEN ""DUDU-HEADS"" https://t.co/NNaZdi4KFY",0.0,0,0,0,1,0,321,1578,33393,0.0,True,,reliable,,"I WOULD HAVE CHOSEN ""DUDU-HEADS""",32,5
77934,V9AxRWamD4q7,2017-05-23 09:17:37+00:00,9OmXq0R,Woman ushered abt 50 #children &amp; #teens from #Manchester Arena 2 safety in hotel; used #SocialMedia 2 reach #parents https://t.co/R4BrULqV1G,0.440433570760169,0,0,0,1,0,1822,445,147307,0.440433570760169,Fake,Children sheltered in hotels,misinformation,Children sheltered in hotels,Woman ushered abt 50 children amp teens from Manchester Arena 2 safety in hotel used SocialMedia 2 reach parents,112,19
11306,rPXa61ARQV4Dm,2021-03-03 09:53:54+00:00,4zKq7zp,Manchester Arena Inquiry. We are continuing to hear from firefighters who were on duty on the night of the attack. First up is Crew Manager Nicholas Mottram who was trained as a trauma technician but hadn't received any training in how to deal with a terrorist attack. https://t.co/E4l34mpV5H,-0.92870816414906,0,1,0,1,1,4016,753,2483,-0.499373391747795,True,,reliable,,Manchester Arena Inquiry. We are continuing to hear from firefighters who were on duty on the night of the attack. First up is Crew Manager Nicholas Mottram who was trained as a trauma technician but hadn't received any training in how to deal with a terrorist attack.,268,47
59674,V9AzX7VRPdJw,2017-05-24 01:22:46+00:00,QjXz1O,+https://t.co/7y5efwlmbc Singer's Fans Recall How Manchester Arena Attack Happened https://t.co/u5gY0taSIz #news https://t.co/1iG14vTnkX,-0.202288694969669,0,0,0,1,1,93712,52703,757194,-0.580052979412792,True,,reliable,,Singer's Fans Recall How Manchester Arena Attack Happened news,62,9
69680,3GLdWOWMKVwR,2017-05-23 13:43:17+00:00,bP9VdLl,#Soccer  #Soccer Theresa May reacts to the Manchester Arena attack https://t.co/cJ9CPb91p5 #SportsRoadhouse,-0.476657605574574,0,0,0,1,0,1309,70,1216598,-0.566213338148666,True,,reliable,,Soccer Soccer Theresa May reacts to the Manchester Arena attack SportsRoadhouse,79,11
19956,rxlVRZ6NrLe8,2019-10-25 21:36:33+00:00,G1PMOKmQrvGe,"@Swiftie4ev3r ....having a fill anxiety attack, I couldn’t hear plane over head without running for my life outside to see that it’s not crashing, after manchester arena (a place where i’d been to years ago)my mother had to full on drag me out of the house because I was too terrified....",-0.865760258296458,0,1,1,0,0,26548,21233,46993,-0.865760258296458,True,,reliable,,"....having a fill anxiety attack, I couldnt hear plane over head without running for my life outside to see that its not crashing, after manchester arena a place where id been to years ago my mother had to full on drag me out of the house because I was too terrified....",270,51
43498,WQ9kXNnkWNDX,2017-06-07 17:10:10+00:00,oppnjw,GMP say a 20 year old man has been arrested in Harpurhey in connection with the Manchester Arena terror attack. https://t.co/18l3rl2w0r,-0.862468816257373,6,2,0,1,1,30669,2998,56511,-0.486504230737039,True,,reliable,,GMP say a 20 year old man has been arrested in Harpurhey in connection with the Manchester Arena terror attack.,111,20
69544,WPJrBp1mNV8q,2017-05-23 13:49:19+00:00,NrMqj8,CNN: Manchester Arena attack: ISIS claims blast that killed 22 at Ariana Grande concert. https://t.co/JO0SwPiPSm #StayStrongManchester &lt;3,-0.822462893624465,0,0,0,1,0,678,2068,6218,-0.822462893624465,True,,reliable,,CNN Manchester Arena attack ISIS claims blast that killed 22 at Ariana Grande concert. StayStrongManchester lt 3,112,17
81679,6WvxO96zQDl3,2017-05-23 07:15:08+00:00,9eMK41v,Children among 22 dead in suicide attack during concert at Manchester Arena https://t.co/FesYC24RL1 #Colchester #Essex https://t.co/eRfVgee6Ww,-0.916941237710853,1,0,1,1,1,5914,2293,44561,-0.905068768082542,True,,reliable,,Children among 22 dead in suicide attack during concert at Manchester Arena Colchester Essex,92,14
27701,V8N037nVLaO8,2018-05-27 14:05:38+00:00,18XrrNl,Jen from The 22 Bees Project came by last week to draw a worker bee on our window to raise money for the Manchester Emergency Fund. They’ve raised over 8K for the victims &amp; families of last year’s Manchester Arena attack. Well done to everyone involved 💕🐝💕 https://t.co/E8VZzED7ce,-0.690774742992202,0,1,0,1,1,374,898,3583,-0.690774742992202,True,,reliable,,Jen from The 22 Bees Project came by last week to draw a worker bee on our window to raise money for the Manchester Emergency Fund. Theyve raised over 8K for the victims amp families of last years Manchester Arena attack. Well done to everyone involved,252,46
77708,n7DQepEZ4mX8,2017-05-23 09:25:22+00:00,w8NoAqL789GQ,"At least 22 dead, 05 injured, ni suicide bomb attack at Manchester Arena https://t.co/fQwRW1holo",-0.876683175087877,0,0,0,1,0,226,0,331441,-0.500805907531007,True,,reliable,,"At least 22 dead, 05 injured, ni suicide bomb attack at Manchester Arena",72,13
57716,eDp4Wdlnk0Mw,2017-05-24 08:41:29+00:00,qdKpKNN,Manchester bombing: the morning after https://t.co/loVCkVxLmx,0.0,1,0,0,1,0,511,1090,2044,0.0,True,,reliable,,Manchester bombing the morning after,36,5
36719,6axeJ8d7NBzG,2017-12-05 15:35:35+00:00,nxKolnp7p0Zk,Manchester Arena attack 'could have been stopped' - BBC News: https://t.co/To3kkaG2Yb via @YouTube,-0.612372435695795,0,0,0,1,0,3,16,1061,-0.612372435695795,True,,reliable,,Manchester Arena attack 'could have been stopped' - BBC News via,64,11
9545,V3jZAVZDAQVY7,2021-06-17 14:13:54+00:00,3NYb4kl,Manchester attack victim's mum: 'I want to send my grandkids to gigs knowing they'll come home' https://t.co/Yfwy9RVGpy,-0.599373159673106,0,2,0,1,0,135845,4155,286530,-0.426756094154488,True,,reliable,,Manchester attack victim's mum 'I want to send my grandkids to gigs knowing they'll come home',94,16
74105,B3jO0v7zKXxd,2017-05-23 11:14:56+00:00,kGDbRM,"Arrest made in connection with Manchester attack, 23-year-old detained
https://t.co/4BNy1rsgx3",-0.801995608018326,0,0,0,1,0,2758,935,13196,-0.801995608018326,True,,reliable,,"Arrest made in connection with Manchester attack, 23-year-old detained",70,9
78197,a3ZQ1mwKkleQ,2017-05-23 09:10:19+00:00,bm0pWw,Donald Trump calls Manchester attackers 'evil losers' https://t.co/NbZqEvbZfa #World #News #Web #Culture #Social #Watercooler #Business #T… https://t.co/fzdfhgtGom,-0.909989136872722,0,0,0,1,1,1605,2550,563179,-0.529645145805655,True,,reliable,,Donald Trump calls Manchester attackers 'evil losers' World News Web Culture Social Watercooler Business T,106,15
42908,d8pwGWJK4DQw,2017-06-13 15:20:09+00:00,B8p86ZN,39% of those who were at Manchester Arena and contacted us for support after the terror attack were children. https://t.co/CVbFpL6EO0,-0.585881765446162,6,6,0,1,1,24246,752,18645,-0.148258184617093,True,,reliable,,39 of those who were at Manchester Arena and contacted us for support after the terror attack were children.,108,19
87125,ronZoGLdllJb,2017-05-23 01:26:09+00:00,DbBKoQnkD3Dz,"Terror In U.K.: At Least 19 Dead: An explosion was reported at the Manchester Arena. For now, authorities are… https://t.co/IM16TngpdB https://t.co/8uW7HdHWGg",0.0879617410012959,0,0,0,1,1,1010,2723,31309,-0.716333933166425,True,,reliable,,"Terror In U.K. At Least 19 Dead An explosion was reported at the Manchester Arena. For now, authorities are",107,19
50819,ro0OqqJpP3LQ,2017-05-25 10:15:40+00:00,7D366e6,"a minute’s silence in remembrance of those who died in this week’s Manchester Arena attack
#manchesterattack 
https://t.co/6SYOPu4GgZ",-0.771737211101106,0,4,0,1,0,2040,1021,11367,-0.771737211101106,True,,reliable,,a minutes silence in remembrance of those who died in this weeks Manchester Arena attack manchesterattack,105,16
75395,0GA4lG6DGJzr,2017-05-23 10:33:24+00:00,leEok9q,Woman Cares For Over 50 Children At Local Hotel Following Ariana Grande Arena Attack  https://t.co/XFEnJKu0tq via @ELLEUK,0.0258112866459834,0,0,0,1,0,363,1177,4352,0.0258112866459834,Fake,Children sheltered in hotels,misinformation,Children sheltered in hotels,Woman Cares For Over 50 Children At Local Hotel Following Ariana Grande Arena Attack via,88,15
26813,LQz8Nk7k3Mpm,2018-08-04 06:29:48+00:00,1z8GdG,The first dog on the scene of the Manchester Arena terror attack has retired from service... Mojo worked through the night looking for secondary devices after the explosion #HeartNews https://t.co/yJuL49r4Nl,-0.757936728959867,0,2,0,1,1,10491,1405,49381,-0.516654482341318,True,,reliable,,The first dog on the scene of the Manchester Arena terror attack has retired from service... Mojo worked through the night looking for secondary devices after the explosion HeartNews,182,29
71393,DX3xG4G7883z,2017-05-23 12:38:43+00:00,Dj7dAA,"In Redbridge, Muslim leaders have contacted the Recorder to share their sorrow at the horrific incident https://t.co/ZFenufcYdK",-0.7649686210234,8,5,0,1,0,12738,715,31041,-0.7649686210234,True,,reliable,,"In Redbridge, Muslim leaders have contacted the Recorder to share their sorrow at the horrific incident",103,16
74367,Lzn6x7AdKL7G,2017-05-23 11:07:54+00:00,ZzXJ1n,@CBSThisMorning 23-year-old man has been arrested in connection w/#ManchesterBombing attack https://t.co/2yIn9bUI6Z … … https://t.co/mFxqowyzcS  @msnbc @CNN,-0.735147044114705,0,0,0,1,1,3802,2074,203877,-0.735147044114705,True,,reliable,,23-year-old man has been arrested in connection w ManchesterBombing attack,74,10
50805,6WQ7vXoOjNPD,2017-05-25 10:20:45+00:00,jOZnbk,Paul Pogba dedicates Europa League final victory to victims of the Manchester Arena… https://t.co/E7ICjqxS6K https://t.co/DbgdkmIBDC,-0.273212885294474,0,0,0,1,1,6491,686,194943,-0.273212885294474,True,,reliable,,Paul Pogba dedicates Europa League final victory to victims of the Manchester Arena,83,13
22770,WbKYlWmXW4ww,2019-05-21 14:16:35+00:00,alldj6O,"A search to find designers for the memorial for the 22 May 2017 Manchester Arena attack, see link for more details:
https://t.co/zbW1swEFqx",-0.476657605574574,1,0,0,1,0,3449,1717,3668,-0.476657605574574,True,,reliable,,"A search to find designers for the memorial for the 22 May 2017 Manchester Arena attack, see link for more details",114,21
28414,W0QpEW6oQLvx,2018-05-22 17:18:47+00:00,LR1WYYA,"Remembering those that lost their lives in the Manchester arena attack last year. Not a day goes by where I don't think about this horrific event. #WeAreManchester #We♡Manchester 🐝 

S/SGT Stephen https://t.co/NzJYmWATqZ",-0.868943065423215,2,13,1,1,1,3842,217,3233,-0.868943065423215,True,,reliable,,Remembering those that lost their lives in the Manchester arena attack last year. Not a day goes by where I don't think about this horrific event. WeAreManchester WeManchester S SGT Stephen,189,31
16103,V3Pn493aN8jRk,2020-07-30 21:23:57+00:00,wpOjr4GG6pq8a,"@rusty_code @freewileyMBE @SaltyDuchess @Femi_Sorry @Nigel_Farage Concerned doesn’t mean scared. The Manchester Arena bomber was an “asylum seeker” and so was the Reading terror attacker a few weeks ago. When the safety of our people is at risk, we should all be concerned about the situation.",-0.851896017079914,0,0,1,0,0,601,1493,2499,-0.851896017079914,Fake,Refugee bomber,misinformation,Refugee bomber,"Concerned doesnt mean scared. The Manchester Arena bomber was an asylum seeker and so was the Reading terror attacker a few weeks ago. When the safety of our people is at risk, we should all be concerned about the situation.",224,40
56693,eDpv7edGbw1Y,2017-05-24 11:21:24+00:00,xANlX4,Salman Ramadan Abedi named by police as Manchester Arena attacker. Was known to security services.  https://t.co/q8eYpYZ8wC,-0.318210996771242,0,0,0,1,0,1463,2653,17328,-0.318210996771242,Fake,The police knew the attacker,misinformation,The police knew the attacker,Salman Ramadan Abedi named by police as Manchester Arena attacker. Was known to security services.,98,15
67520,dM4VVlD011Z9,2017-05-23 15:22:09+00:00,On7aLp,#Manchester #attack changes the #conversation for #Trump #trip  https://t.co/rh3ux41G76 #DonaldTrump #ArianaGrande #concert #ISIS #UK,0.0,0,1,0,1,0,1315,3241,8754,0.0,True,,reliable,,Manchester attack changes the conversation for Trump trip DonaldTrump ArianaGrande concert ISIS UK,98,13
65726,3GLzX3o9XQv0,2017-05-23 16:37:58+00:00,JvPqb0,UK police confirm 22-year-old Manchester attacker's identity after US officials passed it to news reporters https://t.co/5wLZ3BL82l,-0.571885032070072,0,0,0,1,0,1193,1770,11042,-0.571885032070072,True,,reliable,,UK police confirm 22-year-old Manchester attacker's identity after US officials passed it to news reporters,107,15
3606,YMQwE8ELVDmZ7,2022-07-27 23:28:42+00:00,M3dJZJ6,The Manchester Arena Attack: “Blood on Their Hands” https://t.co/JVExMJa2mz,0.0258112866459834,0,0,0,1,0,275,226,57344,0.0258112866459834,True,,reliable,,The Manchester Arena Attack Blood on TheirHands,47,7
24679,r00OeeLkoDqQ,2019-01-15 20:05:34+00:00,YokQAAVkeLrW,"1 ticket to Massive Attack at Manchester Arena - Manchester, 29 Jan, less fv £29.99. Always face value or less: https://t.co/HHub1ZJIiw",-0.177857560463629,0,0,0,1,0,21300,8,713070,-0.216538042286251,True,,reliable,,"1 ticket to Massive Attack at Manchester Arena - Manchester, 29 Jan, less fv 29.99. Always face value or less",109,20
69724,DX3138qG4NQo,2017-05-23 13:41:30+00:00,rvxvpd1,My heart and soul goes to the families who lost their love ones at the Manchester arena terrorist attack #prayformanchester 🇬🇧 #Manchester,-0.709560194985489,2,1,0,0,0,123,1146,1431,-0.709560194985489,True,,reliable,,My heart and soul goes to the families who lost their love ones at the Manchester arena terrorist attack prayformanchester Manchester,133,21
19521,V306JzodnAr87,2019-12-15 23:56:01+00:00,OkqMj3G,"(Metro):#Ten years of terror and tragedy: A look at the events that defined a decade : Dozens of lives were lost in the Manchester Arena bombing, the Grenfell Tower blaze and a series of violent attacks across the capital. .. https://t.co/Yj7Pe3cp7j https://t.co/DHWbbo8i7i",-0.952401677253622,0,0,0,1,1,1226,165,1823608,-0.594004487289578,True,,reliable,,"Metro Ten years of terror and tragedy A look at the events that defined a decade Dozens of lives were lost in the Manchester Arena bombing, the Grenfell Tower blaze and a series of violent attacks across the capital. ..",219,40
26920,AMJA9LZEVvOL,2018-07-31 11:29:26+00:00,K36BaXO,"Salman Abedi's evacuation from Libya is predictably being twisted to attack the rescue of refugees in the Mediterranean - that is not what it was

He was travelling under his own name with assistance from the Border Force in an organised operation 

https://t.co/Wghmv4LNdk",0.0515710623129396,17,25,7,1,0,22106,1776,28046,-0.563649295061721,Fake,Refugee bomber,misinformation,Refugee bomber,Salman Abedi's evacuation from Libya is predictably being twisted to attack the rescue of refugees in the Mediterranean - that is not what it was He was travelling under his own name with assistance from the Border Force in an organised operation,246,42
41811,v714bRmnzw06,2017-07-06 22:20:16+00:00,pXAMKq,Manchester Arena to reopen four months after horrific terror attack which killed 22 people https://t.co/bBR9AM4E4g,-0.946849079213761,0,0,0,1,0,5427,1667,390384,-0.62734530745265,True,,reliable,,Manchester Arena to reopen four months after horrific terror attack which killed 22 people,90,14
49590,n7rPO7KxKdZk,2017-05-25 17:56:06+00:00,8zRDze0,Police officer among victims of Manchester Arena bomb attack https://t.co/X6ZmWxhTOX,-0.812604508328942,0,0,0,1,0,161,87,76576,-0.812604508328942,True,,reliable,,Police officer among victims of Manchester Arena bomb attack,60,9
16239,0WqrMk60aLOJo,2020-07-16 17:52:16+00:00,r9OGBr6ZrbP8,"@YDWTKTRUE @talkRADIO @danwootton No she wasnt. She knew exactly what she was joining. She certainly isnt a child now nor when the war was over  and She has stated she has no regrets about joining ISIS. Shes an islamic supremacist and didnt bat an eye seeing heads of ""kafar"" in bins or the manchester arena bomb",0.0118763112820868,0,1,0,0,0,1772,2061,52296,0.0118763112820868,True,,reliable,,"No she wasnt. She knew exactly what she was joining. She certainly isnt a child now nor when the war was over and She has stated she has no regrets about joining ISIS. Shes an islamic supremacist and didnt bat an eye seeing heads of ""kafar"" in bins or the manchester arena bomb",277,53
22432,3aeWqPQ7QGn0,2019-05-22 08:35:37+00:00,weXrxP,"Today marks the second anniversary of the 2017 Manchester Arena attack where sadly, 22 innocent people lost their lives.

Our thoughts are with the families and friends of those injured and affected.

#WeStandTogether 🐝 https://t.co/4J75VR3dvp",-0.709560194985489,27,99,4,1,1,220195,481,23699,-0.709560194985489,True,,reliable,,"Today marks the second anniversary of the 2017 Manchester Arena attack where sadly, 22 innocent people lost their lives. Our thoughts are with the families and friends of those injured and affected. WeStandTogether",214,33
37259,0zO9bkal1O6O,2017-11-26 23:52:12+00:00,vLzJBaa6a8r1,"Manchester Arena attack: PM vows to cover costs: Theresa May says ""Manchester will… https://t.co/a9ScyayP0k #news",-0.476657605574574,0,0,0,1,0,795,558,305000,-0.498226296331619,True,,reliable,,"Manchester Arena attack PM vows to cover costs Theresa May says ""Manchester will news",85,14
10,rPGE1ODYOQQYb,2023-03-21 15:31:37+00:00,D6e1YN0PNndEA,@MinooOsborne @Tweet_Dec He made it to 82..an age many 1000s won't because of killers being imported .. YOU are part of the blame for children being blown up.. https://t.co/grEjRlA3Ip,-0.771737211101106,0,0,0,1,0,189,228,6036,-0.386414073579224,Fake,Refugee bomber,misinformation,Refugee bomber,He made it to 82..an age many 1000s won't because of killers being imported .. YOU are part of the blame for children being blown up..,134,26
79358,0GA9oL1qb9Qd,2017-05-23 08:44:15+00:00,qV6xbX,No unaccompanied children at Holiday Inn Express https://t.co/w20U33kNte #ManchersterArena,0.401923825269382,3,2,0,1,0,6639,1368,18649,-0.443046141887201,Fake,Children sheltered in hotels,misinformation,Children sheltered in hotels,No unaccompanied children at Holiday Inn Express ManchersterArena,65,8
48895,wZavGXeWb831,2017-05-26 08:12:47+00:00,0N3nV1v,"Manchester city star Yaya Toure and his agent Dimitri Seluk have agreed to donate £50,000 each to those affected... https://t.co/AZTeLtXhzR",0.128036879932896,0,0,0,1,0,253,575,27893,0.128036879932896,True,,reliable,,"Manchester city star Yaya Toure and his agent Dimitri Seluk have agreed to donate 50,000 each to those affected...",114,19
28948,D7PVeXL4JoRv,2018-05-22 13:13:44+00:00,e3kMLnY,"@sptacademy Well done stockport academy, the respect and thought you have shown for the Manchester arena attack is amazing, you should be very proud of yourselves xx",0.840168050416806,2,5,0,0,0,2,142,8,0.840168050416806,True,,reliable,,"Well done stockport academy, the respect and thought you have shown for the Manchester arena attack is amazing, you should be very proud of yourselves xx",153,26
11880,OOLGwMW6Z3oBk,2021-01-24 21:55:09+00:00,lx4loDa,@RufusHound Are you serious you clown. T May behind the Manchester Arena attack? I have no time for Mrs May but only a demented fruitloop would come out with drivel like this. Hope she sues you!,0.25,0,1,0,0,0,1294,1384,191696,0.25,True,,reliable,,Are you serious you clown. T May behind the Manchester Arena attack? I have no time for Mrs May but only a demented fruitloop would come out with drivel like this. Hope she sues you!,182,35
6371,OOXRZAWAYA7ML,2022-01-05 09:47:57+00:00,kREXOXQjNxdDR,Memorial to victims of Manchester Arena attack opens to the public https://t.co/EhG0vcNuoK,-0.636949942926426,0,0,0,1,0,154,67,140401,-0.636949942926426,True,,reliable,,Memorial to victims of Manchester Arena attack opens to thepublic,65,10
47786,a34jvLXMDvoY,2017-05-27 07:24:32+00:00,3QAObv,Ppl on Facebook trying to make awful easy jokes about the Manchester arena attack are weak af. Grow up.,-0.599373159673106,0,2,0,0,0,4947,475,21649,-0.599373159673106,True,,reliable,,Ppl on Facebook trying to make awful easy jokes about the Manchester arena attack are weak af. Grow up.,103,19
40084,9QA9olxreMQA,2017-08-25 18:31:17+00:00,3kAOPLM,#manchester #news A teenage boy whose best friend died in Manchester Arena attack will walk her mum down the ai... https://t.co/O8su5K3otK,0.177857560463629,0,0,0,1,0,23,29,6412,-0.350975281115384,True,,reliable,,manchester news A teenage boy whose best friend died in Manchester Arena attack will walk her mum down the ai...,112,20
27619,W0JZAzLl9J3v,2018-06-02 06:04:11+00:00,pLxYWVaajpKv,"@RTUKnews How many victims in Rotherham, how many victims in Telford, how many victims Newcastle, how many victims in Manchester arena, how many victims in London Bridge attack,   How many victims in Westminster attack, how many victims in 7/11 attack,
Yet, not all muslems are bad",-0.973540281062461,0,1,0,0,0,6,142,165,-0.973540281062461,True,,reliable,,"How many victims in Rotherham, how many victims in Telford, how many victims Newcastle, how many victims in Manchester arena, how many victims in London Bridge attack, How many victims in Westminster attack, how many victims in 7 11 attack, Yet, not all muslems are bad",269,46
38809,OG8LkoRaoKbM,2017-09-17 08:33:30+00:00,Jo78Ql,"Jeremy Corbyn ""tried to hijack"" vigil for Manchester Arena terror attack. 
https://t.co/fHXZhJU8Sr #Marr https://t.co/pWL8BVyYQR",-0.757936728959867,16,12,0,1,1,7794,31,223982,-0.617297167267221,True,,reliable,,"Jeremy Corbyn ""tried to hijack"" vigil for Manchester Arena terror attack. Marr",78,12
84724,xrQmpMeBXdvL,2017-05-23 05:01:17+00:00,XLnRVek,I hope those that planted the bomb at Manchester Arena rot in hell.  Pure evil.,-0.883373371622447,0,1,0,0,0,1923,2100,63679,-0.883373371622447,True,,reliable,,I hope those that planted the bomb at Manchester Arena rot in hell. Pure evil.,78,15
84425,vlwm9oOLRnP1,2017-05-23 05:23:35+00:00,0xB9jYr,Parents search for kids after Ariana Grande gig attack https://t.co/yFjPrTSNmp,-0.476657605574574,0,0,0,1,0,1749,2482,64766,-0.643054796475889,True,,reliable,,Parents search for kids after Ariana Grande gig attack,54,9
47648,6WZJwnDAwQ9w,2017-05-27 11:06:57+00:00,8jp3LvQ,Muslims march to Manchester Arena to pay tribute to victims of attack: The walk was organised by the community… https://t.co/0NkDcIljgK https://t.co/tnbubkl1c5,-0.68082252702501,0,0,0,1,1,749,2,16035,-0.68082252702501,True,,reliable,,Muslims march to Manchester Arena to pay tribute to victims of attack The walk was organised by the community,109,19
82869,wZ7MAbJvokRQ,2017-05-23 06:36:30+00:00,d683j8,"In 2016, Grande was named by Time as one of the 100 most influential people in the world on the annual Time 100 list
https://t.co/ot8CybjXlP",0.440433570760169,6,11,2,1,0,4744170,395,1024274,-0.348600439244577,True,,reliable,,"In 2016, Grande was named by Time as one of the 100 most influential people in the world on the annual Time 100 list",116,24
18951,d66PDkYqKV4w8,2020-02-06 00:14:44+00:00,3njaVMJjYLlZ,"Manchester attacker's brother tried to buy bomb ingredient, court told https://t.co/YnhCbiGYiG",-0.784527379658275,0,0,0,1,0,459,5000,110371,-0.639220980115953,True,,reliable,,"Manchester attacker's brother tried to buy bomb ingredient, court told",70,10
16133,WB9mEa3EZmpvx,2020-07-24 11:21:26+00:00,DXALw73DbBl1,"Manchester Arena attack: Families oppose screen for MI5 witness
https://t.co/TLjmRhZtmc
 #UK #news",-0.476657605574574,0,0,0,1,0,2617,4959,116640,-0.436554671899716,True,,reliable,,Manchester Arena attack Families oppose screen for MI5 witness UK news,70,11
80934,DX3W43K7OX67,2017-05-23 07:44:52+00:00,GN3N8P,"""It was absolute carnage. When I got up I saw bodies lying on the ground."" https://t.co/q6914XqDuC",-0.526741537567377,4,9,2,1,0,533640,1121,467591,-0.37271506114442,True,,reliable,,"""It was absolute carnage. When I got up I saw bodies lying on the ground.""",74,15
25462,3Lb1MllLEkdZ,2018-11-01 20:53:00+00:00,Z3YrZ6,The star was SO brave 💞 #ArianaGrandeAtTheBBC orchestra  https://t.co/1QDAv3eLEW,0.526741537567377,2,13,1,1,0,527243,61882,661327,-0.0495776599908135,True,,reliable,,The star was SO brave ArianaGrandeAtTheBBC orchestra,52,7
9073,GpNMZjlLaNmxR,2021-07-02 08:10:04+00:00,8zzApkP,"Man jailed for bomb hoax day after Manchester Arena bombing report
https://t.co/lSX2kFx1ZB #BroughtToJustice",-0.817623560871883,0,0,0,1,0,2484,1006,10100,-0.834730062388994,True,,reliable,,Man jailed for bomb hoax day after Manchester Arena bombing report BroughtToJustice,83,12
3702,nO8vPPzLwr4al,2022-06-26 06:43:00+00:00,vpEoddP9R04J1,"@PippaCrerar Labour supports Channel migrants, like the one who detonated a bomb and blew 22 children to pieces. At the Manchester Arena. Their blood on labours hands.",0.636949942926426,0,0,0,0,0,1608,1760,21559,-0.201189512727673,Fake,Refugee bomber,misinformation,Refugee bomber,"Labour supports Channel migrants, like the one who detonated a bomb and blew 22 children to pieces. At the Manchester Arena. Their blood on labours hands.",154,26
11525,WBpaWJ77XoXwj,2021-02-21 14:07:52+00:00,YmDOpl,Congratulations to @FigenMurray for her campaign victory as Government announces it will legislate on Martyn's Law (named after her son killed in the Manchester Arena bombing) for venues to have preparations for terrorism attacks #SundayExpress https://t.co/pPzUSuZ143,-0.851896017079914,1,3,0,1,0,8503,5311,27579,-0.851896017079914,True,,reliable,,Congratulations to for her campaign victory as Government announces it will legislate on Martyn's Law named after her son killed in the Manchester Arena bombing for venues to have preparations for terrorism attacks SundayExpress,228,34
8347,V3kojPbkMKJqw,2021-08-16 18:53:26+00:00,GpAeKRLYxLbPP,"@AscendedView Syria was a far less Islamist and far more modern country than Afghanistan - and yet when the West took in their refugees we got Manchester Arena attack, cologne etc. It will be a disaster",-0.801995608018326,0,4,1,0,0,316,626,5851,-0.801995608018326,Fake,Refugee bomber,misinformation,Refugee bomber,"Syria was a far less Islamist and far more modern country than Afghanistan - and yet when the West took in their refugees we got Manchester Arena attack, cologne etc. It will be a disaster",188,35
86585,GkMvBEvbLq04,2017-05-23 02:06:41+00:00,WZGbVX,BREAKING: @CCIanHopkins confirms 19 dead 50 injured at Manchester Arena. They are treating explosion as terror,-0.885989313829565,0,0,0,0,0,1736,4966,63967,-0.700534733643411,True,,reliable,,BREAKING confirms 19 dead 50 injured at Manchester Arena. They are treating explosion as terror,95,15
64873,YrLaqPkRNDDG,2017-05-23 17:26:56+00:00,wZmdQeG4jZn4,Manchester arena attack. Suicide bomber killed 22 people #ManchersterArena,-0.920131212221786,0,1,0,0,0,1,23,40,-0.920131212221786,True,,reliable,,Manchester arena attack. Suicide bomber killed 22 people ManchersterArena,73,9
3436,M3mEQaQVkGewN,2022-08-21 12:05:51+00:00,azaeYWDDep7D,We stand in solidarity with survivors &amp; remember those lost to acts of terror this @UN International Day of Remembrance of and Tribute to the #VictimsofTerrorism ❤ Find out how #Manchester Arena survivors are creating change for the better https://t.co/FTDI5uv1wT https://t.co/TeTtp5st7N,0.68082252702501,5,7,1,1,0,5142,526,5005,0.0666321219263754,True,,reliable,,We stand in solidarity with survivors amp remember those lost to acts of terror this International Day of Remembrance of and Tribute to the VictimsofTerrorism Find out how Manchester Arena survivors are creating change for the better,233,37
42456,WQmzAxpw49Vx,2017-06-24 12:35:52+00:00,pkMXp9b,Manchester Arena killer Salman Abedi 'watched bomb-making videos on YouTube' https://t.co/0TdglHmEVg ^EveningStandard https://t.co/jUdRbo4lX3,-0.817623560871883,0,0,0,1,1,5002,2300,2685235,-0.555032036305158,True,,reliable,,Manchester Arena killer Salman Abedi 'watched bomb-making videos on YouTube' EveningStandard,92,11
59546,a3ZLLNvm3kWY,2017-05-24 01:50:46+00:00,8WRm99,Manchester Arena attack: 22 dead and 59 hurt – BBC News https://t.co/s4RhnDZIEe https://t.co/RuqHQwByOH,-0.895664663740519,0,0,0,1,1,7841,8569,110604,-0.710623467616901,True,,reliable,,Manchester Arena attack 22 dead and 59 hurt BBCNews,51,9
52477,lblAGaQ1JVK0,2017-05-24 21:46:13+00:00,oaPD4K4,Chelsea call off Premier League victory parade after Manchester Arena attack - The Guardian https://t.co/2sfMrrCR25 #chelsea #facup https://t.co/NQBJCT3q5j,-0.476657605574574,0,0,0,1,1,286,25,29504,-0.220240602443149,True,,reliable,,Chelsea call off Premier League victory parade after Manchester Arena attack - The Guardian chelsea facup,105,16
27429,vZOWPoJZ0Yob,2018-06-10 11:50:28+00:00,nYkMB68,"@JamesGunn @craighallam84 @David_Leavitt Pretty sure this is the same guy that made a joke about the Manchester Arena bomb attack too. He is clueless, lacks empathy and is a despicable human being.",-0.526741537567377,0,1,0,0,0,787,838,2561,-0.526741537567377,True,,reliable,,"Pretty sure this is the same guy that made a joke about the Manchester Arena bomb attack too. He is clueless, lacks empathy and is a despicable human being.",156,29
60346,dM4LWNrqmYww,2017-05-23 23:19:48+00:00,VJmRRZDzPk3q,Heroic woman cared for over 50 children at a hotel after Manchester Arena attack https://t.co/FTpLyTfvOx,0.510607056638285,0,0,0,1,0,872,2628,52433,0.510607056638285,Fake,Children sheltered in hotels,misinformation,Children sheltered in hotels,Heroic woman cared for over 50 children at a hotel after Manchester Arena attack,80,14
66791,WPJP1qM4ZwAQ,2017-05-23 15:53:01+00:00,mOq09dj,Keep sharing my prayer warriors! ❤️ https://t.co/7WWRVMwB2y,0.421463615211762,0,0,0,1,0,72,137,3618,0.421463615211762,True,,reliable,,Keep sharing my prayer warriors!,32,5
81841,DX343VbJ4oe7,2017-05-23 07:09:34+00:00,MwbwLb0,"Horrified n saddened by the attack n loss of innocent lives at the Manchester Arena..prayers for the dead, the injured n grieving families.",-0.964759404727593,0,0,0,0,0,44,81,4863,-0.964759404727593,True,,reliable,,"Horrified n saddened by the attack n loss of innocent lives at the Manchester Arena..prayers for the dead, the injured n grieving families.",139,23
9990,rPwZ4mnwzO7X9,2021-05-23 13:41:55+00:00,aGLkeZN1n14k,Never Forget The Manchester Arena Terror Attack 4yrs On Yesterday 🐝🐝🐝🐝🐝🐝🐝🐝🐝🐝🐝🐝🐝🐝🐝🐝🐝🐝🐝🐝🐝🐝 https://t.co/Xy1B2h5DBQ,-0.703521104577998,0,4,0,1,1,225,1074,2869,-0.703521104577998,True,,reliable,,Never Forget The Manchester Arena Terror Attack 4yrs On Yesterday,65,10
12485,rPDD81MQBE7OO,2020-12-07 20:33:13+00:00,pkMXp9b,"CHANNEL 4 News: ""Brother of Manchester Arena bomber admits role in planning attack, inquiry told""https://t.co/ZCpqB4GR66",-0.226347954672536,0,0,0,1,0,5002,2300,2685235,-0.555032036305158,True,,reliable,,"CHANNEL 4 News ""Brother of Manchester Arena bomber admits role in planning attack, inquiry told""",96,15
85122,jO3KWpl8JrJL,2017-05-23 04:23:26+00:00,ZrpqaDB,My thoughts &amp; prayers are with the victims &amp; their families of the Manchester Arena attack.,-0.636949942926426,0,0,0,0,0,1247,777,2337,-0.636949942926426,True,,reliable,,My thoughts amp prayers are with the victims amp their families of the Manchester Arena attack.,95,16
63523,3GL7vYD9GvP0,2017-05-23 18:42:31+00:00,6px6lW3,Manchester Bombing Inspires Incredible Acts Of Generosity And Heroism https://t.co/dYJ7wa5ELT,0.889565160813502,1,1,0,1,0,4393,395,273160,-0.370261722554023,True,,reliable,,Manchester Bombing Inspires Incredible Acts Of Generosity And Heroism,69,9
35030,nW13MDmx1pPz,2018-01-25 07:40:00+00:00,NW9DPOz,"A plane has been named in memory of a Barra teenager killed in last year’s Manchester Arena terrorist attack.

https://t.co/b2VjpAYkLB",-0.923147976982903,0,0,0,1,0,903,820,4264,-0.923147976982903,True,,reliable,,A plane has been named in memory of a Barra teenager killed in last years Manchester Arena terrorist attack.,108,19
76012,0GA4rW8paZlo,2017-05-23 10:14:46+00:00,xkxK38N,Cotswold MP Geoffrey Clifton-Brown reacts to terror attack at Manchester Arena https://t.co/aEPtXXst32 #Gloucestershire https://t.co/LS8ibPbyef,-0.757936728959867,0,0,0,1,1,3850,909,79624,-0.640038836085806,True,,reliable,,Cotswold MP Geoffrey Clifton-Brown reacts to terror attack at Manchester Arena Gloucestershire,94,12
37975,rq4oMrGQNq4p,2017-11-13 15:17:33+00:00,1PWr8bN,@socofeduk @NewsAssociates @1dudders @amolrajanBBC 'Are we doing the terrorists' job for them?' panel discuss the reporting of terror after outstanding speech on Manchester Arena attack by MEN Editor @RobIrvine99 #SoEConf2017 https://t.co/Gz06KHRIji,-0.801995608018326,0,0,0,1,1,593,743,8308,-0.801995608018326,True,,reliable,,'Are we doing the terrorists' job for them?' panel discuss the reporting of terror after outstanding speech on Manchester Arena attack by MEN Editor SoEConf2017,160,25
3810,B87E6DRb4KDrn,2022-06-17 09:34:55+00:00,vpEoddP9R04J1,@YorksRose_84 @MarkWDG 22 children blown up by a migrants bomb in Manchester arena.,-0.493914580573631,3,4,0,0,0,1608,1760,21559,-0.201189512727673,Fake,Refugee bomber,misinformation,Refugee bomber,22 children blown up by a migrants bomb in Manchester arena.,60,11
42731,jxoZ9Zk4KDZK,2017-06-17 12:54:11+00:00,XmWPox,Huge thanks to everyone who bought my Smiths poster to support the families affected in the Manchester Arena attack. https://t.co/PTAYyMJs5b https://t.co/NhHIPIcy6l,0.493914580573631,0,3,0,1,1,4122,1746,32568,0.493914580573631,True,,reliable,,Huge thanks to everyone who bought my Smiths poster to support the families affected in the Manchester Arena attack.,116,19
48807,wZa6jMQQPKEa,2017-05-26 09:21:59+00:00,aKPEaYR,"Manchester Arena attack: #PriyankaChopra joins other celebs to talk of love, prayers after blast at Ariana Grande concert
#entertainment https://t.co/aCSMAWpBF2",0.510607056638284,0,0,0,1,1,357,311,186878,-0.681807303077965,True,,reliable,,"Manchester Arena attack PriyankaChopra joins other celebs to talk of love, prayers after blast at Ariana Grande concert entertainment",133,19
6945,NWrwJeG90d8LZ,2021-11-17 18:06:40+00:00,6WpL6D,"Bereaved families and survivors of the Manchester Arena attack have been learning essential first aid skills which could save lives if there were another terrorist attack. 

https://t.co/DsAeZtlT1y",-0.851896017079914,0,12,2,1,0,330629,11190,70740,-0.543685087979864,True,,reliable,,Bereaved families and survivors of the Manchester Arena attack have been learning essential first aid skills which could save lives if there were another terrorist attack.,171,26
25822,3LdKbArLvpE8,2018-10-13 19:52:18+00:00,vlqWbBwjEddb,"Antifa welcomed Salman Ramadan Abedi a ""refugee"" who carried out the suicide bomb attack at Manchester Arena on 22 May 2017  killing 22 and injuring many more mostly children.",-0.930007282051376,14,8,0,0,0,3811,4761,97608,-0.951215774858999,Fake,Refugee bomber,misinformation,Refugee bomber,"Antifa welcomed Salman Ramadan Abedi a ""refugee"" who carried out the suicide bomb attack at Manchester Arena on 22 May 2017 killing 22 and injuring many more mostly children.",174,29
29255,nJkMMljQWrrv,2018-05-22 11:15:05+00:00,ka8e0LJDLkPj,"Today we remember the 22 people who lost their lives in the Manchester Arena terror attack, and all those who have been affected by the tragedy. To mark the anniversary @ManCityCouncil has organised a programme of commemoration events #mcrtogether https://t.co/1IiVhI3wbc…",-0.930007282051376,1,5,0,1,0,393,385,166,-0.930007282051376,True,,reliable,,"Today we remember the 22 people who lost their lives in the Manchester Arena terror attack, and all those who have been affected by the tragedy. To mark the anniversary has organised a programme of commemoration events mcrtogether",230,38
74044,dM4KEaBK3lrE,2017-05-23 11:16:53+00:00,e33L7W4,"Latest updates here on the Manchester Arena terror attack

https://t.co/ipcD8s1kpP",-0.757936728959867,1,0,0,1,0,5110,3713,17977,-0.791324054579805,True,,reliable,,Latest updates here on the Manchester Arena terror attack,57,9
3659,nO8bkaoLRl1MG,2022-07-11 06:15:51+00:00,rmnJGZGJG801,Try entering Nigeria ot India illegally and see what happens. Try telling the victims of the Manchester arena attack that open borders are a good idea. https://t.co/9w6MEwJano,-0.318210996771242,1,1,0,1,0,190,298,1883,-0.541589808897321,Fake,Refugee bomber,misinformation,Refugee bomber,Try entering Nigeria ot India illegally and see what happens. Try telling the victims of the Manchester arena attack that open borders are a good idea.,151,26
29325,D7X8xrMEzNJo,2018-05-22 10:54:29+00:00,ZkZM1nP,"Thinking of the victims, survivors and the families of the Manchester arena attack one year ago today.💔 #ManchesterArena https://t.co/BPTEUvBgXm",-0.401923825269382,0,1,0,1,1,160,92,9438,-0.401923825269382,True,,reliable,,"Thinking of the victims, survivors and the families of the Manchester arena attack one year ago today. ManchesterArena",118,18
19281,7DpoY7NxMB9EA,2020-01-17 18:27:18+00:00,qXp8oEq,"The Guardian: Eminem compares himself to Manchester Arena bomber on new track.

If he comes anywhere near Manchester then he's in for a big shock! 

#eminem is a piece of 💩💩💩💩

https://t.co/jzy8vVMpiG

via @GoogleNews",-0.381819167922678,0,2,0,1,0,1636,4008,20958,-0.700355848816898,True,,reliable,,The Guardian Eminem compares himself to Manchester Arena bomber on new track. If he comes anywhere near Manchester then he's in for a big shock! eminem is a piece of via,169,31
29375,30GDwXpEO4Gv,2018-05-22 10:35:35+00:00,4ORlAnGkkkNW,"Not a day has gone by when I haven’t thought about the horrific attack on the Manchester arena. It’s hard being away from home at a time like this, all my thoughts and love are with the 22, their family and friends and the people of our great city #StandTogether https://t.co/sGEx3V7U7t",0.72694578401804,0,7,0,1,1,460,627,631,0.72694578401804,True,,reliable,,"Not a day has gone by when I havent thought about the horrific attack on the Manchester arena. Its hard being away from home at a time like this, all my thoughts and love are with the 22, their family and friends and the people of our great city StandTogether",259,50
31946,9XDdala46lND,2018-05-04 08:45:13+00:00,KQokEKO,"This special @SalfordDevils kit featuring the Manchester bee logo is helping raise funds for victims of the Arena terror attack

https://t.co/rRP3Yw3lHs",-0.571885032070072,1,7,0,1,0,107070,3689,112234,-0.319662132718462,True,,reliable,,This special kit featuring the Manchester bee logo is helping raise funds for victims of the Arena terror attack,112,19
31093,odV7094kzKqY,2018-05-19 10:56:57+00:00,r6KRJWz41pB8,"Meet the Manchester Arena bomb survivor attending the royal wedding @RadioTimes

 https://t.co/XJSNxlTW9A",-0.177857560463629,4,14,0,1,0,3582,4425,5711,-0.183207371503248,True,,reliable,,Meet the Manchester Arena bomb survivor attending the royal wedding,67,10
57603,ro0DVQOP76Pm,2017-05-24 09:03:06+00:00,4MGZn7,Hundreds attend Glasgow vigil for Manchester arena victims https://t.co/qXil6VQGVF https://t.co/gIyc48K6f5,-0.273212885294474,2,5,0,1,1,195658,1293,362772,-0.649264881028677,True,,reliable,,Hundreds attend Glasgow vigil for Manchester arena victims,58,8
79330,4Gp6j6nBQEYE,2017-05-23 08:45:19+00:00,vLQOE4OPjVlv,Manchester Arena explosion:  police now saying it was an attack by a one person using an improvised explosive device.  No further details.,-0.476657605574574,1,0,0,0,0,6267,7012,149527,-0.476657605574574,True,,reliable,,Manchester Arena explosion police now saying it was an attack by a one person using an improvised explosive device. No further details.,135,22
291,rPGpe9x8daPV4,2023-03-05 17:04:33+00:00,BmAAmdn,"Now then.

BBC News - Manchester Arena attack: Saffie Roussos' father plans to sue MI5
https://t.co/w7RxW61REv",-0.476657605574574,12,24,1,1,0,3818,4992,30622,-0.555479564004294,True,,reliable,,Now then. BBC News - Manchester Arena attack Saffie Roussos' father plans to sue MI5,84,15
72446,LznOlvLYKOol,2017-05-23 12:07:45+00:00,vWWAdn,UK Police Say 23-Year-Old Man Arrested Over Manchester Arena Attack - NDTV https://t.co/ittRXcUImv,-0.735147044114705,0,0,0,1,0,80,563,16162,-0.697437495482544,True,,reliable,,UK Police Say 23-Year-Old Man Arrested Over Manchester Arena Attack - NDTV,74,12
25157,wxPm3ZqR3Rxv,2018-11-23 10:30:53+00:00,lvrQ1B,"Manchester Arena bomber was allowed to meet jailed extremist before attack even though police knew he was wannabe terrorist
https://t.co/GUU9vAlWil https://t.co/rP6nZIf4po",-0.900070320740819,0,0,0,1,1,61433,914,312708,-0.596442478887633,Fake,The police knew the attacker,misinformation,The police knew the attacker,Manchester Arena bomber was allowed to meet jailed extremist before attack even though police knew he was wannabe terrorist,123,19
52095,lblr11wqvdeX,2017-05-25 00:00:18+00:00,vpMOnMD,Home Secretary said the sophistication of the attack at Manchester Arena means the bomber likely did not act alone. https://t.co/jwTQPzxbDu,-0.624893326938946,0,0,0,1,0,3269,1080,24687,-0.624893326938946,True,,reliable,,Home Secretary said the sophistication of the attack at Manchester Arena means the bomber likely did not act alone.,115,19
13893,d69o0PdRqXbqQ,2020-10-21 06:46:42+00:00,8OlJGDD,"@MayorofGM I don't think it's right to fake the Manchester Arena bombing either, to install ""Martyn's Law"", but you did.
For those who doubt me, visit https://t.co/9k0MB7xnrr and click on FABRICATED TERROR. All major terrorist events (inc 7/7) were Hollywood style psyops to bring in a NWO.",-0.932419588698071,0,0,1,1,0,364,962,61875,-0.499961219050875,Fake,Conspiracy,misinformation,Conspiracy,"I don't think it's right to fake the Manchester Arena bombing either, to install ""Martyn's Law"", but you did. For those who doubt me, visit and click on FABRICATED TERROR. All major terrorist events inc 7 7 were Hollywood style psyops to bring in a NWO.",253,46
5153,nO8Oz4ewBAZQk,2022-05-09 18:35:09+00:00,Ek8ZRl,NEW: The Duke and Duchess of Cambridge will still attend the official opening of the Glade of Light Memorial tomorrow. The memorial commemorates the victims of the 22nd May 2017 terrorist attack at Manchester Arena.,-0.872021592554982,18,152,3,0,0,20365,4035,13740,-0.803584318334844,True,,reliable,,NEW The Duke and Duchess of Cambridge will still attend the official opening of the Glade of Light Memorial tomorrow. The memorial commemorates the victims of the 22nd May 2017 terrorist attack at Manchester Arena.,214,35
14641,XAlx9KK30Om9m,2020-09-12 12:53:18+00:00,a11zJNkOOlQkD,"An inquest into the 2017 Manchester Arena terror attack found that MI5 knew that jihadist Salman Abedi, the son of Libyan refugees, had visited an Islamist extremist in prison twice, but did not reopen their investigation into him.

https://t.co/oATN03mxAY https://t.co/jxotzLfXid",-0.868943065423215,0,0,0,1,1,70,64,7007,-0.659554797239399,Fake,Refugee bomber,misinformation,Refugee bomber,"An inquest into the 2017 Manchester Arena terror attack found that MI5 knew that jihadist Salman Abedi, the son of Libyan refugees, had visited an Islamist extremist in prison twice, but did not reopen their investigation into him.",231,38
1047,0W3jpamLrWXwY,2023-03-02 15:21:43+00:00,nLO0x0RVmZml,"MI5 could have stopped Manchester Arena bombing but failed to act on two pieces of intelligence, damning report reveals https://t.co/K6j1lhEQrk",-0.54232614454664,0,0,0,1,0,892,5008,80233,-0.54232614454664,True,,reliable,,"MI5 could have stopped Manchester Arena bombing but failed to act on two pieces of intelligence, damning report reveals",119,19
54374,0GnN6Rexrl1w,2017-05-24 16:36:54+00:00,0L3mvbnP4aoB,"Fearing Another Attack Could Be 'Imminent,' UK Deploys Soldiers to Patrol Streets https://t.co/DobS9qEG8f via @ktla",-0.778253322150626,0,0,0,1,0,2845,2665,64373,-0.465847136122898,True,,reliable,,"Fearing Another Attack Could Be 'Imminent,' UK Deploys Soldiers to Patrol Streets via",85,13
54395,a3AvWVnvaeZQ,2017-05-24 16:33:38+00:00,0L3mvbnP4aoB,"FearingAnotherAttackCouldB 'Imminent,' UKDeploys Soldiers to PatrolStreets https://t.co/DobS9qEG8f via @ktla((Exactly what isis wants us2do!",0.0772283284276542,0,0,0,1,0,2845,2665,64373,-0.465847136122898,True,,reliable,,"FearingAnotherAttackCouldB 'Imminent,' UKDeploys Soldiers to PatrolStreets via Exactly what isis wants us2do!",109,12
71305,3GLK0YrXqGJ8,2017-05-23 12:42:12+00:00,o3XpnY,"I'm shocked!  How soon can we get more refugees (""children and grandmothers"" according to obummer) here? https://t.co/I4aMPF3CyR",-0.318210996771242,0,0,0,1,0,29,33,21128,-0.318210996771242,Fake,Refugee bomber,misinformation,Refugee bomber,"I'm shocked! How soon can we get more refugees ""children and grandmothers"" according to obummer here?",101,16
38134,jqpQBAmdLaWP,2017-11-06 13:18:03+00:00,3kaWnG8,Did MI5 miss crucial clues that could have prevented the Manchester terrorist attack? https://t.co/DpHG4lb2Sd,-0.851896017079914,1,0,0,1,0,5223,273,49479,-0.739759736482587,True,,reliable,,Did MI5 miss crucial clues that could have prevented the Manchester terrorist attack?,85,13
14864,rP3bY7X08Kor1,2020-09-07 18:12:39+00:00,j71j8pDl7Q1z3,"The role of Salman Abedi's family in radicalising the Manchester Arena suicide bomber and his brother needs to be assessed the public inquiry into the attack has heard.
The family were given asylum in the UK then left to return as Jihadists to Libya 

https://t.co/XRut4SjjkN",-0.822462893624465,0,0,0,1,0,1011,798,20205,-0.896318994588853,Fake,Refugee bomber,misinformation,Refugee bomber,The role of Salman Abedi's family in radicalising theManchester Arenasuicide bomber and his brother needs to be assessed the public inquiry into the attack has heard. The family were given asylum in the UK then left to return as Jihadists to Libya,247,42
34130,YNJ3PLAKzleQ,2018-03-01 14:55:21+00:00,Y6EDJQ7,"@paulsimonduffy @Pumpwater1 @certual Witnesses saw the Jihad attack in #Manchester arena 
Sadly and tragic but the witnesses in the explosion died...",-0.909989136872722,0,0,0,0,0,11399,10260,131005,-0.6339885859874,True,,reliable,,Witnesses saw the Jihad attack in Manchester arena Sadly and tragic but the witnesses in the explosion died...,110,18
84862,DX3MldKPEMQv,2017-05-23 04:49:33+00:00,VqZDqMx,Miley Cyrus Sends Love to Ariana Grande and Victims of Manchester Arena… https://t.co/DPFy4fcAhf #US #Canada #News,0.476657605574574,0,0,0,1,0,1427,3035,190924,-0.289445958344556,True,,reliable,,Miley Cyrus Sends Love to Ariana Grande and Victims of Manchester Arena US Canada News,86,15
44475,3zZrMaNXnaa0,2017-06-02 13:56:22+00:00,K3j3894,Live: Police surround suspicious car in 'potentially significant development' in Manchester Arena bomb probe https://t.co/VJRpX41KoS,-0.599373159673106,0,0,0,1,0,6380,1644,31283,-0.609699269232113,True,,reliable,,Live Police surround suspicious car in 'potentially significant development' in Manchester Arena bomb probe,107,14
39314,0kJEnjnBD76B,2017-09-09 21:22:35+00:00,GlZzJG,Thousands gather at Manchester Arena to remember terror victims as it reopens for first time since attack https://t.co/hqqc5GXSuk #breakin…,-0.822462893624465,0,0,0,1,0,560,593,627270,-0.559419618610613,True,,reliable,,Thousands gather at Manchester Arena to remember terror victims as it reopens for first time since attack breakin,113,18
66239,vlwlVeY9qZp1,2017-05-23 16:18:22+00:00,jA0GGjP,Birmingham: Manchester Arena bombing: How events unfolded after Salman Abedi's attack https://t.co/yqLNWnKDuc #birmingham,-0.476657605574574,0,0,0,1,0,621,193,86850,-0.688483192296318,True,,reliable,,Birmingham Manchester Arena bombing How events unfolded after Salman Abedi's attack birmingham,94,12
2413,nO3ar04MlJZxZ,2022-11-04 12:20:49+00:00,8dEBvZP,"Wonder what this idiot Femmi has as an excuse for this evil twat that the RN -HMS Enterprise ""Rescued"" from Lybia, who went on to bomb those innocents in the Manchester Arena
Was he well within his ""Refugee"" rights FFS ??
All that crew should be charged with complicity to murder",-0.96379974715012,4,6,1,0,0,3983,3654,133873,-0.798212076780913,Fake,Refugee bomber,misinformation,Refugee bomber,"Wonder what this idiot Femmi has as an excuse for this evil twat that the RN -HMS Enterprise ""Rescued"" from Lybia, who went on to bomb those innocents in the Manchester Arena Was he well within his ""Refugee"" rights FFS ?? All that crew should be charged with complicity to murder",279,51
43436,jxaPBp90kLmK,2017-06-07 23:31:09+00:00,ZBVNYpe,Artist:Head Arianator on Ariana Grande's Response to Manchester A -&gt; https://t.co/nJlCQ52lkj #music https://t.co/pMlD878XdT,0.273212885294474,0,0,0,1,1,18405,3990,10860,0.383563732934053,True,,reliable,,Artist Head Arianator on Ariana Grande's Response to Manchester A - gt music,76,13
67899,eD8V6V0dDR3o,2017-05-23 15:03:36+00:00,oQqL8MLkQBla,"Terrorist Attack In Manchester Arena Caused Ariana Grande To Suspend World Tour What a story guys,check it out below
https://t.co/z4JmmlYrI6 https://t.co/JXoteHaZrn",-0.877882262306863,0,0,0,1,1,21,59,197,-0.877882262306863,True,,reliable,,"Terrorist Attack In Manchester Arena Caused Ariana Grande To Suspend World Tour What a story guys,check it out below",116,19
16877,4zra8P4B9B3oq,2020-05-22 12:42:41+00:00,vRearaaBAVER,@pritipatel The perpetrator of the Manchester Arena attack was picked up by the Royal Navy and brought into this country. You remember these victims yet do little or nothing about the people we know nothing about who are being picked up today by your Border Farce. #invasion #HIJRA https://t.co/JYefb4A9IJ,-0.877882262306863,3,3,0,1,1,1236,1754,38005,-0.806514653210784,Fake,Refugee bomber,misinformation,Refugee bomber,The perpetrator of the Manchester Arena attack was picked up by the Royal Navy and brought into this country. You remember these victims yet do little or nothing about the people we know nothing about who are being picked up today by your Border Farce. invasion HIJRA,267,47
52615,0Gnambe0bQ6E,2017-05-24 21:17:48+00:00,bd9KrG,#GGMU this glory dedicated to the families who have lost their members during Manchester arena attack. Rest in peacr,0.273212885294474,0,0,0,0,0,1523,4960,27623,0.273212885294474,True,,reliable,,GGMU this glory dedicated to the families who have lost their members during Manchester arena attack. Rest in peacr,115,19
12018,9EALE1zABn7BQ,2021-01-18 18:30:12+00:00,D8GKldGbPLbk,Manchester Arena attack's youngest victim https://t.co/IYD5HRLVSb via @FacebookWatch,-0.636949942926426,0,0,0,1,0,9,7,21012,-0.535052272698446,True,,reliable,,Manchester Arena attack's youngest victim via,45,6
46846,3Ga4AGnwADzO,2017-05-28 14:03:51+00:00,0qVVb7E,"He wore glasses, a baseball cap and jeans plus a Hollister puffa jacket — with his left hand holding the... https://t.co/swFJ8wy2Gd",0.493914580573631,0,0,0,1,0,508,774,75000,-0.0882819095405875,True,,reliable,,"He wore glasses, a baseball cap and jeans plus a Hollister puffa jacket with his left hand holding the...",105,19
8350,3N8jZ9WVMLwoZ,2021-08-16 13:06:27+00:00,eve0VJ3,"@richardodurrant @linziramma @PoliticsForAlI @Telegraph Tell that to the parents of the manchester arena outrage, the families of the westminister bridge attack, the children raped by muslim grooming gangs or all the other people that have had their lives devastated by the ridiculous non vetting open borders policies.",-0.955200899876088,0,1,0,0,0,369,796,7680,-0.955200899876088,Fake,Refugee bomber,misinformation,Refugee bomber,"Tell that to the parents of the manchester arena outrage, the families of the westminister bridge attack, the children raped by muslim grooming gangs or all the other people that have had their lives devastated by the ridiculous non vetting open borders policies.",263,43
52915,6WQDdNJj3K8G,2017-05-24 20:10:12+00:00,XQGXkk,"Libya force: Bomb suspect, brother had IS links. https://t.co/zQwW6FUyIt https://t.co/37totMhicF",-0.659727946850383,0,0,0,1,1,2655,2926,28613,-0.659727946850383,True,,reliable,,"Libya force Bomb suspect, brother had IS links.",47,8
60933,xrQLMvakN96d,2017-05-23 22:06:49+00:00,W9Bqa8j,Manchester Arena attack: Sturgeon confirms Scots in hospital after bombing - BBC News https://t.co/ezm9soT0oW,-0.476657605574574,0,0,0,1,0,34,70,15902,-0.476657605574574,True,,reliable,,Manchester Arena attack Sturgeon confirms Scots in hospital after bombing - BBC News,84,13
50114,ro0mmBPK73MO,2017-05-25 14:00:59+00:00,NqNqoq,UK E! Queen Elizabeth II Visits Manchester Arena Attack Victims in Hospital: Queen… https://t.co/OhByBhtNNi,-0.636949942926426,0,0,0,1,0,1051,807,607219,-0.621409483306204,True,,reliable,,UK E! Queen Elizabeth II Visits Manchester Arena Attack Victims in Hospital Queen,81,13
14076,1Pj77P1AJWAXV,2020-10-08 21:57:50+00:00,97Y4Z4v,"On top of that, he was posting extremist images on social media.

What do we do ?  Oh yes, let the enemy in and shit all over our doorstep.

Get the prick deported ASAP 

https://t.co/MVSKeG1bJf",-0.7184212081071,22,61,6,1,0,29854,25680,58305,-0.35549145222437,True,,reliable,,"On top of that, he was posting extremist images on social media. What do we do ? Oh yes, let the enemy in and shit all over our doorstep. Get the prick deported ASAP",165,34
49608,9Zo4Zj8jmJdQ,2017-05-25 17:38:08+00:00,xLAJAB,"Manchester Arena Attack Arrests ‘Substantial’, Essential Products Discovered: Cops https://t.co/Bx8TWL5zue",-0.571885032070072,0,0,0,1,0,1866,4458,107157,-0.571885032070072,True,,reliable,,"Manchester Arena Attack Arrests Substantial, Essential Products Discovered Cops",79,9
50120,3Gb01eD4q8Wz,2017-05-25 13:59:58+00:00,796JjN699nY1,"Help me to support the families of those affected by the the Manchester Arena attack. Please #donate on @justgiving
https://t.co/0irYT8IGOy",0.458831467741123,0,0,0,1,0,35,95,1366,0.458831467741123,True,,reliable,,Help me to support the families of those affected by the the Manchester Arena attack. Please donate on,102,18
21190,nmoxQoWzab68,2019-06-26 21:37:16+00:00,8ERMQlD,"@riseofelevation @ktshea02 @8by8mag @mPinoe Manchester Arena was a bomb attack, a gun would have been useless by the time they’d realised it would be too late. Football violence isn’t what it used to be and besides is mostly just fist fights but we have heightened security and we’re trying to tackle knife crime",-0.960119896277269,0,0,0,0,0,308,782,12875,-0.960119896277269,True,,reliable,,"Manchester Arena was a bomb attack, a gun would have been useless by the time theyd realised it would be too late. Football violence isnt what it used to be and besides is mostly just fist fights but we have heightened security and were trying to tackle knife crime",265,49
3988,kRr6jlv76llRE,2022-05-27 23:21:09+00:00,D67eQRA,@TalkTV Our emergency services hung back while children died in the Manchester arena attack due to dithering management.,-0.868943065423215,0,0,0,0,0,138,110,3309,-0.705634604984928,True,,reliable,,Our emergency services hung back while children died in the Manchester arena attack due to dithering management.,112,17
55217,vl3aX3zA1RO6,2017-05-24 14:27:02+00:00,DddeqNEb49Mn,Manchester Arena Attack: Threat level raised and troops deployed https://t.co/q8vjnRmcgD #Trending #News #Politics #Defense #Crisis,-0.757936728959867,0,0,0,1,0,282,9,94234,-0.619831773152042,True,,reliable,,Manchester Arena Attack Threat level raised and troops deployed Trending News Politics Defense Crisis,101,14
3100,OOAxGB7KxKd8J,2022-10-31 21:20:26+00:00,j74R9xYKQPnbk,"@Iromg The ‘deadly twist’ was Salman Al Abedi.

In 2017.

The refugee suicide bomber.

Who, the Manchester Arena attack inquiry heard, aroused suspicions in someone who then worried whether he’d be viewed as ‘racist’ for raising them with security.

Don’t look back in anger though.",-0.956510808910458,0,0,0,0,0,202,226,14943,-0.956510808910458,Fake,Refugee bomber,misinformation,Refugee bomber,"The deadly twist was Salman Al Abedi. In 2017. The refugee suicide bomber. Who, the Manchester Arena attack inquiry heard, aroused suspicions in someone who then worried whether hed be viewed as racist for raising them with security. Dont look back in anger though.",265,44
68106,9Z9LxaPjYedR,2017-05-23 14:53:50+00:00,6bRYQo,Woman Cares For Over 50 Children At Local Hotel Following Ariana Grande Arena Attack https://t.co/B6c2iAdjJM https://t.co/fLeW3KFKbV,0.0258112866459834,1,2,0,1,1,351455,884,75755,-0.273466339754338,Fake,Children sheltered in hotels,misinformation,Children sheltered in hotels,Woman Cares For Over 50 Children At Local Hotel Following Ariana Grande Arena Attack,84,14
62,wpG91ZJE0RMXr,2023-03-14 08:36:14+00:00,vpEoddP9R04J1,@ZoeJardiniere 22 children blown up by a bomb detonated by a migrant “ rescued” from the channel. Manchester Arena. You don’t care about them do you.,0.421463615211762,0,3,0,0,0,1608,1760,21559,-0.201189512727673,Fake,Refugee bomber,misinformation,Refugee bomber,22 children blown up by a bomb detonated by a migrant rescued from the channel. Manchester Arena. You dont care about them do you.,130,24
69538,a3ZX17MmLadJ,2017-05-23 13:49:25+00:00,3QJZOr7rr4aR,New post (JUST IN:  Islamic State (ISIS) Claims Responsibility For Manchester Arena Attack) has been published on  - https://t.co/9rVkcqAv94 https://t.co/2VMe1uYYMy,-0.476657605574574,0,0,0,1,1,1247,2346,37903,-0.476657605574574,True,,reliable,,New post JUST IN Islamic State ISIS Claims Responsibility For Manchester Arena Attack has been published on -,109,18
32276,D7qkGBEaxjZo,2018-04-23 08:19:11+00:00,nq8V7kZJqLql,"Manchester Arena bombing victims – all 22 killed in the terrorist attack at the Ariana Grande concert https://t.co/9x1azYKZkD 
TWENTY-TWO innocent lives were lost on May 22, 2017, when a suicide bomber detonated his device at the Manchester Arena after … https://t.co/Zp7enRaVrn",-0.96280111202076,0,0,0,1,0,14,99,2998,-0.96280111202076,True,,reliable,,"Manchester Arena bombing victims all 22 killed in the terrorist attack at the Ariana Grande concert TWENTY-TWO innocent lives were lost on May 22, 2017, when a suicide bomber detonated his device at the Manchester Arena after",225,37
7775,1PkVAGY4KrX0l,2021-10-06 18:55:33+00:00,0WWlLjOYGEL0d,Manchester Arena attack hero held tourniquet for an hour while ambulances were 'on their way',0.128036879932896,0,0,0,0,0,220,83,62736,-0.4247673550134,True,,reliable,,Manchester Arena attack hero held tourniquet for an hour while ambulances were 'on their way',93,15
4773,YMvmZmdGxrRBV,2022-05-21 15:00:53+00:00,Ol8w0NK,Child survivors of Manchester Arena attack ‘re-traumatised by poor support’ https://t.co/BwlhkNSamQ via @guardian #ManchesterArenabombing #mentalhealth,-0.659727946850383,1,0,0,1,0,16182,133,37154,-0.659727946850383,True,,reliable,,Child survivors of Manchester Arena attack re-traumatised by poor support via ManchesterArenabombing mentalhealth,113,13
56774,QRXo7Y4Nb3oB,2017-05-24 11:05:02+00:00,4mDMmGq,"“So many young, beautiful, innocent people living and enjoying their lives, murdered by evil losers,” the... https://t.co/JRmRUrmtl1",-0.54232614454664,0,0,0,1,0,1273,574,587784,-0.40103175945506,True,,reliable,,"So many young, beautiful, innocent people living and enjoying their lives, murdered by evil losers, the...",106,16
28969,9XPOKoBZMrqp,2018-05-22 13:07:37+00:00,KxmzmEZ,"Today we remember the victims and survivors of the Manchester Arena attack on 22nd May 2017. 

We'll never forget the strength that the city of Manchester showed that day. We're proud to be a part of this amazing city.

#ManchesterForever #StandTogether https://t.co/ZK1WUgemXa",0.500323905048414,0,1,0,1,1,254,291,1101,0.500323905048414,True,,reliable,,Today we remember the victims and survivors of the Manchester Arena attack on 22nd May 2017. We'll never forget the strength that the city of Manchester showed that day. We're proud to be a part of this amazing city. ManchesterForever StandTogether,248,41
49127,79rNNDB1j98K,2017-05-26 03:21:04+00:00,WdbNKxPp40W0,"Manchester bomb suspect said to have had ties to al Qaeda, terrorism training abroad https://t.co/D33BZquoFY via @nbcnews",-0.875,0,0,0,1,0,512,3472,8778,-0.723413778758806,True,,reliable,,"Manchester bomb suspect said to have had ties to al Qaeda, terrorism training abroad via",88,15
57221,V9ER7AaJOJk7,2017-05-24 10:01:50+00:00,nvqDM7eXRq8G,Help raise £10000 to help support victims injured in Manchester Arena terrorist attack. Please donate and RT. Thanks https://t.co/wCZZukKheh,-0.0772283284276543,0,0,0,1,0,129,183,188,-0.258830949593911,True,,reliable,,Help raise 10000 to help support victims injured in Manchester Arena terrorist attack. Please donate and RT. Thanks,115,18
2648,QrBpbwv6N976M,2022-11-03 17:09:51+00:00,NV9jGlB,Did the emergency services bomb the Manchester arena 🤷🏿‍♀️,-0.700349291735761,1,11,5,0,0,17524,16881,70452,-0.700349291735761,True,,reliable,,Did the emergency services bomb the Manchester arena,52,8
54249,3GbpMKpzkwRZ,2017-05-24 16:52:35+00:00,DddeqNEb49Mn,UK: Authorities storm Granby House at part of Manchester Arena attack investigation https://t.co/ExRDrQKvVp #Trending #News #Politics #Def…,-0.421463615211762,0,0,1,1,0,282,9,94234,-0.619831773152042,True,,reliable,,UK Authorities storm Granby House at part of Manchester Arena attack investigation Trending News Politics Def,109,16
10316,zRWzd3XBzeBvq,2021-05-22 09:45:02+00:00,qozNzdX,@pritipatel What about Lee Rigby? 8 years today  RIP to Lee and the victims of the Manchester arena attack,-0.636949942926426,0,3,1,0,0,278,307,688,-0.636949942926426,True,,reliable,,What about Lee Rigby? 8 years today RIP to Lee and the victims of the Manchester arena attack,93,18
38220,D0VYOKLwnB6o,2017-11-02 08:01:09+00:00,1j30pl,"British police seek extradition  from Libya of Hashem Abedi, brother of Manchester Arena bomber Salman Abedi: https://t.co/XXXF3TGf16",0.0,0,0,0,1,0,33300,1092,40384,-0.101144347484835,True,,reliable,,"British police seek extradition from Libya of Hashem Abedi, brother of Manchester Arena bomber Salman Abedi",107,16
57192,a3AnNNzp38KJ,2017-05-24 10:05:35+00:00,ZDMpPB,From CTV Windsor - Three arrested in connection to Manchester Arena attack https://t.co/sJNRLy7t1j #wespeak #windsor,-0.735147044114705,0,0,0,1,0,2322,2316,37927,-0.818660783190584,True,,reliable,,From CTV Windsor - Three arrested in connection to Manchester Arena attack wespeak windsor,90,14
24590,OaOqOKVEzwzO,2019-01-25 11:50:00+00:00,AK39aQ,"Mum-of-two Asma Aweys praised the Manchester Arena bomber for murdering 22 people

https://t.co/46FcVvDjUL",-0.273212885294474,0,0,0,1,0,234887,3819,1049766,-0.519587758203247,True,,reliable,,Mum-of-two Asma Aweys praised the Manchester Arena bomber for murdering 22 people,81,12
23800,onlb8D0mbzow,2019-03-10 20:07:55+00:00,Xp0G1k,"@Holmster79 @LucyNoakes1 @elfredodos @Otto_English ONE person detonated a bomb at Manchester Arena, not all Syrian refugees. One person.",-0.493914580573631,0,0,0,0,0,5585,6114,170273,-0.493914580573631,Fake,Refugee bomber,misinformation,Refugee bomber,"ONE person detonated a bomb at Manchester Arena, not all Syrian refugees. One person.",85,14
82922,n7D4AwppjkQk,2017-05-23 06:34:07+00:00,ekjxeVY,"Manchester Arena attack was carried out by a suicide bomber, police say   https://t.co/4dmK298iH9  via @BNONews https://t.co/zuz3EDmnWE",-0.822462893624465,2,0,0,1,1,2958,16,5170,-0.64956024959952,True,,reliable,,"Manchester Arena attack was carried out by a suicide bomber, police say via",75,13
1601,zR13klqXa60Ad,2023-02-18 08:15:42+00:00,80mA9R0,The afternoon of the Manchester Arena bomb Radio 5 had a kid on called Martyn Hett talking about Coronation St or something. He was one of those killed at the concert that night. What are the odds? Always thought I'd imagined it but his mum was on R5 last night talking about him.,-0.827129996023704,0,2,0,0,0,475,346,20562,-0.827129996023704,True,,reliable,,The afternoon of the Manchester Arena bomb Radio 5 had a kid on called Martyn Hett talking about Coronation St or something. He was one of those killed at the concert that night. What are the odds? Always thought I'd imagined it but his mum was on R5 last night talking about him.,280,53
24023,xoKnDZVbablM,2019-02-22 19:26:24+00:00,dPLa7be,"@Taylor26Susan @HarridenceGary @LeaveEUOfficial @bigphilcampion A 19yr old allegedly lost 2 kids of supposed malnutrition, the mother isn’t exactly underweight. Anyone who believes killing innocent people is justified should never be allowed back. A 16yr old was given asylum after being pulled from the sea went on to bomb Manchester arena!",-0.700349291735761,0,1,0,0,0,3910,3821,30611,-0.700349291735761,Fake,Refugee bomber,misinformation,Refugee bomber,"A 19yr old allegedly lost 2 kids of supposed malnutrition, the mother isnt exactly underweight. Anyone who believes killing innocent people is justified should never be allowed back. A 16yr old was given asylum after being pulled from the sea went on to bomb Manchester arena!",276,46
8655,d6zn4m8AoEzze,2021-07-31 22:30:00+00:00,vpWMmpMGm6oj1,"@BrainScottish @chapofwessex Remember after the Manchester Arena attack, or the Westminster Bridge Attack, or the Borough Market Attack the highly influential Imams of the ROP community, appearing all over breakfast TV in interviews condemning them? No? I don’t either.",-0.727530245904589,0,0,1,0,0,1255,1409,30352,-0.735985315473803,True,,reliable,,"Remember after the Manchester Arena attack, or the Westminster Bridge Attack, or the Borough Market Attack the highly influential Imams of the ROP community, appearing all over breakfast TV in interviews condemning them? No? I dont either.",239,37
25276,ep7Pm19bZxAw,2018-11-21 17:39:29+00:00,rqEkN0wEzVY4,#walesprepared presenting on the Manchester arena terrorist attack and highlighting the importance of a bereavement service. https://t.co/KxPpG6ToTS,-0.743037755434939,0,2,0,1,1,627,1075,7215,-0.743037755434939,True,,reliable,,walesprepared presenting on the Manchester arena terrorist attack and highlighting the importance of a bereavement service.,123,16
70776,YrLJAddKxppp,2017-05-23 12:59:16+00:00,DBAamA,Take That cancel gig at Echo Arena Liverpool in response to the Manchester Arena terrorist attack https://t.co/BBeZwnzq2P,-0.868943065423215,8,9,0,1,0,363696,2579,393965,-0.626897840942216,True,,reliable,,Take That cancel gig at Echo Arena Liverpool in response to the Manchester Arena terrorist attack,97,16
24825,3bqPlKleXN7l,2018-12-30 10:10:37+00:00,kGN1EZl,Ariana Grande “turns down Damehood” out of respect for families of Manchester Arena bomb attack victims https://t.co/nWwxVBwuxG https://t.co/IXV0liY1PW,-0.648556646884329,0,0,0,1,1,842,577,24806,-0.648556646884329,True,,reliable,,Ariana Grande turns down Damehood out of respect for families of Manchester Arena bomb attackvictims,100,15
41583,XRoz74RQJ3Ya,2017-07-07 18:49:16+00:00,XP1pWZq,"Manchester arena bombing: Man, 19, arrested at Liverpool John Lennon airport over terr #London https://t.co/kkQuM0pDgJ https://t.co/tr8TpyzsAU",-0.476657605574574,0,0,0,1,1,1364,1323,131369,-0.297728575342383,True,,reliable,,"Manchester arena bombing Man, 19, arrested at Liverpool John Lennon airport over terr London",92,14
84164,3GLRA7AwVObv,2017-05-23 05:40:24+00:00,vEkP6v,Harrowing footage captures moment children flee after 19 people killed in terror attack at Manchester arena https://t.co/h6XTrB9Vka,-0.900070320740819,12,10,0,1,0,672474,849,448769,-0.519939862683912,True,,reliable,,Harrowing footage captures moment children flee after 19 people killed in terror attack at Manchester arena,107,16
81684,wZ7Ml06aPq4G,2017-05-23 07:15:01+00:00,967W8JA,The Chancellor Philip Hammond says his 'thoughts are with the victims and their families' in the #Manchester Arena attack https://t.co/zEdmvAo5AM,-0.636949942926426,0,0,0,1,1,5934,177,78733,-0.60744993255202,True,,reliable,,The Chancellor Philip Hammond says his 'thoughts are with the victims and their families' in the Manchester Arena attack,120,19
55661,WPn1EEOxp74x,2017-05-24 13:31:59+00:00,AK39aQ,BREAKING: Policewoman among #Manchester terror victims https://t.co/t8QQyq6nih https://t.co/VLvCA703n3,-0.670478399654806,3,1,0,1,1,234887,3819,1049766,-0.519587758203247,True,,reliable,,BREAKING Policewoman among Manchester terror victims,52,6
9758,oR3a34nYkm36X,2021-06-16 09:59:14+00:00,ZadQKA7,"Former Deputy County Fire Officer Paul Argyle says he would've expected firefighters to go to the police nominated rendezvous point in a major incident. 

On the night of the attack, fire crews were instead sent to a fire station 3 miles from the Manchester Arena.",-0.861246266429346,0,0,1,0,0,841,115,2606,-0.483555502894866,True,,reliable,,"Former Deputy County Fire Officer Paul Argyle says he would've expected firefighters to go to the police nominated rendezvous point in a major incident. On the night of the attack, fire crews were instead sent to a fire station 3 miles from the Manchester Arena.",262,45
36332,eqeNn0dE3JLO,2017-12-12 18:53:33+00:00,0LbWe3dVjx3v,Report shows Manchester Arena attack could have been avoided: https://t.co/80P4w9Zizl,-0.670478399654806,0,0,0,1,0,104,0,163893,-0.468792809304755,True,,reliable,,Report shows Manchester Arena attack could have been avoided,60,9
88554,n7DeRGQmmRKQ,2017-05-22 23:31:58+00:00,Z9Ormj,Thousands flee in terror after loud bangs at concert... https://t.co/6fPuYd5Opi,-0.526741537567377,0,0,0,1,0,171,250,53420,-0.510328059070504,True,,reliable,,Thousands flee in terror after loud bangs at concert...,55,9
50945,V9E74o7oPA9Y,2017-05-25 09:46:07+00:00,aw9aa4,Manchester bombing attacker identified; ISIS claims responsibility https://t.co/RpWm6tZd0y,-0.571885032070072,1,2,0,1,0,531104,3311,310334,-0.33612520296121,True,,reliable,,Manchester bombing attacker identified ISIS claims responsibility,65,7
14229,d69WDmbeLNpqw,2020-10-01 18:56:18+00:00,wppKaezdBnpvQ,"Manchester Arena bombing Hundreds of victims were injured and 22 bystanders killed , including children as young as eight . London Bridge attack Best false flag picture bus runs over body . Our honest Government wouldn't fake attacks or Corona to take away our rights . https://t.co/oDiI9R0a7Y",-0.877882262306863,0,1,0,1,1,971,0,17552,-0.877882262306863,Fake,Conspiracy,misinformation,Conspiracy,"Manchester Arena bombing Hundreds of victims were injured and 22 bystanders killed , including children as young as eight . London Bridge attack Best false flag picture bus runs over body . Our honest Government wouldn't fake attacks or Corona to take away our rights .",269,46
84280,ron8DL8VXnr9,2017-05-23 05:32:34+00:00,ZXkZOZN,"Manchester attack: 19 dead and over 50 injured

https://t.co/EwDBaSKxtS",-0.877882262306863,0,0,0,1,0,1738,243,759,-0.709783182218719,True,,reliable,,Manchester attack 19 dead and over 50 injured,45,8
41530,wQMvRoLmNXpR,2017-07-07 23:21:53+00:00,QpZjk7d,Man arrested at Liverpool John Lennon Airport in connection with Manchester Arena attack - Manchester… https://t.co/SZ1KDE8dri #UK News,-0.735147044114705,0,0,0,1,0,415,708,45622,-0.644512740014525,True,,reliable,,Man arrested at Liverpool John Lennon Airport in connection with Manchester Arena attack - Manchester UK News,109,17
9094,GpNOWZQlNQwjp,2021-06-30 18:44:17+00:00,zXd7ll,Manchester Arena public inquiry: 'Worst nightmare' fears in fire control room after 'dirty bomb' report https://t.co/qNT5Fo1y99,-0.94130381464628,4,3,0,1,0,662727,1439,362383,-0.42559874603329,True,,reliable,,Manchester Arena public inquiry 'Worst nightmare' fears in fire control room after 'dirty bomb' report,102,15
1413,Gp68VEYNQlP1K,2023-02-27 10:58:29+00:00,Qr90aAwMdArK4,"@Iromg @ClarkeMicah @DailyMailUK She watched people being brutally murdered when she joined ISIS. She said it was ok to bomb the Manchester arena and kill children. She is getting just what she deserves. Personally, I would impose the death penalty on her.",-0.975573504321597,0,0,0,0,0,33,18,11495,-0.975573504321597,True,,reliable,,"She watched people being brutally murdered when she joined ISIS. She said it was ok to bomb the Manchester arena and kill children. She is getting just what she deserves. Personally, I would impose the death penalty on her.",223,39
42529,e0REOB7ovvLO,2017-06-23 05:00:00+00:00,zXd7ll,Picnic to be held today to celebrate the lives of two friends killed in the Manchester Arena attack https://t.co/OoTNbqdbBE,-0.177857560463629,9,24,0,1,0,662727,1439,362383,-0.42559874603329,True,,reliable,,Picnic to be held today to celebrate the lives of two friends killed in the Manchester Arena attack,99,18
79752,dM4dRbl9dd98,2017-05-23 08:29:35+00:00,MzEVm8,".@WelshAmbulance have been providing operational support for colleagues over the border in Manchester 
https://t.co/yNiTK5lncO",0.401923825269382,2,4,0,1,0,7032,3404,79762,-0.486400311660714,True,,reliable,,. have been providing operational support for colleagues over the border in Manchester,86,13
72767,0GAKqanRJrRd,2017-05-23 12:00:34+00:00,4KWLn8,"PM Theresa May has spoken after the suicide attack that happened at the #Manchester Arena last night killing 22. 

https://t.co/Hl6oVz5yop",-0.918558653543692,0,2,0,1,1,1395,437,5568,-0.785759447852991,True,,reliable,,PM Theresa May has spoken after the suicide attack that happened at the Manchester Arena last night killing 22.,111,19
29689,06G7lqwdGDPe,2018-05-22 08:55:24+00:00,r3P9WxQ,"Today we send our love to Manchester and remember the 22 people who lost their lives in the Manchester Arena attack. As a show of support, our Trafford Centre store team have decorated their store windows with 22 worker bees 🐝 #OneLoveManchester https://t.co/QHD4PesfbC",0.361157559257308,0,14,0,1,1,29389,942,25046,0.361157559257308,True,,reliable,,"Today we send our love to Manchester and remember the 22 people who lost their lives in the Manchester Arena attack. As a show of support, our Trafford Centre store team have decorated their store windows with 22 worker bees OneLoveManchester",242,41
2390,kReBN86RDdMN4,2022-11-04 16:02:33+00:00,LxAwEx,"You nasty blighters.

You’re now complicit in trying to discredit a wonderful, competent and accomplished officer, I’m disgusted by this article. 

He’s traumatised too. 

Jersey police chief criticised for response to Manchester Arena terror attack.  https://t.co/cEsHtayctv",-0.895664663740519,0,20,10,1,0,15418,11336,370192,-0.895664663740519,True,,reliable,,"You nasty blighters. Youre now complicit in trying to discredit a wonderful, competent and accomplished officer, Im disgusted by this article. Hes traumatised too. Jersey police chief criticised for response to Manchester Arena terror attack.",242,35
75652,WPJKwOVE6R9q,2017-05-23 10:25:09+00:00,ZDoOY6B,"funny I am- just see Georgina hair, not that #ENO style hoodie...I  dream plan 16.6.2017/ 26.6.2016 #UTR
https://t.co/YhdBIuAiUD",0.599373159673106,0,0,0,1,0,41,15,58095,-0.465581967692865,True,,reliable,,"funny I am- just see Georgina hair, not that ENO style hoodie...I dream plan 16.6.2017 26.6.2016 UTR",100,17
36271,WRDbPRWEMDbY,2017-12-14 18:01:32+00:00,AlOR3L,Congratulations to @BritishArmy Cpl Philip Keogh whose actions in the aftermath of the Manchester Arena attack were recognised last night with the Best Reservist Award at @TheSun #Millies @helenflanagan1 @MattTerry93 https://t.co/rVAvIAYYK4,0.859064180591617,21,96,4,1,1,745836,639,32597,0.778980164456131,True,,reliable,,Congratulations to Cpl Philip Keogh whose actions in the aftermath of the Manchester Arena attack were recognised last night with the Best Reservist Award at Millies,165,26
14837,V3PmanYWwPVq0,2020-09-07 21:04:06+00:00,E49Bp8l,"'Missed opportunities' to identify Salman Abedi as attacker, Manchester Arena inquiry hears https://t.co/akbJXeZi2R",-0.476657605574574,0,1,0,1,0,5787,2224,44269,-0.728089879976753,True,,reliable,,"'Missed opportunities' to identify Salman Abedi as attacker, Manchester Arena inquiry hears",91,12
29370,4eGB78bvvzaq,2018-05-22 10:37:34+00:00,rqeQnMjwabWM,"In remembrance of all those who lost their lives or who were affected by the Manchester Arena attack a year ago today 🐝 @qubekmanchester #MCRTogether
.
.
.
.
.
#standtogether #onelove #onelovemanchester #manchesterpride #manchesterbee #westandtogethe… https://t.co/ZLymEwuMiW https://t.co/RBLEA6szfB",-0.7184212081071,0,0,0,1,1,46,7,555,-0.7184212081071,True,,reliable,,In remembrance of all those who lost their lives or who were affected by the Manchester Arena attack a year ago today MCRTogether . . . . . standtogether onelove onelovemanchester manchesterpride manchesterbee westandtogethe,224,34
86109,DX3Re9VOzwan,2017-05-23 02:45:28+00:00,aYn4br,"#ManchesterBlast -- Police carried out a controlled explosion on a suspect device several hours after the blast.
https://t.co/NkW4CCG42x",-0.295958174200194,0,0,0,1,0,3630,3385,222101,-0.451223895036729,True,,reliable,,ManchesterBlast -- Police carried out a controlled explosion on a suspect device several hours after the blast.,111,17
78728,kzxmnY9NWYZn,2017-05-23 09:00:01+00:00,oRWA4ww,"NEWS: Read the latest information about last night's terrorist attack at Manchester Arena #PrayForManchester
https://t.co/bvZbXeYU3F",-0.831632035280786,0,0,0,1,0,9740,2803,37201,-0.686068236148057,True,,reliable,,NEWS Read the latest information about last night's terrorist attack at Manchester Arena PrayForManchester,106,14
29934,GaknezPz77Ge,2018-05-22 07:58:54+00:00,a0Nqd4k,"#ManchesterArena #Manchesterattack

Ariana Grande Pays Tribute to The Men, Women and Children, Murdered and Maimed During #Manchester Arena [radical] #Islamic #Terrorist Attack
https://t.co/dSYW2awEzj",-0.835975867759116,0,1,0,1,0,40034,29014,66505,-0.668736292094756,True,,reliable,,"ManchesterArena Manchesterattack Ariana Grande Pays Tribute to The Men, Women and Children, Murdered and Maimed During Manchester Arena radical Islamic Terrorist Attack",168,22
32080,kaAQJelEmLwn,2018-05-01 06:00:00+00:00,KA3qr0,"#NoTearsLeftToCry is @ArianaGrande's first song since the Manchester Arena attack and is very likely a reference to her emotional state since the tragedy. We can’t get enough of this track, catch it on #Vh1Smash all this month. https://t.co/oyCLHGwfcF",-0.784527379658275,5,37,0,1,1,875228,1283,48294,-0.784527379658275,True,,reliable,,"NoTearsLeftToCry is 's first song since the Manchester Arena attack and is very likely a reference to her emotional state since the tragedy. We cant get enough of this track, catch it on Vh1Smash all this month.",211,37
33,rPG4pAD0maxn4,2023-03-17 18:00:12+00:00,Y4AXAlRPMkLV,@MoJGovUK How many by illegal immigrants? How many by people who should not be here in the first place? Import the third world and become the third world. The bomb at Manchester Arena wasn’t from a local was it?,-0.778253322150626,0,0,0,0,0,456,763,3069,-0.795428915239784,Fake,Refugee bomber,misinformation,Refugee bomber,How many by illegal immigrants? How many by people who should not be here in the first place? Import the third world and become the third world. The bomb at Manchester Arena wasnt from a local was it?,200,38
65933,9Z9ZoBw70XYv,2017-05-23 16:29:15+00:00,aaWLa4,Ariana Grande's Team: No Decision Yet About Suspending Tour After Manchester Arena Attack - Billboard: https://t.co/rgjwmnQfO0,-0.476657605574574,0,0,0,1,0,34689,1893,32769,-0.692279273227466,True,,reliable,,Ariana Grande's Team No Decision Yet About Suspending Tour After Manchester Arena Attack - Billboard,100,15
64262,3GLnrroOl1od,2017-05-23 18:01:00+00:00,oppnjw,A vigil is taking place in #Tarleton to remember two #Lancashire girls who died in the #Manchester Arena attack https://t.co/BQX2vc5hym,-0.771737211101106,4,8,0,1,1,30669,2998,56511,-0.486504230737039,True,,reliable,,A vigil is taking place in Tarleton to remember two Lancashire girls who died in the Manchester Arena attack,108,19
11839,vpMqVPRJjPmwb,2021-01-26 17:28:48+00:00,AQ47kmQ,"The operator of the #Manchester Arena has denied it ""deliberately sacrificed safety"" in the aftermath of the 2017 bombing. An inquiry has heard how #security #failures contributed to the arena being unsafe on the night of the attack. https://t.co/dtZw530rGb",-0.493914580573631,1,2,0,1,0,3677,3486,107678,-0.536218704777552,True,,reliable,,"The operator of the Manchester Arena has denied it ""deliberately sacrificed safety"" in the aftermath of the 2017 bombing. An inquiry has heard how security failures contributed to the arena being unsafe on the night of the attack.",230,38
11157,PZk00ZvqY3EeW,2021-03-16 17:43:00+00:00,4zxJl8DYPxMw7,"@TiernanDouieb @nottmsteve @pritipatel The Islamist rats who attacked the Manchester arena killing scores of children and the reading terror attack, that butchered 3 gay men were all done by asylum seekers, you utter moron. Along with many others here and in Europe.",-0.954476231874318,0,1,0,0,0,165,201,1598,-0.954476231874318,Fake,Refugee bomber,misinformation,Refugee bomber,"The Islamist rats who attacked the Manchester arena killing scores of children and the reading terror attack, that butchered 3 gay men were all done by asylum seekers, you utter moron. Along with many others here and in Europe.",227,39
28782,D7PVBnjn4O7P,2018-05-22 13:53:47+00:00,QmAwXLj,The victims of the Manchester Arena terror attack are remembered one year on. https://t.co/11SXclAM4m,-0.822462893624465,28,133,0,1,0,64880,0,67913,-0.577426533758745,True,,reliable,,The victims of the Manchester Arena terror attack are remembered one year on.,77,13
53908,a3AxP3K4QnG4,2017-05-24 17:40:55+00:00,Lk0pwBQ,"$30000 Raised for Homeless Man Helped Manchester Arena Attack Victims  
https://t.co/YRdHfs0QXk

#WednesdayMotivation",-0.636949942926426,0,0,0,1,0,833,2151,4456,-0.636949942926426,True,,reliable,,30000 Raised for Homeless Man Helped Manchester Arena Attack Victims WednesdayMotivation,88,11
24077,0YO6EGrNBYZr,2019-02-20 19:17:15+00:00,KZnVb6,@BILDERBERG_GP @allisonpearson It was a rescued Libyan refugee that carried out the Manchester Arena attack. We should not be accomodating any of them so blaisely.,-0.0772283284276542,0,0,0,0,0,3244,1563,55376,-0.115160718675801,Fake,Refugee bomber,misinformation,Refugee bomber,It was a rescued Libyan refugee that carried out the Manchester Arena attack. We should not be accomodating any of them so blaisely.,132,23
59956,DX3kqQQbqPPA,2017-05-24 00:20:04+00:00,4rm9Nvp,"A terrorist attack rocked the world last night. An explosion went off in Manchester, United Kingdom at 22:35pm... https://t.co/lSycMUa467",-0.7184212081071,0,0,0,1,0,2987,2671,7400,-0.7184212081071,True,,reliable,,"A terrorist attack rocked the world last night. An explosion went off in Manchester, United Kingdom at 22 35pm...",113,19
16358,3NXBlXXYK7mDR,2020-06-28 23:05:10+00:00,xddvnMG7VJ914,"@Independent France support a popular General who fights terrorism, on the other side, UK support Muslim brotherhood who is behind all terror in the region. #Manchester_arena",-0.526741537567377,0,1,0,0,0,143,227,619,-0.526741537567377,True,,reliable,,"France support a popular General who fights terrorism, on the other side, UK support Muslim brotherhood who is behind all terror in the region. Manchester arena",160,26
87889,DX3qxLG7B1bn,2017-05-23 00:24:59+00:00,6QwY1w,BREAKING: 'Gunman' outside Oldham hospital just moments after Manchester concert 'blast' #manchester #arianagrande https://t.co/byQjwahHzC,0.0,0,0,0,1,0,598,2126,19475,0.0,Fake,Oldham hospital,misinformation,Oldham hospital,BREAKING 'Gunman' outside Oldham hospital just moments after Manchester concert 'blast' manchester arianagrande,111,13
12421,4zkkBMnO0nPqY,2020-12-08 17:47:11+00:00,YMRLrvodvOKlp,"@puretruthcouk @G3MM420 https://t.co/pFTyunHl2u

video there 😂 think he should have been up for the world village idiot of the year award after that",0.0515710623129397,0,1,0,1,0,228,182,3656,0.0515710623129397,True,,reliable,,video there think he should have been up for the world village idiot of the year award after that,97,19
25274,K0DYNpnAD4XZ,2018-11-21 18:48:44+00:00,r9p3EeAYx6AM,"""Provision of timely and effective mental healthcare is an important part of ensuring they do not achieve their goals."" comments @ProfNGreenberg, founder @MarchonStress &amp; @rcpsych fellow #mentalhealth #terrorism #PTSD https://t.co/2fs9KHNG6N",0.7184212081071,2,4,0,1,0,5521,809,2750,0.7184212081071,True,,reliable,,"""Provision of timely and effective mental healthcare is an important part of ensuring they do not achieve their goals."" comments , founder amp fellow mentalhealth terrorism PTSD",177,27
60814,6WvvjewReGJr,2017-05-23 22:17:22+00:00,6oYxALj,"""Britain Raises Terrorism Threat Level, Meaning New Attack May Be Imminent - New York Times"" https://t.co/NcjTIOfzrx",-0.902174522266463,0,0,0,1,0,66,68,12612,-0.763533924602704,True,,reliable,,"""Britain Raises Terrorism Threat Level, Meaning New Attack May Be Imminent - New York Times""",92,15
10669,j7vrYKmlZd8l4,2021-05-17 04:43:53+00:00,4mJabd4,The Libyan network 'linked to the Manchester Arena attack plot' https://t.co/4sWJqwfF5b via @MailOnline,-0.476657605574574,1,1,0,1,0,1217,273,128450,-0.476657605574574,True,,reliable,,The Libyan network 'linked to the Manchester Arena attack plot' via,67,11
22504,nPBEzZrnGW1v,2019-05-22 08:03:05+00:00,jzmkl3,"Thoughts today are with the victims and all that were affected in the Manchester Arena attack two years ago.

#ManchesterRemembers #BeesForManchester",-0.700349291735761,0,3,0,0,0,1833,704,5341,-0.700349291735761,True,,reliable,,Thoughts today are with the victims and all that were affected in the Manchester Arena attack two years ago. ManchesterRemembers BeesForManchester,146,21
1406,0W378djRO0wm6,2023-02-27 19:39:31+00:00,6onvXObq1RG6D,"@Codeym369 Richard D. Hall is an honest man who deserves wide recognition for his hard work against the trash published by the MSM.

The Manchester Arena terror event was clearly staged. https://t.co/opHXK2BnG6",0.295958174200194,0,0,0,1,1,28,142,731,0.272979087100097,Fake,Conspiracy,misinformation,Conspiracy,Richard D. Hall is an honest man who deserves wide recognition for his hard work against the trash published by the MSM. The Manchester Arena terror event was clearly staged.,174,30
4256,kRro7aaWQrzLM,2022-05-22 14:52:09+00:00,Wp9K3X,"Thinking of everyone affected by the attack on Manchester Arena today, 5 years on 🐝❤️",-0.571885032070072,0,2,0,0,0,3383,729,242946,-0.571885032070072,True,,reliable,,"Thinking of everyone affected by the attack on Manchester Arena today, 5 years on",81,14
9062,majPOKwKeVBbP,2021-07-03 07:08:28+00:00,6WpL6D,"It was the hottest of challenges - imagine how these two are feeling after eating 19 red hot chilli wings. It's all in support of Arena bomb survivor @MartinHibbert and his Kilimanjaro climb @spinalinjuries @ElaineWITV can vouch for the heat!
More here: https://t.co/WAr1Wmvwgr https://t.co/3gXKCn85ld",0.421463615211762,17,50,4,1,1,330629,11190,70740,-0.543685087979864,True,,reliable,,It was the hottest of challenges - imagine how these two are feeling after eating 19 red hot chilli wings. It's all in support of Arena bomb survivor and his Kilimanjaro climb can vouch for the heat! More here,209,39
14015,lenKpLPbLpeEL,2020-10-15 12:03:59+00:00,zXd7ll,“It was only after the bomb went off that I thought ‘oh God please don’t let it have been him’.”   https://t.co/TE2ASanGlK,0.0515710623129397,0,4,3,1,0,662727,1439,362383,-0.42559874603329,True,,reliable,,It was only after the bomb went off that I thought oh God please dont let it have been him.,91,20
9495,qRw98D9Dprxeo,2021-06-17 15:35:06+00:00,LAY7JDj1AZJlQ,"An inquiry has found that the 2017 Manchester Arena bomber, Salman Abedi, should have been on the terror suspect list.",-0.68082252702501,1,2,2,0,0,735,409,383,-0.68082252702501,True,,reliable,,"An inquiry has found that the 2017 Manchester Arena bomber, Salman Abedi, should have been on the terror suspect list.",118,20
11597,D6e8JWoa0owno,2021-02-11 00:43:44+00:00,ZrXmomj,(Social media forensics applied to assessment of post-critical incident social reaction: The case of the 2017 Manchester Arena terrorist attack.) https://t.co/cEy2IHUH9i,-0.877882262306863,0,0,0,1,0,861,191,272749,-0.877882262306863,True,,reliable,,Social media forensics applied to assessment of post-critical incident social reaction The case of the 2017 Manchester Arena terrorist attack.,142,20
32586,aBODxrwxWRVQ,2018-04-11 16:48:08+00:00,NBMYGE7GraKz,"GCHQ opening new Manchester base after concert terror attack
https://t.co/i7KsP43HNH
https://t.co/ojzrHOWTdI

#News #DailyNews #newsUSA #Breaking #breakingNews #Updates #news_usa #CNN #cnn #bbc ... https://t.co/NDBdQ9HjtG",-0.757936728959867,0,0,0,1,1,47,91,8300,-0.757936728959867,True,,reliable,,GCHQ opening new Manchester base after concert terror attack News DailyNews newsUSA Breaking breakingNews Updates news usa CNN cnn bbc ...,138,21
67620,ronVLX7Xw84O,2017-05-23 15:16:51+00:00,WB1aB7v,Hull mosque leader condemns Islamic State atrocity https://t.co/xpL0IlxBS6 via @hulldailymail #manchesterattack,-0.510607056638284,3,3,0,1,0,3672,2571,276681,-0.634271892799076,True,,reliable,,Hull mosque leader condemns Islamic State atrocity via manchesterattack,71,9
4518,nO8l4LV3rWX1v,2022-05-22 09:04:21+00:00,6lYAPOb,"Discussion this morning (via Zoom) is on Terrorism.
It is 5 years since the Manchester Arena attack.
We will be discussing with our Rabbi, 'Is Terrorism inevitable in our world?'",-0.923147976982903,0,5,1,0,0,2269,1922,38259,-0.785852311933616,True,,reliable,,"Discussion this morning via Zoom is on Terrorism. It is 5 years since the Manchester Arena attack. We will be discussing with our Rabbi, 'Is Terrorism inevitable in our world?'",176,30
37024,37kE9X60XGZO,2017-12-01 22:10:55+00:00,WBWzadv,@newbeeex 23rd May day after Manchester arena attack that lol,0.0258112866459834,0,3,0,0,0,472,227,18874,0.0258112866459834,True,,reliable,,23rd May day after Manchester arena attack that lol,51,9
39194,aW91pr0vVbmQ,2017-09-10 08:47:21+00:00,XM68BM1,Peter Kay's defiant message as Manchester Arena reopens after terror attack - https://t.co/CUMHyR42RI https://t.co/prVdJWCsrU,-0.812604508328942,0,1,0,1,1,5523,50,196174,-0.753659431593218,True,,reliable,,Peter Kay's defiant message as Manchester Arena reopens after terror attack -,77,12
47810,9Z4X0QqLLZzv,2017-05-27 06:42:26+00:00,ql0zVE,#SimplyRik Manchester Arena Attack: Two More Persons Arrested https://t.co/TMkb1hcpTa Follow me on @Rikins https://t.co/Mkmtaan7Jp,-0.735147044114705,0,0,0,1,1,454,713,73123,-0.460658778827017,True,,reliable,,SimplyRik Manchester Arena Attack Two More Persons Arrested Follow me on,72,11
14658,4zmoRqpEzmRGL,2020-09-10 12:06:50+00:00,Xj0L0Y1,"A public enquiry into the terror attack at Manchester Arena by Salman Abedi has revealed that MI5 had already been alerted to him, TWICE! 

Just like in 2020 - Sudesh Amman, the Stretham terrorist  released from  prison after serving only half his sentence for terrorist offences. https://t.co/vAq2XTuK5y",-0.961761403363329,0,0,0,1,1,3111,5075,74086,-0.961761403363329,True,,reliable,,"A public enquiry into the terror attack at Manchester Arena by Salman Abedi has revealed that MI5 had already been alerted to him, TWICE! Just like in 2020 - Sudesh Amman, the Stretham terrorist released from prison after serving only half his sentence for terrorist offences.",276,46
61680,DX379AX1n1Dk,2017-05-23 21:08:07+00:00,QDDprZ4,Manchester Arena attack - Heanor man Scott Harrington describes... https://t.co/fQV1fkJnYs #derbyshire,-0.476657605574574,1,0,0,1,0,19233,18777,67483,-0.635924704876105,True,,reliable,,Manchester Arena attack - Heanor man Scott Harrington describes... derbyshire,77,10
88475,a3ZvqArW3wG4,2017-05-22 23:38:59+00:00,9lO7o7nGpr3M,"MANCHESTER ARENA:
- 20+ Dead
- Hundreds Injured
- Incident Investigated as Terror

https://t.co/HUamwPFMxj…
 https://t.co/ZLnzkeLN1P",-0.885989313829565,6,5,2,1,0,18839,7792,168677,-0.664902543917492,True,,reliable,,MANCHESTER ARENA - 20 Dead - Hundreds Injured - Incident Investigated as Terror,79,13
68235,ronVYLQL6G69,2017-05-23 14:46:59+00:00,W4LQXRA,Manchester Attack Changes the Conversation for Trump Trip - Mr. Trump is now faced with a terror attack that is... https://t.co/4q5kGNJ1wf,-0.862468816257373,0,0,0,1,0,1742,3658,1863545,-0.680594639416077,True,,reliable,,Manchester Attack Changes the Conversation for Trump Trip - Mr. Trump is now faced with a terror attack that is...,114,20
50932,0GnE3abKA1xo,2017-05-25 09:51:06+00:00,eXMXko,Eagles Of Death Metal pay tribute to the victims of the Manchester attack https://t.co/XlzwUNIwIe,-0.859064180591617,1,0,0,1,0,63570,6312,243226,-0.33593706697885,True,,reliable,,Eagles Of Death Metal pay tribute to the victims of the Manchester attack,73,13
28378,YjaxlawA9WAp,2018-05-22 17:37:39+00:00,NxqxNnz,Pupils write prayers in memory of Manchester Arena attack victims https://t.co/Z3U9xrtF3i https://t.co/NMbzNojs9b,-0.636949942926426,0,0,0,1,1,334,908,33307,-0.565924130069722,True,,reliable,,Pupils write prayers in memory of Manchester Arena attack victims,65,10
73298,9Z93kXq6D6mR,2017-05-23 11:45:51+00:00,BzRKDp,The so-called Islamic State militant group has said it was behind the attack in Manchester. https://t.co/7tlgzBEDFQ,-0.476657605574574,23,8,4,1,0,1236753,305,223021,-0.68171081687306,True,,reliable,,The so-called Islamic State militant group has said it was behind the attack in Manchester.,91,15
9785,XAzJ4YJN96aMj,2021-06-15 11:37:54+00:00,VZdo7w,"@olliehowe @cruiserscreek_ @LevinsLaw @tom_wainwright @incedigital @darrengrimes_ Also, if this was true then he wasn't seeing things 1st hand.

https://t.co/QV2vtU2rXk

Me thinks that Gregory is a bullshitter.",0.7184212081071,0,0,0,1,0,76,186,5810,0.7184212081071,True,,reliable,,"Also, if this was true then he wasn't seeing things 1st hand. Me thinks that Gregory is a bullshitter.",102,19
40424,4Ox8Av7DZw37,2017-08-16 18:10:50+00:00,rPreVbQ,Homeless 'Hero' From Manchester Arena Attack In Court Over Stolen Bank Card On Night Of Terror Incident https://t.co/wiLfXaSvnl https://t.co/UljQ5tTdSV,-0.72694578401804,0,0,0,1,1,76108,13,188780,-0.523215865314316,True,,reliable,,Homeless 'Hero' From Manchester Arena Attack In Court Over Stolen Bank Card On Night Of Terror Incident,103,17
40579,WGxzem3Q4O6V,2017-08-16 09:30:43+00:00,9GQ3nM,Noel Gallagher set to headline Manchester Arena concert as venue re-opens for first time since terrorist attack https://t.co/0JWeJMAdGs,-0.831632035280786,3,14,0,1,0,431950,921,263174,-0.553642191060163,True,,reliable,,Noel Gallagher set to headline Manchester Arena concert as venue re-opens for first time since terrorist attack,111,17
63830,0GAkMoqvYpZY,2017-05-23 18:25:08+00:00,4rznJoY,Woodward comments on Arena tragedy https://t.co/zfIgKNSIaR #MUFC #fb #fb https://t.co/FRgcwka5m9,-0.659727946850383,0,0,0,1,1,10139,115,18974,-0.443037950761459,True,,reliable,,Woodward comments on Arena tragedy MUFC fb fb,45,8
53012,0GnP3vEjl0lr,2017-05-24 19:53:35+00:00,O493eO,Harry Styles stopped his concert in Mexico to pay tribute to victims of Manchester terror attack https://t.co/fpP0Yj4btU,-0.872021592554982,0,0,0,1,0,13148,18,22219,-0.872021592554982,True,,reliable,,Harry Styles stopped his concert in Mexico to pay tribute to victims of Manchester terror attack,96,16
12220,qR7ddkqPlqzzN,2021-01-07 16:00:36+00:00,xdd4kWx8BOARL,"All the people falling for the Capitol shooting.   9.11, Boston Unbombing, Manchester Arena fake bomb, MI5 London Bombings. Come on people.  False Flags. Staged events.",-0.784527379658275,2,5,0,0,0,421,484,5011,-0.800820576998755,Fake,Conspiracy,misinformation,Conspiracy,"All the people falling for the Capitol shooting. 9.11, Boston Unbombing, Manchester Arena fake bomb, MI5 London Bombings. Come on people. False Flags. Staged events.",165,25
70096,eD8JE4KJ6RqY,2017-05-23 13:26:27+00:00,Z9jMNzj,Help raise £5000 to support families of those killed and injured in the... https://t.co/xbn5o42bvy https://t.co/r4g9zY8GPW,-0.421463615211762,0,0,0,1,1,569,335,10674,-0.421463615211762,True,,reliable,,Help raise 5000 to support families of those killed and injured in the...,73,13
84958,3GLkmNw86q3d,2017-05-23 04:41:06+00:00,jjbdWq,Parents search for kids after Ariana Grande gig attack https://t.co/hsLIwOvUqZ #uk https://t.co/NoZUqSnrPA,-0.476657605574574,1,0,0,1,1,4856,310,538787,-0.619779645032556,True,,reliable,,Parents search for kids after Ariana Grande gig attack uk,57,10
17285,ewnGo4a0dWEY4,2020-05-22 07:45:29+00:00,zlMV6r,Thinking of Manchester today and the 22 people who lost their lives in the Manchester Arena attack. Gone but certainly not forgotten. 🐝 https://t.co/DNmIZh6s1t,-0.599373159673106,1,8,0,1,1,1495,1988,6074,-0.599373159673106,True,,reliable,,Thinking of Manchester today and the 22 people who lost their lives in the Manchester Arena attack. Gone but certainly not forgotten.,133,22
76149,0GA4eLkqpAb6,2017-05-23 10:10:32+00:00,VwVprAm,I strongly condemn the barbaric attack in the foyer of the #Manchester Arena killing innocent &amp; vulnerable ppl.Thoughts are with the victims,-0.862468816257373,0,0,0,0,0,1302,75,51189,-0.862468816257373,True,,reliable,,I strongly condemn the barbaric attack in the foyer of the Manchester Arena killing innocent amp vulnerable ppl.Thoughts are with the victims,141,22
29481,06GMKdV3Do86,2018-05-22 09:58:16+00:00,rzeE9xEvLwLQ,At 2.30pm today the children will remember the victims of the Manchester Arena attack. We will have poems and prayers followed by a minute's silence 💛🖤🐝 #manchestertogether,-0.636949942926426,0,6,0,0,0,451,131,417,-0.305569328140222,True,,reliable,,At 2.30pm today the children will remember the victims of the Manchester Arena attack. We will have poems and prayers followed by a minute's silence manchestertogether,167,26
60048,ronbXAONovBm,2017-05-24 00:09:48+00:00,d9el81Y,#NEFollowers #aloecentre Manchester attack: Everything we know about the bombing at the Manchester Arena Ariana... https://t.co/2F9kmPfu62,-0.476657605574574,0,0,0,1,0,131,218,2134,-0.476657605574574,True,,reliable,,NEFollowers aloecentre Manchester attack Everything we know about the bombing at the Manchester Arena Ariana...,111,15
81108,3GL6V4VZDam0,2017-05-23 07:36:54+00:00,1Aor0rM,"The latest from Manchester: 22 dead, 59 injured. I'll be covering for Morning Edition. @sorayasarhaddinelson  @the… https://t.co/4xkggi49as",-0.790569415042095,5,2,0,1,0,22071,3227,14329,-0.395284707521047,True,,reliable,,"The latest from Manchester 22 dead, 59 injured. I'll be covering for Morning Edition.",85,14
7681,lex63v1OM77kK,2021-10-15 19:09:50+00:00,nOzPONzZVPwlG,"@Lagertha763AD @Flashma78139552 @pritipatel Yes , joe bloggs ? Manchester Arena , Tavistock bomb.  Underground , Parsons Green?? Hello ? It’s us",-0.128036879932896,10,46,1,0,0,165,435,9607,-0.475249886778681,True,,reliable,,"Yes , joe bloggs ? Manchester Arena , Tavistock bomb. Underground , Parsons Green?? Hello ? Its us",98,18
29703,wrZXKqXDwYaQ,2018-05-22 08:51:14+00:00,rXaaE1,Today marks the anniversary of the Manchester Arena bombing. We would like to remember the 22 people who tragically lost their lives and the many more who were injured in the attack. https://t.co/2blPP039Ua,-0.851896017079914,0,2,0,1,1,1977,2942,5031,-0.816879252626591,True,,reliable,,Today marks the anniversary of the Manchester Arena bombing. We would like to remember the 22 people who tragically lost their lives and the many more who were injured in the attack.,182,32
69591,DX31840PAP0k,2017-05-23 13:47:14+00:00,MzEVm8,"Ronnie Hughes' daughter Sarah Hughes suffered minor injuries in Manchester Arena terror attack, he has confirmed https://t.co/0rOtS0xpHE",-0.909989136872722,1,0,0,1,1,7032,3404,79762,-0.486400311660714,True,,reliable,,"Ronnie Hughes' daughter Sarah Hughes suffered minor injuries in Manchester Arena terror attack, he has confirmed",112,16
15224,vpAlnVZMLn74n,2020-08-23 11:59:40+00:00,B8exBaX,"‘Two and a half years for each life they took is cheap.’ I spoke Piotr Chylewski, Glasgow survivor of the Manchester Arena bomb, after the sentencing of Hashem Abedi. In today’s @SundayTimesScot, @Sunday_Post and #SundayExpress https://t.co/i7CIJPafIv",-0.318210996771242,0,5,0,1,0,6957,4912,13299,-0.0940133185818013,True,,reliable,,"Two and a half years for each life they took is cheap. I spoke Piotr Chylewski, Glasgow survivor of the Manchester Arena bomb, after the sentencing of Hashem Abedi. In todays , and SundayExpress",194,34
62898,9Z9kEkxRwB4Q,2017-05-23 19:25:05+00:00,OORvzp,Morrissey releases statement about Manchester Arena attack https://t.co/PnRY2ObRAx https://t.co/vk60i14ibb,-0.476657605574574,22,42,2,1,1,361797,5001,95568,-0.476657605574574,True,,reliable,,Morrissey releases statement about Manchester Arena attack,58,7
31629,rm9v7DE39YDM,2018-05-16 09:28:37+00:00,dVw6ErbKxr98,"Image copyright PA Image caption Assistant Chief Constable Russ Jackson says the lives of those injured ""have been altered forever"" More than 800 people are now known to have suffered... https://t.co/bhFAJ1STr1",-0.709560194985489,0,0,0,1,0,74,83,67052,-0.371535230347919,True,,reliable,,"Image copyright PA Image caption Assistant Chief Constable Russ Jackson says the lives of those injured ""have been altered forever"" More than 800 people are now known to have suffered...",186,30
10600,XAzb3aYRZvAjd,2021-05-19 20:20:29+00:00,w7w1VnDPBm3Q,Check out this episode on @breaker:  https://t.co/9PRvvtuY3E,0.0,0,0,0,1,0,581,5001,72115,-0.580447174831121,True,,reliable,,Check out this episode on,25,5
26289,vwp4AQ9m4Vdb,2018-08-28 19:41:23+00:00,9XZKE3kqWnQ8,"22.05.17 I was meeting my idol in Manchester arena when a horrific attack happened but I’m strong I’m a survivor and I cannot wait to give back not let hate win and accomplish my dreams!!
 Run into danger and save people for a living! @ArianaGrande #studentparamedic https://t.co/3yS3SyYmHq",0.25,0,0,0,1,1,44,157,517,0.0863858357861728,True,,reliable,,22.05.17 I was meeting my idol in Manchester arena when a horrific attack happened but Im strong Im a survivor and I cannot wait to give back not let hate win and accomplish my dreams!! Run into danger and save people for a living! studentparamedic,248,45
43387,rO3mOMrZVod9,2017-06-08 05:25:07+00:00,obNLZ4w,"This is how west endorsed jihadism, which lead to #terrorism in west. Not only Islam to blame. Right? @ProSyn https://t.co/yjFfCxbWeF",-0.102733099387503,0,0,0,1,0,31,178,1332,-0.102733099387503,True,,reliable,,"This is how west endorsed jihadism, which lead to terrorism in west. Not only Islam to blame. Right?",100,18
52466,wZxmBlzKdooY,2017-05-24 21:48:38+00:00,0KPNjpYejEkw,"US intelligence departments desperate to discredit Trump administration, so this Manchester leak is no surprise. https://t.co/S00HedLtEn",0.128036879932896,1,0,0,1,0,6371,5663,28044,-0.325108221108865,True,,reliable,,"US intelligence departments desperate to discredit Trump administration, so this Manchester leak is no surprise.",112,15
85642,DX3RrVoq1nQo,2017-05-23 03:30:04+00:00,wj0bPOOwxDBR,Manchester Arena terror attack: Who is Ariana Grande?... https://t.co/p1SA1IuZdd,-0.757936728959867,0,0,0,1,0,1962,1754,47534,-0.660911095171514,True,,reliable,,Manchester Arena terror attack Who is Ariana Grande?...,55,8
75597,0GA4P9oYOvQv,2017-05-23 10:26:49+00:00,4DnDqW,So very sad. Homeless man in Manchester Arena cradles dying woman in arms https://t.co/gC0GJHaHwR,-0.476657605574574,0,0,0,1,0,4127,2492,318453,-0.687174409274899,True,,reliable,,So very sad. Homeless man in Manchester Arena cradles dying woman in arms,73,13
1446,3NVbJWZv69VM0,2023-02-23 20:03:46+00:00,rqpjO9GYonv9,"@libdavmor @teresadg0 @ColinBrazierTV She admitted sowing suicide in to bomb vest wasn't bothered about bins full of heads which she must of seen it happen, called Manchester arena justified we may never know what else she was party two and there seems some doubt that the children even existed!",-0.892367684928432,0,1,0,0,0,760,258,146644,-0.892367684928432,True,,reliable,,"She admitted sowing suicide in to bomb vest wasn't bothered about bins full of heads which she must of seen it happen, called Manchester arena justified we may never know what else she was party two and there seems some doubt that the children even existed!",257,46
48633,0GYPdpjnVPdE,2017-05-26 13:06:07+00:00,rovd6kYO668O,Wayne Rooney pleads for more donations towards families https://t.co/lN15sg1dAg #sport #news #football #tennis #basket #live #stream,0.0,0,0,0,1,0,42,58,65018,-0.102069600430911,True,,reliable,,Wayne Rooney pleads for more donations towards families sport news football tennis basket live stream,101,15
61271,ronRBxQ3vkXb,2017-05-23 21:37:16+00:00,noxBYKE,@stevebrookstein X FACTOR flop Steve Brookstein sparked outrage today by suggesting Theresa May could have been behind the Manchester Arena terror attack.,-0.904216237352023,0,0,1,0,0,39,60,2016,-0.904216237352023,True,,reliable,,X FACTOR flop Steve Brookstein sparked outrage today by suggesting Theresa May could have been behind the Manchester Arena terror attack.,137,21
71582,V9ArZK0PAjq7,2017-05-23 12:33:44+00:00,V3xOMa0,"I'm going now 😪😪😪I mean, EIGHT YEARS OLD for goodness sake... #ManchesterBombing  https://t.co/HwtUxJkVxY https://t.co/1TgKecy2hy",0.458831467741123,0,0,0,1,1,1661,2080,43781,-0.139857827654972,True,,reliable,,"I'm going now I mean, EIGHT YEARS OLD for goodness sake... ManchesterBombing",76,12
1543,d6r4oDoQXavr8,2023-02-22 16:22:23+00:00,wpvBM7Kox08d3,"@UsmanKhanLaw @DrProudman She said this at 19.
The Manchester Arena attack was “justified” because of airstrikes that have killed civilians in Syria, Shamima Begum has claimed.
What's your view?",-0.709560194985489,0,0,0,0,0,44,38,3739,-0.707257469173057,True,,reliable,,"She said this at 19. The Manchester Arena attack was justified because of airstrikes that have killed civilians in Syria, Shamima Begum has claimed. What's your view?",166,27
22519,o4EnAAmP40ZX,2019-05-22 08:00:00+00:00,Ld3l4zdmvdR3,"On this day 2017 Manchester was shook to its core. A bomb at the Ariana Grande concert at Manchester Arena took 22 lives, including children, and injured over 800 people both physically and psychologically. Since that night Manchester has not lay down and never will lie down. https://t.co/GQ2qfrXTqc",-0.743037755434939,0,12,0,1,1,2303,970,3121,-0.358613234394478,True,,reliable,,"On this day 2017 Manchester was shook to its core. A bomb at the Ariana Grande concert at Manchester Arena took 22 lives, including children, and injured over 800 people both physically and psychologically. Since that night Manchester has not lay down and never will lie down.",276,47
9514,pkAW43pJOK9XK,2021-06-17 14:59:14+00:00,ewnKbmZq9K3YY,"Manchester Arena Inquiry: Bomber 'should have been identified as a threat' via @BBCNews @UKNILO | #security #prevention #prevent #highthreat #threat #threats #bomber #explosives #attack #violence #terrorism #publicsafety #lessons #bombing #response
https://t.co/sJoDw7KAkY",-0.526741537567377,0,1,0,1,0,384,395,3219,-0.429408322454994,True,,reliable,,Manchester Arena Inquiry Bomber 'should have been identified as a threat' via security prevention prevent highthreat threat threats bomber explosives attack violence terrorism publicsafety lessons bombing response,213,27
20600,9wWDWMj0QqZR,2019-08-09 18:54:13+00:00,8EbpWan,"As for show some humanity, how about you show some to the families of those kids killed in Manchester Arena bomb. Killed by a refugee/asylum seeker who this country rescued, clothed, fed and gave money to every week. How did he repay our kindness ? https://t.co/GnjjsLZbrV",-0.812604508328942,0,0,1,1,0,607,471,29058,-0.876954161487611,Fake,Refugee bomber,misinformation,Refugee bomber,"As for show some humanity, how about you show some to the families of those kids killed in Manchester Arena bomb. Killed by a refugee asylum seeker who this country rescued, clothed, fed and gave money to every week. How did he repay our kindness ?",248,46
53632,Mbj1zNdYpezW,2017-05-24 18:17:50+00:00,RDK1L8l,"So what about the special relationship?? FFS! Found at the Scene in Manchester: A Detonator, Shrapnel and a Battery https://t.co/TauT0adijJ",-0.273212885294474,1,0,0,1,0,628,1472,90703,-0.273212885294474,True,,reliable,,"So what about the special relationship?? FFS! Found at the Scene in Manchester A Detonator, Shrapnel and a Battery",114,19
67827,xrQVKxMLG1X0,2017-05-23 15:07:08+00:00,ZO3wAN,"@cnn IDIOTS calling this an Explosion!! Instead of Terrorist Attack by Radical Islamist..CNN side with Terrorists?😢😡
https://t.co/WINpvF83YV",-0.950131023941226,2,1,0,1,0,11055,12107,54062,-0.950131023941226,True,,reliable,,IDIOTS calling this an Explosion!! Instead of Terrorist Attack by Radical Islamist..CNN side with Terrorists?,109,15
63037,eD8qznApAdko,2017-05-23 19:12:44+00:00,wK0zoY,prayers to the victims who died and injured in the Manchester Arena Bomb!!!,-0.890978546741256,0,0,0,0,0,23,14,9878,-0.890978546741256,True,,reliable,,prayers to the victims who died and injured in the Manchester Arena Bomb!!!,75,13
7244,zRZKrlGOeAona,2021-10-25 16:30:03+00:00,rKxXwW1ZXAYQ,"UK National News 

The father of the Manchester Arena bomber influenced his son's extremist beliefs, a senior MI5 officer has told the inquiry into the attack.

To read this article in full visit:
https://t.co/jSsFow8HkL https://t.co/54f9mqcs6t",-0.476657605574574,0,0,0,1,1,213,56,36109,-0.804907113752075,True,,reliable,,"UK National News The father of the Manchester Arena bomber influenced his son's extremist beliefs, a senior MI5 officer has told the inquiry into the attack. To read this article in full visit",192,33
61804,a3ZBrBx7Jem4,2017-05-23 21:00:16+00:00,MBxwjez,Ariana Grande gets set to host SNL as Taran Killam aims fire at her height #ArianaGrande https://t.co/dCX3PuNpOc #ArianaGrande,-0.339950051825042,0,0,0,1,0,15094,18312,905765,-0.0869772193148119,True,,reliable,,Ariana Grande gets set to host SNL as Taran Killam aims fire at her height ArianaGrande ArianaGrande,100,17
20517,V1mBBpZP4Qoe,2019-08-30 06:56:07+00:00,OV4AN9G,"In the months preceding the attack, as the number of refugees fleeing Syria and North Africa for the safety of Europe dramatically increased,  several EU countries temporarily suspended their Schengen open border commitment&gt;https://t.co/t805iHPjLi",0.401923825269382,0,0,0,1,0,5901,3527,369982,-0.125883325435208,Fake,Refugee bomber,misinformation,Refugee bomber,"In the months preceding the attack, as the number of refugees fleeing Syria and North Africa for the safety of Europe dramatically increased, several EU countries temporarily suspended their Schengen open border commitment gt",225,34
5977,PZ1AaP6vVNG9p,2022-02-10 15:05:29+00:00,qAa7eeL,"The Council said the city ""will not tolerate any disrespect"".https://t.co/Khs63R9raN",-0.421463615211762,0,4,2,1,0,194803,992,14739,-0.17586478397979,True,,reliable,,"The Council said the city ""will not tolerate any disrespect"".",61,10
17025,AAQmBnnXKWAlQ,2020-05-22 10:04:13+00:00,ej00Nr,"Today is the anniversary of two horrific attacks in the UK. The murder of Lee Rigby and also the Manchester Arena bomb attack. I hope everyone is feeling as okay as they can be, and if you're having a rough day, I hope you have the support you need 🐝❤️",-0.862468816257372,0,7,0,0,0,4628,1181,86303,-0.862468816257372,True,,reliable,,"Today is the anniversary of two horrific attacks in the UK. The murder of Lee Rigby and also the Manchester Arena bomb attack. I hope everyone is feeling as okay as they can be, and if you're having a rough day, I hope you have the support you need",248,49
86088,4GpX0A94AvWE,2017-05-23 02:47:22+00:00,bBLNvX,Manchester Arena terror attack: Video shows music fans clambering over seats trying to escape horror g... https://t.co/xLr1zGaICM #Scotland https://t.co/pprDjCBfqV,-0.801995608018326,0,0,0,1,1,17109,17522,306125,-0.783210960863813,True,,reliable,,Manchester Arena terror attack Video shows music fans clambering over seats trying to escape horror g... Scotland,113,17
10726,WB77KRP0ZWbXX,2021-05-10 13:58:37+00:00,ewkzBYo,"Manchester Arena Inquiry: Police radio operator 'felt sick with stress' - https://t.co/slfJG6NSY9

David Myerscough says dealing with constant important calls after the Arena bomb was “horrendous”.

BBC News

NewsATW",-0.906197782642367,0,0,0,1,0,1808,1784,728341,-0.565232006517339,True,,reliable,,Manchester Arena Inquiry Police radio operator 'felt sick with stress' - David Myerscough says dealing with constant important calls after the Arena bomb was horrendous. BBC News NewsATW,186,28
53690,wZx0KVXexPKa,2017-05-24 18:06:16+00:00,DqdOxr7,how did new york times get photos before british media??? https://t.co/KtRZaFuwox,0.0,0,0,0,1,0,311,1345,22690,0.0,True,,reliable,,how did new york times get photos before british media???,57,10
53302,WPnwLW13dpVw,2017-05-24 19:02:17+00:00,vbomMG,"5th arrest in #ManchesterBombing  as police look for role of 'network' in attack https://t.co/3xoCP02cHm
#SalmanAbedi 
#Manchester
#Tripoli",-0.670478399654806,0,0,0,1,0,6612,7178,115211,-0.665419095841475,True,,reliable,,5th arrest in ManchesterBombing as police look for role of 'network' in attack SalmanAbedi Manchester Tripoli,109,16
86478,wZ7GJRnGpGrG,2017-05-23 02:11:28+00:00,dBlkB73ElxmO,#AceNewsReport VIDEO: Chaos at UK’s Manchester Arena after Ariana Grande concert blast; police treating as… https://t.co/3nT3XfN2FG,-0.571885032070072,0,0,0,1,0,179,284,121785,-0.575612717234131,True,,reliable,,AceNewsReport VIDEO Chaos at UKs Manchester Arena after Ariana Grande concert blast police treating as,102,15
26192,1JkamrJm7pWe,2018-09-10 18:35:04+00:00,lebl31B,Exclusive: Manchester Arena attack report. Thank you for all the feedback coming in - as requested here is the full 10 minute version. There will be more of this interview tomorrow @GranadaReports https://t.co/7w6HCBiaPN,-0.0258112866459834,6,14,3,1,0,39543,867,23720,-0.484382399965101,True,,reliable,,Exclusive Manchester Arena attack report. Thank you for all the feedback coming in - as requested here is the full 10 minute version. There will be more of this interview tomorrow,179,31
24488,947Ez3BJl7aG,2019-01-29 22:55:59+00:00,6XZ7w3lPakkm,"Massive Attack at the Manchester Arena. What a disappointment. Impersonal, dull and accompanied by annoying Curtis videos",-0.920131212221786,0,8,5,0,0,0,0,12,-0.920131212221786,True,,reliable,,"Massive Attack at the Manchester Arena. What a disappointment. Impersonal, dull and accompanied by annoying Curtis videos",121,17
32797,rmDdNvNd7rkm,2018-04-07 07:44:53+00:00,kpNjGm4,"@RAIL I'm gobsmacked at this article, and how anybody could possibly think such ""entertainment"" was appropriate. Especially when the rail industry (Northern and Network Rail) were so directly affected by the aftermath of the Manchester Arena attack, only last year.",-0.226347954672536,1,0,0,0,0,344,842,13139,-0.226347954672536,True,,reliable,,"I'm gobsmacked at this article, and how anybody could possibly think such ""entertainment"" was appropriate. Especially when the rail industry Northern and Network Rail were so directly affected by the aftermath of the Manchester Arena attack, only last year.",257,39
9866,6oP8oePOMnAkJ,2021-06-05 22:27:10+00:00,LdpM3nQO9axX,@JackWPolitics @PoliticsForAlI @Telegraph What about the victims of the Manchester Arena bombing or the victims of the 2017 London Bridge attack can they have a second chance?,-0.648556646884329,0,0,0,0,0,6922,281,26636,-0.648556646884329,True,,reliable,,What about the victims of the Manchester Arena bombing or the victims of the 2017 London Bridge attack can they have a second chance?,133,24
70515,QR7wvLNxbZM4,2017-05-23 13:08:32+00:00,VdQx6AapvM77,Just In! ISIS Claims Responsibility Of Manchester Arena Attack https://t.co/5OMAdKGaem https://t.co/cqyLvFgO5L,-0.476657605574574,0,0,0,1,1,1052,2122,23848,-0.476657605574574,True,,reliable,,Just In! ISIS Claims Responsibility Of Manchester ArenaAttack,61,8
71985,xrQ1xB7RGbLD,2017-05-23 12:22:07+00:00,9VDBLGp,Toll From Concert Attack Rises to Many Are Children https://t.co/xtrTJQYyBJ,-0.476657605574574,0,0,0,1,0,61,0,53826,-0.600261717354961,True,,reliable,,Toll From Concert Attack Rises to Many Are Children,51,9
49837,V9EAzR3kVVBm,2017-05-25 15:58:39+00:00,w4Dz6GwvnQRG,"These are the 22 victims of the Manchester Arena terror attack

https://t.co/igPexoDwHE

INCREDIBLE &amp; MOVING TRIBUTE BY @MENnewsdesk.",-0.822462893624465,0,0,0,1,0,295,529,1432,0.142441253417809,True,,reliable,,These are the 22 victims of the Manchester Arena terror attack INCREDIBLE amp MOVING TRIBUTE BY .,97,17
24350,6ZVoj1DeLNp3,2019-02-17 17:13:09+00:00,6meYj3D,"@RodTheMod4 @beaumont_andrew @PaulCarmichaelV @lbcbreaking @LBC Did this woman cause the Manchester Arena attack?

According to her she was just a house wife, unless you have evidence to proof otherwise.",-0.476657605574574,0,0,1,0,0,1619,2178,27406,-0.60590232484464,True,,reliable,,"Did this woman cause the Manchester Arena attack? According to her she was just a house wife, unless you have evidence to proof otherwise.",138,24
16422,YMZLp9YdwxnYl,2020-06-22 00:53:45+00:00,vlqWbBwjEddb,"Salman Ramadan Abedi was also a ""refugee"" who carried out the suicide bomb attack at Manchester Arena on 22 May 2017  killing 22 and injuring many more mostly children. https://t.co/43fnFOJtBZ",-0.945088790832732,0,2,0,1,0,3811,4761,97608,-0.951215774858999,Fake,Refugee bomber,misinformation,Refugee bomber,"Salman Ramadan Abedi was also a ""refugee"" who carried out the suicide bomb attack at Manchester Arena on 22 May 2017 killing 22 and injuring many more mostly children.",167,29
913,PZXJrGJVVQx3j,2023-03-02 17:32:33+00:00,Knejnn,"A profound apology from MI5 on not preventing the Manchester Arena bomb.
I say fair play to them. They made mistakes and they will learn from them.",-0.202288694969669,0,0,1,0,0,3463,3644,37974,-0.177690901946809,True,,reliable,,A profound apology from MI5 on not preventing the Manchester Arena bomb. I say fair play to them. They made mistakes and they will learn from them.,147,27
29213,NmkApv4DEJEq,2018-05-22 11:33:00+00:00,dpZk19G,"Last year's Manchester Arena attack left many people feeling scared. If you need help, we're here for you: https://t.co/spEI8xByA7 https://t.co/K889Asa7up",-0.421463615211762,1,1,0,1,1,7212,643,8220,0.199593452632468,True,,reliable,,"Last year's Manchester Arena attack left many people feeling scared. If you need help, we're here for you",105,18
24069,a4k4aGOz0mbJ,2019-02-20 22:33:45+00:00,0deE3W9BJN76,"@sophielevin11 Don't think your example is in any way relevant to her.
Her cold attitude to the Manchester arena attack was shocking.",-0.700349291735761,0,2,0,0,0,698,5005,24194,-0.139442838262,True,,reliable,,Don't think your example is in any way relevant to her. Her cold attitude to the Manchester arena attack was shocking.,118,21
79236,9Z9jlXPG0jR8,2017-05-23 08:48:15+00:00,pXAq4V,"⏰ $BNews:Manchester Arena blast
• 22 dead
• At least 59 injured
• Suspected suicide attack
• Emergency ☎ 016185694… https://t.co/CueoUn3OO6",-0.934200479096977,0,0,0,1,0,6893,342,1268963,-0.56050882903139,True,,reliable,,BNews Manchester Arena blast 22 dead At least 59 injured Suspected suicide attack Emergency 016185694,101,15
11728,Za3bwo9GqGJZb,2021-02-03 17:06:19+00:00,AR8qrL,"A counter-terror chief has expressed confusion over why police would declare a marauding terrorist firearms attack and not tell other emergency services, the Manchester Arena inquiry has heard https://t.co/kvgRzW1whl",-0.943242218283799,1,5,0,1,0,332050,1075,76752,-0.561227920005825,True,,reliable,,"A counter-terror chief has expressed confusion over why police would declare a marauding terrorist firearms attack and not tell other emergency services, the Manchester Arena inquiry has heard",192,28
40357,6boEzjkOrDbj,2017-08-17 14:17:09+00:00,v4zJqPE9ow07,"Guys I was at the Ariana Manchester arena attack and I went to one love, I really want to go to the reopening but it's sold out...",0.400534810765945,0,0,0,0,0,270,755,5705,-0.227503384249966,True,,reliable,,"Guys I was at the Ariana Manchester arena attack and I went to one love, I really want to go to the reopening but it's sold out...",130,27
8660,1P6ajPMxRzeOe,2021-07-30 14:41:30+00:00,wpRd4DLPAvwvG,"@Concern46533668 Let me remind you that the Manchester arena bomber was an asylum-seeker from Libya, And you can pretty much guarantee that in the next few years there will be another terrorist attack and it will turn out that those who committed the attack came here via France in a dinghy.",-0.68082252702501,0,0,0,0,0,5,63,857,-0.68082252702501,Fake,Refugee bomber,misinformation,Refugee bomber,"Let me remind you that the Manchester arena bomber was an asylum-seeker from Libya, And you can pretty much guarantee that in the next few years there will be another terrorist attack and it will turn out that those who committed the attack came here via France in a dinghy.",274,50
60856,RaQQA30dKn4j,2017-05-23 22:13:29+00:00,rEla3Q,All of the team at the Motorpoint Arena Nottingham are shocked and deeply saddened by the horrific attack at... https://t.co/4b6bnKL2uh,-0.932929183699519,0,0,0,1,0,7455,2212,12440,-0.932929183699519,True,,reliable,,All of the team at the Motorpoint Arena Nottingham are shocked and deeply saddened by the horrific attack at...,111,19
40797,67zZlmqO1WEw,2017-08-15 14:18:36+00:00,931BKBp,#UK #Manchester - Arena attack: Bomber received permission from #IS in #Syria and recruiter in Dallas - https://t.co/ytDvW7cNoi,-0.476657605574574,22,6,2,1,0,22171,1754,28698,-0.625560469675412,True,,reliable,,UK Manchester - Arena attack Bomber received permission from IS in Syria and recruiter in Dallas -,98,17
56733,WPnAxVNlr3OY,2017-05-24 11:12:09+00:00,lbeeKJLrPADE,POLAND UK TERROR - Poland opens investigation into Polish victims of Manchester Arena attack https://t.co/1JEyDFrVil,-0.822462893624465,0,0,0,1,0,3,11,829,-0.827732010105489,True,,reliable,,POLAND UK TERROR - Poland opens investigation into Polish victims of Manchester Arena attack,92,14
16434,WBeJpbYzEDz8V,2020-06-21 11:25:35+00:00,pD4QoRz,"The suspect for the Reading terrorist attack, is thought to be a 25-year-old Libyan asylum seeker.

Strikes some parallels with Salman Abedi (born Dec 1994) who carried out the 2017 Manchester Arena terrorist attacks. 

Abedi was born to Libyan-born refugees who resettled in UK.",-0.960119896277269,14,57,2,0,0,35750,2885,20653,-0.873281639676883,Fake,Refugee bomber,misinformation,Refugee bomber,"The suspect for the Reading terrorist attack, is thought to be a 25-year-old Libyan asylum seeker. Strikes some parallels with Salman Abedi born Dec 1994 who carried out the 2017 Manchester Arena terrorist attacks. Abedi was born to Libyan-born refugees who resettled in UK.",274,44
78309,3GLrD089b3x0,2017-05-23 09:08:32+00:00,4mDMmGq,1. Mourning for Manchester: A deadly attack outside an Ariana Grande concert at Manchester Arena in the U.K.... https://t.co/t3uS1OQ17l,-0.7184212081071,0,0,0,1,0,1273,574,587784,-0.40103175945506,True,,reliable,,1. Mourning for Manchester A deadly attack outside an Ariana Grande concert at Manchester Arena in the U.K....,110,18
36330,B4OPWkoVKYPz,2017-12-13 07:15:29+00:00,ZOz1Pe,The Sun Military Awards - the #Millies - are tonight. Be inspired by these heroes: https://t.co/FGpxhMnupb,0.883373371622447,14,25,4,1,0,2066438,368,704899,-0.548674987333387,True,,reliable,,The Sun Military Awards - the Millies - are tonight. Be inspired by these heroes,80,15
59987,3GLWvRPxMJVv,2017-05-24 00:17:43+00:00,Lr9ZVqK,#latest #world Manchester Arena attack: Scots girl still missing https://t.co/uYHGDjyyFD #news #trending #latest #world #news https://t.co/nTp9TmQJTQ,-0.648556646884329,0,0,0,1,1,267,49,126155,-0.658489151216852,True,,reliable,,latest world Manchester Arena attack Scots girl still missing news trending latest world news,93,14
31065,wrV3kDqNrJev,2018-05-19 20:02:53+00:00,ALdWJL6,"As we begin the anniversary remembrance of the Manchester Arena attack, I'll be speaking after 7 tomorrow on @BBCBreakfast TV then @BBCR4Sunday and finally @BBCRadioManc just after 8. Then I'm off to celebrate Pentecost with St Martin's, Droylsden.",0.153093108923949,4,25,1,0,0,12482,637,9998,-0.124396780036051,True,,reliable,,"As we begin the anniversary remembrance of the Manchester Arena attack, I'll be speaking after 7 tomorrow on TV then and finally just after 8. Then I'm off to celebrate Pentecost with St Martin's, Droylsden.",207,35
1560,K3eEbarD4xEM4,2023-02-22 13:45:12+00:00,enxv4Pr,"@Temerai99243452 @DrProudman Exactly T - she justified the Manchester Arena attack, she is evil. 😠",-0.700349291735761,0,18,2,0,0,29464,15745,191098,-0.588996665371035,True,,reliable,,"Exactly T - she justified the Manchester Arena attack, she is evil.",67,12
89037,79YkAGNo9x16,2017-05-22 22:16:11+00:00,qr49M7A,"can't believe what's happening hope it's not a bomb, everyone at or near Manchester arena stay safe",0.381819167922678,1,0,0,0,0,2172,95,23269,0.381819167922678,True,,reliable,,"can't believe what's happening hope it's not a bomb, everyone at or near Manchester arena stay safe",99,17
88672,WPJmwXYnMX7V,2017-05-22 23:15:43+00:00,wLL97jkD3XAv,what's your opinion on the manchester arena attack? — it was awful and im glad most people got out of the... https://t.co/vJYVYtFmYd,-0.476657605574574,0,1,0,1,0,7679,90,55502,-0.476657605574574,True,,reliable,,what's your opinion on the manchester arena attack? it was awful and im glad most people got out of the...,106,20
11433,WBpAdEoGWRPzv,2021-02-26 10:05:49+00:00,bXabbjd,"Plans to make it a legal requirement for venues to protect against terror attacks following Manchester Arena bombing by Salman Abedi
#CulturalEnrichment
#DecoloniseTheUK
#DiversityIsOurStrength
#EnglandIsntEnglandAnyMore
#RefugeesWelcome
#NewBritain

https://t.co/6wcUKuINdw https://t.co/vqGcEkuThp",-0.526741537567377,0,0,0,1,1,2337,4613,41777,-0.625616878241805,Fake,Refugee bomber,misinformation,Refugee bomber,Plans to make it a legal requirement for venues to protect against terror attacks following Manchester Arena bombing by Salman Abedi CulturalEnrichment DecoloniseTheUK DiversityIsOurStrength EnglandIsntEnglandAnyMore RefugeesWelcome NewBritain,243,27
75089,V9AK9nNJako8,2017-05-23 10:44:25+00:00,XAPqJJq,thoughts go out to all those involved in the Manchester Arena attack ❤️,-0.476657605574574,0,0,0,0,0,321,810,1896,-0.476657605574574,True,,reliable,,thoughts go out to all those involved in the Manchester Arena attack,68,12
75249,WPJKD3bbL8mY,2017-05-23 10:38:48+00:00,BzB3qmn,Gossip: Manchester Arena attack: Taylor Swift leads tributes https://t.co/KvJsQFLghf,-0.458831467741123,0,0,0,1,0,1191,1783,29721,-0.522356616593643,True,,reliable,,Gossip Manchester Arena attack Taylor Swift leads tributes,58,8
11263,nOY3RVArG30JJ,2021-03-08 14:57:00+00:00,lAQ8d0X,"Police appeal following an arson attack in Sheffield on Saturday that caused extensive damage to a memorial bench for Kelly Brewster.

Kelly, from Sheffield, was murdered in the Manchester Arena bombing in May 2017

https://t.co/0O3Rq1U6gq https://t.co/gpTjUfsysq",-0.89335803114606,2,3,1,1,1,5176,2536,5563,-0.653760216041056,True,,reliable,,"Police appeal following an arson attack in Sheffield on Saturday that caused extensive damage to a memorial bench for Kelly Brewster. Kelly, from Sheffield, was murdered in the Manchester Arena bombing in May 2017",213,34
47986,DXkJ9llQWjMn,2017-05-27 00:30:11+00:00,JRmeN8D,Erdogan Supporters to Bombing Victims: 'You Deserve It'… https://t.co/CYua3J9ClE,0.0,0,0,0,1,0,526,548,205374,-0.58514541280405,True,,reliable,,Erdogan Supporters to Bombing Victims 'You Deserve It',54,8
39973,RG4QrVe9Mjr3,2017-08-30 20:30:28+00:00,7E6vQL1,Man United and Barcelona Legends to hold minute's silence for victims of Manchester Arena terror attacks https://t.co/jDiBLH4Ab1 https://t.co/sEKPZaZBhy,-0.700349291735761,0,1,0,1,1,13596,195,32861,-0.588503448655168,True,,reliable,,Man United and Barcelona Legends to hold minute's silence for victims of Manchester Arena terror attacks,104,16
143,9EdeEWd9oakjG,2023-03-09 06:39:28+00:00,AR8qrL,"The charity watchdog has opened a probe into a mosque that was criticised by the Manchester Arena bomb inquiry.
https://t.co/HVz42TYmYH",-0.493914580573631,0,4,0,1,0,332050,1075,76752,-0.561227920005825,True,,reliable,,The charity watchdog has opened a probe into a mosque that was criticised by the Manchester Arena bomb inquiry.,111,19
67883,wZ7VGAWkX4wY,2017-05-23 15:04:19+00:00,bv9bkD,Armed raid carried out in #Fallowfield (where my daughter lives) in connection to #ManchesterTerrorAttack https://t.co/R1vxwSyg40,0.0,0,0,0,1,0,13101,4326,152723,-0.36381460092313,True,,reliable,,Armed raid carried out in Fallowfield where my daughter lives in connection to ManchesterTerrorAttack,101,14
78176,ronQPq9YWWqQ,2017-05-23 09:11:01+00:00,LA6kLva,"Our thoughts and condolences are with all those affected by last night’s tragic events. #StandTogether

https://t.co/6S0CqXvJ2a",-0.557370401713154,0,0,0,1,0,2922,1257,9676,-0.419185235178877,True,,reliable,,Our thoughts and condolences are with all those affected by last nights tragic events. StandTogether,100,15
83614,V9AqNYmN0P87,2017-05-23 06:10:14+00:00,vd6VbJb,It's reported 22 people have now died in a suicide bomb attack at Manchester Arena - with 59 injured,-0.952401677253622,1,1,0,0,0,63139,873,107202,-0.622111186373816,True,,reliable,,It's reported 22 people have now died in a suicide bomb attack at Manchester Arena - with 59 injured,100,19
6232,E4pDYJn9akzwX,2022-01-10 09:11:57+00:00,ZadQKA7,"Good morning from the Manchester Arena Inquiry, which resumes after the Christmas break. 

Today it'll be looking at what security improvements have been made at the concert venue since the attack &amp; since the criticisms from the inquiry report last year. 

@BBCRadioManc 
@BBCNWT https://t.co/a2fNUGgh18",0.318210996771242,4,5,3,1,1,841,115,2606,-0.483555502894866,True,,reliable,,"Good morning from the Manchester Arena Inquiry, which resumes after the Christmas break. Today it'll be looking at what security improvements have been made at the concert venue since the attack amp since the criticisms from the inquiry report last year.",254,41
47946,Lz7zaEmPe4wa,2017-05-27 01:54:17+00:00,KD1KZxn,Salman Abedi: from hot-headed party lover to suicide bomber police knew he could be radicalised. This must stop. https://t.co/dEQ2dnzyaK,-0.0515710623129397,0,0,0,1,0,94,157,3414,-0.311728047191506,Fake,The police knew the attacker,misinformation,The police knew the attacker,Salman Abedi from hot-headed party lover to suicide bomber police knew he could be radicalised. This must stop.,111,18
34437,VN6XYbYxwlYw,2018-02-08 04:03:18+00:00,nW8oMOEb47vM,"#hwc111 #c04 To me, I define a hero as someone who puts others before themselves in a dangerous and life threatening situation. In the Manchester Arena attack,brave individuals ran towards danger to provide medical aid to the injured and offered words of comfort. 👍",-0.735147044114705,0,0,0,0,0,4,3,57,-0.735147044114705,True,,reliable,,"hwc111 c04 To me, I define a hero as someone who puts others before themselves in a dangerous and life threatening situation. In the Manchester Arena attack,brave individuals ran towards danger to provide medical aid to the injured and offered words of comfort.",261,43
55056,PQxWAqDDbmB7,2017-05-24 14:46:41+00:00,j7nbZvP,Here's how you can help those affected by the attack at Manchester Arena  https://t.co/LDDmwffG7L  via https://t.co/JaEV68pF0U …,-0.25,0,0,0,1,0,3385,92,464082,-0.643173186318116,True,,reliable,,Here's how you can help those affected by the attack at Manchester Arena via,76,14
14534,zRnRppLQlPRmd,2020-09-16 15:12:46+00:00,leaPAlPPqa4pq,Couple killed picking up daughters from Manchester Arena were 'soulmates' https://t.co/Fnv1yzG9ow,-0.670478399654806,0,0,0,1,0,147,59,94591,-0.568612597225112,True,,reliable,,Couple killed picking up daughters from Manchester Arena were 'soulmates',73,10
77167,n7DQBKYqo78M,2017-05-23 09:41:00+00:00,rPnmkL8,"What a world we live in?!? Idiots. 

Fake News Circulating About The Manchester Attack https://t.co/izSDZbfRJk",-0.859064180591617,0,0,0,1,0,566,1517,6943,-0.859064180591617,True,,reliable,,What a world we live in?!? Idiots. Fake News Circulating About The Manchester Attack,84,14
6875,XA7NaYvB8w3bm,2021-11-24 19:06:45+00:00,qReEpLv,"@mike1glyn @JuliaHB1 Mostly because they through it away before they arrive. To right she has, last week an illegal migrant exploded a bomb outside an hospital a few weeks before a “British” Somalian stabbed to death a member of parliament. Another blew up the Manchester arena etc etc etc",-0.927373924809499,0,0,1,0,0,85,203,16445,-0.927373924809499,Fake,Refugee bomber,misinformation,Refugee bomber,"Mostly because they through it away before they arrive. To right she has, last week an illegal migrant exploded a bomb outside an hospital a few weeks before a British Somalian stabbed to death a member of parliament. Another blew up the Manchester arena etc etc etc",266,47
88794,oQkjRY0NjbWa,2017-05-22 22:56:14+00:00,BKwPePN,Manchester Arena bomb explosion...breaking news!,-0.493914580573631,0,0,0,0,0,118,69,20370,-0.493914580573631,True,,reliable,,Manchester Arena bomb explosion...breaking news!,48,5
62039,3GL06EdvLWP0,2017-05-23 20:47:04+00:00,MW8mjAb,this is fucking horrible! no one should go through this! https://t.co/ZJyCEMbrp7,-0.584918592770089,0,1,0,1,0,2725,619,34803,-0.584918592770089,True,,reliable,,this is fucking horrible! no one should go through this!,56,10
70694,V9AJj9AJwDY0,2017-05-23 13:01:51+00:00,66qkrRo,Star&gt; People: Here's Everything We Know So Far About The Manch...https://t.co/CgtdPWg1up #celebrity https://t.co/99yUlvoPCc,0.273212885294474,0,0,0,1,1,4543,3714,6166,0.273212885294474,True,,reliable,,Star gt People Here's Everything We Know So Far About The Manch... celebrity,76,13
18006,M33K7Dz3Grap8,2020-03-17 16:16:39+00:00,OzGaWdL,Martin Hibbert survived the Manchester Arena attack and was in court to see Hashem Abedi found guilty of 22 counts of murder: “We got justice... I thought we’d be all jubilant but it doesn’t feel like that at. all” 🐝 https://t.co/7PMGVJnONI,0.381819167922678,8,24,0,1,1,19807,13732,32576,-0.514843974669709,True,,reliable,,Martin Hibbert survived the Manchester Arena attack and was in court to see Hashem Abedi found guilty of 22 counts of murder We got justice... I thought wed be all jubilant but it doesnt feel like that at. all,209,39
28018,GajZ4JKnp0LO,2018-05-23 07:55:23+00:00,r9aEGYZAL3MO,@paulonceasutton The Kurds there are standing up for us all against the man responsible for the Manchester Arena bombing and every other ISIS attack in the UK. We should all be ashamed there weren't more English folks there to help them.,-0.295958174200194,0,0,0,0,0,6101,1571,48987,-0.355980534334206,True,,reliable,,The Kurds there are standing up for us all against the man responsible for the Manchester Arena bombing and every other ISIS attack in the UK. We should all be ashamed there weren't more English folks there to help them.,220,40
64554,XZdG01WkNK8q,2017-05-23 17:45:25+00:00,0JmDZw,#Scottish ChitChat https://t.co/GX2OUxA47N Manchester arena attack: armed police to patrol Scottish Cup final,-0.476657605574574,0,0,0,1,0,6288,5105,1037809,-0.452391275187767,True,,reliable,,Scottish ChitChat Manchester arena attack armed police to patrol Scottish Cup final,83,12
65185,0GAE4rw9zNLr,2017-05-23 17:07:18+00:00,dkWR7x1dXv9w,@SinghLions Our deepest condolences to victims of the tragic Manchester Arena attack and their families. All are in our thoughts and prayers. https://t.co/GM9Mo9TuBH,-0.801995608018326,0,0,0,1,1,3703,4757,41008,-0.801995608018326,True,,reliable,,Our deepest condolences to victims of the tragic Manchester Arena attack and their families. All are in our thoughts and prayers.,129,21
44828,DX8qPQj34wdk,2017-05-31 13:12:29+00:00,1PBA3GO,"@Independent is very Fake News Media, it says Sikh drivers are Muslim drivers.
(@@;)
https://t.co/pd6zEYeyJv",-0.476657605574574,0,0,0,1,0,521,704,5731,-0.476657605574574,True,,reliable,,"is very Fake News Media, it says Sikh drivers are Muslim drivers.",65,12
44497,DPAM9KxDwqkA,2017-06-02 10:57:02+00:00,0eZbW16,Police investigating the Manchester Arena attack have evacuated an area of the city after finding a car which they say may be significant https://t.co/PPChLWEkcZ,-0.318210996771242,1,0,0,1,1,14484,1216,66399,-0.702898875118675,True,,reliable,,Police investigating the Manchester Arena attack have evacuated an area of the city after finding a car which they say may be significant,137,23
27578,V8EdvL0wOK3e,2018-06-04 14:30:08+00:00,9YEQ8Pp,"Beefed up security in crowded places, such as sporting and concert venues after #Manchester Arena. Police and the security services will be handed tough new powers to nip terror plots in the bud by arresting and jailing suspects before they have finalised their murderous plans.",-0.757936728959867,0,0,1,0,0,4801,957,26413,-0.748144411256625,True,,reliable,,"Beefed up security in crowded places, such as sporting and concert venues after Manchester Arena. Police and the security services will be handed tough new powers to nip terror plots in the bud by arresting and jailing suspects before they have finalised their murderous plans.",277,45
50907,V9E7qaMvxKBm,2017-05-25 09:57:04+00:00,3rMG8Z,"""Manchester Arena bomb maker at large and could strike again"" https://t.co/Q5zgclNa1U  Underbellymagazine",-0.571885032070072,0,0,0,1,0,9367,3527,91392,-0.571692952194583,True,,reliable,,"""Manchester Arena bomb maker at large and could strike again"" Underbellymagazine",80,11
16700,LAkVDYX1QzomQ,2020-05-22 19:50:11+00:00,03o4O4v,Thinking of all those who were affected by the Manchester Arena bomb three years ago today. 🐝🙏 https://t.co/mKsq0nKIlc,-0.585881765446162,0,3,0,1,0,1695,2119,8709,-0.701752663159023,True,,reliable,,Thinking of all those who were affected by the Manchester Arena bomb three years ago today.,91,16
50323,YrzNDzr0dbaM,2017-05-25 12:50:35+00:00,6okpwMw,Can not get over the gorgeous face of Saffie who was killed in the Manchester Arena attack. Her… https://t.co/cR6I3qRZJ1,-0.557370401713154,0,0,0,1,0,463,328,8339,-0.557370401713154,True,,reliable,,Can not get over the gorgeous face of Saffie who was killed in the Manchester Arena attack. Her,95,18
23131,eYRb3646aKRw,2019-04-28 20:30:53+00:00,1EMYZne,"I've just been to an interfaith vigil at @ManCathedral remembering those who died in the Easter bombings in Sri Lanka. We also thought of those affected by the shootings in Christchurch, San Diego and elsewhere and of course the bomb at Manchester Arena two years ago. #UsTogether https://t.co/kG3I0OTm1h",-0.812604508328942,0,11,0,1,1,463,250,22456,-0.5854253039061,True,,reliable,,"I've just been to an interfaith vigil at remembering those who died in the Easter bombings in Sri Lanka. We also thought of those affected by the shootings in Christchurch, San Diego and elsewhere and of course the bomb at Manchester Arena two years ago. UsTogether",265,46
15703,AAwJaZkMD6ave,2020-08-20 13:05:04+00:00,j71WaGGMNkkK4,Manchester Arena attack plotter sentenced: Hashem Abedi gets huge jail term for killing 22 https://t.co/BWHFHvKAM7,-0.743037755434939,1,0,0,1,0,261,680,214572,-0.754003188229169,True,,reliable,,Manchester Arena attack plotter sentenced Hashem Abedi gets huge jail term for killing 22,89,14
79301,6Wv8eDaDjPwx,2017-05-23 08:46:26+00:00,vEkP6v,Cressida Dick brands Manchester attack 'utterly appalling' https://t.co/mSj8yJLzJo,-0.847853162298837,1,8,3,1,0,672474,849,448769,-0.519939862683912,True,,reliable,,Cressida Dick brands Manchester attack 'utterly appalling',58,7
82682,vlwXBjOEqGO6,2017-05-23 06:43:08+00:00,NpmGpp,@piersmorgan my thoughts go out to all the victims and families of the Manchester arena attack.to target young children at a pop concert is sick.,-0.817623560871883,0,0,0,0,0,126,145,2311,-0.817623560871883,True,,reliable,,my thoughts go out to all the victims and families of the Manchester arena attack.to target young children at a pop concert is sick.,132,24
31768,rm6OjEbojwPm,2018-05-15 04:47:09+00:00,4zBbNep,"[TV] The City Remembers (BBC R5L) Tue, May 22, 7:00 PM On the first anniversary of the Manchester Arena terror attack which killed 22 peop..",-0.900070320740819,0,0,0,0,0,269,0,501414,-0.55267407847815,True,,reliable,,"TV The City Remembers BBC R5L Tue, May 22, 7 00 PM On the first anniversary of the Manchester Arena terror attack which killed 22 peop..",136,26
82909,vlwXEz6NEaNn,2017-05-23 06:34:24+00:00,RoQ8OM,Sooo scary to think my cousin works in the Manchester arena where the terrorist attack happened! Thank god she is currently on holiday 😣,-0.690774742992202,0,3,0,0,0,462,331,15688,-0.690774742992202,True,,reliable,,Sooo scary to think my cousin works in the Manchester arena where the terrorist attack happened! Thank god she is currently on holiday,134,23
46702,WPbdYrOYnjev,2017-05-28 17:58:29+00:00,b3OPOJ,"How did 60 AMBULANCES ARRIVE IN A SINGLE QUEUE AT THE MANCHESTER ARENA AFTER THE ""Attack?"" Why were firefighters kept from responding? https://t.co/q0wYWFMuKC",-0.476657605574574,0,0,0,1,0,138,119,2500,-0.476657605574574,True,,reliable,,"How did 60 AMBULANCES ARRIVE IN A SINGLE QUEUE AT THE MANCHESTER ARENA AFTER THE ""Attack?"" Why were firefighters kept from responding?",134,22
38253,rqP0ER7x3eMp,2017-11-02 00:18:26+00:00,aM3VweR7G3nO,How more than 500 people were directly impacted by Manchester Arena attack https://t.co/stOrsJXyt6,-0.476657605574574,0,0,0,1,0,145,330,1084,-0.476657605574574,True,,reliable,,How more than 500 people were directly impacted by Manchester Arena attack,74,12
1515,OOxb0OowLK4RO,2023-02-22 20:55:48+00:00,zXbBa6,"Did we have a speech like that after the Manchester arena islamic attack? 

#Corrie",-0.153093108923949,0,7,0,0,0,4376,2736,101018,-0.538575119299543,True,,reliable,,Did we have a speech like that after the Manchester arena islamic attack? Corrie,80,14
3267,6op4PVd4AJpOJ,2022-10-05 06:44:27+00:00,vpEoddP9R04J1,@carla_denyer 22 children murdered by a bomb detonated by a refugee “rescued” from the channel. Their blood on your hands. Manchester Arena.,-0.381819167922678,0,1,0,0,0,1608,1760,21559,-0.201189512727673,Fake,Refugee bomber,misinformation,Refugee bomber,22 children murdered by a bomb detonated by a refugee rescued from the channel. Their blood on your hands. Manchester Arena.,124,21
88961,DX3nW61MJZr7,2017-05-22 22:26:50+00:00,WBARGrQ,Really do hope this isn't a terrorist attack at Manchester arena 🤔,-0.73100810085324,0,5,0,0,0,455,669,3437,-0.73100810085324,True,,reliable,,Really do hope this isn't a terrorist attack at Manchester arena,64,11
1365,D6lmpw0MbXR7A,2023-03-01 01:54:46+00:00,ewZlbOLxvWrlw,@666_seals @zoomcube @CHRISTI27226391 @Diana_FI @HackneyAbbott I absolutely agree with this. People are defending a fucking terrorist because they feel bad for her? She publicly condoned the Manchester arena attack. Anyone who condones terror stays the fuck out of the UK. I hope she rots in that camp. Inshallah she will be dead soon.,-0.960476990675608,0,0,0,0,0,10,54,1630,-0.960476990675608,True,,reliable,,I absolutely agree with this. People are defending a fucking terrorist because they feel bad for her? She publicly condoned the Manchester arena attack. Anyone who condones terror stays the fuck out of the UK. I hope she rots in that camp. Inshallah she will be dead soon.,272,48
42539,V7Yn0b4nWdBx,2017-06-22 19:30:02+00:00,zXd7ll,A picnic is to be held to celebrate the lives of two friends killed in the Manchester Arena attack https://t.co/OoTNbquMtc,-0.177857560463629,18,51,1,1,0,662727,1439,362383,-0.42559874603329,True,,reliable,,A picnic is to be held to celebrate the lives of two friends killed in the Manchester Arena attack,98,19
64806,ronOx10PNLDM,2017-05-23 17:30:16+00:00,6Lolao6Wdl03,8-Year-Old Among Victims Of Manchester Arena Attack #crazy  https://t.co/j53Z0wa35l,-0.636949942926426,0,0,0,1,0,803,3934,19919,-0.656883684748863,True,,reliable,,8-Year-Old Among Victims Of Manchester Arena Attack crazy,57,8
25343,dLXJjOvKBD0Y,2018-11-15 06:15:00+00:00,pKrqVKX,The brother of the Manchester Arena bomber could be extradited to the UK before the end of the year - according to the Libyan Prime Minister. Hashem Abedi's been in custody in the country ever since the attack https://t.co/HuF2RFDMzn #CapitalReports https://t.co/lNGmB9jzot,-0.476657605574574,0,0,0,1,1,4592,4742,29189,-0.458975543898027,True,,reliable,,The brother of the Manchester Arena bomber could be extradited to the UK before the end of the year - according to the Libyan Prime Minister. Hashem Abedi's been in custody in the country ever since the attack CapitalReports,224,39
79282,0GA9KBpzmV3v,2017-05-23 08:47:11+00:00,bZ01Nd,"Manchester Attack: Was bomber a 'lone wolf' terrorist?
 https://t.co/XNBpOwSWVh",-0.872021592554982,0,0,1,1,0,229657,14872,242846,-0.429477436928892,True,,reliable,,Manchester Attack Was bomber a 'lone wolf' terrorist?,53,8
391,j7G1Z6eEAnDw8,2023-03-04 13:46:24+00:00,a19e9vNx7qkGO,"MI5 missed opportunity that could have avoided Manchester Arena terror attack, inquiry finds - Evening Standard https://t.co/D61lTpQx2o",-0.807397913121972,0,0,0,1,0,543,4360,1224,-0.0283609315357856,True,,reliable,,"MI5 missed opportunity that could have avoided Manchester Arena terror attack, inquiry finds - Evening Standard",111,16
8095,Qr67eL7Q4ZDj4,2021-09-15 06:49:58+00:00,8pQEj9,@JenniferTheHomo In 2019 Begum said the Manchester Arena attack was “justified” because of airstrikes that killed civilians in Syria. https://t.co/zI97ay4atd,-0.709560194985489,0,1,1,1,1,236,537,4709,-0.709560194985489,True,,reliable,,In 2019 Begum said the Manchester Arena attack was justified because of airstrikes that killed civilians in Syria.,114,18
43019,nkY0WAVP3QEk,2017-06-12 09:02:07+00:00,dmAv7J9,"Head Arianator on ArianaGrande's response to Manchester Arena attack: ""She emphasizes that love always wins""… https://t.co/NSHLjN9c7g https://t.co/4NaS8UqQBn",0.709560194985489,0,0,0,1,1,7675,4720,346759,-0.411407149497934,True,,reliable,,"Head Arianator on ArianaGrande's response to Manchester Arena attack ""She emphasizes that love always wins""",107,15
5723,0WRpoLGZ64YnO,2022-03-05 00:51:56+00:00,3N3kn4edJkoOO,"@dwnews What kind of refugee turns on the country that rescued them? Only those from MENA. And only those.
https://t.co/3kfD2hdmX1",0.735147044114705,0,0,0,1,0,555,991,36609,0.0501151536386544,Fake,Refugee bomber,misinformation,Refugee bomber,What kind of refugee turns on the country that rescued them? Only those from MENA. And only those.,98,18
48395,O7akBGoKKzlO,2017-05-26 16:55:15+00:00,NlY6xeZ,"I've #justdonated to support families of those killed and injured in the Manchester Arena attack. Donate https://t.co/njVU65XSPc """"",-0.822462893624465,0,0,0,1,0,4696,3689,92346,-0.822462893624465,True,,reliable,,"I've justdonated to support families of those killed and injured in the Manchester Arena attack. Donate """"",106,17
11917,WBaQOpRJ08njQ,2021-01-22 11:29:42+00:00,NMoZBBL,"This looks beautiful... and if the families are happy that's all that matters. 

Well done on everyone who has helped to make this happen..

""Peaceful"" memorial to Manchester Arena bomb victims wins planning permission https://t.co/pNxSG5qrbw

#MancMade #Manchester #Mcr",0.909989136872722,0,1,0,1,0,16081,5468,89936,0.909989136872722,True,,reliable,,"This looks beautiful... and if the families are happy that's all that matters. Well done on everyone who has helped to make this happen.. ""Peaceful"" memorial to Manchester Arena bomb victims wins planning permission MancMade Manchester Mcr",239,37
44971,wZl7z3oZJmJ4,2017-05-30 18:37:31+00:00,pwdKnz,Sounds so depressingly familiar.  From party lover to suicide bomber https://t.co/2jwCd8mKQX,-0.318210996771242,0,0,0,1,0,515,1008,3513,-0.318210996771242,True,,reliable,,Sounds so depressingly familiar. From party lover to suicide bomber,67,10
74907,9Z9MXrdL0ZPD,2017-05-23 10:50:48+00:00,6Rd6Q8G,"22 dead, near 60 injured, in terror attack at Ariana Grande concert at Manchester Arena https://t.co/B6HynMzD4s via @FOX61News",-0.926003339774301,0,0,0,1,0,9,28,1301,-0.777209594514604,True,,reliable,,"22 dead, near 60 injured, in terror attack at Ariana Grande concert at Manchester Arena via",91,16
20599,qqWDaEjKr34X,2019-08-10 06:08:16+00:00,P6LK9GdzQX67,"@willingham_alex @LadBonnie @POTUS Are you listening America. The Royal Navy ""rescued"" a migrant called Salman Abedi, brought him to Britain. How did he repay us. He carried out the Manchester Arena bomb attack. Killing 22 injuring 800 mostly children. That's gratitude for you.",-0.68082252702501,38,72,4,0,0,1836,3865,6769,-0.777911263512505,Fake,Refugee bomber,misinformation,Refugee bomber,"Are you listening America. The Royal Navy ""rescued"" a migrant called Salman Abedi, brought him to Britain. How did he repay us. He carried out the Manchester Arena bomb attack. Killing 22 injuring 800 mostly children. That's gratitude for you.",243,40
73507,vlwL6P9O4O0v,2017-05-23 11:36:54+00:00,AQNz3LN,"LIVE UPDATES: Police confirm arrest has been made in Manchester terror attack 

https://t.co/tcd6QQnO4y",-0.835975867759116,0,0,0,1,0,6189,6365,30894,-0.835975867759116,True,,reliable,,LIVE UPDATES Police confirm arrest has been made in Manchester terror attack,76,12
3776,nO8BOMqY87B4Z,2022-06-19 13:50:20+00:00,vpEoddP9R04J1,@mattie_wils @BorisJohnson 22 children blown up by a bomb detonated by a channel migrant at Manchester Arena. Anything that protects child killers must be bad.,-0.865760258296458,0,0,1,0,0,1608,1760,21559,-0.201189512727673,Fake,Refugee bomber,misinformation,Refugee bomber,22 children blown up by a bomb detonated by a channel migrant at Manchester Arena. Anything that protects child killers must be bad.,132,23
40893,nkPKMBwl1MGM,2017-08-11 07:35:44+00:00,QmQPJM,"A dad from Wirral tells his story of Manchester bomb - shrapnel missed his heart by millimetres. 💔🐝
https://t.co/bFUWf6lzdD",-0.659727946850383,0,0,0,1,0,3477,1960,20414,-0.68498140198955,True,,reliable,,A dad from Wirral tells his story of Manchester bomb - shrapnel missed his heart by millimetres.,96,17
57758,WPnaaKeKodeA,2017-05-24 08:31:23+00:00,KQmBBqN,Salman Ramadan Abedi named by police as Manchester Arena attacker https://t.co/KFu6JWv15a All his family and community must have known !!!!,-0.571885032070072,0,1,0,1,0,162,169,8489,-0.349960956001484,Fake,The police knew the attacker,misinformation,The police knew the attacker,Salman Ramadan Abedi named by police as Manchester Arena attacker All his family and community must have known !!!!,115,19
387,E4aVqeqNWmnQD,2023-03-04 16:15:32+00:00,vpEoddP9R04J1,"@Care4Calais 22 children blown up by a bomb detonated by a migrant “rescued” from the channel.
Their blood on your hands. Manchester Arena. Never forget. Never forgive.",0.620982601938393,24,205,5,0,0,1608,1760,21559,-0.201189512727673,Fake,Refugee bomber,misinformation,Refugee bomber,22 children blown up by a bomb detonated by a migrant rescued from the channel. Their blood on your hands. Manchester Arena. Never forget. Never forgive.,153,26
65513,ronOAExwrWzm,2017-05-23 16:47:04+00:00,M36wlMb,"May YAHWEH, YAHSHUA &amp; HOLY GHOST be with us all ""Live updates: Manchester Arena terror attacker named as Salman... https://t.co/gDGoQEaOyC",-0.855541579265878,0,0,0,1,0,5,0,8704,-0.855541579265878,True,,reliable,,"May YAHWEH, YAHSHUA amp HOLY GHOST be with us all ""Live updates Manchester Arena terror attacker named as Salman...",115,19
8636,d6zE1xQoExAXE,2021-08-01 20:29:13+00:00,LmlKemK,"""...2017 Manchester Arena bombing, which left 22 – mainly children – dead, she described them as ‘victims of war’.""

British jihadi bride is given a new arm and a £500,000 council house https://t.co/yjPATiIsCs via @MailOnline",-0.883373371622447,0,0,0,1,0,558,2981,14566,-0.883373371622447,True,,reliable,,"""...2017 Manchester Arena bombing, which left 22 mainly children dead, she described them as victims of war."" British jihadi bride is given a new arm and a 500,000 council house via",181,31
59464,3GLBAd6GqPKv,2017-05-24 02:08:20+00:00,rY8MmYG,"I'm so lucky that I don't have a children yet ,big tragedy for families ... https://t.co/jSbgaAWpDe",-0.381819167922678,0,0,0,1,0,35,296,28986,-0.139543034267588,True,,reliable,,"I'm so lucky that I don't have a children yet ,big tragedy for families ...",75,15
59538,V9AzW3p4PA1m,2017-05-24 01:52:19+00:00,pxJpdLq,"Qui Radio Londra: Manchester Roundup: Top Terror Alert, IS Claim, 'Terror Not Going Away' https://t.co/6DTSmgl8hW",-0.585881765446162,0,0,0,1,0,10443,5373,555857,-0.435371417891245,True,,reliable,,"Qui Radio Londra Manchester Roundup Top Terror Alert, IS Claim, 'Terror Not Going Away'",87,14
20713,rKjxp4ZXnEq4,2019-07-29 16:12:56+00:00,ZlX93kP,The families of the 22 victims of the Manchester Arena Bombing have been told a full inquest into their deaths will start in April. Five people from the North East died in the attack. #CapitalReports https://t.co/1v9zAeblIE,-0.913565208043919,0,0,0,1,1,5921,4386,28412,-0.638325304332892,True,,reliable,,The families of the 22 victims of the Manchester Arena Bombing have been told a full inquest into their deaths will start in April. Five people from the North East died in the attack. CapitalReports,198,35
68299,0GALB3jbAnwE,2017-05-23 14:44:09+00:00,1qEDLK,#justdonated to support families of those killed &amp; hurt in the Manchester Arena attack. Donate @justgiving https://t.co/XrNW1Fu6dr,-0.851896017079914,0,0,0,1,0,1460,1603,9233,-0.851896017079914,True,,reliable,,justdonated to support families of those killed amp hurt in the Manchester Arena attack. Donate,95,15
62499,ronrVmkmJZr1,2017-05-23 20:01:55+00:00,DVVQolE,Manchester Arena attack: Islamic State claims it carried out bombing that killed 22 at Ariana Grande concert: https://t.co/OA3DSdTuZt,-0.822462893624465,2,9,6,1,0,136645,3295,109904,-0.822462893624465,True,,reliable,,Manchester Arena attack Islamic State claims it carried out bombing that killed 22 at Ariana Grande concert,107,17
67138,V9A907KxA6NY,2017-05-23 15:40:27+00:00,O7d07XBK9MLk,Please keep sharing #Cheshire #Manchester #DWTManchester https://t.co/cOaOrUrGIl,0.624893326938946,0,0,0,1,0,14,209,195,0.624893326938946,True,,reliable,,Please keep sharing Cheshire Manchester DWTManchester,53,6
18621,vppE7lP3eam41,2020-02-20 15:58:36+00:00,e4rLXQw,"So proud to bee a part of @Hive22Running.I’m currently on tour with #thecatandthecanary @MalvernTheatres till the 22nd Feb. You may see the special kit with the names of all the 22 lost in the Manchester Arena Attack embroidered on the kit , if you do say hello 🐝 https://t.co/THEycn9PNd",0.102733099387503,8,81,2,1,1,20113,319,11716,-0.261080113775721,True,,reliable,,"So proud to bee a part of .Im currently on tour with thecatandthecanary till the 22nd Feb. You may see the special kit with the names of all the 22 lost in the Manchester Arena Attack embroidered on the kit , if you do say hello",228,46
36541,7oXQRaGe0a66,2017-12-05 21:07:26+00:00,nw9E1Yk,Yeah let's keep letting unvetted refugees into the country so this can happen more often here! Where are the so-called moderate Muslims in Outrage over this? BBC News - Manchester Arena attack 'could have been stopped' https://t.co/8hj4QBfpSt,-0.72694578401804,0,0,0,1,0,132,876,26285,-0.72694578401804,Fake,Refugee bomber,misinformation,Refugee bomber,Yeah let's keep letting unvetted refugees into the country so this can happen more often here! Where are the so-called moderate Muslims in Outrage over this? BBC News - Manchester Arena attack 'could have been stopped',218,36
71669,a3ZMJR0v7rvD,2017-05-23 12:31:45+00:00,k7WJWArQvwRp,Victims of Manchester terror attack named as Georgina Callander and Saffie Rose Roussos RIP  https://t.co/IghqCoCgc4 https://t.co/5ZB4Ft2iB9,-0.822462893624465,0,0,0,1,1,814,703,22251,-0.822462893624465,True,,reliable,,Victims of Manchester terror attack named as Georgina Callander and Saffie Rose Roussos RIP,91,14
42590,WQV9wbQKAxa0,2017-06-22 06:49:30+00:00,AR8qrL,"Signifcant increase in anti-Islam hate crime in month after Manchester Arena attack, say GM Police. Incidents now back to pre-attack levels.",-0.924595133553445,3,0,4,0,0,332050,1075,76752,-0.561227920005825,True,,reliable,,"Signifcant increase in anti-Islam hate crime in month after Manchester Arena attack, say GM Police. Incidents now back to pre-attack levels.",140,21
33849,wexNzN1nNp04,2018-03-21 08:33:46+00:00,4Em8w7,"Interview with @KosovareAsllani ahead of her return to Manchester. On why she left, why Swedish teams have fallen behind and how the Manchester Arena attack changed her outlook on life.

For @OurGameMagazine:

https://t.co/lSENVH7YEc",-0.68082252702501,10,33,1,1,0,19012,4628,185467,-0.340411263512505,True,,reliable,,"Interview with ahead of her return to Manchester. On why she left, why Swedish teams have fallen behind and how the Manchester Arena attack changed her outlook on life. For",172,30
3145,OOAxYr4DD3pqK,2022-10-31 09:27:13+00:00,V3OWvBqpOVdvk,"@EmilyThornberry How many in the illegal immigrant centre hold the same views as this ""refugee?"" https://t.co/a5GrzSHjeA",-0.557370401713154,0,0,0,1,0,266,265,7863,0.106812466838395,Fake,Refugee bomber,misinformation,Refugee bomber,"How many in the illegal immigrant centre hold the same views as this ""refugee?""",79,14
58038,lblnvp4j79ZE,2017-05-24 07:35:03+00:00,W9qkdwV,#Liveupdates #Manchesterattack latest: Fears of 2nd plot with #soldiers to #guard #BuckinghamPalace &amp; #DowningStreet https://t.co/KU4BhEDB2O,-0.493914580573631,0,0,0,1,0,5849,380,58751,-0.198695084108128,True,,reliable,,LiveupdatesManchesterattack latest Fears of 2nd plot with soldiers to guard BuckinghamPalace amp DowningStreet,110,13
3651,ewRpeEAnJqZKr,2022-07-14 09:51:20+00:00,WNY4lw,"The older brother of the Manchester Arena bomber’s been convicted over his failure to attend the inquiry into the attack. Ismail Abedi, also known as Ishmale Ben Romdhan, left the country in August 2021 and never returned for an inquiry hearing in October that year.",-0.750630313328434,2,4,4,0,0,5774,2188,9395,-0.699593480106382,True,,reliable,,"The older brother of the Manchester Arena bombers been convicted over his failure to attend the inquiry into the attack. Ismail Abedi, also known as Ishmale Ben Romdhan, left the country in August 2021 and never returned for an inquiry hearing in October that year.",265,45
7665,ewOW9149o4oeX,2021-10-17 07:47:40+00:00,jQMbOL,"We reported earlier this year on the difficulty of deradicalising those who have been drawn to terrorism, specifically in prisons. 

Ideologies are increasingly “pick and mix”, with lone actors making it far harder to spot those who are a risk. 

https://t.co/76gspO0HZW",-0.926003339774301,1,8,1,1,0,188003,2188,37695,-0.695014395133221,True,,reliable,,"We reported earlier this year on the difficulty of deradicalising those who have been drawn to terrorism, specifically in prisons. Ideologies are increasingly pick and mix, with lone actors making it far harder to spot those who are a risk.",240,40
49517,ro0KXK8XD0v1,2017-05-25 18:58:36+00:00,AaArDYn,We mourn the loss of life at Manchester Arena and send support to all those affected by the attack @ManCityCouncil  #StandTogether https://t.co/N0YEbk7SPn,-0.72694578401804,7,25,0,1,0,51815,301,3802,-0.72694578401804,True,,reliable,,We mourn the loss of life at Manchester Arena and send support to all those affected by the attack StandTogether,112,20
1400,D6lr1bR0YAmmk,2023-02-28 02:07:00+00:00,QrBavPNwPzEOj,"@chalky237 Please note the illegal migrants who are now SIA Door security  ! I mean really ! If you want a terrorist attack at the manchester arena again just employ this crap to look the other way !
SIA should be shut down for being a part of this !
I will not be renewing my CP license!",-0.882007979871776,0,0,0,0,0,303,151,17349,-0.882007979871776,Fake,Refugee bomber,misinformation,Refugee bomber,Please note the illegal migrants who are now SIA Door security ! I mean really ! If you want a terrorist attack at the manchester arena again just employ this crap to look the other way ! SIA should be shut down for being a part of this ! I will not be renewing my CP license!,276,57
44149,ar1G1J0DKE0Y,2017-06-04 09:35:51+00:00,7A4wQqv,"Is this hate? #LondonAttacks
Hundreds of Muslims march to Manchester Arena to hold vigil for attack victims https://t.co/txKu7OrN38",-0.835975867759116,0,0,0,1,0,2334,769,35906,-0.835975867759116,True,,reliable,,Is this hate? LondonAttacks Hundreds of Muslims march to Manchester Arena to hold vigil for attack victims,106,17
83743,z4aM4Np9v019,2017-05-23 06:05:31+00:00,ZOz1Pe,Tragic news this morning as the number of people killed in the Manchester Arena attack rises to 22 https://t.co/VBCjHsapSt https://t.co/ORlrYgdO3E,-0.883373371622447,11,11,1,1,1,2066438,368,704899,-0.548674987333387,True,,reliable,,Tragic news this morning as the number of people killed in the Manchester Arena attack rises to 22,98,18
64678,A1eGKX4oPo4q,2017-05-23 17:38:39+00:00,eZQZY3,"Following the terrible Manchester Arena attack, @ManLawSoc are co-ordinating a pro bono advice panel. Can you help? https://t.co/LgHTtg7pwa https://t.co/fRt6L65eis",-0.54232614454664,7,2,0,1,1,1115,1927,1457,-0.54232614454664,True,,reliable,,"Following the terrible Manchester Arena attack, are co-ordinating a pro bono advice panel. Can you help?",104,16
62884,LznNkNvwRwVa,2017-05-23 19:26:21+00:00,XP4V1xx,Pakistan illegal alcohol leaves 24 dead from poisoning #BBC https://t.co/NBSwBuqpMr https://t.co/0LZ9LJ1KHe,-0.913565208043919,0,0,0,1,1,14866,18489,1139436,-0.105309698753186,True,,reliable,,Pakistan illegal alcohol leaves 24 dead from poisoning BBC,58,9
26395,qQz1xmKw0wwV,2018-08-20 20:09:22+00:00,9d03ZA8,"Personally i blame the far left who'd squeal about a travel ban from Libya where the piece of shit came from

Manchester Arena bomb: Fire chief blames police for delay - https://t.co/HNosGZZGTx",-0.9577653004585,2,1,0,1,0,11783,11887,75339,-0.465143824491517,Fake,Refugee bomber,misinformation,Refugee bomber,Personally i blame the far left who'd squeal about a travel ban from Libya where the piece of shit came from Manchester Arena bomb Fire chief blames police for delay -,167,31
57877,a3AD3ax1xqKJ,2017-05-24 08:08:09+00:00,jjbdWq,Manchester attack latest: Fears of second plot with soldiers to guard Buckingham Palace and Downing… https://t.co/X17fTj2xM4 #uk #london https://t.co/WwaBxQMtWc,-0.743037755434939,0,0,0,1,1,4856,310,538787,-0.619779645032556,True,,reliable,,Manchester attack latest Fears of second plot with soldiers to guard Buckingham Palace and Downing uk london,108,17
76099,0GA4DjP69a3v,2017-05-23 10:12:10+00:00,VdNl1PZLY1XJ,"World is mourning w/Innocents lost
Manchester Arena terror attack: Death toll climbs to 22 https://t.co/bNLCvLlNyh via @USATODAY",-0.92166048465599,0,0,0,1,0,19,90,504,-0.92166048465599,True,,reliable,,World is mourning w Innocents lost Manchester Arena terror attack Death toll climbs to 22 via,93,16
7226,rPANvb61r7JQp,2021-10-26 05:14:31+00:00,LrpLRJ,"This is the future, we have no border control and the security services are overwhelmed with potential terrorists. Manchester Arena bomber Salman Abedi contacted EIGHT MI5 'suspects' https://t.co/qMIXd15lkm @MailOnline",-0.648556646884329,0,2,0,1,0,18493,20053,61715,-0.836524937553356,True,,reliable,,"This is the future, we have no border control and the security services are overwhelmed with potential terrorists. Manchester Arena bomber Salman Abedi contacted EIGHT MI5 'suspects'",182,27
2798,d6l1GWVVPLRlz,2022-11-03 14:55:54+00:00,wBq60V1,"Just listening to report into Manchester arena bomb. Massive ""systems failure"". Could it happen again? Absolutely. Wakeup call.",-0.757936728959867,0,0,0,0,0,96,199,2832,-0.634271892799076,True,,reliable,,"Just listening to report into Manchester arena bomb. Massive ""systems failure"". Could it happen again? Absolutely. Wakeup call.",127,18
39373,je0P8J3VZ1d0,2017-09-09 18:43:59+00:00,k1mpLZ,Thousands return to Manchester Arena for first time since terror attack https://t.co/MqSGgpEouV via @MetroUK,-0.757936728959867,1,0,0,1,0,33820,36166,593501,-0.498818717030733,True,,reliable,,Thousands return to Manchester Arena for first time since terror attack via,75,12
31011,W0ddb1POR07V,2018-05-20 06:09:28+00:00,1DlpNO,"A #Chorley dad, who was left paralysed following the Manchester Arena bombing, is among those taking part in the Great Run over in #Manchester today.

https://t.co/OJdGW2NXEX",0.624893326938946,0,7,0,1,0,6807,1155,37110,-0.620854325556634,True,,reliable,,"A Chorley dad, who was left paralysed following the Manchester Arena bombing, is among those taking part in the Great Run over in Manchester today.",147,25
36273,374bqApQY6Q0,2017-12-14 16:07:56+00:00,N9GBEL,"@ivorsawbottom It seems the deliberate, targetted attack against children at the Manchester arena is all but forgotten already",-0.612372435695795,0,2,0,0,0,2093,2728,98881,-0.612372435695795,True,,reliable,,"It seems the deliberate, targetted attack against children at the Manchester arena is all but forgotten already",111,17
50836,vl37lmKpzNOv,2017-05-25 10:11:25+00:00,40pxaYL,"Nearly $30,000 Raised for Homeless Man Who Helped Manchester Arena Attack Victims #ManchesterBombing https://t.co/NXUmG4pbAg via @ktla",-0.636949942926426,0,1,0,1,0,4014,4214,30545,-0.577153571748398,True,,reliable,,"Nearly 30,000 Raised for Homeless Man Who Helped Manchester Arena Attack Victims ManchesterBombing via",102,14
11503,3NJJDMpEDLw0Z,2021-02-23 11:56:04+00:00,AR8qrL,The public inquiry into the Manchester Arena terror attack has heard that the officer in charge of GMP's Firearms Policy and Compliance Unit felt a degree of panic over his workload. Insp Simon Lear says the unit was not properly resourced.  22 people died in the bomb attack. https://t.co/t49rgq0tjA,-0.962286528210825,3,3,0,1,1,332050,1075,76752,-0.561227920005825,True,,reliable,,The public inquiry into the Manchester Arena terror attack has heard that the officer in charge of GMP's Firearms Policy and Compliance Unit felt a degree of panic over his workload. Insp Simon Lear says the unit was not properly resourced. 22 people died in the bomb attack.,275,48
51610,WPn6W68jXljQ,2017-05-25 05:40:09+00:00,dzzKOdQ,"Libya force: Bomb suspect, brother had IS links - KSFY https://t.co/VkwfmDCoDX",-0.659727946850383,0,0,0,1,0,3316,868,34627,-0.59047721076639,True,,reliable,,"Libya force Bomb suspect, brother had IS links - KSFY",53,10
84696,ronvL19wAVv9,2017-05-23 05:02:59+00:00,o3RPo1,"At least 19 people have died and dozens injured after ""an appalling terrorist attack"" at Manchester Arena.

https://t.co/LV3gBTrGxG",-0.948528230307789,1,0,1,1,0,34650,1881,95091,-0.935838103645346,True,,reliable,,"At least 19 people have died and dozens injured after ""an appalling terrorist attack"" at Manchester Arena.",106,17
31169,D7dAV7zkOobz,2018-05-19 01:26:02+00:00,GY1wZZG,Manchester Arena attack: Tree trail to mark first anniversary #UK | #RTGNews,-0.476657605574574,0,0,0,0,0,174,1,186464,-0.531593133905409,True,,reliable,,Manchester Arena attack Tree trail to mark first anniversary UK RTGNews,71,11
2475,wpwBNLEkbrmrQ,2022-11-03 23:38:01+00:00,nKnODWv,"40,000 totally alien, unchecked illegal immigrants have poured into the UK in 2022 alone. This was how one of them ended up killing 22 innocent victims, many of them children -- https://t.co/09dRJCch0v",-0.873930158845377,0,0,0,1,0,2547,4108,8683,-0.873930158845377,Fake,Refugee bomber,misinformation,Refugee bomber,"40,000 totally alien, unchecked illegal immigrants have poured into the UK in 2022 alone. This was how one of them ended up killing 22 innocent victims, many of them children --",177,31
4257,wpvPjrqBK8MPG,2022-05-22 14:52:05+00:00,ewbkz3wzD4z4X,🔥BREAKING⎜ Victims of Manchester Arena terror attack remembered five years on: Manchester has been remembering the 22 victims of the arena bombing five years on from the terrorist attack. VIA @SkyNews https://t.co/zN6ZWL3xui,-0.955200899876088,4,7,0,1,0,14440,17,84850,-0.569589029023708,True,,reliable,,BREAKING Victims of Manchester Arena terror attack remembered five years on Manchester has been remembering the 22 victims of the arena bombing five years on from the terrorist attack. VIA,188,30
26146,6vqeB8q0az9w,2018-09-16 11:18:21+00:00,3wzMMZ,"EXCL - FCO in race for time as militias holding Manchester  “bomber” Hamesh Abedi negotiate $1m sale to ISIS 

Manchester bomb attack: Libyan warlords demand $1MILLION to hand over man behind atrocity https://t.co/tPVgxnL5mF",-0.557370401713154,1,0,0,1,0,2867,2243,18181,-0.557370401713154,True,,reliable,,EXCL - FCO in race for time as militias holding Manchester bomber Hamesh Abedi negotiate 1m sale to ISIS Manchester bomb attack Libyan warlords demand 1MILLION to hand over man behind atrocity,192,32
25214,0nQnGNb1N3lr,2018-11-22 12:24:34+00:00,nVbN0140ZW1v,Manchester Arena bomber was allowed to visit jihadi recruiter in jail even though police knew he was wannabe terrorist before attack https://t.co/lbohI4ceK9 https://t.co/7KC1qJ3vRq,-0.831632035280786,0,1,0,1,1,188,66,417866,-0.690708862021271,Fake,The police knew the attacker,misinformation,The police knew the attacker,Manchester Arena bomber was allowed to visit jihadi recruiter in jail even though police knew he was wannabe terrorist beforeattack,131,20
75308,ronzzjOP69B8,2017-05-23 10:36:55+00:00,WBnn6xq,Oh god what's going on here? https://t.co/iwJrVGj34Z,0.273212885294474,0,0,0,1,0,1123,1410,8704,0.187972992340989,True,,reliable,,Oh god what's going on here?,28,6
79817,DX3OjnWozGK7,2017-05-23 08:27:15+00:00,Zrwz7PP,"#Nottingham council leader issues statement after #manchesterattack - flag flies at half-mast
https://t.co/vK1KJWj9bf
#WestBridgford https://t.co/ZLBvRibT3K",0.0,4,1,0,1,1,23365,12819,69741,0.0,True,,reliable,,Nottingham council leader issues statement after manchesterattack - flag flies at half-mast WestBridgford,105,13
15201,zREPaOdqNQvAq,2020-08-26 12:16:58+00:00,M3YelmPo7XJaN,"@F_McCullough @tylercowen Other semi-secret examples: The UK used a similar device for NCA Officers to repatriate the Manchester Arena bomber from Syria: https://t.co/j31sDqpKXZ

A non-secret example is UK Border Force Officers carrying weapons in France: https://t.co/GofF9VvyxT",-0.295958174200194,0,0,1,1,0,1423,406,9530,-0.295958174200194,Fake,Conspiracy,misinformation,Conspiracy,Other semi-secret examples The UK used a similar device for NCA Officers to repatriate the Manchester Arena bomber from Syria A non-secret example is UK Border Force Officers carrying weapons in France,201,32
41455,nk4xdA9l0ZoE,2017-07-08 19:17:55+00:00,ldeDEq,Man who claimed his daughter was killed in Manchester Arena bomb is jailed https://t.co/jRa2ogMlRh,-0.89790121155528,1,0,0,1,0,1241,527,4748,-0.745675877795743,True,,reliable,,Man who claimed his daughter was killed in Manchester Arena bomb is jailed,74,13
25385,VE3x9dnmrJ00,2018-11-11 16:50:33+00:00,WpbWPEq,"Never imagined Adam Smith's link between Tony Bellew's tatoo/nickname/Manchester Arena bomb would be beaten as a commentary faux pas, but less than 24hrs later here we are... https://t.co/O5GBiu0QJT",-0.7184212081071,0,0,0,1,0,374,1002,4389,-0.7184212081071,True,,reliable,,"Never imagined Adam Smith's link between Tony Bellew's tatoo nickname Manchester Arena bomb would be beaten as a commentary faux pas, but less than 24hrs later here we are...",174,29
2655,ewZ3xGraOX7zr,2022-11-03 17:00:19+00:00,GQKB6Y,"Survivors who were among the closest people to suicide bomber Salman Abedi when he detonated his device at Manchester Arena have said they felt they were “left to die” by emergency services.
https://t.co/wyAIWwkkPx",-0.859064180591617,1,0,0,1,0,159473,3741,217519,-0.547576414240217,True,,reliable,,Survivors who were among the closest people to suicide bomber Salman Abedi when he detonated his device at Manchester Arena have said they felt they were left to die by emergency services.,188,32
1989,LABN4W9rK71Jx,2022-12-04 14:15:59+00:00,8EqArzEMbZ8wn,"@Sargon_of_Akkad There will be another Manchester Arena type attack on our shores.When we allow illegal immigrants in unvetted,who openly brag about their hatred for this country  what else can we expect??",-0.875,0,0,0,0,0,1,55,171,-0.875,Fake,Refugee bomber,misinformation,Refugee bomber,"There will be another Manchester Arena type attack on our shores.When we allow illegal immigrants in unvetted,who openly brag about their hatred for this country what else can we expect??",187,30
27257,vJE9EJko6YBZ,2018-06-30 15:09:28+00:00,zGwGWr,"Manchester Arena Bombing witnesses hung out to dry: Six False Flag Terror Attack Characteristics, who was the suspicious woman, Who was the bomb maker? Was Salman Abedi just a patsy?https://t.co/GxbvHCzqZp via @YouTube",-0.904216237352023,1,1,1,1,0,7434,394,87938,-0.666780053503357,True,,reliable,,"Manchester Arena Bombing witnesses hung out to dry Six False Flag Terror Attack Characteristics, who was the suspicious woman, Who was the bomb maker? Was Salman Abedi just a patsy? via",185,31
19285,9EKJ8Q9rM4XlQ,2020-01-17 17:56:28+00:00,ae47Z8O,@Eminem people are quick to react to your new song unaccommodating re the Manchester arena bomb attack but very quick to forget that you helped raised £2 million for the victims.,-0.851896017079914,1,1,0,0,0,118,634,1435,-0.851896017079914,True,,reliable,,people are quick to react to your new song unaccommodating re the Manchester arena bomb attack but very quick to forget that you helped raised 2 million for the victims.,169,30
10729,RDkR9vjv1Qpbm,2021-05-08 11:15:55+00:00,nXRMjOl,"'A senior police officer who led the initial response to the Manchester Arena attack has admitted he failed to inform key reviews into the atrocity that he had deliberately kept other blue light services in the dark over fears a second terrorist was still at large... 

🍷 https://t.co/UEZKy4GvR3",-0.931272453865628,0,0,0,1,0,416,409,18498,-0.931272453865628,True,,reliable,,'A senior police officer who led the initial response to the Manchester Arena attack has admitted he failed to inform key reviews into the atrocity that he had deliberately kept other blue light services in the dark over fears a second terrorist was still at large...,267,46
30843,dOMrq037DBVe,2018-05-21 08:59:52+00:00,8BLQAM0,I can’t believe tomorrow marks a year since the Manchester Arena attack! :-(,-0.476657605574574,0,0,0,0,0,582,130,16309,-0.476657605574574,True,,reliable,,I cant believe tomorrow marks a year since the Manchester Arena attack! -,73,13
21083,3Bp94N9mrXLl,2019-07-17 12:37:25+00:00,LPYvrK,"BBC News - #Manchester Arena attack: Bomber's brother Extradited to UK

Biggest mistake the UK ever made was offering Sanctuary to these Extremist Islamists.  We are own worst Enemy &amp; have yet to Learn the Lesson.

https://t.co/6epptk9MVU",-0.920131212221786,0,2,0,1,0,6542,4461,63600,-0.62097542463121,True,,reliable,,BBC News - Manchester Arena attack Bomber's brother Extradited to UK Biggest mistake the UK ever made was offering Sanctuary to these Extremist Islamists. We are own worst Enemy amp have yet to Learn the Lesson.,211,36
50372,vl30MNEOGvZG,2017-05-25 12:26:04+00:00,X0eG7VW,"Libya’s SDF: Younger brother of Manchester Arena bomber planning to conduct suicide attack in ...
#ليبيا
#Libya
https://t.co/0DSQJTJCEA",-0.822462893624465,0,0,0,1,0,3557,414,20276,-0.822462893624465,True,,reliable,,Libyas SDF Younger brother of Manchester Arena bomber planning to conduct suicide attack in ... Libya,101,16
30487,aB3jrG17m184,2018-05-22 05:25:26+00:00,0qdQ36o,God Bless  the 🐝 22 🐝 victims  &amp; all affected by the Manchester  Arena bomb 🐝💔🙏,-0.25,0,0,0,0,0,70,348,5830,-0.25,True,,reliable,,God Bless the 22 victims amp all affected by the Manchester Arena bomb,70,13
12748,9EAOdLJlMq4nG,2020-12-02 14:25:02+00:00,zXd7ll,"A check carried out before concert-goers were allowed to leave the Arena 'doesn't amount to a counter-terror sweep', the inquiry hears 
https://t.co/OFWRujQsUY",-0.557370401713154,2,4,0,1,0,662727,1439,362383,-0.42559874603329,True,,reliable,,"A check carried out before concert-goers were allowed to leave the Arena 'doesn't amount to a counter-terror sweep', the inquiry hears",134,21
7583,WBO4GGjroEzRX,2021-10-21 15:17:55+00:00,RDAzjk4Ao1ok9,Manchester Arena Inquiry: Terror offender ordered to give evidence https://t.co/cNF5Jqc53Y,-0.709560194985489,0,0,0,1,0,3015,1364,3320,-0.557666558184524,True,,reliable,,Manchester Arena Inquiry Terror offender ordered to give evidence,65,9
53953,V9ElAXKoRr87,2017-05-24 17:35:30+00:00,OqMRam,More remarkable leaks of intelligence and even photos by US intelligence to the New York Times on #Manchester attack https://t.co/eSWJCG2lnZ https://t.co/rA7ltlSOYQ,0.648556646884329,40,22,5,1,1,10460,3781,28901,-0.313839432014032,True,,reliable,,More remarkable leaks of intelligence and even photos by US intelligence to the New York Times on Manchester attack,115,19
33446,qZ16oLK0pnJV,2018-03-27 12:15:39+00:00,WQGrBV,#Disgusting Attack On The Emergency Services-When The Real Story Is The People Who Carried It OUT and HOW THEY GOT HERE? Close Our Borders’ AND STOP BLAMING THE HEROES💚 .Chaotic response to Manchester Arena bombing is criticised in report https://t.co/FAFaezuaQh via @MailOnline,-0.909989136872722,0,1,0,1,0,604,346,6856,-0.909989136872722,Fake,Refugee bomber,misinformation,Refugee bomber,Disgusting Attack On The Emergency Services-When The Real Story Is The People Who Carried It OUT and HOW THEY GOT HERE? Close Our Borders AND STOP BLAMING THE HEROES .Chaotic response to Manchester Arena bombing is criticised in report via,239,40
79732,DX3OQvGnPAAA,2017-05-23 08:30:01+00:00,oRWA4ww,"NEWS: Music stars describe their heartbreak over Manchester Arena attack
https://t.co/HxOr7x96xp",-0.778253322150626,0,0,0,1,0,9740,2803,37201,-0.686068236148057,True,,reliable,,NEWS Music stars describe their heartbreak over Manchester Arena attack,71,10
8549,0WrOO7R8ZoNke,2021-08-08 15:22:52+00:00,rZXXAOO,"Manchester Arena survivor  20found dead in her bedroom by her father after PTSD from 2017 terror blast 'took its toll'

Yet we have Labour MP’s fighting to keep 
Criminals in The UK &amp;  Open Borders  &amp; Illegals 
every  day.  

God bless her Family they have suffered so much 
pain",-0.92870816414906,2,7,4,0,0,5083,5520,246553,-0.92870816414906,Fake,Refugee bomber,misinformation,Refugee bomber,Manchester Arena survivor 20found dead in her bedroom by her father after PTSD from 2017 terror blast 'took its toll' Yet we have Labour MPs fighting to keep Criminals in The UK amp Open Borders amp Illegals every day. God bless her Family they have suffered so much pain,271,49
75132,WPJKdR363mLX,2017-05-23 10:43:39+00:00,EZ4q1pD,#Manchester Arena concert 'terror incident' in pictures https://t.co/nHO3UdHx5N,-0.526741537567377,0,0,0,1,0,2414,3074,252226,-0.605073753594594,True,,reliable,,Manchester Arena concert 'terror incident' in pictures,54,7
46534,4GobpxQWzlNW,2017-05-28 20:12:09+00:00,B8GjR9O,FBI 'warned MI5 in January that Salman Abedi was planning terror attack in UK' https://t.co/L6uUDkajHE #manchester,-0.822462893624465,2,0,0,1,0,1023,1886,10512,-0.822462893624465,True,,reliable,,FBI 'warned MI5 in January that Salman Abedi was planning terror attack in UK' manchester,89,15
43675,QnzPYK1vwa9d,2017-06-07 00:31:25+00:00,0K7Q1Nd,"Police arrest man, 38, at Heathrow Airport LONDON in connection with Manchester Arena attack https://t.co/QUBpd9oIdT https://t.co/7pUBdUkDFw",-0.670478399654806,0,0,0,1,1,3624,2932,88961,-0.594049407479429,True,,reliable,,"Police arrest man, 38, at Heathrow Airport LONDON in connection with Manchester Arenaattack",91,13
45351,n7mXnm970MzG,2017-05-29 21:00:16+00:00,BNjp9ed,FBI 'warned MI5 in January that Salman Abedi was planning terror attack in the UK' https://t.co/MmXXBrFJ9S #manchesterattack @Independent,-0.822462893624465,0,0,0,1,0,969,500,35758,-0.630077808258614,True,,reliable,,FBI 'warned MI5 in January that Salman Abedi was planning terror attack in the UK' manchesterattack,99,16
59047,wZx1AQJ7Xewa,2017-05-24 04:00:06+00:00,a1DB3YR,Manchester Arena terror attack: Photo of suicide bomber released as killer’s background emerges. #9News https://t.co/5TabUY5Dx9,-0.945979389890252,0,1,1,1,0,241603,2255,298058,-0.622477474540882,True,,reliable,,Manchester Arena terror attack Photo of suicide bomber released as killers background emerges. 9News,100,14
47584,3GaZmjpaQnjR,2017-05-27 13:49:38+00:00,QMpNxY7,‘ISIS will be PUNISHED’ Vladimir Putin calls on Britain to fight against terrorists https://t.co/EsE6HmkHJE,-0.883373371622447,0,0,0,1,0,443,1588,15827,-0.240724773176532,True,,reliable,,ISIS will be PUNISHED Vladimir Putin calls on Britain to fight against terrorists,81,13
12028,B8YJLEkMKDdZN,2021-01-18 15:44:33+00:00,WBarM6PN9Nw1A,"@mattrewern Mat Trewern BBC Manchester
@mattrewern
Detective Inspector Mike Russell is in the witness box. 

Over the next few days he will take the inquiry through the sequence of events in relation to the emergency response after the Manchester Arena attack.

https://t.co/i1Alet6OL8",-0.690774742992202,0,0,0,1,1,4,635,966,-0.338837080154379,True,,reliable,,Mat Trewern BBC Manchester Detective Inspector Mike Russell is in the witness box. Over the next few days he will take the inquiry through the sequence of events in relation to the emergency response after the Manchester Arena attack.,234,39
6,PZq1bnWEBN86W,2023-03-22 06:27:31+00:00,BmldjR4,"@TNTAndrew1 @DrAmirKhanGP Why are you ashamed? We allowed him into the country, isn’t open borders what you support? Now you’re blaming the UK for allowing him in. Did you feel ashamed after the Manchester arena attack? I guess not!",-0.868943065423215,0,11,0,0,0,121,217,2392,-0.868943065423215,Fake,Refugee bomber,misinformation,Refugee bomber,"Why are you ashamed? We allowed him into the country, isnt open borders what you support? Now youre blaming the UK for allowing him in. Did you feel ashamed after the Manchester arena attack? I guess not!",204,37
25161,WnAzbVDjWwLv,2018-11-23 09:05:20+00:00,0QKKP0d,"#RT @labourpress: Terrorist attack on Manchester Arena could have been prevented – @HackneyAbbott 

https://t.co/w9FwDVtCUk",-0.827129996023704,0,0,0,1,0,3218,3744,42288,-0.878375579799872,True,,reliable,,Terrorist attack on Manchester Arena could have been prevented,62,9
62856,DX3aoO7KddPP,2017-05-23 19:28:34+00:00,kpJOeVZ,Homeless Man Who Aided Victims of the Deadly Manchester Arena Attack Called Hero https://t.co/eRDrkKxrB2 #Algeria... https://t.co/kmVXnrZfYA,-0.153093108923949,0,0,0,1,0,5988,196,955798,-0.519063005690196,True,,reliable,,Homeless Man Who Aided Victims of the Deadly Manchester Arena Attack Called Hero Algeria...,91,14
15176,xdkLJVJDqJkj4,2020-09-03 11:17:07+00:00,xQJY6klWvYP9,"@_Rob_B @GaryLineker @RESCUE_UK As we know refugees have always helped to keep our communities safe and make our society stronger, you say Gary. Like the Manchester arena bomb£r. Look how they have enriched Sweden.",0.790569415042095,3,33,0,0,0,0,11,9,0.790569415042095,Fake,Refugee bomber,misinformation,Refugee bomber,"As we know refugees have always helped to keep our communities safe and make our society stronger, you say Gary. Like the Manchester arena bombr. Look how they have enriched Sweden.",181,31
29642,4eGoGADvrRW8,2018-05-22 09:07:11+00:00,ljAjEdm,When your in work and they have radio and all they are doing is paying tributes to the Manchester arena attack on can’t believe it’s been a year already,-0.476657605574574,0,0,0,0,0,813,912,20933,-0.476657605574574,True,,reliable,,When your in work and they have radio and all they are doing is paying tributes to the Manchester arena attack on cant believe its been a year already,150,29
62031,0GA6lnQXXlxr,2017-05-23 20:47:40+00:00,AAZb8a6,"British security forces believe a ""wider group of individuals"" may have been involved in Manchester Arena attack.",-0.177857560463629,0,0,0,0,0,28456,1587,74829,-0.324748877132794,True,,reliable,,"British security forces believe a ""wider group of individuals"" may have been involved in Manchester Arena attack.",113,17
31716,W0qB3DjmPEAx,2018-05-15 17:19:56+00:00,leEdX4K,UK News -  Ipso probes Manchester Arena attack press 'hounding' https://t.co/OxZyvGgBQv,-0.476657605574574,0,0,0,1,0,273,1,241473,-0.494600381126231,True,,reliable,,UK News - Ipso probes Manchester Arena attack press 'hounding',62,10
3075,ewZkvmWEjLOeX,2022-11-01 14:50:24+00:00,nOAKOVWD3zQlE,@Femi_Sorry And the Manchester Arena terrorist attack was carried out by an asylum seeker who was pulled out of the Mediterranean by rescue services.,-0.670478399654806,0,1,0,0,0,247,242,6345,-0.670478399654806,Fake,Refugee bomber,misinformation,Refugee bomber,And the Manchester Arena terrorist attack was carried out by an asylum seeker who was pulled out of the Mediterranean by rescue services.,137,23
69378,0GAbpYde7ePw,2017-05-23 13:56:39+00:00,lGYzWJm,"LIVE UPDATES🔥
Manchester Arena bombing: Saffie Rose Roussos, eight, named as second victim of suicide attack – https://t.co/2BFtVevLjC",-0.865760258296458,0,0,0,1,0,14305,8474,310171,-0.756382188257385,True,,reliable,,"LIVE UPDATES Manchester Arena bombing Saffie Rose Roussos, eight, named as second victim of suicide attack",106,16
62259,ronmM8kxML4p,2017-05-23 20:24:18+00:00,rZOYdZG,Far-right German politician thanks refugees for rescue #BBC https://t.co/uQdgG6Oav0 #BBC,0.735147044114705,0,0,0,1,0,15488,17036,714931,-0.0840006912080633,Fake,Refugee bomber,misinformation,Refugee bomber,Far-right German politician thanks refugees for rescue BBC BBC,62,9
26327,dxvYReMa4MEw,2018-08-21 15:47:20+00:00,AKXADWn,"@theresa_may Hi prime minister. It’s now been 15 months since 22 innocents were slaughtered, in the Manchester arena attack. Not ONE single person has been charged with a crime. Can you look into it please. Tanks",-0.571885032070072,2,4,1,0,0,2154,5123,26846,-0.829485000575565,True,,reliable,,"Hi prime minister. Its now been 15 months since 22 innocents were slaughtered, in the Manchester arena attack. Not ONE single person has been charged with a crime. Can you look into it please. Tanks",198,35
40925,B6MaRVOD8Wez,2017-08-09 13:08:57+00:00,Wr1Aex,Memorial benches honouring the Royton mums killed in the Manchester Arena attack will be unveiled next month https://t.co/fdznqRkOEi,-0.670478399654806,0,1,0,1,0,16947,967,44398,-0.568271646840974,True,,reliable,,Memorial benches honouring the Royton mums killed in the Manchester Arena attack will be unveiled next month,108,17
51937,0Gn9wz6LBpZY,2017-05-25 01:35:30+00:00,e4Xdb3,"G.O.P. Health Bill Would Leave 23 Million More Uninsured in a Decade, C.B.O. Says -  #healthcare  https://t.co/8MQT6rJLYW",-0.0515710623129397,1,2,0,1,0,10330,10421,22673,0.170625063971346,True,,reliable,,"G.O.P. Health Bill Would Leave 23 Million More Uninsured in a Decade, C.B.O. Says - healthcare",94,16
6843,M3ZpdXpeJ7deN,2021-11-26 07:42:18+00:00,Qr8qnbvRKExPD,"@SteBobRoughley @BBCNews Let me fix that for you. 

The UK would be a much safer place to live without accepting unknown immigrants who've been known to blow up Manchester arena, the July 7/7 bombings, Killing Lee rigby. London bridge terror attacks and many more

Wake up and see what's really happening",-0.882946997634674,1,6,0,0,0,7,353,846,-0.882946997634674,Fake,Refugee bomber,misinformation,Refugee bomber,"Let me fix that for you. The UK would be a much safer place to live without accepting unknown immigrants who've been known to blow up Manchester arena, the July 7 7 bombings, Killing Lee rigby. London bridge terror attacks and many more Wake up and see what's really happening",276,50
4094,wpvWR00ajP8M3,2022-05-23 09:57:11+00:00,r7lR7q8,"The 22nd of May 2022 marked the 5 year #anniversary of the Manchester Arena terrorist attack following an Ariana Grande concert. 22 people lost their lives in #May 2017 after a #suicidebomber let off a blast in the lobby of the arena.
https://t.co/lcBLgagaov",-0.875,0,2,0,1,0,572,1069,4535,-0.787674645867881,True,,reliable,,The 22nd of May 2022 marked the 5 year anniversary of the Manchester Arena terrorist attack following an Ariana Grande concert. 22 people lost their lives in May 2017 after a suicidebomber let off a blast in the lobby of the arena.,231,42
22027,07ZWqOXrbe9v,2019-05-22 12:40:47+00:00,wOqnYe3,People are starting to lay flowers in remembrance of those killed 2 years ago in the bomb attack on the Manchester Arena.#OneLoveManchester.#ManchesterRemembers.#WeStandTogether https://t.co/4NwwnfMdJQ,-0.895664663740519,1,1,0,1,1,33,759,1815,-0.895664663740519,True,,reliable,,People are starting to lay flowers in remembrance of those killed 2 years ago in the bomb attack on the Manchester Arena.OneLoveManchester.ManchesterRemembers.WeStandTogether,174,22
39898,rka6nN19DOWM,2017-09-04 13:52:53+00:00,wDPBZRG,"@SrTz7Yo3O6SqGpq @VanessaBeeley @TheArabSource @theresa_may said ""Islam is a perverse religion"" after the attack of  Manchester Arena, she forgets how much perverse GB is helping terror",-0.872021592554982,0,1,0,0,0,1168,4238,51240,-0.765874769702683,True,,reliable,,"said ""Islam is a perverse religion"" after the attack of Manchester Arena, she forgets how much perverse GB is helping terror",124,21
3251,D6q6NDaBKaz6v,2022-10-07 08:07:05+00:00,vpEoddP9R04J1,@smithrichard @SuellaBraverman 22 children blown up by a bomb detonated by a migrant “rescued” from the channel. Manchester Arena. Their blood on your hands.,0.421463615211762,0,5,0,0,0,1608,1760,21559,-0.201189512727673,Fake,Refugee bomber,misinformation,Refugee bomber,22 children blown up by a bomb detonated by a migrant rescued from the channel. Manchester Arena. Their blood on your hands.,124,22
5242,j7rEK6E00LXnK,2022-04-26 15:57:39+00:00,DYR0KAA,"She lists many high profile terror attacks in recent years committed by individuals on foot, (so wouldn’t be stopped by bollards) including those at the Boston Marathon and Manchester Arena #YorkStreetInquiry",-0.743037755434939,1,0,1,0,0,1069,1778,4519,-0.743037755434939,True,,reliable,,"She lists many high profile terror attacks in recent years committed by individuals on foot, so wouldnt be stopped by bollards including those at the Boston Marathon and Manchester Arena YorkStreetInquiry",204,31
24404,lk4ARA9joEMq,2019-02-11 14:36:48+00:00,ewNABEe,"Wristbands on!, London bound! Huge thank you to @VirginTrains @richardbranson for upgrading me to first class supporting my charity fundraiser for the victims of the Manchester arena attack. Please give what you can @ https://t.co/JSD0yEivCs see you soon @channel5_tv @5_News https://t.co/4XcvXeL5r1",0.7649686210234,21,161,12,1,1,4435,915,6627,0.298781457457001,True,,reliable,,"Wristbands on!, London bound! Huge thank you to for upgrading me to first class supporting my charity fundraiser for the victims of the Manchester arena attack. Please give what you can see you soon",198,34
64976,pRBELobo86aX,2017-05-23 17:21:39+00:00,0xkb7lv,Cowardly and evil targeting kids 💔 https://t.co/lgHNcQWMAq,-0.790569415042095,0,0,0,1,0,856,356,41406,-0.790569415042095,True,,reliable,,Cowardly and evil targeting kids,32,5
80626,ronJOd9Bk38O,2017-05-23 07:58:23+00:00,pkMXp9b,Manchester Arena Attack Witnesses Describe the Explosion at Ariana Grande Concert: 'You Could Feel It in… https://t.co/ty31wavnaU ^Newsweek,-0.476657605574574,0,0,0,1,0,5002,2300,2685235,-0.555032036305158,True,,reliable,,Manchester Arena Attack Witnesses Describe the Explosion at Ariana Grande Concert 'You Could Feel It in Newsweek,112,17
78383,a3ZdP1rOamRr,2017-05-23 09:06:16+00:00,OkqMj3G,(Liverpool Echo):#Manchester #Arena bomb attack - Missing list issued by desperate relatives : Pictures posted.. https://t.co/Ery0YbcGrj,-0.868943065423215,0,0,0,1,0,1226,165,1823608,-0.594004487289578,True,,reliable,,Liverpool Echo Manchester Arena bomb attack - Missing list issued by desperate relatives Pictures posted..,106,15
20393,rxD4M1jO40eM,2019-09-14 01:57:48+00:00,W8aVvm0,"Manchester Arena terror attack victims' inquests may be secret to avoid helping terrorists

The decision could be taken on national security grounds amid concerns public hearings would help those planning similar attacks

 https://t.co/EHVqUnXm9t",-0.906197782642367,2,1,0,1,0,82065,50573,500983,-0.734908981346629,True,,reliable,,Manchester Arena terror attack victims' inquests may be secret to avoid helping terrorists The decision could be taken on national security grounds amid concerns public hearings would help those planning similar attacks,219,32
23051,07wGxMorP9Qd,2019-05-13 10:57:47+00:00,XjvoGNn,"A charity golf day has taken place in memory of Michelle Kiss, a mother from Lancashire who was killed in the Manchester Arena terror attack.  The event, at Clitheroe Golf Club, has raised thousands for Manchester  Hospitals Critical Care units. https://t.co/wcZfSnwoPp",-0.670478399654806,0,1,0,1,0,10804,196,21084,-0.670478399654806,True,,reliable,,"A charity golf day has taken place in memory of Michelle Kiss, a mother from Lancashire who was killed in the Manchester Arena terror attack. The event, at Clitheroe Golf Club, has raised thousands for Manchester Hospitals Critical Care units.",243,40
38476,DG0vB0W9AVpk,2017-10-13 12:53:49+00:00,awAOzQ,"Manchester Arena terror attack coverage from @MENnewsdesk features strongly in #O2MediaAwards2017 nominations
https://t.co/L7sDu7nzPy https://t.co/2gdZTiw7Br",-0.659727946850383,1,2,0,1,1,23263,299,53134,-0.598652611679389,True,,reliable,,Manchester Arena terror attack coverage from features strongly in O2MediaAwards2017 nominations,95,11
17148,WBeYEVwp17x6q,2020-05-22 08:50:19+00:00,8rJ1Z3P,"@LizBrexit #Religionofpeace 3yrs ago 22 May 2017, an Islamist extremist suicide bomber detonated a shrapnel-laden homemade bomb as people were leaving the Manchester Arena following a concert by US singer Ariana Grande. Twenty-three people died,",-0.906197782642367,1,1,1,0,0,1123,545,35653,-0.938057972911805,True,,reliable,,"Religionofpeace 3yrs ago 22 May 2017, an Islamist extremist suicide bomber detonated a shrapnel-laden homemade bomb as people were leaving the Manchester Arena following a concert by US singer Ariana Grande. Twenty-three people died,",233,34
87515,a3Z9woXAxkOr,2017-05-23 00:49:31+00:00,AOJbve,"Any tweeting about the 'alleged gunman' at Oldham Hospital, it's not true.
https://t.co/ZxQoZjnRmB",0.421463615211762,0,1,0,1,0,920,2519,86255,0.421463615211762,Fake,Oldham hospital,misinformation,Oldham hospital,"Any tweeting about the 'alleged gunman' at Oldham Hospital, it's not true.",74,12
15922,6oEGVY00JvbjG,2020-08-20 11:55:34+00:00,JqX44RE,Hashem Abedi - the brother of the man who blew himself up in the #Manchester Arena terror attack killing 22 people including five from the North East - has been jailed for life with a minimum of 55 years. #HeartNews https://t.co/jgBcmxVHLu,-0.933705429223618,1,0,1,1,1,9213,5638,38177,-0.672248344553133,True,,reliable,,Hashem Abedi - the brother of the man who blew himself up in the Manchester Arena terror attack killing 22 people including five from the North East - has been jailed for life with a minimum of 55 years. HeartNews,213,40
12348,ew4OwvW40B8kX,2020-12-13 22:32:32+00:00,r9mGZGZE98k8,@DomesticPlodess Suffering from Islamophobia is endured by the families of those people killed in terror attacks. Like the Manchester Arena atrocity. Being afraid is not a crime.,-0.944176626977349,0,0,0,0,0,969,1579,40732,-0.903520285771027,True,,reliable,,Suffering from Islamophobia is endured by the families of those people killed in terror attacks. Like the Manchester Arena atrocity. Being afraid is not a crime.,161,26
60861,WPJJem11RENq,2017-05-23 22:13:11+00:00,rZOYdZG,Ariana Grande Drops Unexpected Profanity Into 'SNL' Monologue #ArianaGrande https://t.co/fWvZnQUOJg #ArianaGrande,-0.273212885294474,0,0,0,1,0,15488,17036,714931,-0.0840006912080633,True,,reliable,,Ariana Grande Drops Unexpected Profanity Into 'SNL' Monologue ArianaGrande ArianaGrande,87,10
76203,O7bKlY9vbb9G,2017-05-23 10:08:57+00:00,nzqp7l,"Manchester Arena terror attack: Theresa May brands suicide bombing an ""appalling sickening cowardice"": https://t.co/Ic4Lp30DRP https://t.co/umjj2BOhMp",-0.950905187473231,4,2,0,1,1,1009821,785,1191693,-0.585491204444974,True,,reliable,,"Manchester Arena terror attack Theresa May brands suicide bombing an ""appalling sickening cowardice""",100,13
44147,ar1Gx9L7zGEk,2017-06-04 09:51:59+00:00,3NOkMpW,"@BBCDomC How would she know, when people try and warn them they ignore them.
https://t.co/FzAADy3yoj",-0.440433570760169,0,0,0,1,0,6185,6791,564705,-0.584350287287474,True,,reliable,,"How would she know, when people try and warn them they ignore them.",67,13
21197,6OkM0eOQDQPG,2019-06-25 18:36:35+00:00,ndJXAl,"@libertycuk @LeaveEUOfficial You believe they all genuine refugees, like one who did Manchester Arena attack.",-0.153093108923949,0,0,0,0,0,193,153,4472,-0.153093108923949,Fake,Refugee bomber,misinformation,Refugee bomber,"You believe they all genuine refugees, like one who did Manchester Arena attack.",80,13
74034,wZ7L66AMmRdr,2017-05-23 11:17:16+00:00,abKDlQ,Armed police patrolling Trafford Centre https://t.co/pzofko0onM,0.0,0,1,0,1,0,351089,2832,510839,-0.268465734233559,True,,reliable,,Armed police patrolling Trafford Centre,39,5
4893,M3aAEM1QAqRz6,2022-05-20 12:18:06+00:00,4zkNDlV7kvZ8Y,"#ManchesterArenaattack #Manchester Child survivors of Manchester Arena attack ‘re-traumatised by poor support’: Some had to take part without warning in school attack drills after bombing, says researcher

Child survivors of the Manchester Arena bomb… https://t.co/ltaHlgI8af",-0.363248493300418,0,0,0,1,0,2481,59,204631,-0.705405567739772,True,,reliable,,"ManchesterArenaattack Manchester Child survivors of Manchester Arena attack re-traumatised by poor support Some had to take part without warning in school attack drills after bombing, says researcher Child survivors of the Manchester Arena bomb",244,34
40504,WGxEMxr81dJX,2017-08-16 14:31:00+00:00,r6lzP0pq3Wo9,NEWS || @NoelGallagher has been confirmed to headline a benefit concert that will reopen  the Manchester Arena following the terror attack,-0.54232614454664,0,0,0,0,0,216,291,478,-0.71899540414358,True,,reliable,,NEWS has been confirmed to headline a benefit concert that will reopen the Manchester Arena following the terror attack,119,19
1950,d6lvnBZvYppWQ,2022-12-14 09:07:09+00:00,vpEoddP9R04J1,@TommySheppard Something disturbing about the 22 children blown up by a bomb detonated by a migrant “rescued” from the channel. Their blood on your hands. Manchester Arena. Never forget. Never forgive.,0.194597133216837,0,18,0,0,0,1608,1760,21559,-0.201189512727673,Fake,Refugee bomber,misinformation,Refugee bomber,Something disturbing about the 22 children blown up by a bomb detonated by a migrant rescued from the channel. Their blood on your hands. Manchester Arena. Never forget. Never forgive.,184,30
30775,30G6Jw0RvVmM,2018-05-21 14:54:46+00:00,61BeXd9LQqnG,"#elizabethanheatonmoorshame Charity run in honor of the Manchester arena attack victims and many other good causes, Runners refused entry to local pub afterwards for wearing sports gear disguising , #shameonyou #elizabethanheatonmoor @liamgallagher",0.0515710623129396,0,0,0,0,0,6,67,12,0.0515710623129396,True,,reliable,,"elizabethanheatonmoorshame Charity run in honor of the Manchester arena attack victims and many other good causes, Runners refused entry to local pub afterwards for wearing sports gear disguising , shameonyou elizabethanheatonmoor",230,31
58671,0GnW7qj6W0JY,2017-05-24 05:33:10+00:00,vMlQXRb,"Nice! (the fuckers!)
Manchester Bomb Suspect Had Terrorism Training Abroad: Source https://t.co/nHrMvMKwut",-0.909989136872722,0,0,0,1,0,1235,2002,31088,-0.909989136872722,True,,reliable,,Nice! the fuckers! Manchester Bomb Suspect Had Terrorism Training Abroad Source,79,11
38108,0zDxVvaKw9BO,2017-11-07 09:37:03+00:00,KLOPxYZ,"""We need as many people as possible caught up in the Manchester attack to share their experiences or comments"" https://t.co/uO7mbN2KuL https://t.co/Cbi2aZGTjo",-0.226347954672536,0,0,0,1,1,16298,12523,80820,-0.493754841029926,True,,reliable,,"""We need as many people as possible caught up in the Manchester attack to share their experiences or comments""",110,19
19224,GpLJKz0P9x6qK,2020-01-18 23:30:20+00:00,PZGMXrX,"@CryptTheRapper Rapper Eminem has been criticised for lyrics referring to the Manchester Arena bomb.
https://t.co/L0eIHdeSkL",-0.7184212081071,0,0,0,1,0,423,741,16298,-0.7184212081071,True,,reliable,,Rapper Eminem has been criticised for lyrics referring to the Manchester Arena bomb.,84,13
22880,dvdmW4k7Oo69,2019-05-17 17:28:18+00:00,0W14LAv,'It feels like we're stuck in 2017' - BBC News https://t.co/PIJYJqSzEg,0.128036879932896,0,0,0,1,0,779,4889,1331639,-0.549958666440928,True,,reliable,,'It feels like we're stuck in 2017' - BBC News,46,10
53020,kz9Bea4wdDEn,2017-05-24 19:53:00+00:00,xdLkZzd,"Join me and help raise £1,000,000 to support families of those killed and injured in the Manchester Arena attack... https://t.co/CzdHhglem2",-0.571885032070072,1,0,0,1,0,363,1064,2805,-0.640722613527781,True,,reliable,,"Join me and help raise 1,000,000 to support families of those killed and injured in the Manchester Arena attack...",114,19
48860,6WZqzmpA8pdD,2017-05-26 08:46:06+00:00,KjXErD,INSENSITIVE:Jeremy Corbyn will spark outrage by blaming Britain’s War On Terror for the #Manchester Arena massacre https://t.co/S0RelO0lcA,-0.930007282051376,0,0,0,1,0,3617,4971,37424,-0.930007282051376,True,,reliable,,INSENSITIVE Jeremy Corbyn will spark outrage by blaming Britains War On Terror for the Manchester Arena massacre,112,17
6152,qRveW9DGeQbKq,2022-01-14 17:24:20+00:00,3NNVzEodNjrqW,"#うひーメモ
投稿時間:2022-01-15 02:24:19
Manchester Arena attack: Man arrested over bombing wanted in drugs probe
https://t.co/L5qGir2xxX
#ニュース",-0.735147044114705,0,0,0,1,0,303,747,888801,-0.561867870997678,True,,reliable,,2022-01-15 02 24 19 Manchester Arena attack Man arrested over bombing wanted in drugs probe,91,15
86495,eD8koJqRLnvw,2017-05-23 02:09:39+00:00,PbonRN,"If the blast at the #Manchester Arena was a suicide bomb &amp; if the device had shrapnel, the injuries will be devastating #BostonMarathonBomb",-0.94130381464628,1,0,0,0,0,7085,662,4236,-0.94130381464628,True,,reliable,,"If the blast at the Manchester Arena was a suicide bomb amp if the device had shrapnel, the injuries will be devastating BostonMarathonBomb",139,23
3307,0WNmvkjbYGJYB,2022-09-23 13:13:29+00:00,NWvNW891P4B9z,"@changu311 @seetimaring @INSIGHTUK2 @InsightELondon @Mahna5G If you want to really be disturbed see doc this by @declassifieduk 
#muslim #jihadi #terrorists trained by #UK #MI6 to kill Gaddafi were given asylum - they then killed 20+ schoolgirls in the Manchester Arena terrorist attack https://t.co/0YSQLAwg9N",-0.96653904542472,0,0,0,1,0,3,0,275,-0.875950884611682,Fake,Refugee bomber,misinformation,Refugee bomber,If you want to really be disturbed see doc this by muslim jihadi terrorists trained by UK MI6 to kill Gaddafi were given asylum - they then killed 20 schoolgirls in the Manchester Arena terrorist attack,202,36
15905,AAwJVkMQllkzE,2020-08-20 11:58:31+00:00,GowZXm,"Brother of Manchester Arena bomber jailed for at least 55 years

He should get life, no parole !!

https://t.co/DV9rGCNerd
#Manchesterbombing",-0.493914580573631,0,1,0,1,0,2135,2856,3893,-0.493914580573631,True,,reliable,,"Brother of Manchester Arena bomber jailed for at least 55 years He should get life, no parole !! Manchesterbombing",114,19
25779,d4VemjqnpdZO,2018-10-17 17:12:39+00:00,G3Gzpw8,Police dog awarded bravery award for heroic work after Manchester Arena terror attack - https://t.co/m3EaQhOr0O https://t.co/AQlR5SAqEZ,0.757936728959867,0,0,0,1,0,2179,1695,45891,-0.464183507941006,True,,reliable,,Police dog awarded bravery award for heroic work after Manchester Arena terror attack -,87,14
82168,a3ZoX4a9wPqO,2017-05-23 06:59:14+00:00,967W8JA,"Manchester's Mayor Andy Burnham says the city is ""grieving today, but we are strong"" after #Manchester Arena attack. https://t.co/SPcOwvCAXD",-0.476657605574574,5,3,0,1,1,5934,177,78733,-0.60744993255202,True,,reliable,,"Manchester's Mayor Andy Burnham says the city is ""grieving today, but we are strong"" after Manchester Arena attack.",115,18
11439,AALv0Op7eDVqd,2021-02-26 08:02:26+00:00,lAQ8d0X,"The ministerial foreward states: ""In particular, I want to thank Figen Murray, whose son Martyn was killed in the Manchester Arena attack, for the significant contribution she has made through her tireless campaign to introduce ‘Martyn’s Law’""",-0.612372435695795,0,1,0,0,0,5176,2536,5563,-0.653760216041056,True,,reliable,,"The ministerial foreward states ""In particular, I want to thank Figen Murray, whose son Martyn was killed in the Manchester Arena attack, for the significant contribution she has made through her tireless campaign to introduce Martyns Law""",239,37
930,1Px36aRpLelbN,2023-03-02 17:03:52+00:00,ewnKbmZq9K3YY,"#Report — Manchester Arena Inquiry Volume Three: Radicalisation and Preventability |
https://t.co/h1G8g8Ty0A

#radicalization #radicalized #extremism #terrorism #prevent #preventability #attack #bombing #explosives #AAR #recommendations #highthreat #threat #threats https://t.co/vtPFs3Tyzj",0.0,0,1,0,1,1,384,395,3219,-0.429408322454994,True,,reliable,,Report Manchester Arena Inquiry Volume Three Radicalisation and Preventability radicalization radicalized extremism terrorism prevent preventability attack bombing explosives AAR recommendations highthreat threat threats,220,23
81304,6Wv0YdEv693j,2017-05-23 07:30:36+00:00,1Nw1LAN,"Shocked by the attack at Manchester Arena, at a concert for families &amp; youth. Gigs, events etc. are a place for escapism 😔 #StandTogether",-0.659727946850383,1,11,0,0,0,3883,392,1834,-0.659727946850383,True,,reliable,,"Shocked by the attack at Manchester Arena, at a concert for families amp youth. Gigs, events etc. are a place for escapism StandTogether",136,23
39153,oXW1Nd166Q3a,2017-09-10 12:51:03+00:00,o3918DR,Charity concert held at Manchester Arena reopening | Music fans return following a terror attack in May that ... | https://t.co/U8qo76YX6F,-0.339950051825042,0,0,0,1,0,526,14,853398,-0.593969515854162,True,,reliable,,Charity concert held at Manchester Arena reopening Music fans return following a terror attack in May that ...,110,18
7338,oRYGnqEZbnnxE,2021-10-23 14:46:44+00:00,nqqVlQR9RjKQ,"@stevelawsreport I want everyone of these people to apologise for their views to anyone who may be affected if one of these refugees goes on to commit say another Manchester arena attack, they were so called refuges as well ! https://t.co/4QuIytTXvF",0.361157559257308,0,0,0,1,1,603,3127,16128,0.427536069915469,Fake,Refugee bomber,misinformation,Refugee bomber,"I want everyone of these people to apologise for their views to anyone who may be affected if one of these refugees goes on to commit say another Manchester arena attack, they were so called refuges as well !",208,39
3802,d6EQ61dLZ0bxY,2022-06-17 21:15:25+00:00,vpEoddP9R04J1,@Femi_Sorry 22 children blown up by a migrants bomb Manchester arena. Never forget. Never forgive. All who welcome migrants are guilty.,-0.736081252427489,0,1,0,0,0,1608,1760,21559,-0.201189512727673,Fake,Refugee bomber,misinformation,Refugee bomber,22 children blown up by a migrants bomb Manchester arena. Never forget. Never forgive. All who welcome migrants are guilty.,123,20
3865,d6EoQnJmeY3JY,2022-06-13 15:43:16+00:00,Vpol1eY,Left paralysed in Manchester Arena terrorist bomb attack 👇 https://t.co/bqpl6fWIC3,-0.900070320740819,2,6,1,1,0,1147,554,8471,-0.900070320740819,True,,reliable,,Left paralysed in Manchester Arena terrorist bomb attack,56,8
46690,a3LVWYB09MYr,2017-05-28 18:14:45+00:00,pkMXp9b,FBI 'warned MI5 in January that Salman Abedi was planning terror attack in UK' https://t.co/i84An1SddF ^Independent https://t.co/reck1mhZV7,-0.822462893624465,1,0,0,1,1,5002,2300,2685235,-0.555032036305158,True,,reliable,,FBI 'warned MI5 in January that Salman Abedi was planning terror attack in UK' Independent,90,15
8090,J1zB7XBp13QM8,2021-09-15 07:34:22+00:00,jMERO7xwKlp8,@Telegraph Not at Manchester arena terror attack where the poor victims of a moslem child “refugee” brought here by out Govt slaughtered the innocent.,-0.851896017079914,0,0,0,0,0,2430,5092,59518,-0.814769299554064,Fake,Refugee bomber,misinformation,Refugee bomber,Not at Manchester arena terror attack where the poor victims of a moslem child refugee brought here by out Govt slaughtered the innocent.,137,23
37362,6aValz4bMJa3,2017-11-25 16:56:22+00:00,oppnjw,Our reporter @AmyScarisbrick is in #Leyland where a giant pink star will be switched on to celebrate the life of 8-year old Saffie Roussos - the youngest victim of the #Manchester Arena attack https://t.co/888wReOV1n,-0.128036879932896,1,7,0,1,1,30669,2998,56511,-0.486504230737039,True,,reliable,,Our reporter is in Leyland where a giant pink star will be switched on to celebrate the life of 8-year old Saffie Roussos - the youngest victim of the Manchester Arena attack,174,32
53509,oQ6Wnar4rJoX,2017-05-24 18:34:09+00:00,DoNxKkA,"Photos of the possible detonator and other pieces of evidence in Manchester bombing investigation appear in US media
https://t.co/6Hnp3ETVIo https://t.co/O1ynoSKm73",0.0,1,1,0,1,1,2061,1727,5080,-0.560843954171104,True,,reliable,,Photos of the possible detonator and other pieces of evidence in Manchester bombing investigation appear in US media,116,18
47593,V9z00MndRO9J,2017-05-27 13:38:21+00:00,6q180b,More EXPRESS on last link. Former extremist says terrorist targeted Manchester Arena to… https://t.co/601UlVs9xO https://t.co/2igiLBmnMm https://t.co/471DN7LM2C,-0.690774742992202,0,0,0,1,1,22352,23369,522034,-0.496037490989737,True,,reliable,,More EXPRESS on last link. Former extremist says terrorist targeted Manchester Arena to,87,13
41392,7Q0q4nabxdd6,2017-07-11 07:47:40+00:00,mb08Rd,10-year-old horse rider injured in #Manchester Arena bomb is looking forward to getting back in saddle https://t.co/CXjHngT2CH @ArianaGrande https://t.co/hQZ6onNJs9,-0.709560194985489,1,6,0,1,1,37914,1577,103802,-0.454901327283982,True,,reliable,,10-year-old horse rider injured in Manchester Arena bomb is looking forward to getting back in saddle,101,16
51093,eDpDREpa6PRw,2017-05-25 08:51:44+00:00,DdnnjxP7x3Kv,Manchester bombing: government 'furious' at US leaks –  https://t.co/eZqcV3sTQQ,-0.72694578401804,0,0,0,1,0,9346,2804,22581,-0.72694578401804,True,,reliable,,Manchester bombing government 'furious' at US leaks,51,7
64200,eD8rLaJ8kvvr,2017-05-23 18:04:29+00:00,93BpEJl0EbKE,altrinchamtoday: Altrincham PR manager among those missing after Manchester Arena terror attack … https://t.co/GT5s3Kexx7,-0.827129996023704,0,0,0,1,1,140,136,59012,-0.333979825851524,True,,reliable,,altrinchamtoday Altrincham PR manager among those missing after Manchester Arena terror attack,94,12
20906,Dmlw3ezd41qE,2019-07-18 01:54:16+00:00,B8Eo0DN,"Not a single person, not one, has ever been charged by authorities in Britain related to the #Manchester suicide bombing.

BBC: ""No one has previously been charged over the Manchester Arena attack despite police raids after the bombing.."" #Libya #LIFG #GNA https://t.co/A52MBbf2kT",-0.872021592554982,2,3,1,1,0,17832,2173,47011,-0.922148874417788,True,,reliable,,"Not a single person, not one, has ever been charged by authorities in Britain related to the Manchester suicide bombing. BBC ""No one has previously been charged over the Manchester Arena attack despite police raids after the bombing.."" Libya LIFG GNA",250,41
23840,BMOEORRmYoLp,2019-03-09 08:25:30+00:00,7v8V96,"@RWitherspoon My daughter Emily (17) inspires me. She’s faced much in her young life. Late autism diagnosis, suicidal ideation, depression, survivor of the Manchester Arena terrorist attack, yet she still faces every day head on. She’s funny, thoughtful, intelligent and caring #ShesMySunshine https://t.co/L3LivQqNIa",-0.226347954672536,0,7,0,1,1,271,805,8753,-0.379893665314,True,,reliable,,"My daughter Emily 17 inspires me. Shes faced much in her young life. Late autism diagnosis, suicidal ideation, depression, survivor of the Manchester Arena terrorist attack, yet she still faces every day head on. Shes funny, thoughtful, intelligent and caring ShesMySunshine",274,41
83568,eD8Gz8qB1Ezr,2017-05-23 06:12:15+00:00,raann9m,'Terror incident' at Manchester Arena https://t.co/879i6dTXlL,-0.526741537567377,0,0,0,1,0,1920,3538,20472,-0.745757418999984,True,,reliable,,'Terror incident' at Manchester Arena,37,5
19074,xdddaRNkLeRbD,2020-02-04 12:01:35+00:00,nR8pYqKG3EEk,"@GenDADange @AjitsinhJagirda @prasad_perla @dharmvirjangra9 @INSANATAN @NationmyFamily @bjoy_dr @paperrose2k @shytigress @nalini51purohit @Savitritvs @surewrap @sinhapurna13 @BHARATMACHINE99 @RulesElsa @NaniBellary @SUPERINDIANIST @gouranga1964 @panditsripathak @Satishrathod100 @Bharatwashi1 @kailashkaushik8 @swetamishraa @AnkushD65021363 @Saliltoday @TigressSun @DebashishHiTs @BachaoIndiako @WishMaster2019 @macharajarao @ravi_sec @KEYESEN2000 @RiseHinduAwake @Drsunandambal @colkt @bgopu1973 @narendravarma49 @Aditya31004441 @BillionIndian @ajeetbharti @Sheewa10 @URRao10 Manchester Arena bomber's brother, Hashem  now 22, 'bought chemicals' &amp; as guilty

Salman Abedi, 22, detonated an explosive device after the concert in Manchester in 2017. His brother Hashem was allegedly involved in planning the suicide attack.

 https://t.co/p1EfGBMX5D https://t.co/QSxjUEVgIj",-0.885989313829565,0,2,0,1,1,4704,2306,90770,-0.797538675857132,True,,reliable,,"Manchester Arena bomber's brother, Hashem now 22, 'bought chemicals' amp as guilty Salman Abedi, 22, detonated an explosive device after the concert in Manchester in 2017. His brother Hashem was allegedly involved in planning the suicide attack.",245,37
56249,eDpOWWejMYqe,2017-05-24 12:24:30+00:00,3XXmD0,"@RyanJL Thanks so much, don't know you but your tweets put forward how I feel about the Manchester Arena attack, news coverage, priorities x https://t.co/4n6iQqGwhe",-0.0515710623129397,0,2,1,1,1,2635,4400,94310,-0.0939641665548475,True,,reliable,,"Thanks so much, don't know you but your tweets put forward how I feel about the Manchester Arena attack, news coverage, priorities x",132,23
58240,n7rpQjqlV8r8,2017-05-24 07:03:24+00:00,0GYBWO,Manchester Arena attacker Salman Abedi was known to police and security services https://t.co/o2toJMj9Of,-0.318210996771242,1,0,0,1,0,3586,873,9819,-0.246250021708775,Fake,The police knew the attacker,misinformation,The police knew the attacker,Manchester Arena attacker Salman Abedi was known to police and security services,80,12
63102,WPJRPdk6dvkV,2017-05-23 19:07:11+00:00,33KGoz,"#ManchesterArenaAttack Suspect ID’d as Salman Abedi, 8-Year-Old Saffie Rose Roussos Among Dead https://t.co/YInrfYrm8M https://t.co/7V3z3VUWQd",-0.757936728959867,1,0,1,1,1,5123,3464,297228,-0.701684332880484,True,,reliable,,"ManchesterArenaAttack Suspect IDd as Salman Abedi, 8-Year-Old Saffie Rose Roussos Among Dead",92,12
53091,XZOEjdmL9x8P,2017-05-24 19:37:50+00:00,ZL89r7,Not sure if USA realises just how pissed off the UK is getting at these leaks from the Manchester investigation. https://t.co/nHHLbPazHr,-0.648556646884329,0,1,0,1,0,1672,3238,19408,-0.648556646884329,True,,reliable,,Not sure if USA realises just how pissed off the UK is getting at these leaks from the Manchester investigation.,112,20
25472,okk88GnM4ZlX,2018-10-31 12:12:38+00:00,rqYGPPV4r6OG,@6243mark @DerbyChrisW So is this. The trail of blood from the Manchester Arena bomb leads straight to Theresa May. https://t.co/AEv24T1Abg,-0.318210996771242,5,3,0,1,0,2423,1469,36088,-0.535747729787867,True,,reliable,,So is this. The trail of blood from the Manchester Arena bomb leads straight to Theresa May.,92,17
23099,3aOZWZmDOlDd,2019-05-05 11:09:29+00:00,VZ76ej6oxJjY,Mum of youngest Manchester Arena attack victim reveals her daily struggle - Manchester Evening News-https://t.co/ys6z0FTSZT,-0.757936728959867,0,0,0,1,0,144,244,91746,-0.661449326614932,True,,reliable,,Mum of youngest Manchester Arena attack victim reveals her daily struggle - Manchester Evening News-,100,15
23611,6ZaazKdpmBNo,2019-03-23 10:30:58+00:00,6DKDjdm,@sandancer18 @itvcorrie And actually when the bomb went off at Manchester arena the fire fighters didn't do anything there,-0.612372435695795,0,0,0,0,0,527,4724,56369,-0.612372435695795,True,,reliable,,And actually when the bomb went off at Manchester arena the fire fighters didn't do anything there,98,17
87563,vlw8Dmm7GNBn,2017-05-23 00:46:55+00:00,DwQ01w1,@MrsJellySantos Terrible. Bomb explosion at Manchester Arena while she was doing a concert,-0.743037755434939,1,0,0,0,0,507,1340,13938,-0.743037755434939,True,,reliable,,Terrible. Bomb explosion at Manchester Arena while she was doing a concert,74,12
35315,WRv0YrJz90ev,2018-01-07 10:15:03+00:00,lvDjEaa,"How the hell can you joke about that vile and horrible attack on the Manchester arena,adults and children DIED there, this isn’t a joke it’s a sick tweet🤔remove yourself from twitter and take your stupid opinons with you https://t.co/x1FD3jnmXP",-0.97259151551685,0,0,0,1,0,921,223,34537,-0.97259151551685,True,,reliable,,"How the hell can you joke about that vile and horrible attack on the Manchester arena,adults and children DIED there, this isnt a joke its a sick tweetremove yourself from twitter and take your stupid opinons with you",217,38
3107,GpE6k1l19nMe4,2022-10-31 19:30:45+00:00,8OReL4V,"ISIS radicalise young Muslim men. UKIP radicalise old white men.
Both are equally dangerous as seen in the Dover Manston refugee camp attack and the Manchester arena attack. https://t.co/Mf7JWTBGoK",-0.851896017079914,3,13,3,1,0,14141,7109,80966,-0.879046899861141,Fake,Refugee bomber,misinformation,Refugee bomber,ISIS radicalise young Muslim men. UKIP radicalise old white men. Both are equally dangerous as seen in the Dover Manston refugee camp attack and the Manchester arena attack.,173,28
48430,WPvYG3ZN8n1X,2017-05-26 16:00:56+00:00,1AQKMml,Manchester Arena bomber Salman Adebi reportedly Olomoinfo : Manchester attack: Bomber called mom to say he was... https://t.co/R3t6YYFLI2,-0.476657605574574,0,0,0,1,0,755,112,26975,-0.386307889887384,True,,reliable,,Manchester Arena bomber Salman Adebi reportedly Olomoinfo Manchester attack Bomber called mom to say he was...,110,16
50637,WPnGGLMZwAQx,2017-05-25 11:09:45+00:00,qRm1mnV,Vigil for victims of Manchester Arena terror attack to be held at St James' Church in Dursley https://t.co/NVlbd3949K https://t.co/rLbMOGzraE,-0.822462893624465,0,0,0,1,1,10165,710,26485,-0.668238925534525,True,,reliable,,Vigil for victims of Manchester Arena terror attack to be held at St James' Church in Dursley,93,17
794,WB4l1xYmGoD4V,2023-03-02 18:41:40+00:00,n7bR8R6JOLDQ,"Head of MI5 said he was ""profoundly sorry"" they did not prevent the Manchester Arena attack. MI5 missed a significant chance to take action to stop the 2017 bombing in which 22 died. From BBC Web 
It's all the refugees welcome mob that's ultimately guilty and @10DowningStreet",-0.807397913121972,3,24,3,0,0,2533,3712,45758,-0.807397913121972,Fake,Refugee bomber,misinformation,Refugee bomber,"Head of MI5 said he was ""profoundly sorry"" they did not prevent the Manchester Arena attack. MI5 missed a significant chance to take action to stop the 2017 bombing in which 22 died. From BBC Web It's all the refugees welcome mob that's ultimately guilty and",258,46
80902,WPJEkeR1WolV,2017-05-23 07:46:22+00:00,l1q6nj,#News| Were you affected by the suicide bomb attack at Manchester Arena?  https://t.co/nxCNMMUraz https://t.co/BaCyyQjlrS,-0.908121375135262,0,0,0,1,1,2699,419,37826,-0.649571269207394,True,,reliable,,News Were you affected by the suicide bomb attack at Manchester Arena?,70,12
6861,Qr8lvrBQJ6ABd,2021-11-25 14:45:26+00:00,GJO80XJrROKO,"@RealJamieKay Liverpool taxi suicide bomb, Reading knife attack in Forbury gardens, Manchester Arena suicide bomb (son of refugees). Cultures that include honour killings and FGM. Most people know the vast majority make a positive contribution but the right wing tar them all the same brush.",-0.948528230307789,0,0,0,0,0,6,50,1042,-0.948528230307789,Fake,Refugee bomber,misinformation,Refugee bomber,"Liverpool taxi suicide bomb, Reading knife attack in Forbury gardens, Manchester Arena suicide bomb son of refugees . Cultures that include honour killings and FGM. Most people know the vast majority make a positive contribution but the right wing tar them all the same brush.",276,45
74053,eD8LRe49GOj3,2017-05-23 11:16:21+00:00,N7DzxBj,Katie Hopkins faces firestorm of criticism over 'final solution' tweet in wake of Manchester Arena terror attack https://t.co/KQvwY5c4hu https://t.co/HOhPZYAxKz,-0.796389070934751,4,2,7,1,1,264568,40,105720,-0.582563845453114,True,,reliable,,Katie Hopkins faces firestorm of criticism over 'final solution' tweet in wake of Manchester Arena terror attack,112,17
12203,6ojK4NWkv3v03,2021-01-13 14:38:54+00:00,bM9LZ3,Manchester Arena terrorist Hashem Abedi and tube bomber Ahmed Hassan charged with joint attack on Belmarsh prison officer https://t.co/g5cZN5KUE5 https://t.co/qkcELA8wCB,-0.916941237710853,5,20,5,1,1,745770,532,400750,-0.646579679690662,True,,reliable,,Manchester Arena terrorist Hashem Abedi and tube bomber Ahmed Hassan charged with joint attack on Belmarsh prison officer,121,18
34409,LNwmBrZadnoK,2018-02-09 15:27:08+00:00,1xbRMN,"Liam Seabrook who threatened to bomb mosques after the Manchester Arena attack and who was found with ""medieval style"" weapons at his flat has been jailed for 8 years at #Teesside Crown Court. https://t.co/jBoz1y93k8",-0.92870816414906,1,0,0,1,1,4339,773,52616,-0.737946079585264,True,,reliable,,"Liam Seabrook who threatened to bomb mosques after the Manchester Arena attack and who was found with ""medieval style"" weapons at his flat has been jailed for 8 years at Teesside Crown Court.",191,33
56433,WPnAbJp4q0ov,2017-05-24 12:04:54+00:00,E4QW66o,"@theFIEC @_adrianreynolds Thanks for the recognition things are different inside  Manchester churches
https://t.co/SrEAsryuIS",0.440433570760169,0,2,0,1,0,2512,1903,33651,-0.128220410097245,True,,reliable,,Thanks for the recognition things are different inside Manchester churches,74,10
7743,nOjlpK1wjZL6Z,2021-10-08 12:30:55+00:00,4YXMME,Huge thanks to our dedicated fundraisers Freya and Nick Lewis who have raised £70k for our Charity after @RMCHosp saved Freya’s life following the Manchester Arena Attack. https://t.co/7dBQ4Yk5hM,0.865760258296458,1,21,2,1,1,9326,3236,19966,0.31040327705837,True,,reliable,,Huge thanks to our dedicated fundraisers Freya and Nick Lewis who have raised 70k for our Charity after saved Freyas life following the Manchester Arena Attack.,160,26
84664,a3ZKJmVwX9kk,2017-05-23 05:05:28+00:00,ZLvRXmB,@TimmermansEU @gazeta_wyborcza Mr @timmermansEU in my opinion you are morally and politicaly responsible for the muslim terroristic attack in Manchester Arena. 19 killed!,-0.890978546741256,0,1,1,0,0,510,1492,28210,-0.890978546741256,True,,reliable,,Mr in my opinion you are morally and politicaly responsible for the muslim terroristic attack in Manchester Arena. 19 killed!,125,20
22327,0747dPEONllo,2019-05-22 09:29:15+00:00,bRKk4D,"Today marks two years since the Manchester Arena attack. We will always remember those who lost their lives two years ago. Gone but never forgotten! Our thoughts are with the countless people affected 🐝💛

#ManchesterRemembers #Manchester22 #WeStandTogether #OneLoveManchester https://t.co/FKYN60Xrox",-0.652403011818087,1,2,0,1,1,595,649,7467,-0.652403011818087,True,,reliable,,Today marks two years since the Manchester Arena attack. We will always remember those who lost their lives two years ago. Gone but never forgotten! Our thoughts are with the countless people affected ManchesterRemembers Manchester22 WeStandTogether OneLoveManchester,267,37
30136,nJ7rL8amqrjz,2018-05-22 07:09:05+00:00,MXpQKN,Glasgow Cathderal will be screening this afternoon's special service to mark the year anniversary of the Manchester Arena attack #HeartNews https://t.co/nwvgdMSsnf,-0.102733099387503,0,1,0,1,1,17421,4398,95354,-0.654785198342189,True,,reliable,,Glasgow Cathderal will be screening this afternoon's special service to mark the year anniversary of the Manchester Arena attack HeartNews,138,20
84244,ron8wdYEBjR8,2017-05-23 05:35:00+00:00,rVmxkp,Manchester Arena 'terror attack': US ramps up security following 'explosion' at concert https://t.co/CDeD0PQv08,-0.624893326938946,0,0,0,1,0,36,55,18903,-0.691902259152162,True,,reliable,,Manchester Arena 'terror attack' US ramps up security following 'explosion' at concert,86,12
22508,074YqekQqzEE,2019-05-22 08:01:20+00:00,34q3dOGE08pl,Today we remember those who lost their lives or were injured in the horrific attack at Manchester Arena two years ago. They will never be forgotten. https://t.co/Li5RGCq4BR,-0.896432818437909,5,24,0,1,1,14444,4871,9302,-0.630657755358443,True,,reliable,,Today we remember those who lost their lives or were injured in the horrific attack at Manchester Arena two years ago. They will never be forgotten.,148,26
65107,NwzkJrebR1Gz,2017-05-23 17:12:24+00:00,o3918DR,Location of the Manchester Arena attack https://t.co/5A4gxA4s1S https://t.co/tV6BFiVvih,-0.476657605574574,0,0,0,1,1,526,14,853398,-0.593969515854162,True,,reliable,,Location of the Manchester Arenaattack,38,5
82036,oQkPBXOL9pjw,2017-05-23 07:02:51+00:00,k1vXLZ,"Manchester Arena attack:22 dead and 59 hurt,security services need to round up all those known to support extremists https://t.co/4inbLNWHG0",-0.771737211101106,0,0,0,1,0,478,951,65193,-0.648217539464982,True,,reliable,,"Manchester Arena attack 22 dead and 59 hurt,security services need to round up all those known to support extremists",116,19
47627,Gknq66Bo7avp,2017-05-27 12:05:26+00:00,9EDnx3p,"UK police arrests two more suspects linked to Manchester Arena attack
https://t.co/oe4wjylZLO https://t.co/oSO73bO0v0",-0.771737211101106,0,1,0,1,1,3081,5,9908,-0.745859294336745,True,,reliable,,UK police arrests two more suspects linked to Manchester Arena attack,69,11
82810,kzxZ4Lnzpa6w,2017-05-23 06:38:33+00:00,r9Q6kJrZGBYQ,"Terror attack at Manchester Arena in the heart of Greater Manchester. I Love MCR
#PrayForManchester
#PrayForEngland 
#UK 🇬🇧
#England https://t.co/WnL9FKfsMd",0.0515710623129397,0,0,0,1,1,2075,4966,133114,-0.292689440306743,True,,reliable,,Terror attack at Manchester Arena in the heart of Greater Manchester. I Love MCR PrayForManchester PrayForEngland UK England,124,18
31816,YjKJV1oZ7V7l,2018-05-11 14:56:15+00:00,rm7nvMax9rv1,"Choir formed by mums, dads and children who were at Manchester Arena on night of attack to perform at anniversary event  | #Manchester #news https://t.co/L2xauISTVH | https://t.co/oItACiYn0J https://t.co/NNVdtF6e0M",-0.476657605574574,0,0,0,1,1,74,65,2680,-0.351118339685628,True,,reliable,,"Choir formed by mums, dads and children who were at Manchester Arena on night of attack to perform at anniversary event Manchester news",135,23
3897,0Wv8JRwarL83d,2022-06-13 06:24:49+00:00,ZpjExB,"'I want to turn of act of terror into good...'
Manchester Arena bomb survivor Martin Hibbert has reached the summit of #Kilimanjaro
Nik Hartley, Chief Executive of the Spinal Injuries Association, spoke to #BBCBreakfast
https://t.co/7tYivGc2KS https://t.co/vr6zgGGhuG",-0.510607056638285,9,71,0,1,1,533642,252,77547,-0.348059037474959,True,,reliable,,"'I want to turn of act of terror into good...' Manchester Arena bomb survivor Martin Hibbert has reached the summit of Kilimanjaro Nik Hartley, Chief Executive of the Spinal Injuries Association, spoke to BBCBreakfast",217,34
4991,8EkPOe8M0JOw0,2022-05-13 15:40:17+00:00,j7R4jmK,"On 22 May Manchester will mark the fifth anniversary of the terror attack at the Manchester Arena - here is how the city will pay its respects and remember the 22 victims of the bombing. #Manchester 
https://t.co/1gfUOdwIPF",-0.709560194985489,0,0,0,1,0,3452,4055,13038,-0.753437455109824,True,,reliable,,On 22 May Manchester will mark the fifth anniversary of the terror attack at the Manchester Arena - here is how the city will pay its respects and remember the 22 victims of the bombing. Manchester,197,36
79742,a3ZdvxbVerjB,2017-05-23 08:29:50+00:00,nV07KQeJXlQk,Manchester Arena explosion: Ariana Grande 'suspends world tour' https://t.co/tGemNLJC0X,0.0,0,0,0,1,0,22254,20429,113404,0.0,True,,reliable,,Manchester Arena explosion Ariana Grande 'suspends world tour',62,8
14451,4zMMQ3Y7wQ3wL,2020-09-22 15:55:17+00:00,1N07xwM,"#ISIS
#ManchesterArena bombing inquiry: Mother woke up from coma to learn daughter died in attack 
@heidiEC5 @SueKeen1 @walshr108 @2tweetaboutit 
""Granting people #asylum shouldn't mean signing your death warrant!""
@RefugeeWatcher 
https://t.co/z6FED1VFyS",-0.851896017079914,1,2,0,1,0,1865,35,170492,-0.532453648705994,Fake,Refugee bomber,misinformation,Refugee bomber,"ISIS ManchesterArena bombing inquiry Mother woke up from coma to learn daughter died in attack ""Granting people asylum shouldn't mean signing your death warrant!""",162,24
3406,YMQOK6akqW99V,2022-08-29 10:51:49+00:00,vpEoddP9R04J1,@ora78890690 @HollieTheCard @SusanBanbury1 @UKLabour 22 children blown up by a bomb detonated by a migrant “rescued” from the channel. Manchester Arena. All those who want open borders must share responsibility for the heinous acts they facilitate.,0.273212885294474,8,20,0,0,0,1608,1760,21559,-0.201189512727673,Fake,Refugee bomber,misinformation,Refugee bomber,22 children blown up by a bomb detonated by a migrant rescued from the channel. Manchester Arena. All those who want open borders must share responsibility for the heinous acts they facilitate.,193,32
45117,n7m7Qrwv31p8,2017-05-30 11:55:52+00:00,1Ye1ma,Conservatives don't make me feel secure. Nor are they dealing with causes of terrorism #manchesterattack https://t.co/5Db8waIpPG,-0.493914580573631,0,0,0,1,0,598,555,31294,-0.493914580573631,True,,reliable,,Conservatives don't make me feel secure. Nor are they dealing with causes of terrorism manchesterattack,103,15
8076,V3kADlrEaNqk7,2021-09-15 09:56:09+00:00,vpWVLPmqwMYNv,"@bossteej85 @FacundoSavala Emma Raducanu has never said the Manchester Arena bomb was justified. Anyone who defends the murder of innocent young people should not be allowed to return to the UK.

That’s my logic.",-0.585881765446162,0,2,0,0,0,130,169,2777,-0.585881765446162,True,,reliable,,Emma Raducanu has never said the Manchester Arena bomb was justified. Anyone who defends the murder of innocent young people should not be allowed to return to the UK. Thats my logic.,183,32
30005,wrZaW1X1JpXr,2018-05-22 07:43:00+00:00,3NRebGZ,"A year ago today since the Manchester Arena attack, all my thoughts are with the people effected 🐝",-0.476657605574574,0,2,0,0,0,99,335,902,-0.476657605574574,True,,reliable,,"A year ago today since the Manchester Arena attack, all my thoughts are with the people effected",96,17
48141,robz6nx8LEDM,2017-05-26 20:32:21+00:00,EOkpeqD,UK Labour leader links terror to wars as campaign resumes - British police investigating the Manchester Arena b... https://t.co/SPMJa9mRWg,-0.807397913121972,0,0,0,1,0,2588,173,210638,-0.727318910083942,True,,reliable,,UK Labour leader links terror to wars as campaign resumes - British police investigating the Manchester Arena b...,114,18
45042,kzdqzvKpLOMZ,2017-05-30 14:51:17+00:00,RAl3RoM,@nytimes Can't Figure Out 'What Led Salman Abedi to Bomb the Manchester Arena' https://t.co/CeiezW9bJm https://t.co/95yxYQBrt3,-0.493914580573631,0,0,0,1,1,7655,7997,382675,-0.437866874248155,True,,reliable,,Can't Figure Out 'What Led Salman Abedi to Bomb the Manchester Arena',69,12
69347,oQka3v7L1MzR,2017-05-23 13:57:58+00:00,R09maLW,"Vigil for the attack at the Manchester Arena last night happening at Williamson Square in Liverpool at 6pm 

https://t.co/xw3pjKuxsn",-0.476657605574574,7,13,0,1,0,9473,2155,35307,-0.476657605574574,True,,reliable,,Vigil for the attack at the Manchester Arena last night happening at Williamson Square in Liverpool at 6pm,106,18
8378,8EBZp0dM9KW30,2021-08-13 10:58:03+00:00,Z3KXqb,So much tragedy in the news today: Plymouth killings; the Taliban taking over Afghanistan. Now this young lady who survived the #Manchester bombings has died: ‘Tribute to Manchester Arena bomb survivor found dead aged 20’ https://t.co/QHw0WWrVyp,-0.944176626977349,2,10,3,1,0,15853,8504,82662,-0.944176626977349,True,,reliable,,So much tragedy in the news today Plymouth killings the Taliban taking over Afghanistan. Now this young lady who survived the Manchester bombings has died Tribute to Manchester Arena bomb survivor found dead aged 20,215,35
8845,7DBaLOxYNGP7A,2021-07-19 16:38:44+00:00,lAQ8d0X,"A delay in fire crews getting to the Manchester Arena bombing was caused by a failure to pass on key information, the inquiry into the attack has heard.

The head of North West Fire Control said her team was ""responsible for significant failures""

https://t.co/9EFxKwChov",-0.913565208043919,4,1,0,1,0,5176,2536,5563,-0.653760216041056,True,,reliable,,"A delay in fire crews getting to the Manchester Arena bombing was caused by a failure to pass on key information, the inquiry into the attack has heard. The head of North West Fire Control said her team was ""responsible for significant failures""",245,43
27004,98WQ94Qk1xbQ,2018-07-31 00:14:12+00:00,r8DeLL8,#Manchester #bomber #SalmanAbedi  'rescued by from #Libya by #RoyalNavy before attack' https://t.co/P2TP4SQBjj,-0.0772283284276542,0,0,0,1,0,30,601,2464,-0.0772283284276542,True,,reliable,,Manchester bomber SalmanAbedi 'rescued by from Libya by RoyalNavy before attack',80,11
73031,wZ7LX4mz9KdR,2017-05-23 11:53:14+00:00,QRmYQN90XEx4,#vibesofnaijaWorld celebrities pour in tributes for victims of Manchester Arena terror attack https://t.co/dQ58WWpwxo https://t.co/A0C3VYW6Zg,-0.822462893624465,0,0,0,1,1,1230,4,3074,-0.822462893624465,True,,reliable,,vibesofnaijaWorld celebrities pour in tributes for victims of Manchester Arena terror attack,92,12
59333,z4a6JXjkpKaL,2017-05-24 02:44:28+00:00,ZowYEn,Ariana Grande's Drummer 'Still in Disbelief' After Manchester Arena Attack https://t.co/I4XBgM77Ip,-0.476657605574574,0,0,0,1,0,80535,90613,453740,-0.679500118239153,True,,reliable,,Ariana Grande's Drummer 'Still in Disbelief' After Manchester Arena Attack,74,10
31595,GaXWjM1WJ9oK,2018-05-16 16:23:10+00:00,vnQKEqv,Hannah Lester explaining her research amongst community workers and leaders regarding their experiences of community cohesion post Manchester Arena attack. #trspg #MASymposium https://t.co/z68RPJ4orB,-0.476657605574574,1,3,0,1,1,3021,1855,15096,-0.476657605574574,True,,reliable,,Hannah Lester explaining her research amongst community workers and leaders regarding their experiences of community cohesion post Manchester Arena attack. trspg MASymposium,173,22
5294,ewaVzGqA4Dxo4,2022-04-15 10:17:54+00:00,kR8pYWJQjEjjE,"@Iromg never forget Mike how many recent terror incidents have been perpetrated by  refugee / asylum seekers. District Line Bomber Liverpool Womens Hospital Bomber,
Manchester Arena Bombers  etc etc",-0.408631040294989,0,0,0,0,0,11,57,1934,-0.590184125698047,Fake,Refugee bomber,misinformation,Refugee bomber,"never forget Mike how many recent terror incidents have been perpetrated by refugee asylum seekers. District Line Bomber Liverpool Womens Hospital Bomber, Manchester Arena Bombers etc etc",187,27
79325,mwMdkWr7Ob8x,2017-05-23 08:45:27+00:00,qwrobX,How does someone get into a concert with a device in this day and age. https://t.co/DorEXsLawv,0.0,0,0,0,1,0,50,130,1603,0.0,True,,reliable,,How does someone get into a concert with a device in this day and age.,70,15
21427,07b4X64YG48w,2019-05-28 14:10:00+00:00,8aNY9e,Megan Rostron who is a survivor of the Manchester Arena Attack climbed Snowdon on Sunday with her friends and raised over £1000 for the @peacefoundation. Well done everyone &amp; thank you for the support #ForPeace! https://t.co/jnpvzFqx55,0.835975867759116,2,13,0,1,1,11972,3641,19473,-0.0957021848713437,True,,reliable,,Megan Rostron who is a survivor of the Manchester Arena Attack climbed Snowdon on Sunday with her friends and raised over 1000 for the . Well done everyone amp thank you for the support ForPeace!,195,35
3991,zRvp9P81RkV0d,2022-05-27 20:23:07+00:00,oRYVERALeV0O1,"@DaveMcKnight77 @tedcruz Attack at the Admiral Duncan gay bar in 1999, attack at Manchester Arena in 2017. Not my fault that you don't know about what is going on in your own country. https://t.co/gKOEgMhOq1",-0.7649686210234,0,0,3,1,0,5,79,175,-0.7649686210234,True,,reliable,,"Attack at the Admiral Duncan gay bar in 1999, attack at Manchester Arena in 2017. Not my fault that you don't know about what is going on in your own country.",158,31
44161,wQpYGzJk7RrG,2017-06-04 08:03:23+00:00,0ZmMkxwn3Zb6,"@wakeupworld15 @richardcalhoun @ClareFKing @IainDale @adamboultonSKY I still fail to see how the orange travel ban would have helped, given that there were several in that terror cell.
https://t.co/w07RTumspU",-0.888523316638638,0,0,1,1,0,8202,7294,64361,-0.888523316638638,Fake,Refugee bomber,misinformation,Refugee bomber,"I still fail to see how the orange travel ban would have helped, given that there were several in that terror cell.",115,22
22828,nPQ38M93Yqol,2019-05-19 15:05:03+00:00,0zDzJOkjLnwE,Thank you all for your amazing support 💗💙https://t.co/Ef59lZQdhs,0.840168050416806,6,60,1,1,0,3562,4977,8498,0.584091722271988,True,,reliable,,Thank you all for your amazing support,38,7
33697,WNljQKNVN3Xx,2018-03-27 08:45:02+00:00,dDa7qaG,Manchester Arena bomb victims were treated by just THREE paramedics https://t.co/P0TrS2wPeI via @MailOnline,-0.648556646884329,2,2,0,1,0,3407,3073,13027,-0.719563030963212,True,,reliable,,Manchester Arena bomb victims were treated by just THREE paramedics via,71,11
21934,vxLdoQZQLxJ1,2019-05-22 14:00:58+00:00,qA43dN,One writer reflects on the barbaric attack – and reminds us what we should hold onto in its wake #ManchesterRemembers #Manchester22 #ManchesterArena #ArianaGrande  https://t.co/46BOJnaDZW,-0.476657605574574,1,3,0,1,0,662600,8338,172163,-0.234041889743007,True,,reliable,,One writer reflects on the barbaric attack and reminds us what we should hold onto in its wake ManchesterRemembers Manchester22 ManchesterArena ArianaGrande,156,22
6267,NWLVWB4LQ8XpL,2022-01-08 13:34:28+00:00,bPnbGOA,"Is not where, when , what or how. Peter Reid asked the most important question. ""WHY?"".
#Why not you get behind all these families including Grenfell Tower, Manchester Arena, families of nuclear bomb, Battle of Orgreave and so many more. 
#HillsboroughLawNow https://t.co/W8DOBhAnUG",-0.612372435695795,0,0,0,1,0,223,267,10708,-0.612372435695795,True,,reliable,,"Is not where, when , what or how. Peter Reid asked the most important question. ""WHY?"". Why not you get behind all these families including Grenfell Tower, Manchester Arena, families of nuclear bomb, Battle of Orgreave and so many more. HillsboroughLawNow",255,41
1785,d6rz6NxDJB40Y,2023-01-01 18:17:19+00:00,9EnejWNJalNqN,top of the charts or make insensitive jokes about horrific events such as the manchester arena attack. I'd never want or wish for anyone to have this much hatred inside of them to be so horrible and defensive.,-0.947530200569134,0,0,0,0,0,3,223,8,-0.947530200569134,True,,reliable,,top of the charts or make insensitive jokes about horrific events such as the manchester arena attack. I'd never want or wish for anyone to have this much hatred inside of them to be so horrible and defensive.,209,38
48910,n7E8lwN0WNaJ,2017-05-26 08:01:35+00:00,kEGZYE,Read my May 26 'Law &amp; Legal' Newsletter featuring “Manchester Arena Attack Pro Bono Panel” https://t.co/pefwvfpToC,-0.381819167922678,0,0,0,1,0,4120,4681,39496,-0.381819167922678,True,,reliable,,Read my May 26 'Law amp Legal' Newsletter featuring Manchester Arena Attack Pro Bono Panel,90,15
42962,LMo4VMYPZ3DK,2017-06-12 19:53:35+00:00,A4k4L6,#ManchesterArena attack Salman Abedi “assembled deadly bomb alone” https://t.co/O3HrcDZJG2 via @Reporte24ES,-0.807397913121972,0,0,0,1,0,2275,4606,25279,-0.636402345766657,True,,reliable,,ManchesterArena attack Salman Abedi assembled deadly bomb alone via,67,9
5769,D6jAKm1lEDB9A,2022-02-22 20:25:43+00:00,npX1amz,#UK: #Manchester Arena terrorist and Parsons Green bomber guilty of attacking prison officer - Three #ISIS terrorists behaved like a 'pack of animals' during attack in #London's Belmarsh jail https://t.co/d5kTUiar1s,-0.964284322305627,5,7,0,1,0,9868,6696,33630,-0.768418477749832,True,,reliable,,UK Manchester Arena terrorist and Parsons Green bomber guilty of attacking prison officer - Three ISIS terrorists behaved like a 'pack of animals' during attack in London's Belmarsh jail,186,29
11777,a1lZ0PVapEWxO,2021-02-02 01:19:00+00:00,1AE3OQx,Manchester Arena attack inquiry: Senior fire officer was at Mexico beach resort conference when arena bomb went off | UK News | Sky News https://t.co/8dQur6ynVc,-0.827129996023704,0,0,1,1,0,10,151,718,-0.827129996023704,True,,reliable,,Manchester Arena attack inquiry Senior fire officer was at Mexico beach resort conference when arena bomb went off UK News Sky News,131,22
3742,OOv037YRzMLYO,2022-06-22 18:46:44+00:00,vpEoddP9R04J1,@danbloom1 Good news then. 22 children murdered by a bomb detonated my a channel migrant at Manchester Arena.,-0.690774742992202,0,0,0,0,0,1608,1760,21559,-0.201189512727673,Fake,Refugee bomber,misinformation,Refugee bomber,Good news then. 22 children murdered by a bomb detonated my a channel migrant at Manchester Arena.,98,17
70202,0GAd9BeAJEEB,2017-05-23 13:21:14+00:00,r6r4J7Zw379G,"ExhibitionNews: The exhibition industry reacts to Manchester Arena attack #eventprofs
https://t.co/UH8AiIvbhu https://t.co/3MZLBTUxQg",-0.476657605574574,0,0,0,1,1,389,1392,5577,-0.476657605574574,True,,reliable,,ExhibitionNews The exhibition industry reacts to Manchester Arena attack eventprofs,83,10
16822,wpO34kDXK1jzr,2020-05-22 14:13:32+00:00,pKrqVKX,"People have been paying tribute to the 22 victims of the #Manchester arena attack. Elliot, Olivia and Grace were all the concert that night. They took part in a minutes silence at Victoria station this afternoon. 🐝Capitalreports https://t.co/OIPYYLCWZt",-0.339950051825043,2,9,0,1,1,4592,4742,29189,-0.458975543898027,True,,reliable,,"People have been paying tribute to the 22 victims of the Manchester arena attack. Elliot, Olivia and Grace were all the concert that night. They took part in a minutes silence at Victoria station this afternoon. Capitalreports",226,37
40718,9QKOj6LbrBLM,2017-08-15 20:00:09+00:00,AK39aQ,Homeless hero accused of stealing from woman whose granddaughter died in Manchester Arena blast https://t.co/4HcQ99vk5j https://t.co/pdpEqB8320,-0.709560194985489,0,0,0,1,1,234887,3819,1049766,-0.519587758203247,True,,reliable,,Homeless hero accused of stealing from woman whose granddaughter died in Manchester Arena blast,95,14
85409,79YZVZDOl0e1,2017-05-23 03:53:22+00:00,bPRbNbl,Manchester Arena bombing is warning for the West not to sit on the fence when India is allowed to suffer Pakistani terror. Anyone listening?,-0.851896017079914,0,0,0,0,0,23,623,1125,-0.851896017079914,True,,reliable,,Manchester Arena bombing is warning for the West not to sit on the fence when India is allowed to suffer Pakistani terror. Anyone listening?,140,24
46372,4Go3rM0o9pbQ,2017-05-28 22:14:03+00:00,7EBPpZX,"Why is @AmberRuddHR not offering her resignation?

 https://t.co/bzRPgRjFnl",-0.295958174200194,1,0,0,1,0,1298,603,29056,-0.295958174200194,True,,reliable,,Why is not offering her resignation?,36,6
11252,ewbZzajYjYz4X,2021-03-08 21:04:31+00:00,j78GMR09X90Ek,"The community of Arbourthorne “outraged” after someone burned a bench dedicated to one of the Manchester Arena bombing victims.
  #Arbourthorne #BenMiskell #bench #KellyBrewster #ManchesterArena #PCLeighJenkinson #SouthYorkshireFireandRescusService #Sout

https://t.co/LHphwxARcY https://t.co/lzeHYIoixj",-0.381819167922678,1,2,0,1,1,303,13,1561,-0.726009004308706,True,,reliable,,The community of Arbourthorne outraged after someone burned a bench dedicated to one of the Manchester Arena bombing victims. Arbourthorne BenMiskell bench KellyBrewster ManchesterArena PCLeighJenkinson SouthYorkshireFireandRescusService Sout,242,27
4425,bavRdX4DBdZ0w,2022-05-22 10:26:40+00:00,R6RDVWk,"RT @BorisJohnson: My thoughts are with the victims, families and friends of all those affected by the cowardly attack on Manchester Arena five years ago today. 
 
The bravery and defiance shown so courageously by Mancunians in the days that followed shows hatred will never win.",-0.715974609975975,0,0,0,0,0,618,444,19489,-0.817255443090042,True,,reliable,,"My thoughts are with the victims, families and friends of all those affected by the cowardly attack on Manchester Arena five years ago today. The bravery and defiance shown so courageously by Mancunians in the days that followed shows hatred will never win.",257,43
14609,3N3DWwLKwLPKv,2020-09-14 08:22:08+00:00,NxRd71z,"Yesterday the Sunday Times ran this article blaming the security and emergency services, overlooking #9, the perpetrator was somebody to whom we had given asylum and #10, we're still giving asylum to others like him.  #ManchesterArena #manchesterbombing 
https://t.co/tGUOc8gqBP",-0.401923825269382,1,2,0,1,0,819,1379,10709,0.134277287192712,Fake,Refugee bomber,misinformation,Refugee bomber,"Yesterday the Sunday Times ran this article blaming the security and emergency services, overlooking 9, the perpetrator was somebody to whom we had given asylum and 10, we're still giving asylum to others like him. ManchesterArena manchesterbombing",248,37
61682,9Z9X99NL0RbE,2017-05-23 21:07:56+00:00,6MXKdx,"...and we cannot wage war on them. Neighbors, who know who they are, must start revealing them. Awful situation. https://t.co/u0YGb6ZdAy",0.037670281414778,0,0,0,1,0,2197,5002,118871,0.037670281414778,True,,reliable,,"...and we cannot wage war on them. Neighbors, who know who they are, must start revealing them. Awful situation.",112,19
8271,WBAD0Qw1JNmAY,2021-08-26 11:10:00+00:00,mnE1Jdw,"Dr Kate Friedmann, clinical psychologist at #GMResilienceHub, has co-authored a new @BPSOfficial publication for mental health professionals.

This features the Hub's work to support young people and schools after the Manchester Arena attack.

Read more: https://t.co/8066SVsNGi https://t.co/44XqfyAXzE",-0.102733099387503,5,11,0,1,1,11010,2496,17711,0.0126545742014848,True,,reliable,,"Dr Kate Friedmann, clinical psychologist at GMResilienceHub, has co-authored a new publication for mental health professionals. This features the Hub's work to support young people and schools after the Manchester Arena attack. Read more",237,34
3840,ZavW7zEezvWee,2022-06-14 16:49:09+00:00,0zw7ABeNpQ1e,"@bolddigger52 100 per cent 
MP stabbed multiple times - 
Hospital Attack - Liverpool (Attempted)
3 slaughtered in Reading 
Manchester Arena Bombing 
All by fake asylum seekers",-0.844214852227165,0,0,0,0,0,738,855,38175,-0.628025018730607,Fake,Refugee bomber,misinformation,Refugee bomber,100 per cent MP stabbed multiple times - Hospital Attack - Liverpool Attempted 3 slaughtered in Reading Manchester Arena Bombing All by fake asylum seekers,155,25
77170,4GpZjndZv6qY,2017-05-23 09:40:48+00:00,J1aJ67D,The first victim of the Manchester Arena attack has been named - a 16-year-od girl: https://t.co/jz1IPKQmzL https://t.co/RGwMJTV2EX,-0.636949942926426,0,0,0,1,0,1503,310,11408,-0.636949942926426,True,,reliable,,The first victim of the Manchester Arena attack has been named - a 16-year-od girl,82,15
3481,K3maqNbp6wp30,2022-08-15 12:21:54+00:00,LY48lK,Help given to young Manchester Arena attack survivors often ‘added to trauma’ https://t.co/vecHjM2OwJ,-0.177857560463629,0,2,0,1,0,3629087,439,1394237,-0.448511286767613,True,,reliable,,Help given to young Manchester Arena attack survivors often added to trauma,75,12
6838,OO6P9GVlvWn3m,2021-11-26 21:12:00+00:00,JQ4mnl,"Terrorist tells Manchester Arena inquiry he is 'haunted' by suicide bomber pal's attack
https://t.co/5m2U2xCZDd",-0.946849079213761,0,1,1,1,0,1386780,4083,939467,-0.580048587981103,True,,reliable,,Terrorist tells Manchester Arena inquiry he is 'haunted' by suicide bomber pal's attack,87,13
2004,d6l8vAx6NzvJ8,2022-11-30 04:26:00+00:00,kRZZLPn,"Meghan Markle faced credible threats to her life, says former head of counter terrorism. The most senior serving ethnic minority officer in UK police, he was in charge during the Manchester Arena bombing, the London Bridge attack &amp; the Salisbury poisonings https://t.co/VXtfu6DW5G",-0.942284858629058,274,983,27,1,0,93563,3445,46758,-0.681757361491982,True,,reliable,,"Meghan Markle faced credible threats to her life, says former head of counter terrorism. The most senior serving ethnic minority officer in UK police, he was in charge during the Manchester Arena bombing, the London Bridge attack amp the Salisbury poisonings",258,41
2719,3NpxObRrndXWM,2022-11-03 15:32:24+00:00,zRx9jG,"Two victims of the Manchester Arena suicide bombing might have survived were it not for an emergency response that was delayed, chaotic and “unduly cautious”, a public inquiry has found https://t.co/yQTa8RkSvr",-0.885989313829565,4,12,2,1,0,1771504,837,283217,-0.663016821293238,True,,reliable,,"Two victims of the Manchester Arena suicide bombing might have survived were it not for an emergency response that was delayed, chaotic and unduly cautious, a public inquiry has found",183,30
25983,99VJ4llxGlpA,2018-09-21 22:14:15+00:00,d6xW3nJ,Seen many tributes to the victims of the Manchester Arena Bomb attack. But I found this one tonight very touching. https://t.co/m3iXFH5hD5,-0.812604508328942,12,105,2,1,1,5742,6317,93152,-0.812604508328942,True,,reliable,,Seen many tributes to the victims of the Manchester Arena Bomb attack. But I found this one tonight very touching.,114,20
47807,9Z4X0ab8e3KQ,2017-05-27 06:42:43+00:00,YQ91XQ,#ManchesterArena #terrorattack: Bombing puts British security officials on back foot again  https://t.co/rB7yHojOoz https://t.co/5R7JnVz6AR,0.339950051825042,0,3,0,1,1,809535,91,493671,-0.530482002928865,True,,reliable,,ManchesterArena terrorattack Bombing puts British security officials on back foot again,87,11
85863,oQkboDRQxWpY,2017-05-23 03:08:32+00:00,VBX1p7,Heart goes out to the victims of the Manchester Arena Terrorist attack!  Stop Terrorism! Embrace Humanity #RIPManchesterVictims,-0.937127104577154,0,0,0,0,0,120,209,700,-0.937127104577154,True,,reliable,,Heart goes out to the victims of the Manchester Arena Terrorist attack! Stop Terrorism! Embrace Humanity RIPManchesterVictims,125,17
1537,3NVL6nlZqAMDd,2023-02-22 17:52:32+00:00,XBzzYm,@GaryLineker Say that to the parents of children who were murdered in the Manchester arena bombings!!! She supported the scum that did it!!!! Then again you put up a unknown migrant knowing nothing about him.... U got lucky or is he on the loose plotting terror on the streets of this country,-0.782669973586577,0,3,0,0,0,621,793,10972,-0.782669973586577,Fake,Refugee bomber,misinformation,Refugee bomber,Say that to the parents of children who were murdered in the Manchester arena bombings!!! She supported the scum that did it!!!! Then again you put up a unknown migrant knowing nothing about him.... U got lucky or is he on the loose plotting terror on the streets of this country,279,51
2266,zRzKoJmvKAdPq,2022-11-06 09:37:34+00:00,We1QbzX,'We have suffered too': Sister of Manchester Arena bomber again refuses to express sympathy for the 22 victims of 2017 terrorist attack,-0.915277325894875,0,0,0,0,0,3757,3873,85502,-0.767025181685259,True,,reliable,,'We have suffered too' Sister of Manchester Arena bomber again refuses to express sympathy for the 22 victims of 2017 terrorist attack,134,22
17990,ZaaERdD9D7Yr0,2020-03-17 17:09:15+00:00,NWaNEVj,EVIL LOSER: Brother of Manchester Arena bomber found GUILTY https://t.co/ZHSETiq3O1 via @Politicalite,-0.890978546741256,1,4,1,1,0,15540,2366,12737,-0.879960806082236,True,,reliable,,EVIL LOSER Brother of Manchester Arena bomber found GUILTY via,62,10
17212,0Wxw8E37xlqOO,2020-05-22 08:19:52+00:00,VkVDdQ8,"My thoughts today are with the victims of the Manchester Arena attack, their families, friends and anyone else affected by the terrible events of that night. Continue to Rest in Peace. Manchester will never forget you 🐝 #OneLoveManchester  #WeStandTogether #MancAndProud https://t.co/Vu6wOrtUL2",-0.136586041714373,2,3,0,1,1,21,162,47342,-0.0483784011652837,True,,reliable,,"My thoughts today are with the victims of the Manchester Arena attack, their families, friends and anyone else affected by the terrible events of that night. Continue to Rest in Peace. Manchester will never forget you OneLoveManchester WeStandTogether MancAndProud",264,39
25209,wxnaGKWll98r,2018-11-22 13:01:30+00:00,RRzJvGj,'Litany Of Errors' By MI5 Stopped Deadly Manchester Arena Attack From Being Prevented - HuffPost UK https://t.co/2mmPxDbAKb,-0.7649686210234,0,0,0,1,0,332,692,53690,-0.7649686210234,True,,reliable,,'Litany Of Errors' By MI5 Stopped Deadly Manchester Arena Attack From Being Prevented - HuffPost UK,99,16
11357,3NJYzqXAO0GLO,2021-03-01 21:59:26+00:00,EO4wnl,@FilledIre @Andywelsh777 @silky877 @HawardTom That's just stating a fact. 1 million migrants from Syria to Germany. Without any checks. And to the EU. Without consulting any other nation. Who are they? ISIS? Utter madness. We brought in Libyans &amp; got the Manchester Arena bomb as thanks.,-0.541252928190867,0,0,1,0,0,306,759,11060,-0.395626464095434,Fake,Refugee bomber,misinformation,Refugee bomber,That's just stating a fact. 1 million migrants from Syria to Germany. Without any checks. And to the EU. Without consulting any other nation. Who are they? ISIS? Utter madness. We brought in Libyans amp got the Manchester Arena bomb as thanks.,243,42
25797,GMdkeon1JVmP,2018-10-17 09:05:07+00:00,KoZPpqN,First police dog on scene at Manchester Arena terror attack is to be honoured with an 'animal's OBE',-0.510607056638284,0,0,0,0,0,1068,5004,804098,-0.274122205521112,True,,reliable,,First police dog on scene at Manchester Arena terror attack is to be honoured with an 'animal's OBE',100,18
20275,9aqVx8RlaNqv,2019-09-29 16:58:51+00:00,aZGK638bmveQ,"@FreddieGBurton1 @JanekPhoto @gumptweet @DavidLammy @BorisJohnson A man who refuses to use the words ""terror attack"" for the Manchester arena bombing!! https://t.co/wTuDGqbfUO",-0.827129996023704,0,1,0,1,1,198,334,2373,-0.347259626153932,True,,reliable,,"A man who refuses to use the words ""terror attack"" for the Manchester arena bombing!!",85,15
9337,rPwVPxWbvJZBm,2021-06-17 21:22:16+00:00,LEkrQAddEmjG,"Those responsible for allowing this verminous family to enter our country are mainly to blame.

BBC News - Manchester Arena Inquiry: Bomb victims were failed on every level, family says
https://t.co/MCJWPfJVJ8",-0.827129996023704,0,0,0,1,0,547,913,50025,-0.704581731568184,True,,reliable,,"Those responsible for allowing this verminous family to enter our country are mainly to blame. BBC News - Manchester Arena Inquiry Bomb victims were failed on every level, family says",183,30
6194,6oY9LBDKKZ4Dx,2022-01-11 08:56:29+00:00,rXdnV4,"“Life is like climbing a mountain every day with a spinal cord injury”

Martin Hibbert, paralysed by the Manchester Arena bomb, is climbing Mount Kilimanjaro with Stuart Wildman, the medic who cared for him in hospital, to raise money for the Spinal Injuries Association #r4Today",-0.54232614454664,1,15,0,0,0,2265,5002,1446,-0.54232614454664,True,,reliable,,"Life is like climbing a mountain every day with a spinal cord injury Martin Hibbert, paralysed by the Manchester Arena bomb, is climbing Mount Kilimanjaro with Stuart Wildman, the medic who cared for him in hospital, to raise money for the Spinal Injuries Association r4Today",275,45
36434,wqozWBkwqXd3,2017-12-07 14:21:45+00:00,Qxxlld,NEWS: A man with links to the Manchester Arena bomber has been found guilty of being a member of the terror group ISIS https://t.co/KWN9HJRQ5C,-0.735147044114705,0,0,0,1,1,10852,2681,29952,-0.688996259693702,True,,reliable,,NEWS A man with links to the Manchester Arena bomber has been found guilty of being a member of the terror group ISIS,117,23
13004,qRMQXj0oRX4Kq,2020-11-16 20:18:25+00:00,leaPAlPPqa4pq,British Transport Police assistant chief constable says officers should have been patrolling site of attackA senior police chief has admitted that officers who failed to patrol the site of the Manchester Arena bomb “let the public down”. https://t.co/ApJZdzdfwB,-0.72694578401804,0,0,0,1,0,147,59,94591,-0.568612597225112,True,,reliable,,British Transport Police assistant chief constable says officers should have been patrolling site of attackA senior police chief has admitted that officers who failed to patrol the site of the Manchester Arena bomb let the public down.,235,37
3743,vpvL36v88KQa6,2022-06-22 18:42:41+00:00,WB8QGNxBxd4kq,Next time anyone says refugees are welcome here just remember the Manchester Arena bomber Salman Abedi was rescued by Royal Navy 3 years before he carried out attack,0.401923825269382,0,0,0,0,0,99,159,1779,0.401923825269382,Fake,Refugee bomber,misinformation,Refugee bomber,Next time anyone says refugees are welcome here just remember the Manchester Arena bomber Salman Abedi was rescued by Royal Navy 3 years before he carried out attack,165,28
31686,30doKEoprw9R,2018-05-15 22:35:36+00:00,an0qZJ,Watching programmes about Manchester arena attack (channel 5 &amp; bbc1) ...omg can’t believe it’ll be a year next Tuesday!! ....can’t believe I was there!! 🙈 scary! Just going to see Ariana and that happened!... people injured and  people who died 💔💔💔,-0.911803099405969,0,5,0,0,0,1204,1600,40211,0.117529847373595,True,,reliable,,Watching programmes about Manchester arena attack channel 5 amp bbc1 ...omg cant believe itll be a year next Tuesday!! ....cant believe I was there!! scary! Just going to see Ariana and that happened!... people injured and people who died,238,39
53223,oQ6GJ9emGaYw,2017-05-24 19:14:54+00:00,WrmOdXA,Isn't it odd how the New York Times seem to know more about the Manchester attack than the UK media? https://t.co/Iu9HtLdQ4s,-0.659727946850383,1,0,0,1,0,217,133,15367,-0.77535324679582,True,,reliable,,Isn't it odd how the New York Times seem to know more about the Manchester attack than the UK media?,100,20
10297,GpNE93b9RmWW8,2021-05-22 10:00:38+00:00,MvdaOb7,"Today we remember the victims, survivors and all those affected by the Manchester Arena attack. Our thoughts are with you and your loved ones. #Manchester22 #ManchesterRemembers #OneLoveManchester #WeStandTogether https://t.co/vijAigZdMw",0.153093108923949,2,7,0,1,1,8469,1244,6492,0.153093108923949,True,,reliable,,"Today we remember the victims, survivors and all those affected by the Manchester Arena attack. Our thoughts are with you and your loved ones. Manchester22 ManchesterRemembers OneLoveManchester WeStandTogether",209,28
25005,0nNeZJ74YKeE,2018-12-01 09:21:39+00:00,nVbN0140ZW1v,Ariana Grande eerily predicted Manchester Arena terror attack https://t.co/l1MCTk7zll https://t.co/xtXdBgbng2,-0.757936728959867,0,0,0,1,1,188,66,417866,-0.690708862021271,Fake,Ariana predicted the attack,misinformation,Ariana predicted the attack,Ariana Grande eerily predicted Manchester Arena terrorattack,60,7
19269,nOMqEJjxRYKeJ,2020-01-17 20:46:55+00:00,rLWzP6Z9NrE9,"@ZubyMusic Apparently he mentions the Manchester Arena bomb, the press are having a sh*t fit.",-0.177857560463629,0,0,0,0,0,97,237,10285,-0.177857560463629,True,,reliable,,"Apparently he mentions the Manchester Arena bomb, the press are having a sh t fit.",82,15
83226,qaEekPeerJ4N,2017-05-23 06:23:55+00:00,bZoVX3,Terror attack kills 22 in Manchester in explosion https://t.co/kOzWhgBNnc,-0.904216237352023,0,0,0,1,0,1490,1634,590040,-0.543760051678288,True,,reliable,,Terror attack kills 22 in Manchester in explosion,49,8
13854,3NMrM9Dvlpo3l,2020-10-23 21:51:48+00:00,xdd4kWx8BOARL,"@HoltDaved @MailOnline ""he arrived with a confederate flag &amp; nazi flag""  I'm guessing False Flag staged or total fiction.  They can lie about Manchester Arena (hoax), 7.7.2005 (MI5), Westminster Bridge attack (hoax). This would be a doddle.",-0.743037755434939,0,0,0,0,0,421,484,5011,-0.800820576998755,Fake,Conspiracy,misinformation,Conspiracy,"""he arrived with a confederate flag amp nazi flag"" I'm guessing False Flag staged or total fiction. They can lie about Manchester Arena hoax , 7.7.2005 MI5 , Westminster Bridge attack hoax . This would be a doddle.",214,38
3480,ewWZx74ZA86Y4,2022-08-15 12:41:49+00:00,3NYb4kl,"💬 “I don’t want any child in the future to go through the invalidation I felt”  

Young survivors of the Manchester Arena attack are urging those impacted to share their experiences of the support they received afterwards, to help future survivors 

https://t.co/P8qIkvkXUc",0.831632035280786,5,12,2,1,0,135845,4155,286530,-0.426756094154488,True,,reliable,,"I dont want any child in the future to go through the invalidation I felt Young survivors of the Manchester Arena attack are urging those impacted to share their experiences of the support they received afterwards, to help future survivors",239,40
2024,V3ldlAO0Kqz4Y,2022-11-25 17:49:42+00:00,wpA798vYjOn7P,"@Lionista2 @andynwoodard @danwootton @MailOnline She supported the Manchester arena attack where innocent people including little children were murdered. She said she thought it was justified. She is a terrorist, not a British citizen any more and nothing to do with Britain. She is a risk to British security. We don’t want her",-0.460215344545259,0,2,1,0,0,278,672,8714,-0.757797960665138,True,,reliable,,"She supported the Manchester arena attack where innocent people including little children were murdered. She said she thought it was justified. She is a terrorist, not a British citizen any more and nothing to do with Britain. She is a risk to British security. We dont want her",278,48
41360,wQJNRJrlQPPQ,2017-07-11 21:20:00+00:00,kKnx7M,"Read heartfelt messages and public reassurance written by other UK venues, following the tragic events in Manchester https://t.co/OgWqq7HPWe",0.458831467741123,0,0,0,1,0,1079,2067,2237,0.458831467741123,True,,reliable,,"Read heartfelt messages and public reassurance written by other UK venues, following the tragic events in Manchester",116,17
3038,a1xkj86EWjadJ,2022-11-02 17:47:03+00:00,pkMXp9b,𝗦𝗞𝗬 𝗡𝗘𝗪𝗦: Youngest victim of Manchester Arena attack was 'badly let down by emergency services' https://t.co/8EBdMcrAIp or https://t.co/7j35cmBesJ https://t.co/P4CMYeQufF,-0.872021592554982,0,0,0,1,1,5002,2300,2685235,-0.555032036305158,True,,reliable,,Youngest victim of Manchester Arena attack was 'badly let down by emergency services' or,88,14
51732,DX9bwGw4almE,2017-05-25 04:06:26+00:00,1rKXe,UK Bomber's Brother Arrested In Libya; He Was Allegedly Planning Attack https://t.co/wmdCKvHaZV,-0.735147044114705,0,0,0,1,0,773,808,39222,-0.735147044114705,True,,reliable,,UK Bomber's Brother Arrested In Libya He Was Allegedly Planning Attack,70,11
69221,ronl1rx8NO3p,2017-05-23 14:04:08+00:00,w60ow3a,Pep Guardiola's wife and two daughters escaped unharmed from the suicide bomb attack in Manchester on Monday... https://t.co/i69CG291cv,-0.895664663740519,0,0,0,1,0,1587,844,9550,-0.895664663740519,True,,reliable,,Pep Guardiola's wife and two daughters escaped unharmed from the suicide bomb attack in Manchester on Monday...,111,17
15335,wpk8dakERvKGQ,2020-08-21 09:01:10+00:00,aWXMrKEXeYBk,"Family members of the Manchester Arena terrorist attack victims speak outside the court after Hashem Abedi, brother of suicide bomber Salman Abedi was sentenced to at least 55 years in prison.
Source: ITV News
#Libya #LibyaReview https://t.co/Quuzt2Rnmr",-0.957144788564406,4,8,1,1,1,21819,0,13487,-0.799096159229179,True,,reliable,,"Family members of the Manchester Arena terrorist attack victims speak outside the court after Hashem Abedi, brother of suicide bomber Salman Abedi was sentenced to at least 55 years in prison. Source ITV News Libya LibyaReview",226,36
5918,j74M1EqvOJqXD,2022-02-15 01:19:11+00:00,rPPzqWJAeDNN4,"British exceptionalism lets the authorities get away with failure throughout British society. 
The UK is a failed narcissistic kingdom.
 https://t.co/FZgJHuCpzX",-0.743037755434939,1,1,0,1,0,193,277,11191,-0.743037755434939,True,,reliable,,British exceptionalism lets the authorities get away with failure throughout British society. The UK is a failed narcissistic kingdom.,134,19
61622,0GA67Lez73Vo,2017-05-23 21:11:31+00:00,nYDYRBQ,UK terror threat raised 'CRITICAL' https://t.co/EldrP86uVM,-0.844214852227165,0,0,0,1,0,3836,1076,16028,-0.844214852227165,True,,reliable,,UK terror threat raised 'CRITICAL',34,5
69138,9Z9GdzaqwxvA,2017-05-23 14:08:22+00:00,rJAEwz4,Mum's desperate appeal for missing daughter caught up in Manchester attack https://t.co/YoOo8ZlBb5,-0.7649686210234,0,0,0,1,0,0,57,797,-0.7649686210234,True,,reliable,,Mum's desperate appeal for missing daughter caught up in Manchester attack,74,11
28428,9XPzdl7X3Q4D,2018-05-22 17:10:52+00:00,6WpL6D,"LIVE: Head to our Facebook to watch ITV Granada's special programme marking the one year anniversary of the Manchester Arena attack
https://t.co/aeiZnIcuIK",-0.102733099387503,1,3,1,1,0,330629,11190,70740,-0.543685087979864,True,,reliable,,LIVE Head to our Facebook to watch ITV Granada's special programme marking the one year anniversary of the Manchester Arena attack,130,21
82907,kzxZ8KAwB0aB,2017-05-23 06:34:30+00:00,0pBawe,"I express my deepset condolences to all the children affected by the bomb in the Manchester Arena. This terror must end, what ever it takes!",-0.801995608018326,0,0,0,0,0,1190,1176,22940,-0.801995608018326,True,,reliable,,"I express my deepset condolences to all the children affected by the bomb in the Manchester Arena. This terror must end, what ever it takes!",140,25
17397,AAQm344dqeDoQ,2020-05-22 05:56:16+00:00,6mO0Qj,"3 years since the Manchester Arena Attack and a show of how a city could heal together. 

The city will never forget those we lost.

#ManchesterRemembers #ManchesterArena #DontLookBackInAnger
#Manchester
#StrongerTogether 
#22052017 https://t.co/EfyR4cGOv7",-0.120974812058947,6,8,0,1,1,3901,886,8455,-0.120974812058947,True,,reliable,,3 years since the Manchester Arena Attack and a show of how a city could heal together. The city will never forget those we lost. ManchesterRemembers ManchesterArena DontLookBackInAnger Manchester StrongerTogether 22052017,222,31
83948,3GLRrKv9nood,2017-05-23 05:55:26+00:00,o3orzAX,Breaking: Manchester Arena Attack is suspected to be the work of a suicide bomber.,-0.859064180591617,0,0,0,0,0,12443,5216,40139,-0.473288517991491,True,,reliable,,Breaking Manchester Arena Attack is suspected to be the work of a suicide bomber.,81,14
25304,aApR64R64vZ4,2018-11-21 00:00:38+00:00,9xQ01M,Hundreds of terror attack victims say they have been left without support for psychological trauma caused by their ordeal because of a “profound crisis” in mental health service https://t.co/YKvnPiz7au,-0.91226615930604,1,0,0,1,0,10084,9010,245613,-0.899127736567802,True,,reliable,,Hundreds of terror attack victims say they have been left without support for psychological trauma caused by their ordeal because of a profound crisis in mental health service,175,28
15199,XAlGQwk4r40RW,2020-08-26 22:05:45+00:00,7b4GErX,"tw// manchester arena bombing bombings terror attack

thanks for the trigger warning 😁👍🏼 https://t.co/GP6V7C3oXk",-0.7184212081071,0,5,0,1,0,2594,726,48522,-0.7184212081071,True,,reliable,,tw manchester arena bombing bombings terror attack thanks for the trigger warning,81,12
1910,3NVZJLpWAkZOZ,2022-12-19 07:30:02+00:00,zzMBQra,"New legislation, dubbed Martyn's Law in memory of Manchester Arena bombing victim Martyn Hett, will be introduced to ensure stronger protections against terrorism in public places.

https://t.co/wnK3qMnnSf",-0.361157559257308,1,0,0,1,0,9811,38,62492,-0.521012964543885,True,,reliable,,"New legislation, dubbed Martyn's Law in memory of Manchester Arena bombing victim Martyn Hett, will be introduced to ensure stronger protections against terrorism in public places.",180,26
12067,OOLJE1kJopGbM,2021-01-18 08:16:36+00:00,OrDZX6WkE1q6,"@notadoomster @PatrioticSocia1 @davidkurten How about statues of all the young people murdered in the Manchester Arena attack.
They would have to build another square to fit them in .",-0.7184212081071,0,2,1,0,0,782,989,6554,-0.792090733201779,True,,reliable,,How about statues of all the young people murdered in the Manchester Arena attack. They would have to build another square to fit them in .,139,26
80224,V9AD0vZmRma8,2017-05-23 08:14:01+00:00,0QXGRxd,"VIDEO: At least 22 dead, 50 injured, in suicide bomb attack at Manchester Arena, Britain https://t.co/R3kLAHF7GT",-0.876683175087877,0,0,0,1,0,69604,16120,198092,-0.797552191597488,True,,reliable,,"VIDEO At least 22 dead, 50 injured, in suicide bomb attack at Manchester Arena, Britain",87,15
39019,3nVL8zWpeXlZ,2017-09-11 19:14:05+00:00,vjpN9VZ,The Real Housewives of Cheshire will honour those affected by the Manchester Arena terror attack https://t.co/aRxOJKhrbp #manchester,-0.526741537567377,0,0,0,1,0,333,289,9182,-0.492673019757004,True,,reliable,,The Real Housewives of Cheshire will honour those affected by the Manchester Arena terror attack manchester,107,16
5950,rPEnjZYqElr8O,2022-02-12 10:30:15+00:00,LbYLqJ9ZpMO3,"@ElizeBiermann Idiot! It was the offspring of a refugee who blew up the Manchester Arena, a refugee who slit a girls throat in a park, another refugee who murdered three men, again in a park. Thousands of refugees are on the terror watch list. Ignoring this is a danger to us all.",-0.953125,0,0,0,0,0,10033,9405,49269,-0.925688334917051,Fake,Refugee bomber,misinformation,Refugee bomber,"Idiot! It was the offspring of a refugee who blew up the Manchester Arena, a refugee who slit a girls throat in a park, another refugee who murdered three men, again in a park. Thousands of refugees are on the terror watch list. Ignoring this is a danger to us all.",265,51
27384,WWBz6nroKw3A,2018-06-14 07:49:46+00:00,XL48eq,"@K69atie @MailOnline Manchester Arena Islam terror attack almost wiped from the media &amp; from the records. Day in / out this fire / whole corrupt tragedy which is rotten from top to bottom is forced in the faces of the public. From illegals, tax-payer funded flats sub-let by immigrants &amp; bogus claims",-0.957144788564406,0,0,1,0,0,266,503,29491,-0.957144788564406,Fake,Refugee bomber,misinformation,Refugee bomber,"Manchester Arena Islam terror attack almost wiped from the media amp from the records. Day in out this fire whole corrupt tragedy which is rotten from top to bottom is forced in the faces of the public. From illegals, tax-payer funded flats sub-let by immigrants amp bogus claims",279,48
51511,eDpJLO70kD03,2017-05-25 06:21:29+00:00,rYM1j4,Will someone help me understand the #journo rationale for posting these images and details (simply because we can?) https://t.co/tuhlEnI01K,0.401923825269382,0,1,0,1,0,3654,3,4751,0.401923825269382,True,,reliable,,Will someone help me understand the journo rationale for posting these images and details simply because we can?,112,18
25121,k98mGwkNO4vl,2018-11-27 00:01:26+00:00,9A6kXlR,"MI5 and counter-terrorism police missed chances to prevent the 2017 Manchester Arena attack through a series of failings in the handling of the case of the bomber, Salman Abedi, a parliamentary watchdog has concluded.
https://t.co/hyuqGlxD9c",-0.902174522266463,0,0,0,1,0,146,169,625,-0.902174522266463,True,,reliable,,"MI5 and counter-terrorism police missed chances to prevent the 2017 Manchester Arena attack through a series of failings in the handling of the case of the bomber, Salman Abedi, a parliamentary watchdog has concluded.",217,34
12407,kREvB66DAXAzR,2020-12-09 10:40:53+00:00,n7PDvn3oG0rv,"@Newoak01 @PrisonPlanet There is no such thing as Islamic terrorism. 9/11, London 7/7, Nice 2016, Orlando 2016, Manchester Arena 2017... I could go on....

None of them were real 'terror' events. They were all staged psy-ops to keep us divided. The mainstream media lie about almost everything.",-0.0061966543793099,0,0,1,0,0,168,0,2500,-0.430869116822594,Fake,Conspiracy,misinformation,Conspiracy,"There is no such thing as Islamic terrorism. 9 11, London 7 7, Nice 2016, Orlando 2016, Manchester Arena 2017... I could go on.... None of them were real 'terror' events. They were all staged psy-ops to keep us divided. The mainstream media lie about almost everything.",269,47
44611,Lzb3vaGwovYG,2017-06-01 13:43:02+00:00,OkqMj3G,(Manchester Evening News):#Mums who survived the #Manchester Arena attack speak out about their grief and.. https://t.co/0rDRbW8N7R,-0.458831467741124,0,0,0,1,0,1226,165,1823608,-0.594004487289578,True,,reliable,,Manchester Evening News Mums who survived the Manchester Arena attack speak out about their grief and..,103,16
16163,leY0dOYRWOGL0,2020-07-19 10:08:08+00:00,Z3XjDn,"As the world considers restarting events, do not neglect the mistakes of the past in the rush. 
Manchester Arena Terror Attack 2017
https://t.co/moRxlLV4b1",-0.89790121155528,1,2,0,1,0,2088,779,12730,-0.515152344174744,True,,reliable,,"As the world considers restarting events, do not neglect the mistakes of the past in the rush. Manchester Arena Terror Attack 2017",130,22
43933,0ExOGKLAoMN6,2017-06-05 17:51:52+00:00,aGqbpzL4wm4R,"@AKasingye : countries in the world such as at Manchester Arena two weeks ago where 22 young people lost their lives, the London attack",-0.659727946850383,0,1,0,0,0,682902,152,13696,-0.659727946850383,True,,reliable,,"countries in the world such as at Manchester Arena two weeks ago where 22 young people lost their lives, the London attack",122,22
45113,eDQDBND7leJr,2017-05-30 12:02:07+00:00,abKkjzO,Armed police on #Felixstowe Promenade as Suffolk police set to decrease ‘visual presence’ after Manchester… https://t.co/Q9yIjItzpZ #Suffolk https://t.co/S7dBJBytli,0.0,1,0,0,1,1,4971,1792,87398,-0.433498012172569,True,,reliable,,Armed police on Felixstowe Promenade as Suffolk police set to decrease visual presence after Manchester Suffolk,111,16
27312,rRXpLQDm869p,2018-06-22 04:40:03+00:00,YMok6lp,I remember hearing the sirens at the Manchester Arena bomb 13 months ago and I'll never forget hearing the youngest victim was just 8 like my daughter. I cried at work. She'd been there too so often. For weeks I listened to Ariane Grande's One Last Time before bed.,-0.576701415665732,0,1,1,0,0,9361,5502,46236,-0.136269652443621,True,,reliable,,I remember hearing the sirens at the Manchester Arena bomb 13 months ago and I'll never forget hearing the youngest victim was just 8 like my daughter. I cried at work. She'd been there too so often. For weeks I listened to Ariane Grande's One Last Time before bed.,265,49
2143,nO3L89eGlZPaz,2022-11-18 19:59:27+00:00,6ZRYLlQLqdPw,Nah they ain't a time bomb threat they are a Manchester Arena every day of the week and every day they are allowed to be........ They are gonna hit you up the ass every available oppertunity... You have not seen anything yet...... https://t.co/tgzkNBZQuQ,-0.790569415042095,0,0,0,1,0,964,836,117779,-0.496429055005882,True,,reliable,,Nah they ain't a time bomb threat they are a Manchester Arena every day of the week and every day they are allowed to be........ They are gonna hit you up the ass every available oppertunity... You have not seen anything yet......,230,42
71701,xrQ11v90jEBE,2017-05-23 12:30:50+00:00,zMw07a,Islamic State claim responsibility for Manchester Arena attack https://t.co/O0as4a7cZD,-0.476657605574574,1,1,0,1,0,10209,1074,27982,-0.562107440933673,True,,reliable,,Islamic State claim responsibility for Manchester Arena attack,62,8
55852,4GwYz8Jp3vRq,2017-05-24 13:05:28+00:00,zW1n3r,"@jamieeast it was true 50 children had been taken to a hotel to be kept safe after Manchester arena attack xx
https://t.co/qlI8GsA80Y",0.381819167922678,0,0,0,1,0,92,566,2488,0.381819167922678,Fake,Children sheltered in hotels,misinformation,Children sheltered in hotels,it was true 50 children had been taken to a hotel to be kept safe after Manchester arena attack xx,98,20
52574,DX9Dm1KkG0a1,2017-05-24 21:24:07+00:00,vVaraYqmoxJ1,"Establishment encourages people to accept terrorism days after bloody London terror attack
https://t.co/RJXIspw3j6",-0.859064180591617,0,0,0,1,0,3,110,1456,-0.472144860768257,True,,reliable,,Establishment encourages people to accept terrorism days after bloody London terror attack,90,12
62562,A1e7nRD0OGjq,2017-05-23 19:56:18+00:00,b7m0x3,Manchester bomber was a Brit born Man United fan and son of Libyan refugees https://t.co/jRqtwsTwMH,0.624893326938946,0,0,0,1,0,456,2628,146294,0.624893326938946,Fake,Refugee bomber,misinformation,Refugee bomber,Manchester bomber was a Brit born Man United fan and son of Libyan refugees,75,14
45527,0GM1bjQPM4mw,2017-05-29 15:34:14+00:00,bMz8ZJ,Not such a crazy theory now is it ? https://t.co/SUcZc116ks,-0.339950051825042,0,0,0,1,0,75,288,7259,0.0309868867221697,True,,reliable,,Not such a crazy theory now is it ?,35,9
17777,WBBPpYoKe3OWY,2020-03-26 11:13:00+00:00,B8rNARX,"@mikeirons12 @aquilanebula @DrDavidVernon @deeplyclassical Yes—he did it with the VPO for his 80th-birthday series. That was wonderful. The one in 2017 was quite different—maybe because it was it was a couple of days after the Manchester Arena bomb, for which there was a commemorative announcement at the start. Relentlessly bleak.",0.493914580573631,0,1,2,0,0,651,1683,37498,0.493914580573631,True,,reliable,,"Yeshe did it with the VPO for his 80th-birthday series. That was wonderful. The one in 2017 was quite differentmaybe because it was it was a couple of days after the Manchester Arena bomb, for which there was a commemorative announcement at the start. Relentlessly bleak.",271,46
63110,LznDzqJJzQ03,2017-05-23 19:06:40+00:00,Mzwm40,"Retweeted billboard (@billboard):

Ariana Grande's team: No decision yet about suspending tour after Manchester... https://t.co/t09PDFeJem",0.0,0,0,0,1,0,1662,1094,39370,0.0,True,,reliable,,Retweeted billboard Ariana Grande's team No decision yet about suspending tour after Manchester...,98,13
39874,wzAV7nzJejwa,2017-09-04 16:40:03+00:00,34vD0GZ0QqBW,#Manchester Arena bomb victim Eve Senior wants to nurse  #News #news_today https://t.co/gibfwg9PkQ,-0.612372435695795,0,0,0,1,0,1144,31,125446,-0.44391973144847,True,,reliable,,Manchester Arena bomb victim Eve Senior wants to nurse News news today,70,12
6938,xd9RaPERoLQE4,2021-11-18 18:05:51+00:00,9PZLxxXaOb0Q,"@teresadg0 The cost of legal aid for their appeals when they are refused asylum. 3 Oct 2020 — Manchester Arena terror attack families' fury at £350,000 legal aid for terror plotter Hashem Abedi. That’s just one research others",-0.930007282051376,1,3,0,0,0,1635,1407,126257,-0.930007282051376,Fake,Refugee bomber,misinformation,Refugee bomber,"The cost of legal aid for their appeals when they are refused asylum. 3 Oct 2020 Manchester Arena terror attack families' fury at 350,000 legal aid for terror plotter Hashem Abedi. Thats just one research others",211,36
87583,WPJZlxEXeD1v,2017-05-23 00:45:06+00:00,eD4xvN3QodwY,My thoughts are with the families &amp; friends of the 19 killed &amp; 50 injured in the Manchester Arena attack. Stay safe if you're in the area.,-0.636949942926426,0,0,0,0,0,37,102,2564,-0.636949942926426,True,,reliable,,My thoughts are with the families amp friends of the 19 killed amp 50 injured in the Manchester Arena attack. Stay safe if you're in the area.,142,27
1638,d6rVknJzZdJqe,2023-02-09 08:25:56+00:00,j70xQQ9GxJxE3,@ukhomeoffice @SuellaBraverman The attack on Manchester Arena was the fault of Cameron's Government under the direction of Home Secretary May. The Royal Navy rescued the terrorist who was working for MI5 in Afghanistan before being found out. Its all documented and most was brought out at The Arena Inquest. https://t.co/wk6fy7w9t8,-0.827129996023704,1,7,0,1,1,468,405,4384,-0.827129996023704,True,,reliable,,The attack on Manchester Arena was the fault of Cameron's Government under the direction of Home Secretary May. The Royal Navy rescued the terrorist who was working for MI5 in Afghanistan before being found out. Its all documented and most was brought out at The Arena Inquest.,277,47
5899,rPEbEnENZrNZ1,2022-02-15 10:38:00+00:00,pJzVZD,"Police held messages between Manchester Arena bomber and terrorist recruiter years before attack, inquiry told https://t.co/JJqduBZ5Y4",-0.831632035280786,0,0,0,1,0,13136,2664,51659,-0.751823611932279,True,,reliable,,"Police held messages between Manchester Arena bomber and terrorist recruiter years before attack, inquiry told",110,15
25000,0nNDqVp7MNLr,2018-12-01 09:48:09+00:00,7ZRKaPx,Ariana Grande eerily predicted Manchester Arena terror attack #TV #MOVIES #MEDIA https://t.co/ywOx3LvBIr,-0.757936728959867,0,0,0,1,0,214,275,35098,-0.660840625679369,Fake,Ariana predicted the attack,misinformation,Ariana predicted the attack,Ariana Grande eerily predicted Manchester Arena terror attack TV MOVIES MEDIA,77,11
7900,LAlAM3MrZ9qRm,2021-09-27 17:26:18+00:00,LDDPqLwDpo93,Manchester Arena Inquiry: Bomb tore mother of victim's world apart. https://t.co/8XvOGfPdSy #Manchester #News,-0.648556646884329,0,0,0,1,0,807,0,82701,-0.54036099156415,True,,reliable,,Manchester Arena Inquiry Bomb tore mother of victim's world apart. Manchester News,82,12
79402,n7Ddde8BNVAE,2017-05-23 08:42:30+00:00,zXd7ll,Holiday Inn Express say no unaccompanied children were taken to hotel https://t.co/uM1vulqxzK,0.401923825269382,65,23,1,1,0,662727,1439,362383,-0.42559874603329,Fake,Children sheltered in hotels,misinformation,Children sheltered in hotels,Holiday Inn Express say no unaccompanied children were taken to hotel,69,11
21293,07YRkNRd6dQv,2019-06-15 19:43:43+00:00,7DWXze1,My 14 year old daughter and I have so much to be grateful to the NHS for following us both being seriously injured in the Manchester Arena Attack. Our care was first class but more money is needed to help them to help us #nhsmillion https://t.co/5kPqVAst3W,0.807397913121972,2,16,0,1,0,1323,1980,8461,-0.0634953833607076,True,,reliable,,My 14 year old daughter and I have so much to be grateful to the NHS for following us both being seriously injured in the Manchester Arena Attack. Our care was first class but more money is needed to help them to help us nhsmillion,231,45
46754,oQ4JmkJjP80R,2017-05-28 16:05:51+00:00,znRpD6,"""Manchester bomber pictured wearing $400 NIKE SNEAKERS moments before attack..."" https://t.co/vtCM0rBCHo",-0.476657605574574,0,0,0,1,0,11901,11678,225981,-0.418469385699189,True,,reliable,,"""Manchester bomber pictured wearing 400 NIKE SNEAKERS moments before attack...""",79,10
11899,QrPGWW6nbnZO4,2021-01-24 10:11:30+00:00,d6wmddm0NzjKe,"I saw this on the Sun app and thought you'd be interested

DOI bosses urged to axe Rufus Hound over sick Manchester Arena attack tweets

https://t.co/MRydF6IMRH",-0.624893326938946,0,0,0,1,0,2196,2948,18002,-0.624893326938946,True,,reliable,,I saw this on the Sun app and thought you'd be interested DOI bosses urged to axe Rufus Hound over sick Manchester Arena attack tweets,134,25
45004,0GM6zwLYD9Nw,2017-05-30 16:47:08+00:00,97qDpxN,#Camden protest assembly in response to @schoolcuts cancelled after #Manchester Arena attack https://t.co/eeSrDM4EWN,-0.72694578401804,0,0,0,1,0,549,443,62695,-0.72694578401804,True,,reliable,,Camden protest assembly in response to cancelled after Manchester Arena attack,78,11
84604,DX3MX8NVWkkP,2017-05-23 05:10:13+00:00,0xALXY6,"BREAKING NEWS; Manchester Arena explosion: 19 killed in 'terror attack by suicide bomber' . . .
#TerrorAttack #News 
https://t.co/ulTk0DVYOu",-0.947698489944879,0,0,0,1,0,7545,1368,36987,-0.947698489944879,True,,reliable,,BREAKING NEWS Manchester Arena explosion 19 killed in 'terror attack by suicide bomber' . . . TerrorAttack News,111,18
68065,ronVAJ9dnAYQ,2017-05-23 14:55:46+00:00,enRdddX,Such a sad day. It feels like living in the dark ages!https://t.co/kYzN7HLa03,-0.153093108923949,0,0,0,1,0,295,528,1136,-0.153093108923949,True,,reliable,,Such a sad day. It feels like living in the dark ages!,54,12
6626,Qr84jYwP4xYlD,2021-12-06 10:00:02+00:00,1xbRMN,"Caroline Curry, whose 19-year-old son Liam was killed, and Claire Brewster, who lost her sister Kelly and was herself seriously injured, claimed they had spent hours trying to guard the site themselves.

https://t.co/9muNBYKvPg",-0.880672176774278,0,0,0,1,0,4339,773,52616,-0.737946079585264,True,,reliable,,"Caroline Curry, whose 19-year-old son Liam was killed, and Claire Brewster, who lost her sister Kelly and was herself seriously injured, claimed they had spent hours trying to guard the site themselves.",202,32
71799,ron6Q04xmkYQ,2017-05-23 12:27:48+00:00,dBlkB73ElxmO,"#AceNewsReport RT @BBCBreaking: Eight-year-old Saffie Rose Roussos from Leyland killed in Manchester Arena attack,… https://t.co/4h8m3YBLRu",-0.822462893624465,0,0,0,1,0,179,284,121785,-0.575612717234131,True,,reliable,,"AceNewsReport RT Eight-year-old Saffie Rose Roussos from Leyland killed in Manchester Arena attack,",99,13
33534,o983aW7maAo1,2018-03-27 11:28:23+00:00,kpVk0l,"A report on the aftermath of the Manchester Arena attack that killed 22 people, including 2 from Cheshire, has criticised Greater Manchester Fire and Rescue service for their response:... https://t.co/pR69beFs2o",-0.790569415042095,0,0,0,1,0,17079,564,34355,-0.678129749319022,True,,reliable,,"A report on the aftermath of the Manchester Arena attack that killed 22 people, including 2 from Cheshire, has criticised Greater Manchester Fire and Rescue service for their response ...",187,30
36400,WRkm96aMMGdA,2017-12-08 12:34:10+00:00,4YXMME,"Wow, what an inspirational story from Natalie about the care her daughter Eve received on @BurnsUnitRMCH following the #Manchester Arena Attack https://t.co/RDC5ap4Xs0",0.801995608018326,1,1,0,1,1,9326,3236,19966,0.31040327705837,True,,reliable,,"Wow, what an inspirational story from Natalie about the care her daughter Eve received on following the Manchester Arena Attack",127,20
57234,9ZozZWx8QV7Q,2017-05-24 10:00:17+00:00,lB3YAPK,Manchester Arena attack: Football world pays tribute to victims https://t.co/E9U1MWqouM,-0.68082252702501,0,0,0,1,0,126,223,873,-0.578740066299792,True,,reliable,,Manchester Arena attack Football world pays tribute to victims,62,9
7015,V3Or0rqDPjRVm,2021-11-09 19:42:58+00:00,n07EEz,"New post (Manchester Arena attack survivor, 20, overdosed on cocktail of prescription-only drugs, inquest told) published on https://t.co/RaBjl5DDcP - https://t.co/3bCp3kZlDc",-0.153093108923949,0,0,0,1,0,131,260,638680,-0.569198940140424,True,,reliable,,"New post Manchester Arena attack survivor, 20, overdosed on cocktail of prescription-only drugs, inquest told published on -",124,18
63465,O7bExLvlannp,2017-05-23 18:46:10+00:00,rDaYG1,Manchester Arena attack - the heroes who shone light in Manchester's darkest hour https://t.co/IyhtSgOmiO #wtfnews,-0.401923825269382,0,0,0,1,0,4129,4199,134460,-0.60698217977486,True,,reliable,,Manchester Arena attack - the heroes who shone light in Manchester's darkest hour wtfnews,89,14
20928,V1637xQzkMKq,2019-07-17 20:12:17+00:00,XmpYMn,"A key suspect in the terror attack, which claimed the lives of 22 people, has finally been arrested in London. #9News
https://t.co/eG48fa2L7g",-0.895664663740519,1,1,0,1,0,841046,254,346836,-0.610997702780946,True,,reliable,,"A key suspect in the terror attack, which claimed the lives of 22 people, has finally been arrested in London. 9News",116,21
85044,79YlmXNpEXrK,2017-05-23 04:32:47+00:00,XAMDl1x,"#manchesterexplosion: Terror strike a handiwork of some expert, says analyst. #Live: https://t.co/9Y87zqscDe",-0.599373159673106,4,4,3,1,0,2118823,911,690332,-0.398088187154766,True,,reliable,,"manchesterexplosion Terror strike a handiwork of some expert, says analyst. Live",80,11
70782,LznExa8DM9KX,2017-05-23 12:58:53+00:00,mabvExW,No words for this... 8 year-old Tarleton schoolgirl confirmed dead in 'terror attack' at Manchester Arena https://t.co/Ud8UpRkSK1,-0.895664663740519,0,0,0,1,0,1578,1600,4860,-0.51474043687495,True,,reliable,,No words for this... 8 year-old Tarleton schoolgirl confirmed dead in 'terror attack' at Manchester Arena,105,16
45175,WP3qL8NkYQkV,2017-05-30 09:00:00+00:00,nea376J,How British newspapers reacted to the tragedy of Manchester Arena in their frontpages. https://t.co/mzpHw8BVRf by @guardian,-0.659727946850383,0,0,1,1,0,267,600,455,-0.659727946850383,True,,reliable,,How British newspapers reacted to the tragedy of Manchester Arena in their frontpages. by,89,14
10453,j7v0Ym7eM1Oo4,2021-05-22 07:44:24+00:00,zqaYRNdz4Mo9,#NeverForgetten Twenty-two people were killed when a terrorist detonated a bomb at the Manchester Arena on 22 May 2017 #AlwaysRemembered https://t.co/izPPuyIknh,-0.924595133553445,18,75,1,1,1,21757,329,1300,-0.924595133553445,True,,reliable,,NeverForgetten Twenty-two people were killed when a terrorist detonated a bomb at the Manchester Arena on 22 May 2017 AlwaysRemembered,134,20
31874,06olOveeBwKd,2018-05-09 16:34:02+00:00,J76kLDl,"A Garden of Memories for Nell Jones, who died in the Manchester Arena attack, was officially opened at her school in Holmes Chapel today. Her brother Sam described it as a “fitting tribute to a beautiful sister”  https://t.co/0ZYyIfAUAk— Eleanor Barlo… https://t.co/SGLr6y0Mz3",-0.421463615211762,0,0,0,1,1,126,0,236526,-0.642738692341092,True,,reliable,,"A Garden of Memories for Nell Jones, who died in the Manchester Arena attack, was officially opened at her school in Holmes Chapel today. Her brother Sam described it as a fitting tribute to a beautiful sister Eleanor Barlo",223,39
42298,WQ4qZD946x6q,2017-06-28 08:50:40+00:00,GVLLq8,The Independent: Muslim children as young as nine branded terrorists in wake of recent terror attacks -Childline https://t.co/OQPI32hClm,-0.904216237352023,0,1,0,1,0,48350,53162,45770,-0.904216237352023,True,,reliable,,The Independent Muslim children as young as nine branded terrorists in wake of recent terror attacks -Childline,111,17
5944,M3Xj9ra8bLB6b,2022-02-13 15:32:27+00:00,9wqDJwAWvaKD,"@edthetechie Do you remember the attack in London after the Manchester arena bombing? Think it was a machete one on the bridge...the news footage was so poorly acted out it was ridiculous, it disappeared off the news pretty fast and nothing added up.",-0.510607056638284,0,2,2,0,0,2584,1513,27267,-0.510607056638284,True,,reliable,,"Do you remember the attack in London after the Manchester arena bombing? Think it was a machete one on the bridge...the news footage was so poorly acted out it was ridiculous, it disappeared off the news pretty fast and nothing added up.",237,42
25891,99jvXE8J88qv,2018-10-04 14:22:25+00:00,O7kZXVxdP06k,"#alt1053the1975inla this would be a dream come true for my daughter to meet her idols, after being caught up in the Manchester arena attack, please make this happen so she can join them to make noise to terrorism as Matt once said at Park life x",-0.102733099387503,0,0,0,0,0,3,19,85,0.359864897118481,True,,reliable,,"alt1053the1975inla this would be a dream come true for my daughter to meet her idols, after being caught up in the Manchester arena attack, please make this happen so she can join them to make noise to terrorism as Matt once said at Park life x",244,46
19710,wp19KNGLRBYz3,2019-11-30 05:51:35+00:00,j6M9zWK,"@DeplrbleRzistr But hey, London police will ""closely monitor"" them like always... Remember the Manchester arena bombers? They were ""closely monitored"" by the British police before the attack.",-0.153093108923949,0,0,0,0,0,32962,1895,63580,-0.153093108923949,Fake,The police knew the attacker,misinformation,The police knew the attacker,"But hey, London police will ""closely monitor"" them like always... Remember the Manchester arena bombers? They were ""closely monitored"" by the British police before the attack.",175,26
32351,D7QNwXYqeJRo,2018-04-20 16:30:04+00:00,Qxxlld,NEWS: Ariana Grande releases first new music since the Manchester Arena bombing - https://t.co/dAswuMnMsL https://t.co/MKkWGFleqz,0.0,0,0,0,1,1,10852,2681,29952,-0.688996259693702,True,,reliable,,NEWS Ariana Grande releases first new music since the Manchester Arena bombing -,80,13
32454,ka6qQ1vk9jln,2018-04-17 23:43:36+00:00,vGp3Pk6,"AMAZING PEOPLE-  pebblearttrafford, love it Louise Dorney :) 
Hi Everyone.
Trafford Volunteer Police Cadets are busy planning a memorial for those who were killed and injured in the Manchester Arena Attack last year. I will confirm details of the memorial soon. https://t.co/xPQjWpTzAQ",-0.318210996771242,0,1,1,1,1,239,1203,471,-0.397434301172908,True,,reliable,,"AMAZING PEOPLE- pebblearttrafford, love it Louise Dorney Hi Everyone. Trafford Volunteer Police Cadets are busy planning a memorial for those who were killed and injured in the Manchester Arena Attack last year. I will confirm details of the memorial soon.",256,40
81341,V9ABOYwWV1Oq,2017-05-23 07:28:53+00:00,M3vQwJj,Manchester Arena attack: 22 dead and 59 hurt. Lives taken and lives ruined. A dark day.  https://t.co/BxOenh78jy,-0.931272453865628,0,0,0,1,0,3909,4497,37561,-0.574876672727171,True,,reliable,,Manchester Arena attack 22 dead and 59 hurt. Lives taken and lives ruined. A dark day.,86,16
63,kRGv0LYboNZEZ,2023-03-14 08:29:20+00:00,vpEoddP9R04J1,"@jayde_bradley 22 children blown up, murdered by a bomb detonated by a migrant “rescued” from the channel. Their blood on your hands. Manchester Arena. Never forget. Never forgive.",-0.0853168649654868,0,2,0,0,0,1608,1760,21559,-0.201189512727673,Fake,Refugee bomber,misinformation,Refugee bomber,"22 children blown up, murdered by a bomb detonated by a migrant rescued from the channel. Their blood on your hands. Manchester Arena. Never forget. Never forgive.",163,27
49453,EMleNkvXWR4m,2017-05-25 20:01:21+00:00,j86RV30,The whole school fell silent at 11am today to remember those who tragically lost their lives in the attack at Manchester Arena @headteacher_,-0.844214852227165,2,5,0,0,0,2529,2499,16341,-0.844214852227165,True,,reliable,,The whole school fell silent at 11am today to remember those who tragically lost their lives in the attack at Manchester Arena,126,22
32782,nJYzZ9WDJ3YQ,2018-04-08 07:03:14+00:00,zlz84qG,"Tomorrow Harry will play Manchester Arena and a lot of people who were at Ariana's concert will be attending for the first time since the attack. If you see anyone who looks nervous and you think they need someone to talk to please look out for them, walk around with them...",-0.128036879932896,3829,11100,54,0,0,4375,1633,109737,0.300233186409636,True,,reliable,,"Tomorrow Harry will play Manchester Arena and a lot of people who were at Ariana's concert will be attending for the first time since the attack. If you see anyone who looks nervous and you think they need someone to talk to please look out for them, walk around with them...",275,51
23651,onBlnkxneeDj,2019-03-19 18:04:19+00:00,jWkMezdEzmYD,"@Fox_Claire People convicted for saying something unpleasant online about Manchester Arena bombing = 1

Awards accepted by ACC Russ Jackson from hate preacher = 1

People convicted for actual Arena bombing, resulting in 22 murders = 0

https://t.co/xWmESnY2Vm",-0.784527379658275,1,2,0,1,0,101,396,783,-0.784527379658275,True,,reliable,,"People convicted for saying something unpleasant online about Manchester Arena bombing 1 Awards accepted by ACC Russ Jackson from hate preacher 1 People convicted for actual Arena bombing, resulting in 22 murders 0",214,33
76612,DX3E7qrKaekN,2017-05-23 09:54:51+00:00,vpvb6WG,President Trump Condemns ‘Horrible Morning of Death’ in Manchester https://t.co/oNBdJEm0eK,-0.89335803114606,0,0,0,1,0,635,0,122039,-0.906744621683923,True,,reliable,,President Trump Condemns Horrible Morning of Death in Manchester,64,9
69102,ronlNP7WqOx9,2017-05-23 14:10:44+00:00,vNNwB1,Support families of those killed and injured in the Manchester Arena attack. Donate on @justgiving https://t.co/sQANtVIOdw,-0.822462893624465,0,0,0,1,0,728,1261,10770,-0.822462893624465,True,,reliable,,Support families of those killed and injured in the Manchester Arena attack. Donate on,86,14
12121,QrPQMXanv9lL7,2021-01-13 16:59:19+00:00,npX1amz,#UK: Manchester Arena and Parsons Green bombers charged with prison officer attack  https://t.co/5gIIHMlRu9,-0.801995608018326,3,2,0,1,0,9868,6696,33630,-0.768418477749832,True,,reliable,,UK Manchester Arena and Parsons Green bombers charged with prison officer attack,80,12
110,WBw9JBqXlNEeA,2023-03-10 16:30:59+00:00,rP1LBD9Y9wpGp,@jackmarkquick @bbcquestiontime Yep...how many more Islamic Extremist bombing like Manchester Arena &amp; London 7/7 with over 1800 people killed &amp; injured &amp; dozens more terror attacks from Asylum seekers 1st &amp; 2nd Generation does it take for them to say ? I think we should shut the borders now !!,-0.875,1,2,1,0,0,584,523,3762,-0.846825055472501,Fake,Refugee bomber,misinformation,Refugee bomber,Yep...how many more Islamic Extremist bombing like Manchester Arena amp London 7 7 with over 1800 people killed amp injured amp dozens more terror attacks from Asylum seekers 1st amp 2nd Generation does it take for them to say ? I think we should shut the borders now !!,270,49
77867,79Y41mRGMkrP,2017-05-23 09:20:15+00:00,rYVXVbO,I am extremely shocked at the heinous attack at Manchester arena. My thoughts and prayers are with the victims and their loved ones.,-0.486511924013123,0,0,0,0,0,444,1181,1214,-0.486511924013123,True,,reliable,,I am extremely shocked at the heinous attack at Manchester arena. My thoughts and prayers are with the victims and their loved ones.,132,23
25004,o6jMVzjrdM6j,2018-12-01 09:26:18+00:00,GbX6Y7Y,"Ariana Grande eerily predicted Manchester Arena terror attack https://t.co/1bSVmCfUdb

The singer gathered her dancers around on the opening night of her Dangerous Woman Tour, tour to tell them she wanted everyone to 'feel safe'
121only – Celebrity News #celebritynews",-0.771737211101106,0,0,0,1,0,46,176,61260,-0.545287141752707,Fake,Ariana predicted the attack,misinformation,Ariana predicted the attack,"Ariana Grande eerily predicted Manchester Arena terror attack The singer gathered her dancers around on the opening night of her Dangerous Woman Tour, tour to tell them she wanted everyone to 'feel safe' 121only Celebrity News celebritynews",240,37
58850,3GbNPBZnVM8z,2017-05-24 04:48:35+00:00,1AzlRrl,Manchester Arena Attack: Can the West Man Up To The Terrorist? | eTimes Nigeria https://t.co/Y8JAmDRuUw,-0.831632035280786,0,0,0,1,0,752,4070,10544,-0.831632035280786,True,,reliable,,Manchester Arena Attack Can the West Man Up To The Terrorist? eTimes Nigeria,76,13
31615,pLJ6EVRv3a1X,2018-05-16 10:48:00+00:00,3zmA4jODOEPM,Manchester Arena attack: Bomb 'injured more than 800' https://t.co/yYJ0KxQWWS,-0.840168050416806,0,0,0,1,0,921,2627,25363,-0.583618040793312,True,,reliable,,Manchester Arena attack Bomb 'injured more than800',51,7
12498,rPDDNzm0wEA48,2020-12-07 18:58:59+00:00,zXd7ll,'There was no doubt in my mind' says police chief as Arena bomber's brother admits playing 'full and knowing role' https://t.co/8IUo0wDrqS,0.128036879932896,0,1,0,1,0,662727,1439,362383,-0.42559874603329,True,,reliable,,'There was no doubt in my mind' says police chief as Arena bomber's brother admits playing 'full and knowing role',114,20
82663,0GA8Pdkv3ZoB,2017-05-23 06:43:41+00:00,6jPwWj,@kookiethekat Bomb went off at Manchester arena after Ariana Grande concert. 22 dead. 😢,-0.817623560871883,0,0,1,0,0,92,144,10605,-0.817623560871883,True,,reliable,,Bomb went off at Manchester arena after Ariana Grande concert. 22 dead.,71,12
45340,oQvWQBN4pddb,2017-05-29 21:11:24+00:00,e3ZdaKY,"@saeedatcha I stand united with anyone opposing hoaxes like the #Manchester arena ""attack"".  #Fake #Real #Fact #Lie #DIscernment",0.0258112866459834,1,1,0,0,0,127,1,41415,-0.397961358121177,Fake,Conspiracy,misinformation,Conspiracy,"I stand united with anyone opposing hoaxes like the Manchester arena ""attack"". Fake Real Fact Lie DIscernment",109,17
24424,WvAzEG7xnaqQ,2019-02-06 09:54:25+00:00,OV4AN9G,"40,000 asylum  seekers&gt;There are more asylum seekers housed on the  government’s  dispersal      scheme in Stoke than the entire South East of  England  (excluding      London).https://t.co/oftSNSng9w … … … …https://t.co/XvCEzcuTBf",0.273212885294474,1,1,0,1,0,5901,3527,369982,-0.125883325435208,Fake,Refugee bomber,misinformation,Refugee bomber,"40,000 asylum seekers gt There are more asylum seekers housed on the governments dispersal scheme in Stoke than the entire South East of England excluding London .",163,27
87321,O7bxRveWw89p,2017-05-23 01:07:01+00:00,dBlkB73ElxmO,#AceNewsReport RT @DailyMailUK: 19 people dead and 50 injured in Manchester Arena ‘terrorist suicide bomb attack’… https://t.co/EERql85uyh,-0.973540281062461,0,0,0,1,0,179,284,121785,-0.575612717234131,True,,reliable,,AceNewsReport RT 19 people dead and 50 injured in Manchester Arena terrorist suicide bomb attack,96,15
2267,nO3K6LaXGDrp8,2022-11-06 09:19:14+00:00,vpEoddP9R04J1,@Patrici89225734 22 children blown up and murdered by a bomb detonated by a migrant “rescued” from the channel. Their blood on your hands. Manchester Arena.,-0.381819167922678,0,0,0,0,0,1608,1760,21559,-0.201189512727673,Fake,Refugee bomber,misinformation,Refugee bomber,22 children blown up and murdered by a bomb detonated by a migrant rescued from the channel. Their blood on your hands. Manchester Arena.,137,24
25977,WJw4k9YkDnJA,2018-09-22 21:07:33+00:00,97LKDrQ,"@MaelorPenley sorry to bother you on a saturday night sir, but what charity was it that we will be raising money  for regarding the Manchester arena attack?! Just designing my poster",-0.458831467741123,0,1,1,0,0,449,539,9349,-0.458831467741123,True,,reliable,,"sorry to bother you on a saturday night sir, but what charity was it that we will be raising money for regarding the Manchester arena attack?! Just designing my poster",167,30
29571,9XZw7XlBzL3p,2018-05-22 09:29:20+00:00,3nJjXW,Council to hold minute’s silence to mark anniversary of Manchester Arena attack https://t.co/1dJtLkY4Ni https://t.co/XRtCoAORoe,-0.476657605574574,2,3,0,1,1,7955,549,12850,-0.6274554638626,True,,reliable,,Council to hold minutes silence to mark anniversary of Manchester Arena attack,78,12
17770,7DDPjVl7LWpq1,2020-03-30 15:35:27+00:00,1z8GdG,The start date for the Inquiry into the Manchester Arena terrorist attack has now been moved to September 7th due to the #Coronavirus outbreak - according to its Chairman Sir John Saunders #HeartNews https://t.co/IgMVgi0jM8,-0.831632035280786,0,0,0,1,1,10491,1405,49381,-0.516654482341318,True,,reliable,,The start date for the Inquiry into the Manchester Arena terrorist attack has now been moved to September 7th due to the Coronavirus outbreak - according to its Chairman Sir John Saunders HeartNews,197,33
54146,a3AxKPWPevEB,2017-05-24 17:12:04+00:00,ewN6qWW,"Renee Black, 93, and Sadiq Patel paid tribute to the 22 victims of the Manchester Arena attack as they prayed an... https://t.co/u6uMHvvcrq",-0.636949942926426,0,0,0,1,0,2176,678,1814659,-0.591076410390941,True,,reliable,,"Renee Black, 93, and Sadiq Patel paid tribute to the 22 victims of the Manchester Arena attack as they prayed an...",115,21
25824,aZJM3BXdL9Dr,2018-10-13 19:42:52+00:00,vlqWbBwjEddb,"Antifa welcomed Salman Ramadan Abedi a ""refugee"" carried out the suicide bomb attack at Manchester Arena on 22 May, killing 22 and injuring many more mostly children. https://t.co/gHubNwSjej",-0.930007282051376,14,15,1,1,0,3811,4761,97608,-0.951215774858999,Fake,Refugee bomber,misinformation,Refugee bomber,"Antifa welcomed Salman Ramadan Abedi a ""refugee"" carried out the suicide bomb attack at Manchester Arena on 22 May, killing 22 and injuring many more mostly children.",166,27
2337,kReKAZ8qVw9bw,2022-11-05 10:52:57+00:00,4qKvNB8,UK: Six police officers under investigation over Manchester Arena terror attack | Daily Mail Online https://t.co/I9KrLufXVY,-0.757936728959867,0,1,0,1,0,117,509,27708,-0.565877957881631,True,,reliable,,UK Six police officers under investigation over Manchester Arena terror attack Daily Mail Online,96,14
2134,V3lrNlRn6xd07,2022-11-21 10:02:52+00:00,vpEoddP9R04J1,@MaggieChapman 22 children blown up by a bomb detonated by a migrant “rescued” from the channel. Their blood on your hands. Manchester Arena. You are sick and twisted. We are the victims.,-0.381819167922678,0,1,0,0,0,1608,1760,21559,-0.201189512727673,Fake,Refugee bomber,misinformation,Refugee bomber,22 children blown up by a bomb detonated by a migrant rescued from the channel. Their blood on your hands. Manchester Arena. You are sick and twisted. We are the victims.,170,31
2756,ewZ3keoXX7Vkr,2022-11-03 15:14:41+00:00,vGjKjmG,"Victims of the Manchester Arena terror attack were left “waiting in vain” and “desperate for help” which did not come, a second Manchester Arena Inquiry report has found.

https://t.co/Gpwgd6wOPH",-0.875,0,0,1,1,0,664,927,3242,0.0217793267718459,True,,reliable,,"Victims of the Manchester Arena terror attack were left waiting in vain and desperate for help which did not come, a second Manchester Arena Inquiry report has found.",166,28
6540,6oYEZaWz8rXeG,2021-12-15 11:48:59+00:00,EZ4q1pD,Families of Manchester attack victims slam 'deficient' police response https://t.co/vKQa5k1mjX via @MailOnline,-0.778253322150626,0,0,0,1,0,2414,3074,252226,-0.605073753594594,True,,reliable,,Families of Manchester attack victims slam 'deficient' police response via,74,10
57848,WPnjR7lDdxYw,2017-05-24 08:11:52+00:00,Lo1V9G,France lets it slip that Abedi may have travelled to Syria. Suddenly everybody's at it with the intel leaks https://t.co/1uffNVd0Pd,-0.339950051825042,2,0,0,1,0,3754,1776,17288,-0.499838999337713,True,,reliable,,France lets it slip that Abedi may have travelled to Syria. Suddenly everybody's at it with the intel leaks,107,19
11651,D6em7elvevqnN,2021-02-09 13:57:02+00:00,zXd7ll,Lead fire officer on day of attack now giving evidence to the inquiry - updates https://t.co/OhRB0jgGP6,-0.476657605574574,1,4,0,1,0,662727,1439,362383,-0.42559874603329,True,,reliable,,Lead fire officer on day of attack now giving evidence to the inquiry - updates,79,15
15274,wpkVEvXVkxmJ4,2020-08-22 00:15:44+00:00,qPQKo6k,Manchester Arena  jihad-bomber’s brother Hashem Abedi given 55-year sentence for Ariana Grande Concert attack https://t.co/Xo3Sbg8Hp3 via @pamelageller,-0.421463615211762,0,0,0,1,0,8880,8449,300654,-0.695054568039693,True,,reliable,,Manchester Arena jihad-bombers brother Hashem Abedi given 55-year sentence for Ariana Grande Concert attack via,111,15
71130,z4axkQAPnbG6,2017-05-23 12:48:15+00:00,EbEwrW,I've #justdonated to support families of those killed &amp; injured in the Manchester Arena attack. Donate - @justgiving https://t.co/hP27WELcDv,-0.822462893624465,0,0,0,1,0,606,2474,19733,-0.822462893624465,True,,reliable,,I've justdonated to support families of those killed amp injured in the Manchester Arena attack. Donate -,105,17
29672,9XZpMpRqNwVR,2018-05-22 09:00:18+00:00,rQDv64,"The @MetroTravelNews In memory of the victims of the Manchester Arena attack we will be observing a minutes silence at 2:30pm across our bus stations, travel centres and MetroLine Contact Centre.",-0.636949942926426,2,4,0,0,0,23657,197,200286,-0.636949942926426,True,,reliable,,"The In memory of the victims of the Manchester Arena attack we will be observing a minutes silence at 2 30pm across our bus stations, travel centres and MetroLine Contact Centre.",178,31
50397,wZxqlqP1KWd3,2017-05-25 12:17:27+00:00,GEoPdNO,The senseless attack on Manchester Arena left many of us reeling. My first reaction was to rush to my young... https://t.co/DlyvS0JrKf,-0.476657605574574,0,0,0,1,0,1271,512,232317,-0.64661815903113,True,,reliable,,The senseless attack on Manchester Arena left many of us reeling. My first reaction was to rush to my young...,110,20
596,6oVzD6k3KZ0eJ,2023-03-03 01:42:22+00:00,NMDm6B,NPR: British intelligence missed a chance to stop the 2017 Ariana Grande concert attack https://t.co/NeXZ0QzyYO,-0.339950051825042,0,0,0,1,0,522,1,199284,-0.408303828699808,True,,reliable,,NPR British intelligence missed a chance to stop the 2017 Ariana Grande concert attack,86,14
32540,rmAZGDnW7xv1,2018-04-13 20:00:10+00:00,Za4BmnP,@cp53a @btsportrugby Manchester bee was put on the away kit after the Manchester arena bomb,-0.493914580573631,0,0,1,0,0,210,332,8922,-0.493914580573631,True,,reliable,,Manchester bee was put on the away kit after the Manchester arena bomb,70,13
71709,z4axxn63bbz9,2017-05-23 12:30:37+00:00,9RaAvpA,"https://t.co/OBfjDBAzpJ

Check this out. I have just discovered that ISIS was behind the attack at the Manchester Arena. They are slimeballs",-0.476657605574574,0,0,0,1,0,36,21,650,-0.476657605574574,True,,reliable,,Check this out. I have just discovered that ISIS was behind the attack at the Manchester Arena. They are slimeballs,115,20
6168,D6p4WaJkwnqa1,2022-01-14 11:56:54+00:00,LA1ZebaLOMNKx,My guest on @making_stitches this time is @FigenMurray who’s dedicated her life to “breaking the cycle of hate” after the devastating loss of her son Martyn in the Manchester Arena attack. She also knits #peacebears &amp; promotes creativity for mental health https://t.co/42xms1aY4u https://t.co/L9KEzsyPM8,-0.750630313328434,0,2,0,1,1,90,152,152,-0.750630313328434,True,,reliable,,My guest on this time is whos dedicated her life to breaking the cycle of hate after the devastating loss of her son Martyn in the Manchester Arena attack. She also knits peacebears amp promotes creativity for mental health,223,39
992,YM04n1pAvaR1V,2023-03-02 16:06:55+00:00,qRXJ6dQBO4PaX,"🗣️ NEW: MI5 Director General Ken McCallum said he is “profoundly sorry that MI5 did not prevent the attack” in the wake of the findings of the inquiry into the Manchester Arena bombing, adding: “I deeply regret that such intelligence was not obtained.” https://t.co/wc6xis5Ceg",-0.461478704980528,0,0,0,1,1,4186,360,36557,-0.55659420017236,True,,reliable,,"NEW MI5 Director General Ken McCallum said he is profoundly sorry that MI5 did not prevent the attack in the wake of the findings of the inquiry into the Manchester Arena bombing, adding I deeply regret that such intelligence was not obtained.",243,42
60625,a3ZZoWRGx6jY,2017-05-23 22:37:52+00:00,VEXbVx,Manchester attack: What we know and don't know @CNNI https://t.co/MkgTXOdjhL,-0.476657605574574,0,1,0,1,0,63220,43755,160360,-0.476657605574574,True,,reliable,,Manchester attack What we know and don't know,45,8
69372,6WvGPEbr6N8w,2017-05-23 13:56:51+00:00,OQQEYNJ,"#Rudaw’s correspondent in United Kingdom speaks nearby scene of bomb attack on Manchester arena, says PM @Theresa_May to visit city soon. https://t.co/JpFUxbzxXS",-0.54232614454664,1,6,1,1,1,425223,6,84399,0.0865564878238953,True,,reliable,,"Rudaws correspondent in United Kingdom speaks nearby scene of bomb attack on Manchester arena, says PM to visit city soon.",122,20
85803,GkMRX81wO7P8,2017-05-23 03:14:43+00:00,1X0bda,PM May referred to the Manchester Arena attack as an act of terrorism; let's tack on #cowardice w/ that; #rip #ManchesterArenaExplosion,-0.827129996023704,0,0,0,0,0,920,917,16382,-0.827129996023704,True,,reliable,,PM May referred to the Manchester Arena attack as an act of terrorism let's tack on cowardice w that rip ManchesterArenaExplosion,129,21
74660,a3Z6PGADMwbJ,2017-05-23 10:58:38+00:00,axRb4wE,"23-year-old man arrested in Manchester in connection with last night's terror attack at Manchester Arena, police say.  22 dead + bomber.",-0.931272453865628,0,0,0,0,0,1059,159,30920,-0.931272453865628,True,,reliable,,"23-year-old man arrested in Manchester in connection with last night's terror attack at Manchester Arena, police say. 22 dead bomber.",133,20
55001,V9EYp9ZWjwEY,2017-05-24 14:58:32+00:00,40pxaYL,#ManchesterBombing: officer among dead as police confirm they are investigating 'network' – live updates https://t.co/bwkqfHrzjO,-0.648556646884329,0,0,0,1,0,4014,4214,30545,-0.577153571748398,True,,reliable,,ManchesterBombing officer among dead as police confirm they are investigating 'network' live updates,100,13
25091,VEYo6nN7GObx,2018-11-30 08:00:34+00:00,39AnVQwDEJ10,"Ariana Grande has described the Manchester Arena terror attack as something ""that seems impossible to fully recover from"". https://t.co/ZYKEm2Kdsf",-0.757936728959867,0,0,0,1,0,5238,4878,224514,-0.757936728959867,True,,reliable,,"Ariana Grande has described the Manchester Arena terror attack as something ""that seems impossible to fully recover from"".",122,18
85553,kzxK3j8mdGOl,2017-05-23 03:38:35+00:00,awELDNR,RIP to those who lost their lives due to the suspected terrorist attack at Manchester arena after Ariana Grande's concert 🌹❤️ https://t.co/ggxE6icJVL,-0.900070320740819,1,0,0,1,0,612,685,8983,-0.900070320740819,True,,reliable,,RIP to those who lost their lives due to the suspected terrorist attack at Manchester arena after Ariana Grande's concert,121,20
70401,3GLdOewlvzP0,2017-05-23 13:13:04+00:00,BzQEn44,https://t.co/Qqjdr8sA9D | Heartfelt thoughts and prayers to Manchester,0.54232614454664,1,1,0,1,0,3319,4233,23232,0.54232614454664,True,,reliable,,Heartfelt thoughts and prayers to Manchester,44,6
6373,6oYNBwB0wz6Pw,2022-01-05 09:45:53+00:00,aV1G0l0DVKmQ,"#Guardian - Memorial to victims of Manchester Arena attack opens to public

#manchester #manchesterarena #manchesterattack https://t.co/OrAtikqNln",-0.636949942926426,0,0,0,1,0,939,200,60350,-0.725062689745694,True,,reliable,,Guardian - Memorial to victims of Manchester Arena attack opens to public manchester manchesterarena manchesterattack,117,15
6808,4zDpdBZMKPQD4,2021-11-29 16:24:33+00:00,6q180b,"Manchester Arena Inquiry: Bomb response shameful, says victim's dad https://t.co/c10ZTp3CrN From @BBCNews",-0.817623560871883,3,5,0,1,0,22352,23369,522034,-0.496037490989737,True,,reliable,,"Manchester Arena Inquiry Bomb response shameful, says victim's dad From",71,10
40485,oXzoG4WPWDpY,2017-08-16 16:20:01+00:00,ZnENPxn,Well this is a turn up for the books. https://t.co/pRPT3L8TDQ,0.273212885294474,0,0,0,1,0,25366,604,44551,-0.230967079410115,True,,reliable,,Well this is a turn up for the books.,37,9
51478,ro09RaNx9wBm,2017-05-25 06:35:31+00:00,MYV74oz,Police search property in Nuneaton after man arrested in connection with Manchester Arena terror attack https://t.co/vm5H3pEbVt,-0.862468816257373,3,1,0,1,0,1479,1186,17897,-0.0593210924845707,True,,reliable,,Police search property in Nuneaton after man arrested in connection with Manchester Arena terror attack,103,15
38705,WGXeW7GdJkYQ,2017-09-25 18:46:17+00:00,9EWnPop,"'The children asked 'What did we do wrong?' - I said 'Nothing, but some people think it’s our fault' https://t.co/vNKzwCij0p",-0.212440991304819,0,0,0,1,0,2643,3294,18992,-0.527143151736133,True,,reliable,,"'The children asked 'What did we do wrong?' - I said 'Nothing, but some people think its our fault'",99,19
22431,VzKmdj9YM7lx,2019-05-22 08:35:41+00:00,dlO6m8,"We invite you to join us on Spinningfields Square at 2:30pm for a minute's silence to mark the second anniversary of the Manchester Arena attack.
#WeStandTogether #ManchesterRemembers https://t.co/5iavRhOqx9",-0.0772283284276543,0,4,0,1,1,83866,1484,27563,-0.472728375912422,True,,reliable,,We invite you to join us on Spinningfields Square at 2 30pm for a minute's silence to mark the second anniversary of the Manchester Arena attack. WeStandTogether ManchesterRemembers,181,28
5833,Zaz0j1e3NNB90,2022-02-20 14:20:00+00:00,6R76kb,Police Knew of Manchester Arena Bomber’s Terror Connections Three Years Before Attack https://t.co/N6qNchE1X9 via @EnglishDemocrat,-0.757936728959867,1,0,0,1,0,1149,290,12288,-0.130319338157524,Fake,The police knew the attacker,misinformation,The police knew the attacker,Police Knew of Manchester Arena Bombers Terror Connections Three Years Before Attack via,88,13
7274,D6ZRb8mXmwaAv,2021-10-24 18:53:20+00:00,wppZqYxVzKvxv,Man arrested for attack on 11-year-old girl in New York City park https://t.co/PlW2HEOZ18,-0.735147044114705,0,0,0,1,0,11,12,215204,-0.534663941323507,True,,reliable,,Man arrested for attack on 11-year-old girl in New York Citypark,64,11
27273,0m1OLDvAYvQv,2018-06-27 22:26:20+00:00,WZlrAp0,Birmingham man jailed for posting 32 Islamophobic tweets after Manchester Arena attack https://t.co/r4LK9jiVIV,-0.743037755434939,6,18,4,1,0,29066,218,24923,-0.743037755434939,True,,reliable,,Birmingham man jailed for posting 32 Islamophobic tweets after Manchester Arena attack,86,12
63967,n7DxbpdD6YBZ,2017-05-23 18:18:12+00:00,GPYmLK,Attacker known to police - another security fail? Manchester Arena attacker named by police as Salman Ramadan Abedi https://t.co/KPyEO6qSkM,-0.859064180591617,0,0,0,1,0,2732,1562,33135,-0.859064180591617,Fake,The police knew the attacker,misinformation,The police knew the attacker,Attacker known to police - another security fail? Manchester Arena attacker named by police as Salman Ramadan Abedi,115,18
35749,VQAxlr0dAEAk,2018-01-03 13:05:06+00:00,dRd9GKw,https://t.co/XlFi7oMT4j Manchester Arena attack: 'Hero' admits theft from victims: Chris Parker was… https://t.co/T5CrN8lP9p,0.153093108923949,0,0,0,1,0,299,165,242165,-0.492864355107364,True,,reliable,,Manchester Arena attack 'Hero' admits theft from victims Chris Parker was,73,11
1588,le3OEze0vPVEV,2023-02-20 09:42:13+00:00,vpEoddP9R04J1,@corbyn_project 22 children blown up by a bomb detonated by a migrant “rescued” from the channel. Manchester Arena. Never forget. Never forgive. Their blood on your hands. https://t.co/XbiNvmwhSc,-0.192470944410887,18,20,2,1,1,1608,1760,21559,-0.201189512727673,Fake,Refugee bomber,misinformation,Refugee bomber,22 children blown up by a bomb detonated by a migrant rescued from the channel. Manchester Arena. Never forget. Never forgive. Their blood on your hands.,153,26
42331,ar9mkWeJVMpJ,2017-06-27 16:08:36+00:00,rY7rnD9,Family of #Cheshire teenager killed in #Manchester Arena terror attack have thanked people for their support. https://t.co/mTRa359RrC?amp=1,-0.750630313328434,0,1,0,0,0,2047,826,21221,-0.777511450341549,True,,reliable,,Family of Cheshire teenager killed in Manchester Arena terror attack have thanked people for their support.,107,16
24742,mPqEO6qxkz18,2019-01-06 21:17:35+00:00,vlqWbBwjEddb,"These idiots would have helped Salman Ramadan Abedi  a ""refugee"" who carried out the suicide bomb attack at Manchester Arena on 22 May 2017  killing 22 and injuring many more mostly children. https://t.co/wmGIOZ5PrJ",-0.961225453587021,4,9,0,1,0,3811,4761,97608,-0.951215774858999,Fake,Refugee bomber,misinformation,Refugee bomber,"These idiots would have helped Salman Ramadan Abedi a ""refugee"" who carried out the suicide bomb attack at Manchester Arena on 22 May 2017 killing 22 and injuring many more mostly children.",189,32
45903,wZlOmdKJ3RMr,2017-05-29 08:50:37+00:00,LmkMdwA,LIVE: Police raid address in Whalley Range as Manchester Arena attack investigation continues https://t.co/2PsfylGbkA,-0.476657605574574,0,0,0,1,0,298,163,298201,-0.577565671921168,True,,reliable,,LIVE Police raid address in Whalley Range as Manchester Arena attack investigation continues,92,13
30767,ezD1xGKnoB34,2018-05-21 15:10:10+00:00,AR8qrL,People can leave messages of hope and solidarity on a trail of trees to mark the first anniversary of the Manchester Arena attack ♥️ https://t.co/zJGJFlNIJX,0.202288694969669,80,158,1,1,1,332050,1075,76752,-0.561227920005825,True,,reliable,,People can leave messages of hope and solidarity on a trail of trees to mark the first anniversary of the Manchester Arena attack,129,23
17995,GppWLvnLVGq4e,2020-03-17 16:52:33+00:00,pKrqVKX,Paul Hett - The dad of Manchester Arena bombing victim Martyn Hett - says the guilty verdict against Hashem Abedi will not bring back the victims but it will bring justice to those affected by the attack #CapitalReports https://t.co/zMMYwZGX0u,-0.690774742992202,9,26,0,1,1,4592,4742,29189,-0.458975543898027,True,,reliable,,Paul Hett - The dad of Manchester Arena bombing victim Martyn Hett - says the guilty verdict against Hashem Abedi will not bring back the victims but it will bring justice to those affected by the attack CapitalReports,218,38
88070,ron7vJM6zaBm,2017-05-23 00:15:16+00:00,QP1GRD,Latest from police. 19 people dead at Manchester arena. Treating as terror attack. https://t.co/hGf3rlLH8n,-0.895664663740519,0,1,1,1,0,9673,2574,8608,-0.595213150327519,True,,reliable,,Latest from police. 19 people dead at Manchester arena. Treating as terror attack.,82,13
13055,ewlzA0jx1n0XX,2020-11-16 14:13:00+00:00,8pMkBa,"The Greater Manchester Resilience Hub is part of @PennineCareNHS, set up in response to 2017 Manchester Arena Attack. It's now supporting all health &amp; care workers, across Greater Manchester, who have been affected by #COVID19 https://t.co/MP6EHFBu3D #PsychologicalProfessionsWeek",0.750630313328434,0,2,1,1,0,5721,6173,55734,0.0966299558076403,True,,reliable,,"The Greater Manchester Resilience Hub is part of , set up in response to 2017 Manchester Arena Attack. It's now supporting all health amp care workers, across Greater Manchester, who have been affected by COVID19 PsychologicalProfessionsWeek",241,36
66184,eD8D0eVkamz3,2017-05-23 16:20:51+00:00,3Kn4o0R,#LasgidiOnline UK Police Arrest 23-year-old Man In Relation To The Manchester Arena Terror… https://t.co/YeFOZhidQC #News via @lasgidionline,-0.700349291735761,0,0,0,1,0,168,47,10998,-0.57971020514592,True,,reliable,,LasgidiOnline UK Police Arrest 23-year-old Man In Relation To The Manchester Arena Terror News via,98,15
35820,7oY0LG1n1G7x,2018-01-03 12:29:37+00:00,QDw1xM,"33-year-old Chris Parker who was dubbed the “homeless hero” has admitted in court to stealing items from people caught up in the #Manchester Arena attack, including from the grandmother of a 14-year-old victim from Leeds. https://t.co/5KCokbmgAv",-0.599373159673106,3,1,0,1,1,8685,1043,32110,-0.714722212297601,True,,reliable,,"33-year-old Chris Parker who was dubbed the homeless hero has admitted in court to stealing items from people caught up in the Manchester Arena attack, including from the grandmother of a 14-year-old victim from Leeds.",218,35
45428,kzdrMk6YLr8p,2017-05-29 18:16:01+00:00,0O7Yk6,"@SkyNews @JeremyPaxman any chance we cud hv break frm ""IRA"" bxllshit?; cud u #AskMay something relevant? About this? https://t.co/POu6ZhsUpd",0.25,0,0,0,1,0,1394,2443,22469,0.25,True,,reliable,,"any chance we cud hv break frm ""IRA"" bxllshit? cud u AskMay something relevant? About this?",91,16
42007,rO8W6O1pEY4p,2017-07-06 07:50:58+00:00,3mEN3OO,Horrified  Girl Reveals: 'I survived the Manchester bomb blast - but I will never forget what I saw' https://t.co/DCSVtIk71q #UK,-0.408631040294989,0,0,0,1,0,68,27,16885,-0.613127300583436,True,,reliable,,Horrified Girl Reveals 'I survived the Manchester bomb blast - but I will never forget what I saw' UK,101,19
52890,3GbxnwRaxnKv,2017-05-24 20:16:27+00:00,j7MoaVq,"I liked a @YouTube video https://t.co/Ke2q83uRJP Manchester Arena Bombing (Update, Now Confirmed Terror Attack)",-0.571885032070072,0,0,0,1,0,397,227,7161,-0.66491088051497,True,,reliable,,"I liked a video Manchester Arena Bombing Update, Now Confirmed Terror Attack",76,12
28593,30zMx1wOljEl,2018-05-22 15:20:44+00:00,7bxejA,"It was not an act of cowardice @theresa_may. It was an act of ISLAMIC TERRORISM. Time to stop mincing your words and tell the truth.

Theresa May blasts Manchester terror as act of 'COWARDICE' that FAILED to divide the UK https://t.co/ZKvcQ1g3BD",-0.904216237352023,0,0,0,1,0,7562,7138,47950,-0.831076483155945,True,,reliable,,It was not an act of cowardice . It was an act of ISLAMIC TERRORISM. Time to stop mincing your words and tell the truth. Theresa May blasts Manchester terror as act of 'COWARDICE' that FAILED to divide the UK,208,40
2854,D6qRldeEWLY91,2022-11-03 14:24:44+00:00,1PKXlZl,"We’re minutes away from hearing if emergency services could have done things differently, and saved lives, in the aftermath of the #Manchester #Arena bomb in 2017. This new Sky News video investigates, step by step, minute but minute, happened that night. https://t.co/GKEmb2VQt8",-0.458831467741123,1,1,0,1,0,7660,750,3187,-0.0467003173056214,True,,reliable,,"Were minutes away from hearing if emergency services could have done things differently, and saved lives, in the aftermath of the Manchester Arena bomb in 2017. This new Sky News video investigates, step by step, minute but minute, happened that night.",252,41
11574,7D8D99znPwem1,2021-02-14 12:40:16+00:00,j779JDva4G33L,@BillInkey @AllweatherDave @ComputerChick0 @LozzaFox Muslim taxi drivers helping after the Ariana gig. You know the ones your hero calls a little P Dave?     https://t.co/QwCsFciLNN,0.700349291735761,0,1,0,1,0,4579,4923,54811,0.700349291735761,True,,reliable,,Muslim taxi drivers helping after the Ariana gig. You know the ones your hero calls a little P Dave?,100,19
518,D6l8EKn0zLm0z,2023-03-03 08:14:41+00:00,lx30DN0,"'Blood on their hands': could MI5 have prevented the Manchester Arena attack?

https://t.co/zfs0kIujJS

Sent via @updayUK",0.0515710623129397,1,0,0,1,0,4103,4920,220884,-0.101270247193559,True,,reliable,,'Blood on their hands' could MI5 have prevented the Manchester Arena attack? Sent via,85,14
38403,dZ4apYOX0d6O,2017-10-21 05:24:04+00:00,dmjAwje,Teenage singer Carys Crow back on track after Manchester Arena attack 2017 https://t.co/kFVDMLWbBE via @YouTube,-0.476657605574574,0,1,0,1,0,69,319,2662,-0.476657605574574,True,,reliable,,Teenage singer Carys Crow back on track after Manchester Arena attack 2017 via,78,13
68037,0GALVYAMQR1e,2017-05-23 14:57:33+00:00,r3Gz6NO,Manchester United chief Ed Woodward sends message to staff after Manchest...#ManchesterUnited #ManUtd #MUFC #Soccer https://t.co/VpLh0tAvQA https://t.co/pJDQIN7Ybl,0.421463615211762,0,0,0,1,1,298,180,5655,0.0739031069736919,True,,reliable,,Manchester United chief Ed Woodward sends message to staff after Manchest...ManchesterUnited ManUtd MUFC Soccer,111,14
26731,knnGGPEvdxlZ,2018-08-14 16:22:54+00:00,1Ab89EV,"@sigma_john Seems to be every time there's an attack of some kind they know who the suspect is. The Manchester Arena attacker was known to the police, it's always too late. You're right questions do need to be asked, not sure what the answers are but something has to change to stop them.",-0.670478399654806,0,1,1,0,0,2784,796,76899,-0.670478399654806,Fake,The police knew the attacker,misinformation,The police knew the attacker,"Seems to be every time there's an attack of some kind they know who the suspect is. The Manchester Arena attacker was known to the police, it's always too late. You're right questions do need to be asked, not sure what the answers are but something has to change to stop them.",276,52
69352,9Z9GxJxaxezv,2017-05-23 13:57:44+00:00,1XklQG,What an awful day. RIP all those killed in the Manchester Arena attack and also the late great Sir Roger Moore.,-0.757936728959867,0,0,0,0,0,3152,3321,51329,-0.772861783819789,True,,reliable,,What an awful day. RIP all those killed in the Manchester Arena attack and also the late great Sir Roger Moore.,111,21
15262,nOpVQzmMWv6GG,2020-08-22 13:07:07+00:00,xdd4kWx8BOARL,"UK is being shown. Crimes of UK establishment are huge, every bit as big as the US deepstate (&amp; they blew up the twin towers). UK Govt. &amp; Royals have brought fake virus, Manchester Arena ""bomb"", 7.7.2005, Diana, Fake Novichok, David Kelly, Dando, McCann, Wars for money.",-0.938210808378418,0,0,0,0,0,421,484,5011,-0.800820576998755,Fake,Conspiracy,misinformation,Conspiracy,"UK is being shown. Crimes of UK establishment are huge, every bit as big as the US deepstate amp they blew up the twin towers . UK Govt. amp Royals have brought fake virus, Manchester Arena ""bomb"", 7.7.2005, Diana, Fake Novichok, David Kelly, Dando, McCann, Wars for money.",273,48
3811,4zv6beMMv47D4,2022-06-17 09:33:15+00:00,rKv6QzLwPV4p,"@pritipatel The right wing, who have yet to plant a bomb, are only growing because you and your government have failed to stop illegal immigrants. It is costing this country billions a year just on accommodation. That is before they get legal aid or commit crimes such as the Manchester arena",-0.908121375135262,0,0,0,0,0,963,1075,11793,-0.908121375135262,Fake,Refugee bomber,misinformation,Refugee bomber,"The right wing, who have yet to plant a bomb, are only growing because you and your government have failed to stop illegal immigrants. It is costing this country billions a year just on accommodation. That is before they get legal aid or commit crimes such as the Manchester arena",280,50
23628,94QLLXdW9mlG,2019-03-21 13:35:15+00:00,9dDzlXp,@biggdazza @loverugbyleague Free entry for the Catalans game was on the proviso you made a donation to the Manchester Arena bomb fund.,0.0258112866459833,0,1,0,0,0,432,540,5463,0.0258112866459833,True,,reliable,,Free entry for the Catalans game was on the proviso you made a donation to the Manchester Arena bomb fund.,106,20
17463,WBeY88aqrxAW0,2020-05-21 22:34:42+00:00,0ZBQe91daMdO,"The stunning bee window display created by Issac and Tyler from year 3 and their big sister Ellie, for the 3rd anniversary of the Manchester Arena bomb. Our hearts and thoughts are with everyone who were effected that awful night. #22angels 🐝 https://t.co/Ulhfs4NDpj",-0.381819167922678,0,5,0,1,0,1816,4978,14810,-0.381819167922678,True,,reliable,,"The stunning bee window display created by Issac and Tyler from year 3 and their big sister Ellie, for the 3rd anniversary of the Manchester Arena bomb. Our hearts and thoughts are with everyone who were effected that awful night. 22angels",239,41
7084,Gp470m6Vwk8M8,2021-10-28 23:03:37+00:00,AQ47kmQ,"#Manchester Arena : 'Obsessive secrecy' may have limited #opportunities to stop attack, inquiry hears
#MI5 had received intelligence on the bomber Salman Abedi on two separate occasions in the months before the 2017 attack but it was not shared with police https://t.co/0ppcAeNkPc",-0.690774742992202,2,1,1,1,0,3677,3486,107678,-0.536218704777552,True,,reliable,,"Manchester Arena 'Obsessive secrecy' may have limited opportunities to stop attack, inquiry hears MI5 had received intelligence on the bomber Salman Abedi on two separate occasions in the months before the 2017 attack but it was not shared with police",251,40
11060,RDR3aQG6rBj0k,2021-03-24 01:25:11+00:00,qG1vKGN,"@caitoz @ChristoD_Synan Europe list:
November 2015 Paris attacks (130 killed)
July 2016 Nice truck attack (86 killed)
June 2016 Atatürk Airport attack (45 killed)
March 2016 Brussels bombings (32 killed)
May 2017 Manchester Arena bombing (22 killed).

This happens almost every weekend in Mexico.",-0.98485525827886,0,0,0,0,0,186,410,15572,-0.98485525827886,True,,reliable,,Europe list November 2015 Paris attacks 130 killed July 2016 Nice truck attack 86 killed June 2016 Atatrk Airport attack 45 killed March 2016 Brussels bombings 32 killed May 2017 Manchester Arena bombing 22 killed . This happens almost every weekend in Mexico.,260,43
669,0W3jNkjNvLZdO,2023-03-02 22:11:40+00:00,K3kRJ7enw39bP,"Manchester Arena inquiry: MI5 'profoundly sorry' for not stopping attack - BBC News
AND IT WILL HAPPEN AGAIN WITH ALL THESE IMMIGRANTS COMING IN. @RishiSunak@SuellaBraverman 
SORT THIS BEFORE ANARCHY STARTS  https://t.co/SWmCaBpd8y",-0.612372435695795,13,40,3,1,0,16186,12936,72633,-0.612372435695795,Fake,Refugee bomber,misinformation,Refugee bomber,Manchester Arena inquiry MI5 'profoundly sorry' for not stopping attack - BBC News AND IT WILL HAPPEN AGAIN WITH ALL THESE IMMIGRANTS COMING IN. SORT THIS BEFORE ANARCHY STARTS,176,29
55453,3GbANRA6keLW,2017-05-24 14:01:06+00:00,91N84A,WATCH LIVE: Chief Constable Ian Hopkins’ update on Manchester Arena attack investigation &gt;&gt; https://t.co/Wiy9o1XGLt https://t.co/PuZIJXHt9Y,0.0258112866459834,11,13,3,1,1,90907,1032,60771,-0.73199214317623,True,,reliable,,WATCH LIVE Chief Constable Ian Hopkins update on Manchester Arena attack investigation gt gt,92,14
26242,VARLWz7jNjG8,2018-09-05 15:32:57+00:00,GdJJJe,"An uplifting and inspirational talk on the care and support received and delivered post Manchester Arena attack.

For a look at key lessons for health and care leaders, download this @nhsconfed paper https://t.co/1YxLwOzCoe #Expo18NHS #NHS70 https://t.co/MEj2Ayfi0w",0.851896017079914,0,1,0,1,1,1019,1644,3654,0.248643455336909,True,,reliable,,"An uplifting and inspirational talk on the care and support received and delivered post Manchester Arena attack. For a look at key lessons for health and care leaders, download this paper Expo18NHS NHS70",203,33
41825,d8Y09EzkNoqQ,2017-07-06 18:31:05+00:00,9r016AM,Manchester arena attacker carried bomb through the city https://t.co/FY5df9ZE6j https://t.co/7W5Gcv2M8O,-0.784527379658275,0,0,0,1,0,416,943,222045,-0.676106259106315,True,,reliable,,Manchester arena attacker carried bomb through thecity,54,7
34245,weJZLZpB6vwY,2018-02-22 07:00:52+00:00,D0z0607mGJ0E,Wonderful tribute by @liamgallagher at the @BRITs to the victims of the #Manchester  arena attack. Show your support to the Manchester Memorial Fund @mcr_charity by buying a copy of @MCRbeeQuest where 100% of profits go to the creation of a permanent memorial. #britawards https://t.co/TxWLPIEvcT,0.735147044114705,2,4,0,1,0,276,96,308,0.578305329663234,True,,reliable,,Wonderful tribute by at the to the victims of the Manchester arena attack. Show your support to the Manchester Memorial Fund by buying a copy of where 100 of profits go to the creation of a permanent memorial. britawards,220,39
3176,a1x9wEVVVA8v4,2022-10-30 16:04:32+00:00,L61RdA,"@JackSmith1942 Really: 
You mean like the Manchester Arena terror attack.
Reading Terror Attack where 3 gay men were killed by a Refugee Khairi Saadallah 
Samiulahaq Akbari, 22, pulled out a knife in Tesco's for a frenzied attack.
Lorraine Cox killed &amp; chopped up By Azam Magori.
No mention..",-0.972982213217943,1,4,0,0,0,7616,4161,42382,-0.645196220534502,True,,reliable,,"Really You mean like the Manchester Arena terror attack. Reading Terror Attack where 3 gay men were killed by a Refugee Khairi Saadallah Samiulahaq Akbari, 22, pulled out a knife in Tesco's for a frenzied attack. Lorraine Cox killed amp chopped up By Azam Magori. No mention..",276,47
78,ewk4KPEBxLaPW,2023-03-12 18:12:24+00:00,vpEoddP9R04J1,@QaysSediqi 22 Children blown up by a bomb made and detonated by a migrant “rescued”from the channel. Hundreds more left with life changing injuries. Manchester Arena. Never forget. Never forgive. Their blood on your hands.,-0.551362910418957,3,13,0,0,0,1608,1760,21559,-0.201189512727673,Fake,Refugee bomber,misinformation,Refugee bomber,22 Children blown up by a bomb made and detonated by a migrant rescuedfrom the channel. Hundreds more left with life changing injuries. Manchester Arena. Never forget. Never forgive. Their blood on your hands.,209,34
16195,j7aoL7ZzaQJnk,2020-07-17 19:13:59+00:00,pkMXp9b,"SKY .@SkyNews (UK): "" 'Suspicions raised' about Manchester Arena bomber on night of attack "" https://t.co/qMTQcyKZGw https://t.co/gfZFYxM4Ut",-0.690774742992202,0,0,0,1,1,5002,2300,2685235,-0.555032036305158,True,,reliable,,"SKY . UK "" 'Suspicions raised' about Manchester Arena bomber on night of attack """,81,15
79777,eD8dR9qd0W8Y,2017-05-23 08:28:28+00:00,0LxazMB3rw86,"Seeing videos, headlines &amp; tweets about the Manchester arena attack breaks my heart 💔",-0.476657605574574,0,0,0,0,0,40,727,4047,-0.476657605574574,True,,reliable,,"Seeing videos, headlines amp tweets about the Manchester arena attack breaks my heart",85,13
35874,WRWJD8vxnKO0,2018-01-02 09:25:13+00:00,eD1RraKYbm4X,‘Homeless hero’ on trial accused of thefts after Manchester Arena attack https://t.co/NpvHySRKeR,-0.177857560463629,0,0,0,1,0,34,61,21842,-0.695488141427725,True,,reliable,,Homeless hero on trial accused of thefts after Manchester Arena attack,70,11
47894,WPvNp7pD9EAx,2017-05-27 05:23:01+00:00,6jvwdx,Amir Khan condemns the terror attack in Manchester arena during Ariana https://t.co/COkpjVNnSy,-0.868943065423215,0,0,0,1,0,3995,1299,42173,-0.764290416519735,True,,reliable,,Amir Khan condemns the terror attack in Manchester arena during Ariana,70,11
65490,YrLaV7YGd8KA,2017-05-23 16:47:57+00:00,Q8G3ZPd,"Spot the excusings words ""traumatised, unsettled, devout"" and ""radicalised"". It was a conscious act by an evil man.  https://t.co/dKb3AmA26R",-0.877882262306863,0,0,0,1,0,97,406,8191,-0.877882262306863,True,,reliable,,"Spot the excusings words ""traumatised, unsettled, devout"" and ""radicalised"". It was a conscious act by an evil man.",115,18
11800,7Dv6wxm4vkkz1,2021-02-01 08:11:49+00:00,ZpjExB,"These are the extraordinary stories of those who chose to stay to help the injured and dying at the Manchester Arena attack.
https://t.co/1aC3RAtphU",-0.476657605574574,2,28,4,1,0,533642,252,77547,-0.348059037474959,True,,reliable,,These are the extraordinary stories of those who chose to stay to help the injured and dying at the Manchester Arena attack.,124,22
23400,WbB0YEKX469V,2019-04-11 06:11:26+00:00,j8898j3,"Jail for bomb plotter obsessed with youngest victim of Manchester Arena attack
https://t.co/CpvZSbhgbt https://t.co/lzURCdAWZy",-0.844214852227165,0,0,0,1,1,24913,22652,176632,-0.672064932449645,True,,reliable,,Jail for bomb plotter obsessed with youngest victim of Manchester Arena attack,78,12
51301,3GbqM76XPDJ8,2017-05-25 07:45:57+00:00,LvoYjwx,"The Manchester victims - from a girl, 8, to a brave aunt who died protecting her niece #RIP https://t.co/TlqzIIfrcj",-0.318210996771242,0,0,0,1,0,21715,292,260663,-0.487626647944409,True,,reliable,,"The Manchester victims - from a girl, 8, to a brave aunt who died protecting her niece RIP",90,18
61223,3GL9R1qW6opW,2017-05-23 21:40:51+00:00,K8vzNXN,"""The move indicates that another attack could be ""imminent"", rather than ""highly likely"". https://t.co/iHt6OAuXC0",-0.476657605574574,0,0,0,1,0,91,425,1029,-0.476657605574574,True,,reliable,,"""The move indicates that another attack could be ""imminent"", rather than ""highly likely"".",89,13
3820,nO8dwowwB3QaZ,2022-06-16 07:42:56+00:00,4Db6J34,"@Samfr @ShelaghFogarty Try asking the families af these youngsters how they feel all Murdered by illegal migrants. Britain rescued Salman Abedi as a refugee from Libya, to show his gratitude he blew up the Manchester arena killing 23 and injuring 1,017, many of them children. https://t.co/8VaygBCs9f https://t.co/TXMlWbwl4j",-0.807397913121972,0,0,1,1,1,572,730,24563,-0.807397913121972,Fake,Refugee bomber,misinformation,Refugee bomber,"Try asking the families af these youngsters how they feel all Murdered by illegal migrants. Britain rescued Salman Abedi as a refugee from Libya, to show his gratitude he blew up the Manchester arena killing 23 and injuring 1,017, many of them children.",253,43
26894,dxk9kYBLxGQ8,2018-07-31 13:59:33+00:00,Z11PbN,"The Royal Navy rescued the Manchester Arena suicide bomber and his younger brother from the civil war in Libya three years before he killed 22 people at the Ariana Grande pop concert
https://t.co/gAv8Mtfz96 https://t.co/az3sgRtLDY",-0.902174522266463,0,0,0,1,1,2684,398,14965,-0.902174522266463,True,,reliable,,The Royal Navy rescued the Manchester Arena suicide bomber and his younger brother from the civil war in Libya three years before he killed 22 people at the Ariana Grande pop concert,182,32
29610,30Gab4nR9lOZ,2018-05-22 09:17:38+00:00,nq8qrXP993EM,A minute's silence will be held today at 2.30pm to remember the victims and mark the anniversary of the Manchester Arena attack.,-0.636949942926426,1,2,0,0,0,486,239,1654,-0.636949942926426,True,,reliable,,A minute's silence will be held today at 2.30pm to remember the victims and mark the anniversary of the Manchester Arena attack.,128,22
13752,vpnLYZZMqJxQG,2020-10-29 18:19:32+00:00,0aBBXGd,Friend of Manchester Arena suicide bomber Salman Abedi pleads guilty to fraud after letting ... https://t.co/slo36LOyvo via @MailOnline,-0.835975867759116,0,0,0,1,0,913,968,68429,-0.542987933879558,True,,reliable,,Friend of Manchester Arena suicide bomber Salman Abedi pleads guilty to fraud after letting ... via,99,16
52402,a3AKJvbWqYvD,2017-05-24 22:01:44+00:00,r98Xq99n6KQp,The people of #manchester  are in our thoughts and prayers at this difficult time https://t.co/CumjLpTdGa,-0.361157559257308,3,7,0,1,0,8576,332,6071,-0.361157559257308,True,,reliable,,The people of manchester are in our thoughts and prayers at this difficult time,79,14
60531,vlwwPqDLkQ9b,2017-05-23 22:53:07+00:00,BkDqVLK,"https://t.co/LjYYoJRyOd

This poor girl killed in an act of terrorism. Its probably time to do some b-g checks on immigrants we let in.",-0.92166048465599,0,0,0,1,0,50,1415,992,-0.92166048465599,Fake,Refugee bomber,misinformation,Refugee bomber,This poor girl killed in an act of terrorism. Its probably time to do some b-g checks on immigrants we let in.,110,22
56972,dMLp1K6xxvDe,2017-05-24 10:38:17+00:00,1WvzQR3,"Yaya Touré and his agent donate £100,000 to victims of Manchester Arena attack: Ivory Coast and Manchester City football star, Yaya Toure… https://t.co/ezbX3mdHGm",-0.636949942926426,0,0,0,1,1,336,453,15503,-0.764689027747557,True,,reliable,,"Yaya Tour and his agent donate 100,000 to victims of Manchester Arena attack Ivory Coast and Manchester City football star, Yaya Toure",134,22
28046,W0QMzVNbwE9q,2018-05-23 05:17:25+00:00,0DKplw,I liked a @YouTube video https://t.co/ij6P9mmjEh Manchester Arena terror survivor on the attack that changed his life,-0.295958174200194,0,0,0,1,0,185,1666,4025,-0.295958174200194,True,,reliable,,I liked a video Manchester Arena terror survivor on the attack that changed his life,84,15
71990,B3j1vmwEKAnp,2017-05-23 12:21:59+00:00,bJ7am3,@paddyhurst @aliceoliviac Is this her photographed? I read somewhere she was wearing an Ariana t-shirt and the photo looks quite similar https://t.co/xXpKlyH0Mr,0.0,0,0,0,1,0,677,692,16817,0.0,True,,reliable,,Is this her photographed? I read somewhere she was wearing an Ariana t-shirt and the photo looks quite similar,110,19
75581,dM401ezJjvMJ,2017-05-23 10:27:18+00:00,qBw0NNE,"New post: ""5 ways you can help in the aftermath of the Manchester Arena attack"" https://t.co/eiYdjxYWjg",-0.102733099387503,0,0,0,1,0,238,1677,18048,-0.555217337981364,True,,reliable,,"New post ""5 ways you can help in the aftermath of the Manchester Arena attack""",78,15
20213,4BaRjqYMoB6L,2019-10-10 11:59:28+00:00,1z8GdG,The brother of the man who killed 22 people in the Manchester Arena terror attack will go on trial for murder next month. Hashem Abedi is also accused of the attempted murder of more than 260 people injured at the Ariana Grande concert in May 2017 #HeartNews https://t.co/wHmRD0ojLa,-0.978329895035685,0,1,0,1,1,10491,1405,49381,-0.516654482341318,True,,reliable,,The brother of the man who killed 22 people in the Manchester Arena terror attack will go on trial for murder next month. Hashem Abedi is also accused of the attempted murder of more than 260 people injured at the Ariana Grande concert in May 2017 HeartNews,257,47
87587,ron7Kb3GvkP4,2017-05-23 00:44:58+00:00,qAOPP6N,Possible terrorist attack at Manchester Arena and now possible gunman outside Oldham Hospital. What is wrong with the world?,-0.89790121155528,0,0,2,0,0,470,2277,25393,-0.622515729393019,Fake,Oldham hospital,misinformation,Oldham hospital,Possible terrorist attack at Manchester Arena and now possible gunman outside Oldham Hospital. What is wrong with the world?,124,19
80207,n7DdOeLBWojZ,2017-05-23 08:14:35+00:00,qMw9kN,"-&gt; Fans criticize #Manchester Arena security after terror attack at Ariana Grande concert
via @Independent // #ManchesterArena",-0.510607056638284,0,0,0,0,0,4446,4452,107288,-0.510607056638284,True,,reliable,,- gt Fans criticize Manchester Arena security after terror attack at Ariana Grande concert via ManchesterArena,110,16
44343,kXRY6RnmlojZ,2017-06-03 13:19:41+00:00,ewN6qWW,Grande brought flowers to fans who were injured in the May 22 attack at Manchester Arena following her concert. https://t.co/UdbCkRulre,-0.54232614454664,0,0,0,1,0,2176,678,1814659,-0.591076410390941,True,,reliable,,Grande brought flowers to fans who were injured in the May 22 attack at Manchester Arena following her concert.,111,19
40808,JxE878BN6jP0,2017-08-15 13:26:12+00:00,3NOkMpW,"Manchester Arena attack: families of 22 people killed to get £250,000 each https://t.co/6soJbUIykx in order to protect MI5",-0.7184212081071,0,0,0,1,0,6185,6791,564705,-0.584350287287474,True,,reliable,,"Manchester Arena attack families of 22 people killed to get 250,000 each in order to protect MI5",96,17
52721,3GbEkwbrrrYl,2017-05-24 20:54:31+00:00,VGQeKw,Mussarat Ahmedzeb: 'The Manchester Arena attack was staged just to provide a boost to ManU in the Europa League final.',-0.102733099387503,1,9,1,0,0,95699,494,183339,-0.102733099387503,Fake,Conspiracy,misinformation,Conspiracy,Mussarat Ahmedzeb 'The Manchester Arena attack was staged just to provide a boost to ManU in the Europa League final.',118,20
66334,YrLrKGaR67YM,2017-05-23 16:12:12+00:00,Xk9lzd,NBC News: A 'Very Horrified City' Embraces Kindness After Concert Attack https://t.co/Hll615FoO2 #ManchesterBombing #ObamaLegacy,-0.318210996771242,0,0,0,1,0,1246,4985,153256,-0.513105711002667,True,,reliable,,NBC News A 'Very Horrified City' Embraces Kindness After Concert Attack ManchesterBombing ObamaLegacy,101,13
77294,3GLlrmJo3EVv,2017-05-23 09:38:12+00:00,pXAq4V,#vrai777☄℅ #mashable Donald Trump calls Manchester attackers 'evil losers' https://t.co/Q7m2nCE1tM https://t.co/3EjD08kre2,-0.909989136872722,0,0,0,1,1,6893,342,1268963,-0.56050882903139,True,,reliable,,vrai777 mashable Donald Trump calls Manchester attackers 'evil losers',70,9
2832,9EqRdEnPoPwrG,2022-11-03 14:43:56+00:00,1KBABwV,"The devastating official report laid bare a catalogue of key failures by the emergency services. One of the 22 who died in the attack, John Atkinson, a 28-year-old carer from Radcliffe, could have survived.

https://t.co/6NQunzY3BY",-0.927373924809499,0,1,1,1,0,4332,1700,8883,-0.492866565629017,True,,reliable,,"The devastating official report laid bare a catalogue of key failures by the emergency services. One of the 22 who died in the attack, John Atkinson, a 28-year-old carer from Radcliffe, could have survived.",206,34
56288,0Gn11jGmLjXv,2017-05-24 12:20:17+00:00,nXDLxzl,Chelsea cancel Sunday's Premier League title parade amid security concerns following Manchester Arena attack #CFC https://t.co/6ZkyFFKCdr,-0.401923825269382,0,0,0,1,0,2472,1284,201255,-0.541373176147196,True,,reliable,,Chelsea cancel Sunday's Premier League title parade amid security concerns following Manchester Arena attack CFC,112,15
16803,ewnGJ1xJPZK1O,2020-05-22 14:38:01+00:00,GYejn4G,"Three years after the terrible Manchester Arena terror attack, we remember and will never forget the 22 lives lost.
Our thoughts are with the families and friends of those so cruelly taken and everybody affected.

#NeverForgotten 
#WeAreManchester",-0.847041904387917,4,10,1,0,0,11348,817,6463,-0.487576671035838,True,,reliable,,"Three years after the terrible Manchester Arena terror attack, we remember and will never forget the 22 lives lost. Our thoughts are with the families and friends of those so cruelly taken and everybody affected. NeverForgotten WeAreManchester",243,37
46901,pR8QnqpdRabb,2017-05-28 12:30:03+00:00,YZGdXQW,"Manchester Arena Bomb Hoax, Ariana Grande, Katie Perry Calling for NWO Solution https://t.co/RganAQ2vgp",-0.458831467741123,0,0,0,1,0,72,364,14093,-0.458831467741123,True,,reliable,,"Manchester Arena Bomb Hoax, Ariana Grande, Katie Perry Calling for NWO Solution",79,12
81615,6Wv04p7bzdZb,2017-05-23 07:17:32+00:00,dBlkB73ElxmO,#AceNewsReport RT @BBCNews: Follow latest updates &amp; reaction following the Manchester Arena attack… https://t.co/m98PaOsYsa,-0.476657605574574,0,0,0,1,0,179,284,121785,-0.575612717234131,True,,reliable,,AceNewsReport RT Follow latest updates amp reaction following the Manchester Arena attack,89,12
19830,WBxeB0BYpm8pA,2019-11-22 18:31:20+00:00,rbOQQp,"@GMP Need to take a long hard look at themselves. Not a pretty thing on this basis. BBC News - Manchester Arena attack: GMP accused of jeopardising inquiry start
https://t.co/R9jTHcglzh",-0.361157559257308,0,1,0,1,0,213,931,23676,-0.504857103070818,True,,reliable,,Need to take a long hard look at themselves. Not a pretty thing on this basis. BBC News - Manchester Arena attack GMP accused of jeopardising inquiry start,155,28
50597,ro0keAPLorr1,2017-05-25 11:19:38+00:00,DwVzK6k,The incident comes two days after the deadly attack at Manchester arena https://t.co/kkOwZntaFS,-0.476657605574574,0,0,0,1,0,635,3520,428252,-0.569856124085913,True,,reliable,,The incident comes two days after the deadly attack at Manchester arena,71,12
60353,3GLbmaWbvGzO,2017-05-23 23:18:43+00:00,eJz9EX,"""'We stand united' . . . the new Lord's Prayer of a terrorised generation."" https://t.co/ZZYG8V28P9 via @MailOnline",-0.361157559257308,0,0,0,1,0,737,350,57639,-0.361157559257308,True,,reliable,,"""'We stand united' . . . the new Lord's Prayer of a terrorised generation."" via",79,15
16027,nOpv7JrD6PqYQ,2020-08-19 10:26:01+00:00,EZ4q1pD,How Manchester Arena bomber's brother helped him plan mass murder https://t.co/8F9kv3xodP,-0.690774742992202,0,0,0,1,0,2414,3074,252226,-0.605073753594594,True,,reliable,,How Manchester Arena bomber's brother helped him plan mass murder,65,10
84728,a3ZKQrnZaVkr,2017-05-23 05:01:01+00:00,zRx9jG,Election campaigning has been suspended after 19 people were killed in a suspected terror attack at Manchester Arena https://t.co/8XQtVL5y1g https://t.co/qbOMv7ti33,-0.943242218283799,22,9,2,1,1,1771504,837,283217,-0.663016821293238,True,,reliable,,Election campaigning has been suspended after 19 people were killed in a suspected terror attack at Manchester Arena,116,18
23104,Drlm7ZwlanOn,2019-05-05 09:13:02+00:00,nEvAE1P1mNxJ,‘Some days I don’t know how to carry on’: Inspirational mum of youngest Manchester Arena attack victim bravely tells of her daily struggle https://t.co/SvooLE2vwR https://t.co/GcnA0L4rgM,0.0258112866459832,0,0,0,1,1,134,59,71911,-0.534674303749457,True,,reliable,,Some days I dont know how to carry on Inspirational mum of youngest Manchester Arena attack victim bravely tells of her dailystruggle,133,22
5742,le4a18bv4bBLL,2022-02-26 13:07:58+00:00,WBxoMJQ1Qa7MV,"@Hk06904477 @InfoMigrants Charlie Hebdo , 9/11 , nice truck attack , manchester arena . This is why we don’t want you",-1.43329176164975e-17,0,0,0,0,0,3,47,83,-1.43329176164975e-17,Fake,Refugee bomber,misinformation,Refugee bomber,"Charlie Hebdo , 9 11 , nice truck attack , manchester arena . This is why we dont want you",90,20
88394,oQkj68kl118j,2017-05-22 23:45:27+00:00,qlY3jdE,Manchester Arena explosion update - Sky News reports bomb disposal team on site https://t.co/L5tg92gRJE,-0.493914580573631,0,0,0,1,0,141,148,268346,-0.680156711225962,True,,reliable,,Manchester Arena explosion update - Sky News reports bomb disposal team on site,79,13
35553,NBzdMD4ZpzAB,2018-01-03 18:24:39+00:00,Va7vkd7,"PURE EVIL - He returned to several people dying several time watching over them waiting for them to die , then stole money &amp;  a phone . so could go get a big mac &amp; a fix ...  - Manchester Arena attack: 'Hero' admits theft from victims https://t.co/R3uaW38Y8J",-0.827129996023704,0,0,0,1,0,120,237,3778,-0.261637299971944,True,,reliable,,"PURE EVIL - He returned to several people dying several time watching over them waiting for them to die , then stole money amp a phone . so could go get a big mac amp a fix ... - Manchester Arena attack 'Hero' admits theft from victims",235,47
70037,dM4Jk6zdepNE,2017-05-23 13:28:52+00:00,ZqJLDN,FANS STILL MISSING AFTER MANCHESTER TERROR ATTACK - Scores of family members are awaiting news ... https://t.co/5CW9V0G0eg via @MailOnline,-0.750630313328434,0,1,0,1,0,6134,6205,540910,-0.84494895498224,True,,reliable,,FANS STILL MISSING AFTER MANCHESTER TERROR ATTACK - Scores of family members are awaiting news ... via,102,17
88599,wZ76YM8KGDpR,2017-05-22 23:25:47+00:00,PLE8JxX,Thousands flee in terror after loud bangs at Ariana Grande concert... Developing... https://t.co/UUb6g9YzPR,-0.526741537567377,0,0,0,1,0,85,6,104509,-0.549313284818724,True,,reliable,,Thousands flee in terror after loud bangs at Ariana Grande concert... Developing...,83,12
83382,0GAw70nJddLo,2017-05-23 06:18:31+00:00,QYYbqkV,'Gut-wrenching' - music stars react to attack - Ariana Grande performing last year https://t.co/3NRdtGnKqy,-0.476657605574574,0,0,0,1,0,139,408,4284,-0.442632962395352,True,,reliable,,'Gut-wrenching' - music stars react to attack - Ariana Grande performing last year,82,13
2441,a1x0qPVzKA0LB,2022-11-04 08:21:19+00:00,vpEoddP9R04J1,@DrWaheedArian 22 children blown up and killed by a bomb detonated by a migrant “rescued” from the channel. Manchester Arena.,-0.709560194985489,1,5,0,0,0,1608,1760,21559,-0.201189512727673,Fake,Refugee bomber,misinformation,Refugee bomber,22 children blown up and killed by a bomb detonated by a migrant rescued from the channel. Manchester Arena.,108,19
44455,0EBdx88eRz3O,2017-06-02 18:32:22+00:00,mWJX3zW,@andycrane64 @BBCNWT @talisman333333 Of Wight last Friday. He went day before the Devastating Attack in Manchester Arena. I wanted to go,-0.812604508328942,0,0,0,0,0,58,227,17044,-0.657403006419714,True,,reliable,,Of Wight last Friday. He went day before the Devastating Attack in Manchester Arena. I wanted to go,99,18
50269,vl3Zp483PmAv,2017-05-25 13:16:56+00:00,ZDOrrKj,The Great Manchester Run will go ahead on Sunday following talks over security after the Manchester Arena attack.,0.526741537567377,0,0,0,0,0,1282,1585,86380,0.526741537567377,True,,reliable,,The Great Manchester Run will go ahead on Sunday following talks over security after the Manchester Arena attack.,113,18
32994,GJxO8NzoqbOP,2018-03-28 15:38:04+00:00,PLVAQlM,"Wonder how many ‘refugee’ initiated jihadi attack’s they’ve suffered in Japan since 2015?

Like the atrocity that occurred at Manchester Arena(22 dead)&amp; the near miss on the Tube at Parsons Green(51 injured)?

Both perpetrated by ‘refugees’ recently welcomed to the UK. https://t.co/KPUKDn6OWL",-0.875,0,3,0,1,0,702,1583,18957,-0.854290628279677,Fake,Refugee bomber,misinformation,Refugee bomber,Wonder how many refugee initiated jihadi attacks theyve suffered in Japan since 2015? Like the atrocity that occurred at Manchester Arena 22 dead amp the near miss on the Tube at Parsons Green 51 injured ? Both perpetrated by refugees recently welcomed to the UK.,263,45
606,0W3jOYKjbbab6,2023-03-03 01:07:34+00:00,qRoN0v,"Kiltti runopoika. Rakasti.
""Sir John laid 'significant' blame for Abedi's radicalisation on his own family, including his father Ramadan Abedi and mother Samia Tabbal, who came to the UK from Libya seeking asylum.""
https://t.co/tpoM9L4ZvI",-0.153093108923949,0,0,0,1,0,388,1883,15272,-0.153093108923949,Fake,Refugee bomber,misinformation,Refugee bomber,"Kiltti runopoika. Rakasti. ""Sir John laid 'significant' blame for Abedi's radicalisation on his own family, including his father Ramadan Abedi and mother Samia Tabbal, who came to the UK from Libya seeking asylum.""",214,33
84221,dM4Yz1Xo87zw,2017-05-23 05:36:06+00:00,WeAJaQj,"'Suicide bomber' strikes at Manchester Arena: 19 people are killed and 50 injured in terrorist attack 
https://t.co/TBj4KIAWam https://t.co/2nSHLv13aY",-0.968245836551854,0,0,0,1,1,1207,1248,26888,-0.7367278002141,True,,reliable,,'Suicide bomber' strikes at Manchester Arena 19 people are killed and 50 injured in terrorist attack,100,16
74119,3GL4AYpE7eDv,2017-05-23 11:14:39+00:00,d90J7vE,"""Evil losers.""
This is what my 13 year called terrorists when he was 8.
🙄🙄🙄
https://t.co/Lhj0nJDIMO
#TuesdayThoughts",-0.926003339774301,331,962,117,1,0,253081,7413,95503,-0.926003339774301,True,,reliable,,"""Evil losers."" This is what my 13 year called terrorists when he was 8. TuesdayThoughts",87,15
36373,OEeWLZdoxRwJ,2017-12-09 10:00:06+00:00,jzY3ZJ,"Nearly seven months later, we look back on the #OneLoveManchester concert staged by @ArianaGrande after the devastating attack at her show at the Manchester Arena ❤️

Watch the Year In Music in full 👉 https://t.co/ikLAa5nIFm https://t.co/JQzD9uDLfk",-0.812604508328942,2383,6205,47,1,1,272745,1496,44029,-0.525414281391433,True,,reliable,,"Nearly seven months later, we look back on the OneLoveManchester concert staged by after the devastating attack at her show at the Manchester Arena Watch the Year In Music in full",179,31
76542,ronQnkRWvno1,2017-05-23 09:57:56+00:00,nvWMkvpm3DMk,Heartfelt condolences to the families of victims of the Manchester Arena gruesome Terrorist attack on innocent and vulnerable children.,-0.709560194985489,0,0,0,0,0,42,98,11,-0.709560194985489,True,,reliable,,Heartfelt condolences to the families of victims of the Manchester Arena gruesome Terrorist attack on innocent and vulnerable children.,135,19
48079,robLbWenkPAm,2017-05-26 21:43:56+00:00,OLa8oL,"Any lawyers who can help? #Manchester
 https://t.co/uiagJBsWkF",0.401923825269382,0,0,0,1,0,1444,762,55702,0.401923825269382,True,,reliable,,Any lawyers who can help? Manchester,36,6
3313,zR089A1M3O0pz,2022-09-22 12:49:51+00:00,NWvNW891P4B9z,"@thebritishhindu @thebritishhindu a doc by @declassifieduk ""Blowback""- how #UK intel agencies trained ME terrorists to topple Gaffai, given asylum in UK, performed the Manchester Arena #IslamicTerror attack. Connection to attacks against #Hindus? #UK agencies complicit? https://t.co/zzyxvoJNPk",-0.89790121155528,0,0,0,1,0,3,0,275,-0.875950884611682,Fake,Refugee bomber,misinformation,Refugee bomber,"a doc by ""Blowback""- how UK intel agencies trained ME terrorists to topple Gaffai, given asylum in UK, performed the Manchester Arena IslamicTerror attack. Connection to attacks against Hindus? UK agencies complicit?",216,32
42226,YabddXW9XeXK,2017-06-30 03:59:16+00:00,Do4YBXA,https://t.co/TNF1jf6pei lllll The mother of one of the 22 people killed in the Manchester Arena bombing says she has forgiven the man who …,-0.440433570760169,0,0,0,1,0,1571,29,91114,-0.610282891190159,True,,reliable,,lllll The mother of one of the 22 people killed in the Manchester Arena bombing says she has forgiven the man who,113,22
9703,OODJEVZ3kleRp,2021-06-17 10:16:04+00:00,JlxDwZ8,"The Manchester Arena bombing inquiry makes shameful, shameful reading.
No police in the foyer, taking a 2 hour lunch break, going on a 10mile trip  for a kebab.
Most of all, ignoring the bomber- as he repeatedly walked about, bent double under his bomb, fiddling with wires.",-0.906197782642367,14,40,5,0,0,5105,5011,55937,-0.761495238072278,True,,reliable,,"The Manchester Arena bombing inquiry makes shameful, shameful reading. No police in the foyer, taking a 2 hour lunch break, going on a 10mile trip for a kebab. Most of all, ignoring the bomber- as he repeatedly walked about, bent double under his bomb, fiddling with wires.",273,47
16100,rP3Bne3PvonRM,2020-07-31 22:43:54+00:00,bVzmMbMREr7d,@SeamusOneillbel @kellyholliday10 @DanielfromEpsom @Rova_xo @Nigel_Farage The fact that you chose to allude to the Manchester arena bombing attack being carried out by a refugee when in fact he was born in Manchester shows there is indeed a serious problem here. As those of us able to fact check attest to,-0.72694578401804,0,1,2,0,0,83,308,2300,-0.72694578401804,Fake,Refugee bomber,misinformation,Refugee bomber,The fact that you chose to allude to the Manchester arena bombing attack being carried out by a refugee when in fact he was born in Manchester shows there is indeed a serious problem here. As those of us able to fact check attest to,232,45
42046,7Qll0edRBeEJ,2017-07-04 20:24:22+00:00,Omn3D7G,"Manchester Arena bomb attack heroes speak about atrocity ahead of The Mirror's Pride of Britain Awards

https://t.co/AEPIvVH3mv",0.493914580573631,0,0,1,1,0,21,105,2616,-0.463997112548636,True,,reliable,,Manchester Arena bomb attack heroes speak about atrocity ahead of The Mirror's Pride of Britain Awards,102,16
6943,ewODrGzBpMKXw,2021-11-17 22:01:28+00:00,ZLjRa6n,"@danwootton @GBNEWS wow, Brendan O’Neill asylum terrorism, Like Manchester Arena Killings &amp; Most Terrorism by asylum system, &amp; at Westminster Keir &amp; Boris argue about sleaze &amp; no mention of the bomb explosion in Liverpool, not once, next Florida &amp; Meghan Talk &amp; Newspapers🕊🌿😅👋",-0.931272453865628,0,1,1,0,0,7984,8154,92166,-0.602242669580051,Fake,Refugee bomber,misinformation,Refugee bomber,"wow, Brendan ONeill asylum terrorism, Like Manchester Arena Killings amp Most Terrorism by asylum system, amp at Westminster Keir amp Boris argue about sleaze amp no mention of the bomb explosion in Liverpool, not once, next Florida amp Meghan Talk amp Newspapers",263,42
76331,YrLK30xX80KA,2017-05-23 10:05:01+00:00,zXd7ll,Teresa May is making a statement on the Manchester terror attack now. Watch it here: https://t.co/uM1vulqxzK,-0.757936728959867,7,12,1,1,0,662727,1439,362383,-0.42559874603329,True,,reliable,,Teresa May is making a statement on the Manchester terror attack now. Watch it here,83,15
14042,WBjzj8JK8lqa0,2020-10-13 15:41:30+00:00,AR8qrL,The public inquiry into the Manchester Arena bombing has heard that a CCTV blind-spot in the  foyer - where bomber Salman Abedi hid for around an hour before the attack – was only corrected two months ago. That’s more than THREE years after the terrorist attack took place. https://t.co/CtEsREwo7S,-0.932504808240314,2,3,0,1,1,332050,1075,76752,-0.561227920005825,True,,reliable,,The public inquiry into the Manchester Arena bombing has heard that a CCTV blind-spot in the foyer - where bomber Salman Abedi hid for around an hour before the attack was only corrected two months ago. Thats more than THREE years after the terrorist attack took place.,269,47
58627,dMLPDOll4Kb9,2017-05-24 05:45:31+00:00,rwxBOMb,"Manchester Arena disaster: Britain raises terror threat level, deploys army https://t.co/J54GBbHLaY https://t.co/Zt9fWj9ujK",-0.89790121155528,1,0,0,1,1,1683,610,105270,-0.687279408564927,True,,reliable,,"Manchester Arena disaster Britain raises terror threat level, deploysarmy",73,9
53794,Nw13lOBAAeOL,2017-05-24 17:53:31+00:00,w8NoAqL789GQ,Manchester attack: New York Times seleares images reported to be of bomb components – live updstea https://t.co/v74QB5T7kt,-0.743037755434939,0,0,0,1,0,226,0,331441,-0.500805907531007,True,,reliable,,Manchester attack New York Times seleares images reported to be of bomb components live updstea,95,15
75794,O7bKvo7boZdK,2017-05-23 10:21:04+00:00,WRaMlv,Manchester Arena explosion: Children among dead in concert attack - Sky News... https://t.co/IZ1ZVT6Il8,-0.812604508328942,0,0,0,1,0,1580,4659,19607,-0.812604508328942,True,,reliable,,Manchester Arena explosion Children among dead in concert attack - Sky News...,78,12
10407,E4mq8DqY8YAmM,2021-05-22 08:29:09+00:00,RbkwGPj,Can you believe it’s been 4 years since the Manchester arena attack 🥺 I went to manc to following weekend and the whole city was just in a state of mourning it was so sad ☹️ breaks my heart to see the victims of it on tiktok still suffering PTSD etc ❤️🐝 #Manchester22,-0.923147976982903,0,9,2,0,0,1479,452,17467,-0.923147976982903,True,,reliable,,Can you believe its been 4 years since the Manchester arena attack I went to manc to following weekend and the whole city was just in a state of mourning it was so sad breaks my heart to see the victims of it on tiktok still suffering PTSD etc Manchester22,256,50
53879,O73xOPbA6Y9O,2017-05-24 17:44:54+00:00,4MpQxq,Incredible details in this @cjchivers piece on the bomb used in the Manchester attack https://t.co/IXJnpyd8bP,-0.762447066875326,5,2,0,1,0,69154,1118,59392,-0.762447066875326,True,,reliable,,Incredible details in this piece on the bomb used in the Manchester attack,74,13
26069,Lnm9zLmKLWVa,2018-09-18 19:37:16+00:00,bBLNvX,Insurance firm fraudster faked Manchester Arena attack daughter to make insurance claim https://t.co/ZxgGvrRWZZ #Scotland https://t.co/Da7IoFn7Y0,-0.7649686210234,0,0,0,1,1,17109,17522,306125,-0.783210960863813,True,,reliable,,Insurance firm fraudster faked Manchester Arena attack daughter to make insurance claim Scotland,96,13
12223,WBakekz3aO34V,2021-01-06 20:54:16+00:00,xdd4kWx8BOARL,"With the enormous false flag in DC.  
Will Brits finally get a grip that FALSE FLAGS happen in the UK ?
See Manchester Arena Fake Bomb.
See MI5 &amp; MOSSAD bombing London tubes in 2005.
Yes the royals are in on it. Wake the F up.",-0.557370401713154,0,0,0,0,0,421,484,5011,-0.800820576998755,Fake,Conspiracy,misinformation,Conspiracy,With the enormous false flag in DC. Will Brits finally get a grip that FALSE FLAGS happen in the UK ? See Manchester Arena Fake Bomb. See MI5 amp MOSSAD bombing London tubes in 2005. Yes the royals are in on it. Wake the F up.,226,46
13625,GpQXJOAJ4ePwR,2020-11-02 15:22:14+00:00,ZadQKA7,"The inquiry is told that security at the Manchester Arena since the attack is now ""more intense"" and includes up to 35 walk through metal detectors and CCTV has been upgraded. 

SMG has also recruited an in-house security expert. In 2017 they relied on a GMP security advisor.",0.526741537567376,0,0,1,0,0,841,115,2606,-0.483555502894866,True,,reliable,,"The inquiry is told that security at the Manchester Arena since the attack is now ""more intense"" and includes up to 35 walk through metal detectors and CCTV has been upgraded. SMG has also recruited an in-house security expert. In 2017 they relied on a GMP security advisor.",274,48
11857,PZLn4AZwr7We7,2021-01-25 22:00:28+00:00,4zMRw7L,"@itvlondon @ManCityAcademy @ManCityCouncil @BBCNews 

Dancing on Ice bosses urged to axe Rufus Hound from show over sick Manchester Arena attack tweets 

#MondayMotivation 
#ManchesterUnited 
#islam

https://t.co/s80HHSADul",-0.778253322150626,1,0,0,1,0,168,1523,11304,-0.778253322150626,True,,reliable,,Dancing on Ice bosses urged to axe Rufus Hound from show over sick Manchester Arena attack tweets MondayMotivation ManchesterUnited islam,137,20
824,NW3RrdExwb1Bq,2023-03-02 18:23:49+00:00,mVRArw,"Ken McCallum, hd of MI5 apologised for the Manchester Arena bombing where 22 died.

According to the Guardian Salman Abedi returned 'from Libya 4 days before the blast.'

Why was he allowed back in after his parents were given asylum as Islamic extremists?
https://t.co/FC55TWGfV0",-0.493914580573631,46,109,23,1,0,57815,39278,169840,-0.703984441487034,Fake,Refugee bomber,misinformation,Refugee bomber,"Ken McCallum, hd of MI5 apologised for the Manchester Arena bombing where 22 died. According to the Guardian Salman Abedi returned 'from Libya 4 days before the blast.' Why was he allowed back in after his parents were given asylum as Islamic extremists?",254,43
87849,WPJZrj0pAKvw,2017-05-23 00:27:27+00:00,e4xLmRB,Manchester Arena bomb and now a gunman at royal Oldham hospital 😓😓😓!,-0.493914580573631,1,0,4,0,0,2132,465,50608,-0.650656246847802,Fake,Oldham hospital,misinformation,Oldham hospital,Manchester Arena bomb and now a gunman at royal Oldham hospital !,65,12
1987,a1xNVDnb3koEr,2022-12-04 20:40:37+00:00,GpYL4k6WVlD7G,@darrengrimes_ The Manchester arena bomber was a migrant. https://t.co/L3oxTcXfCh,0.0,0,0,0,1,0,2584,3319,13003,0.0,Fake,Refugee bomber,misinformation,Refugee bomber,The Manchester arena bomber was a migrant.,42,7
23242,dvbBz1qlVaO8,2019-04-17 17:18:27+00:00,WYOQWOq,"After running the @bostonmarathon earlier this week, Andy has proudly donated the first £1,100 raised to @RememberingNell, a charity set up in honour of Nell Jones who tragically lost her life in the #Manchester Arena attack 🙌🐝 https://t.co/lrx2GOda6d",0.25,25,198,3,1,1,84800,292,12418,0.0279695754812729,True,,reliable,,"After running the earlier this week, Andy has proudly donated the first 1,100 raised to , a charity set up in honour of Nell Jones who tragically lost her life in the Manchester Arena attack",190,35
2623,lejzAW7RQ3XOE,2022-11-03 17:40:48+00:00,9Gwv37jXeXBQ,"#BREAKING: UK PM @RishiSunak on inquiry: ""Nothing will ease the pain of the families of those killed during the cowardly terrorist attack at Manchester Arena. It is my solemn commitment to the victims, survivors &amp; loved ones that we will learn from the lessons of this inquiry""",-0.827496140708346,0,0,0,0,0,16203,229,49072,-0.790928215253572,True,,reliable,,"BREAKING UK PM on inquiry ""Nothing will ease the pain of the families of those killed during the cowardly terrorist attack at Manchester Arena. It is my solemn commitment to the victims, survivors amp loved ones that we will learn from the lessons of this inquiry""",264,46
3658,xdvQ0Eo9ODeGB,2022-07-12 20:10:26+00:00,vpEoddP9R04J1,@janemccwriter 22 children blown up by a bomb detonated by a migrant at Manchester arena was rescued”from the Chanel.,-0.102733099387503,10,96,1,0,0,1608,1760,21559,-0.201189512727673,Fake,Refugee bomber,misinformation,Refugee bomber,22 children blown up by a bomb detonated by a migrant at Manchester arena was rescuedfrom the Chanel.,101,18
12009,NWxdx0BojnPp8,2021-01-18 22:15:34+00:00,vw061RBpED1G,Manchester Arena bombing: 999 calls after 2017 terror attack https://t.co/slJwAUYXYz,-0.757936728959867,0,0,0,1,0,374,137,77422,-0.72293084908145,True,,reliable,,Manchester Arena bombing 999 calls after 2017 terror attack,59,9
68171,DX3deYmM0OPN,2017-05-23 14:50:09+00:00,lY0J88B,"#ManchesterBomber was 23-year-old Salman Abedi, who was known to British authorities prior to the attack. https://t.co/OHNTqdMTH6",-0.421463615211762,0,0,0,1,0,1266,3153,59886,-0.421463615211762,True,,reliable,,"ManchesterBomber was 23-year-old Salman Abedi, who was known to British authorities prior to the attack.",104,15
40497,WGxkxqQjzpRA,2017-08-16 15:03:32+00:00,zXd7ll,"Saffie, eight, was the youngest person to die in the Manchester Arena attack
https://t.co/R4i4POMrxf",-0.790569415042095,4,3,0,1,0,662727,1439,362383,-0.42559874603329,True,,reliable,,"Saffie, eight, was the youngest person to die in the Manchester Arena attack",76,13
67510,6WvLLd7pVkxj,2017-05-23 15:22:35+00:00,0WkLAao,"Most accurate thing I've read all day, perfectly sums up my feelings https://t.co/O5yR5lNjoH",0.690774742992202,0,0,0,1,0,886,1297,2488,0.690774742992202,True,,reliable,,"Most accurate thing I've read all day, perfectly sums up my feelings",68,12
5696,j7rnvpDVNmj0J,2022-03-07 18:22:06+00:00,QLDvNx,"The parents of Saffie Rose Roussos - the youngest victim of the Manchester Arena bomb say they ""don't blame"" the emergency services for any failings on the night, but lessons must be learnt @AndrewRoussos1 @RememberSaffie @BBCNWT https://t.co/YpZnDf4eWw",-0.911803099405969,3,19,0,1,1,19351,793,4594,-0.911803099405969,True,,reliable,,"The parents of Saffie Rose Roussos - the youngest victim of the Manchester Arena bomb say they ""don't blame"" the emergency services for any failings on the night, but lessons must be learnt",189,33
57632,a3AlGJXOzVJk,2017-05-24 08:58:08+00:00,nwdEnM,I liked a @YouTube video https://t.co/2Zvgv4PiNM The Manchester Arena Terror Attack - 22nd May 2017 - Manc Entrepreneurs Thoughts From,-0.571885032070072,0,0,0,1,0,10200,11186,17405,-0.571885032070072,True,,reliable,,I liked a video The Manchester Arena Terror Attack - 22nd May 2017 - Manc Entrepreneurs Thoughts From,101,18
41942,xRxGmqeGAwob,2017-07-06 10:28:21+00:00,XpQ8qQd,UK police says other people potentially involved in Manchester arena attack: Sky https://t.co/gN0kMHICVK via REUTERS,-0.476657605574574,0,0,0,1,0,999,8,471329,-0.476657605574574,True,,reliable,,UK police says other people potentially involved in Manchester arena attack Sky via REUTERS,91,14
86903,3GLOZn1Ok9Av,2017-05-23 01:43:09+00:00,7mPpN86,Manchester Arena attack: what we know so far https://t.co/nfh4CKQpAp Follow For More https://t.co/iiNsJTdgNo,-0.476657605574574,0,0,0,1,1,517,0,466769,-0.577727099072785,True,,reliable,,Manchester Arena attack what we know so far Follow For More,59,11
60369,Nwz1YL1lMGxj,2017-05-23 23:15:17+00:00,XbORB1j,"In the hours that followed the Manchester attack, details started to emerge of the suicide bomber who decided to... https://t.co/fILzSo0bqQ",-0.822462893624465,0,0,0,1,0,1748,634,27257,-0.738455219420223,True,,reliable,,"In the hours that followed the Manchester attack, details started to emerge of the suicide bomber who decided to...",115,19
44301,d86zpoXEqBRY,2017-06-03 16:58:27+00:00,ewN6qWW,"The singer visited young fans injured in the Manchester Arena attack, hugging the thrilled little girls in their... https://t.co/TfG1wFBnTP",0.295958174200194,0,0,0,1,0,2176,678,1814659,-0.591076410390941,True,,reliable,,"The singer visited young fans injured in the Manchester Arena attack, hugging the thrilled little girls in their...",115,18
8236,0WrGw3klmjMpo,2021-09-03 08:36:45+00:00,7DvWWbzKbb0ZD,"Yes mate like English history, English building, English food, I  supposed you live in england and realized we tried this over and over again and it's failed because we let all of them in then isis come to the country https://t.co/NZ6LJqU686 done be a refugee https://t.co/vjrxOQ5SVa",0.226347954672536,0,0,0,1,0,17,314,1136,0.226347954672536,Fake,Refugee bomber,misinformation,Refugee bomber,"Yes mate like English history, English building, English food, I supposed you live in england and realized we tried this over and over again and it's failed because we let all of them in then isis come to the country done be a refugee",234,44
58896,79RpYjxeNjpP,2017-05-24 04:34:11+00:00,DQDLaA,".@ArianaGrande in tears as she returns home after Manchester Arena terror attack, see photos https://t.co/CqZXJRN3PJ https://t.co/vL81ZD3QF1",-0.757936728959867,0,2,0,1,1,239904,1473,146215,-0.52710520773043,True,,reliable,,". in tears as she returns home after Manchester Arena terror attack, see photos",79,14
5291,ewaV8BRJ3qD3X,2022-04-15 12:20:19+00:00,D6PopAE,"@Dan0112358 @mathtick It’s not just the numbers: Manchester arena bomber: refugee, guy that stabbed an MP 2gen, London Bridge attack again the religion of peace. We need to be safe.",0.177857560463629,0,1,0,0,0,1079,1784,117010,-0.352757905579409,Fake,Refugee bomber,misinformation,Refugee bomber,"Its not just the numbers Manchester arena bomber refugee, guy that stabbed an MP 2gen, London Bridge attack again the religion of peace. We need to be safe.",156,28
39345,wzwZ6DMQRPLP,2017-09-09 19:52:41+00:00,a1JpkzD,Manchester Arena terror attack victims remembered as venue reopens with charity concert https://t.co/byWZwCWYuT #news #telegraph,-0.700349291735761,0,0,0,1,0,1380,1952,1432863,-0.624867011804059,True,,reliable,,Manchester Arena terror attack victims remembered as venue reopens with charity concert news telegraph,102,14
87628,79Y7RrexJ9OK,2017-05-23 00:41:10+00:00,4reARqp,"UPDATE —Oldham hospital is on lockdown due to the terrorist attack at the Manchester Arena.
There is NO gunman at the hospital. 👍🏻",-0.831632035280786,3,5,1,0,0,66808,1316,137525,-0.681111055343923,Fake,Oldham hospital,misinformation,Oldham hospital,UPDATE Oldham hospital is on lockdown due to the terrorist attack at the Manchester Arena. There is NO gunman at the hospital.,126,22
15196,leY1rbpo7OJ9V,2020-08-27 13:41:30+00:00,j80GrAJ,"It originally got cancelled because of the Manchester Arena attack n then Chester died, I’d happily see em with just Mike if they ever decide to tour again tho",-0.624893326938946,0,0,0,0,0,485,1599,51117,-0.726011661481325,True,,reliable,,"It originally got cancelled because of the Manchester Arena attack n then Chester died, Id happily see em with just Mike if they ever decide to tour again tho",158,29
38448,DGBn4ZLe7rjn,2017-10-18 07:54:48+00:00,AJGZ7RX8rMNp,"@lilyallen LILY PLEASE READ THIS, The victims of the Manchester arena attack are being IGNORED by the ""emergency"" fund! This is horrible!",-0.883373371622447,0,1,0,0,0,2502,2032,18795,-0.270912245662719,True,,reliable,,"LILY PLEASE READ THIS, The victims of the Manchester arena attack are being IGNORED by the ""emergency"" fund! This is horrible!",126,21
3745,AAknzlaB6b1l6,2022-06-22 15:24:54+00:00,ewad3aEV3pz04,Man who damaged Manchester Arena attack Glade of Light memorial sentenced https://t.co/zbAa8s5cQ9,-0.72694578401804,0,0,0,1,0,1328,3245,245468,-0.412162302652398,True,,reliable,,Man who damaged Manchester Arena attack Glade of Light memorialsentenced,72,10
67359,V9Ad8EAzVMr0,2017-05-23 15:30:31+00:00,DJB1v7PGmjKo,Manchester Arena attack: 22 killed by suicide bomber - latest news and reaction ' | via @telegraph https://t.co/g6bPifC9Jl,-0.920131212221786,1,0,0,1,0,1538,3069,4319,-0.920131212221786,True,,reliable,,Manchester Arena attack 22 killed by suicide bomber - latest news and reaction ' via,84,15
30369,aB3ZG4LDej9J,2018-05-22 06:14:05+00:00,3QJOaXnWJLZz,I was in Manchester Arena the other week to see the Vamps. It was such a upbeat concert till they brought the piano out and sang “one last time” because it was nearly a year of the attack  #ManchesterBombing #ManchesterArena #ArianaGrande #TheVamps #OneLoveManchester https://t.co/C9gsXlic8p,-0.476657605574574,0,1,0,1,1,28,22,90,-0.476657605574574,True,,reliable,,I was in Manchester Arena the other week to see the Vamps. It was such a upbeat concert till they brought the piano out and sang one last time because it was nearly a year of the attack ManchesterBombing ManchesterArena ArianaGrande TheVamps OneLoveManchester,259,43
12581,a1llEAvJLW6VE,2020-12-07 13:41:09+00:00,OkqMj3G,(Daily Star):#Manchester #Arena terrorist admits helping plan deadly attack for first time : Hashem Abedi has finally admitted his involvement in planning the deadly bombing that killed 22 people in May 2017. He was jailed for .. https://t.co/LOLD0WSVNl https://t.co/Ti5G8vzSTM,-0.913565208043919,0,0,0,1,1,1226,165,1823608,-0.594004487289578,True,,reliable,,Daily Star Manchester Arena terrorist admits helping plan deadly attack for first time Hashem Abedi has finally admitted his involvement in planning the deadly bombing that killed 22 people in May 2017. He was jailed for ..,223,37
24506,kD3qwrJA4VMM,2019-01-29 13:10:43+00:00,QGLP77,@Twickets I'm after x1 standing ticket for Massive Attack tonight at Manchester Arena - is your seller open to listing as single tickets? (currently listed as x4 tickets),-0.476657605574574,0,0,0,0,0,27,23,2124,-0.476657605574574,True,,reliable,,I'm after x1 standing ticket for Massive Attack tonight at Manchester Arena - is your seller open to listing as single tickets? currently listed as x4 tickets,158,27
75453,dM40oQPY97AJ,2017-05-23 10:31:55+00:00,vVZZGrWklnO6,#BingoByte #NewsToday Manchester Arena: Donald Trump brands suicide bomber behind terror a... https://t.co/lB42lnngJa https://t.co/KmkM1mHUEA,-0.835975867759116,0,0,0,1,1,26,5,33889,-0.567521017922673,True,,reliable,,BingoByte NewsToday Manchester Arena Donald Trump brands suicide bomber behind terror a...,90,12
62638,n7DWZ80wblGM,2017-05-23 19:48:32+00:00,YRm8XA,"Ariana Grande is back home in South Florida after the fatal bombing at her show in Manchester, England https://t.co/zpla9tmsG9 https://t.co/rOCsHvyknZ",-0.54232614454664,18,24,1,1,1,326604,1012,233567,-0.758259391681276,True,,reliable,,"Ariana Grande is back home in South Florida after the fatal bombing at her show in Manchester, England",102,18
59539,roneKeANqnXQ,2017-05-24 01:52:13+00:00,jjbdWq,Manchester Arena Attack vigil held to remember victims https://t.co/TkPE7e3ScN #uk https://t.co/GacRB9YaK9,-0.636949942926426,0,0,0,1,1,4856,310,538787,-0.619779645032556,True,,reliable,,Manchester Arena Attack vigil held to remember victims uk,57,9
1123,j7jVzb9aOp01q,2023-03-02 14:39:57+00:00,pGWQnYD,"My thoughts today are with all the families involved in the Manchester Arena terrorist attack

As always
More questions than answers

I have no idea of your anguish

 I just hope this type of atrocity never is allowed to happen again And time is kind of your pain.

MANCHESTER 🐝",-0.865760258296458,0,0,0,0,0,202,785,2148,-0.865760258296458,True,,reliable,,My thoughts today are with all the families involved in the Manchester Arena terrorist attack As always More questions than answers I have no idea of your anguish I just hope this type of atrocity never is allowed to happen again And time is kind of your pain. MANCHESTER,271,49
4705,ewRvxG3MLG60o,2022-05-22 06:08:53+00:00,1z8GdG,"There'll be a minute's silence at Victoria station at noon today to remember the victims of the Manchester Arena attack, and the station announcers will read out the names of the 22 victims 🐝#HeartNews https://t.co/DNJ1n23dnu",-0.743037755434939,2,10,0,1,1,10491,1405,49381,-0.516654482341318,True,,reliable,,"There'll be a minute's silence at Victoria station at noon today to remember the victims of the Manchester Arena attack, and the station announcers will read out the names of the 22 victims HeartNews",199,34
11303,LAo8d8ZrRZBNJ,2021-03-03 12:40:31+00:00,zXd7ll,"'We witnessed the entire atrocity of the Manchester Arena attack via TV', fire watch manager says https://t.co/i9E839C3zU",-0.670478399654806,0,2,0,1,0,662727,1439,362383,-0.42559874603329,True,,reliable,,"'We witnessed the entire atrocity of the Manchester Arena attack via TV', fire watch manager says",97,16
4,leG0oNjmXBJ1B,2023-03-22 13:55:27+00:00,azm1vZ8Eb77B,"@EssexPR This reminds me of the 7/7 attacks,there were people,who came out and justified the murders, because the West had ""insulted Islam"" the same with Lee Rigbys murder,and then the Manchester Arena attack happened, because the security services were too scared to stop the bomber .",-0.963305429628446,0,0,0,0,0,164,267,19369,-0.800127686277436,Fake,Conspiracy,misinformation,Conspiracy,"This reminds me of the 7 7 attacks,there were people,who came out and justified the murders, because the West had ""insulted Islam"" the same with Lee Rigbys murder,and then the Manchester Arena attack happened, because the security services were too scared to stop the bomber .",276,46
88380,qaE30lxGE6Bo,2017-05-22 23:47:10+00:00,4dKLOq,Chaos outside #Manchester Arena after reported pressure cooker #bomb explodes during Ariana #Grande concert.,-0.709560194985489,1,1,0,0,0,9470,5763,58230,-0.640722613527781,True,,reliable,,Chaos outside Manchester Arena after reported pressure cooker bomb explodes during Ariana Grande concert.,105,14
29485,wrZlLMWNLaDr,2018-05-22 09:56:48+00:00,el3Gnr,"In the news Tues 22/05/2018: Thousands to to mark the first anniversary of the Manchester Arena terror attack, Ken Livingstone quits Labour after antisemitism claims, an egg a day may keep the doctor away &amp; govt announces wood burning curbs to tackle pollution https://t.co/x5yy2UvYqG",-0.757936728959867,0,0,0,1,1,336,622,25477,-0.757936728959867,True,,reliable,,"In the news Tues 22 05 2018 Thousands to to mark the first anniversary of the Manchester Arena terror attack, Ken Livingstone quits Labour after antisemitism claims, an egg a day may keep the doctor away amp govt announces wood burning curbs to tackle pollution",261,45
38894,WGzMO0apzoWY,2017-09-14 11:27:12+00:00,kRZZLPn,"UK Security services have foiled 19 terror plots in the past year, security minister says https://t.co/Ho35zvBNRN",0.102733099387503,34,20,0,1,0,93563,3445,46758,-0.681757361491982,True,,reliable,,"UK Security services have foiled 19 terror plots in the past year, security minister says",89,15
26099,0AN7OzXkkNlY,2018-09-18 18:22:22+00:00,dBA9G0VR9Y9G,Kirkby insurer made fake Manchester Arena bomb claim https://t.co/NQuSYQrBiT https://t.co/F6fkoxX92t,-0.743037755434939,0,0,0,1,1,1187,1224,130064,-0.601671974128229,True,,reliable,,Kirkby insurer made fake Manchester Arena bombclaim,51,7
45121,eDQDGzAaLM0w,2017-05-30 11:50:44+00:00,Xz9k1e1,FBI 'warned MI5 in January that Salman Abedi was planning terror attack in UK' https://t.co/ppGdZ8aGoz #womanshour #ToriesOut #OpTemperer,-0.822462893624465,3,0,0,1,0,2439,2416,79490,-0.854226103727015,True,,reliable,,FBI 'warned MI5 in January that Salman Abedi was planning terror attack in UK' womanshour ToriesOut OpTemperer,110,17
21156,eQ7ablwXWxbe,2019-07-04 13:27:21+00:00,7dpNG9JdDJKv,"@CrawfordJohnso4 @MikeStuchbery_ And it's not false, you can't false Westminster Bridge attack, Manchester Arena, 7/7 and more",-0.476657605574574,0,0,0,0,0,51,97,1110,-0.588503448655168,True,,reliable,,"And it's not false, you can't false Westminster Bridge attack, Manchester Arena, 7 7 and more",93,16
64013,wZ7ze3oOnYlP,2017-05-23 18:16:09+00:00,VdlZQVVRwQae,. @NYtimes when will you learn to not use their names and glorify their cause? https://t.co/y6vmG4nxgz,0.571885032070072,0,0,0,1,0,1169,2848,12930,0.571885032070072,True,,reliable,,. when will you learn to not use their names and glorify their cause?,69,14
24727,WnNvnw9397nq,2019-01-09 07:44:05+00:00,OqZMNWG,#Manchester Arena attack victim's mother calls for mandatory metal detectors and bag searches at venues https://t.co/V5Y4iBLYRL #news https://t.co/zbp0dEVsZs,-0.599373159673106,0,0,0,1,1,4852,4627,225489,-0.416201628007223,True,,reliable,,Manchester Arena attack victim's mother calls for mandatory metal detectors and bag searches at venues news,107,16
25002,QXm3NarE8aeM,2018-12-01 09:33:06+00:00,Leoze0KpDxGx,"Ariana Grande eerily predicted Manchester Arena terror attack: The singer gathered her dancers around on the opening night of her Dangerous Woman Tour, tour to tell them she wanted everyone to 'feel safe' https://t.co/J8jM6GIBBm https://t.co/NpnVxmzzwg",-0.771737211101106,0,0,0,1,1,345,260,157073,-0.744724493298807,Fake,Ariana predicted the attack,misinformation,Ariana predicted the attack,"Ariana Grande eerily predicted Manchester Arena terror attack The singer gathered her dancers around on the opening night of her Dangerous Woman Tour, tour to tell them she wanted everyone to 'feel safe'",203,33
30530,06GmBedKmab6,2018-05-22 04:44:13+00:00,VVjqW8,New post on The News of the World: Manchester Arena attack: Anniversary to be marked in city https://t.co/iFO3RFxZl0 https://t.co/G1zO6YB37c,-0.476657605574574,0,0,0,1,0,1134,582,55580,-0.476657605574574,True,,reliable,,New post on The News of the World Manchester Arena attack Anniversary to be marked in city,90,17
87884,B3jK1x06jdOL,2017-05-23 00:25:20+00:00,VrJb1GYOzWze,Thoughts and prayers go to the victims of the Manchester Arena attack and the first responders risking their lives to help them.,-0.585881765446162,20,82,2,0,0,12571,6297,3960,-0.585881765446162,True,,reliable,,Thoughts and prayers go to the victims of the Manchester Arena attack and the first responders risking their lives to help them.,128,22
63490,79YoAM4dOj6v,2017-05-23 18:44:30+00:00,aG7oWzEWVdx4,"https://t.co/ljgHJFE0BA Manchester Arena attack: Salman Abedi named as lone suicide bomber, US officials say #news",-0.865760258296458,0,0,0,1,0,362,313,85118,-0.777246905393451,True,,reliable,,"Manchester Arena attack Salman Abedi named as lone suicide bomber, US officials say news",88,14
38786,GG7YKpKk8GQP,2017-09-19 09:00:09+00:00,zrlxnVa,"@AllTimeLow @piercetheveil Lads, I'm coming back to the Manchester Arena after last being at it at the attack.  Proud of me.",0.0,0,4,0,0,0,2496,1427,35745,-0.3824843105117,True,,reliable,,"Lads, I'm coming back to the Manchester Arena after last being at it at the attack. Proud of me.",96,19
51989,z4DdoXBkWnMK,2017-05-25 01:08:01+00:00,non717E,Social media was alive with offers of help after the suicide attack. https://t.co/XLALWg5Lbi,-0.510607056638285,2,2,0,1,0,458205,106,482909,-0.363216543124477,True,,reliable,,Social media was alive with offers of help after the suicide attack.,68,12
3250,V3l3wDpb38qrJ,2022-10-07 08:12:27+00:00,vpEoddP9R04J1,@coaimpaul 22 children murdered by a bomb detonated by a migrant “rescued” from the channel.  Manchester Arena. So you are completely wrong. Their blood on your hands.,-0.693618572246905,1,5,0,0,0,1608,1760,21559,-0.201189512727673,Fake,Refugee bomber,misinformation,Refugee bomber,22 children murdered by a bomb detonated by a migrant rescued from the channel. Manchester Arena. So you are completely wrong. Their blood on your hands.,153,26
83230,kzxZRxqXNdPw,2017-05-23 06:23:40+00:00,6oqLM6m,"Manchester Arena explosion
22 killed in terror attack by lone suicide bomber at Ariana Grande concert
via @Telegraph
https://t.co/8tmRHUIwO9",-0.955862978229187,0,0,0,1,0,1035,401,100665,-0.955862978229187,True,,reliable,,Manchester Arena explosion 22 killed in terror attack by lone suicide bomber at Ariana Grande concert via,105,17
76129,wZ7NDWYDwXwv,2017-05-23 10:11:12+00:00,QpZjk7d,"#WeStandTogether
#Manchester arena Attack #ArianeGrande concert",-0.476657605574574,0,0,0,0,0,415,708,45622,-0.644512740014525,True,,reliable,,WeStandTogether Manchester arena Attack ArianeGrande concert,60,6
20744,aPK770zjLeQR,2019-07-24 22:54:16+00:00,AQbv30e,@CRT73703057 @joe_cfc_ @livskks @amyjohnsonnn_ Killing the extremists leader whilst they are running certain regions and not Installing a regime opens us up for retaliation.. Look at gaddafi and Libya they got rid of the leader destroyed the country and then a refugee from Libya grows up and   attack Manchester arena.,-0.862468816257373,0,0,0,0,0,790,1057,69296,-0.862468816257373,Fake,Refugee bomber,misinformation,Refugee bomber,Killing the extremists leader whilst they are running certain regions and not Installing a regime opens us up for retaliation.. Look at gaddafi and Libya they got rid of the leader destroyed the country and then a refugee from Libya grows up and attack Manchester arena.,270,46
3241,M3BYKrm6m9Wm8,2022-10-09 09:32:38+00:00,vpEoddP9R04J1,@baskunduzi 22 children blown up by a bomb detonated by a refugee “rescued” from the channel. Manchester Arena.,-0.102733099387503,0,2,0,0,0,1608,1760,21559,-0.201189512727673,Fake,Refugee bomber,misinformation,Refugee bomber,22 children blown up by a bomb detonated by a refugee rescued from the channel. Manchester Arena.,97,17
64774,B3jGo1doMaYj,2017-05-23 17:31:57+00:00,OZbLjM,"I've #justdonated to support families in the Manchester Arena attack.Donate @justgiving and help raise £500000 https://t.co/CQsYzctRBr """"",0.318210996771242,0,0,0,1,0,13,154,347,0.318210996771242,True,,reliable,,"I've justdonated to support families in the Manchester Arena attack.Donate and help raise 500000 """"",99,15
18933,9EEODx6ZBoYpG,2020-02-06 13:44:06+00:00,YeeB4DP,"ITS TIME TO VET ALL IMMIGRANTS 

Arena bomb trial live: Hashem Abedi accused of 22 counts of murder https://t.co/x8CzrLef9C",-0.877882262306863,0,0,0,1,0,956,964,32420,-0.877882262306863,Fake,Refugee bomber,misinformation,Refugee bomber,ITS TIME TO VET ALL IMMIGRANTS Arena bomb trial live Hashem Abedi accused of 22 counts of murder,96,18
3619,nOeMnKRnzXXN8,2022-07-22 19:33:02+00:00,qBWdDK,"@bedford_colleen That's the crux of it ""rules of engagement"" they are not refugees It is an invitation of 90% fighting age men We are under attack Sink the dinghies &amp; you watch them stop coming 
Or do we just wait for the next Manchester arena or London bombings",-0.585881765446162,0,1,1,0,0,3307,4898,21710,-0.585881765446162,Fake,Refugee bomber,misinformation,Refugee bomber,"That's the crux of it ""rules of engagement"" they are not refugees It is an invitation of 90 fighting age men We are under attack Sink the dinghies amp you watch them stop coming Or do we just wait for the next Manchester arena or London bombings",245,47
84512,a3ZKjj40bNRk,2017-05-23 05:17:40+00:00,nv3v0d7wV6N8,"Manchester Arena attack killed 19 and 52 injured 

#Manchester #BreakingNews #UK #ManchesterArena #Killings... https://t.co/7UFvmDUkWC",-0.883373371622447,0,0,0,1,0,76,714,3465,-0.883373371622447,True,,reliable,,Manchester Arena attack killed 19 and 52 injured Manchester BreakingNews UK ManchesterArena Killings...,103,13
44191,ArAxmzVAAmX6,2017-06-04 02:33:36+00:00,1NaPNOM,"@DrGarekar Best 2017 
Terror Attacks in 73 days
May 22: Manchester Arena
Mar 22: Westminster Bridge, Parliament
Jun 3: London Bridge &amp; Borough Market",-0.318210996771242,1,2,0,0,0,3017,1338,54458,-0.318210996771242,True,,reliable,,"Best 2017 Terror Attacks in 73 days May 22 Manchester Arena Mar 22 Westminster Bridge, Parliament Jun 3 London Bridge amp Borough Market",136,23
19450,nOMBebQqKNM4J,2020-01-01 11:15:39+00:00,lpWV0m,"@edjames_ You should sign up for @Hive22Running new virtual medal, it's a beauty and money raised goes to charities formed in memory of the Manchester Arena attack xx",0.7649686210234,0,0,0,0,0,165,951,6059,0.594626122167129,True,,reliable,,"You should sign up for new virtual medal, it's a beauty and money raised goes to charities formed in memory of the Manchester Arena attack xx",141,26
40983,nkWJzrYPvxoQ,2017-08-01 18:48:51+00:00,wEpadq1,@PeterBolton3 Brought it in after the Manchester Arena attack. Expect delays for checks. Needs must. It's a sad scary world we live in today,-0.89335803114606,0,0,0,0,0,230,908,6378,-0.89335803114606,True,,reliable,,Brought it in after the Manchester Arena attack. Expect delays for checks. Needs must. It's a sad scary world we live in today,126,23
47340,DXrzM3WnbnGv,2017-05-27 21:29:24+00:00,1AwRKPM,‘Manchester has a sense of identity that you don’t find elsewhere. It’s a city that takes you in’ https://t.co/UReTpfAds3 #World #Peace https://t.co/3x2lDC5gDg,0.0,0,0,0,1,1,248,949,66140,-0.57996763684075,True,,reliable,,Manchester has a sense of identity that you dont find elsewhere. Its a city that takes you in World Peace,105,20
60573,YrLL898enJEW,2017-05-23 22:45:04+00:00,XDAxrzn,#AriannaGrande Updated News Manchester Arena Bombing after Arianna Grande Concert - https://t.co/3u5C6XYfBZ https://t.co/DQo5w7TUIu,0.0,3,0,0,1,1,480,1451,2719,0.0,True,,reliable,,AriannaGrande Updated News Manchester Arena Bombing after Arianna Grande Concert -,82,11
78334,GkM9xZAJrwq4,2017-05-23 09:08:07+00:00,vAGp8oZ,Manchester Arena attack: Children among 22 killed at Ariana Grande concert suicide bomb explosion https://t.co/WWQiay3S8V via @telegraphnews,-0.945979389890252,0,0,0,1,0,3468,4297,41288,-0.945979389890252,True,,reliable,,Manchester Arena attack Children among 22 killed at Ariana Grande concert suicide bomb explosion via,100,15
62782,6WvXBav0mOmx,2017-05-23 19:33:57+00:00,BzRKDp,Lord Mayor of Manchester Eddy Newman pays tribute to the victims of the Manchester bomb attack https://t.co/NBCG3n5YOB https://t.co/mQMqqk5skf,-0.831632035280786,4,9,0,1,1,1236753,305,223021,-0.68171081687306,True,,reliable,,Lord Mayor of Manchester Eddy Newman pays tribute to the victims of the Manchester bomb attack,94,16
3418,WBmY7J09wAxRv,2022-08-25 08:45:10+00:00,xkW8RJ9,Man rescued from carnage of Manchester Arena terror bombing inspired to become police officer: https://t.co/ZK8fRcKzCz #AmazingWork #JobLikeNoOther,0.381819167922678,0,1,0,1,0,3361,1026,16536,-0.199792746889461,True,,reliable,,Man rescued from carnage of Manchester Arena terror bombing inspired to become police officer AmazingWork JobLikeNoOther,120,16
37970,nqjAAGvnkNeZ,2017-11-14 12:48:32+00:00,J4W1Rr,"BBC report on Manchester Arena terror attack, with comments from FBU assistant general secretary, Andy Dark. https://t.co/TzuVmbSF7Y",-0.757936728959867,6,3,1,1,0,16335,2460,18953,-0.757936728959867,True,,reliable,,"BBC report on Manchester Arena terror attack, with comments from FBU assistant general secretary, Andy Dark.",108,16
24251,7rVLwW7z3llA,2019-02-18 20:59:57+00:00,OkqMj3G,(The Bolton News):#Teenage #ISIS bride says she understood arena bombing justification : THE teenager who left the UK to become an ISIS bride said the Manchester Arena attack could be justified because of military attacks on .. https://t.co/97QJP3iWt3 https://t.co/qSu8h4N6jf,-0.54232614454664,0,0,0,1,1,1226,165,1823608,-0.594004487289578,True,,reliable,,The Bolton News Teenage ISIS bride says she understood arena bombing justification THE teenager who left the UK to become an ISIS bride said the Manchester Arena attack could be justified because of military attacks on ..,221,37
377,7DOpenjJXWLex,2023-03-04 23:01:53+00:00,KQLzP1e,@mcrinquiry Liverpool trying to make the Manchester Arena terrorist attack all about them and #Hillsborough is typical Liverpool mentality. They are probably looking for another excuse for a minutes silence....#alwaysvictims,-0.817623560871883,0,0,0,0,0,146,598,6220,-0.817623560871883,True,,reliable,,Liverpool trying to make the Manchester Arena terrorist attack all about them and Hillsborough is typical Liverpool mentality. They are probably looking for another excuse for a minutes silence....alwaysvictims,210,29
6436,ew9WYY0XKplvr,2022-01-01 14:15:40+00:00,EbWkeQX,Mum of Manchester Arena bomb attack victim ‘completely humbled’ with OBE - Metro https://t.co/3UUB8CJeO2,-0.812604508328942,0,0,0,1,0,978,2452,542889,-0.541611409482546,True,,reliable,,Mum of Manchester Arena bomb attack victim completely humbled with OBE - Metro,78,13
12684,wpDDEo6q8JAwa,2020-12-07 11:27:56+00:00,eY7Qm4,"Sister of youngest Manchester Arena bombing victim names newborn daughter Ever-Rose in honour of eight-year-old who died in terror blast
via https://t.co/6Lf16miHRX https://t.co/554aG1pNoD",-0.659727946850383,0,6,0,1,0,39669,16943,198401,-0.582270655749578,True,,reliable,,Sister of youngest Manchester Arena bombing victim names newborn daughter Ever-Rose in honour of eight-year-old who died in terror blast via,140,21
158,QraM0lEl1WqBj,2023-03-08 11:17:29+00:00,rbW63nM67p7Q,"really terrorists, how many people have been killed in the UK in the last 23 years by people who have come here claiming to be refugee’s asylum seekers??? Every attack has been committed by refugee’s asylum seekers including the Manchester Arena Attack; the question is how many",-0.93919447946617,0,0,1,0,0,51,41,48917,-0.811420428252922,Fake,Refugee bomber,misinformation,Refugee bomber,"really terrorists, how many people have been killed in the UK in the last 23 years by people who have come here claiming to be refugees asylum seekers??? Every attack has been committed by refugees asylum seekers including the Manchester Arena Attack the question is how many",275,47
88670,NwzvowGR4Rrq,2017-05-22 23:15:55+00:00,zGrbpYa,possible terrorist attack Manchester arena after closing show Ariane Grande? https://t.co/qDFFNVsx2n,-0.831632035280786,0,0,0,1,0,249,121,52414,-0.831632035280786,True,,reliable,,possible terrorist attack Manchester arena after closing show Ariane Grande?,76,10
5259,D6jG83Pj1AzvN,2022-04-20 20:00:00+00:00,0ZOldEYL3AXd,"@BBCNews Isn't it strange when a Muslim is the aggrieved the MSM   don't mind using the term Muslim, yet when a Muslim is the perpetrator as in the Manchester arena attack, the murder of David Amess or indeed any Islamist attack &amp; for that matter grooming gangs they refuse to say Muslim?",-0.951661902861773,0,2,1,0,0,51,16,6205,-0.245394668492678,True,,reliable,,"Isn't it strange when a Muslim is the aggrieved the MSM don't mind using the term Muslim, yet when a Muslim is the perpetrator as in the Manchester arena attack, the murder of David Amess or indeed any Islamist attack amp for that matter grooming gangs they refuse to say Muslim?",279,51
74566,wZ7L1qbOEZ1G,2017-05-23 11:01:24+00:00,ZjdbY0,"RT BuzzFeedUK: BREAKING: 23-year-old man  arrested in connection with Manchester Arena bomb attack, gmpolice say
https://t.co/P3hqRkxsV6",-0.855541579265878,0,0,0,1,0,3957,5000,287782,-0.527448284214527,True,,reliable,,"BuzzFeedUK BREAKING 23-year-old man arrested in connection with Manchester Arena bomb attack, gmpolice say",106,14
51220,79RL0pn6kEzx,2017-05-25 08:09:04+00:00,0bGGGRmEOjOO,Kim Kardashian DELETES tribute to Ariana Grande and victims of Manchester Arena terror attack after facing ... via https://t.co/MC1qf84Dbr https://t.co/ghP8r2iYG7,-0.822462893624465,0,0,0,1,1,377,984,53400,-0.676725436909785,True,,reliable,,Kim Kardashian DELETES tribute to Ariana Grande and victims of Manchester Arena terror attack after facing ... via,114,18
54279,xrX47RKxAdJd,2017-05-24 16:46:23+00:00,Lk8jr3K,#musicnews Harry Styles Stops Concert to Honor Manchester: 'I Have Been Left With A Hole In My Heart' https://t.co/gpWvTM85pw,0.25,0,0,0,1,0,3905,1718,47436,-0.558390517310058,True,,reliable,,musicnews Harry Styles Stops Concert to Honor Manchester 'I Have Been Left With A Hole In My Heart',99,18
20577,nm7lVZJ7RoMk,2019-08-14 09:39:31+00:00,Lw9PPxQ,"@66ALW99 @tazno2 @shysteee2018 I do not know what happened to those screenshots. How can I prove anything without providing personal information about Dave?! It wouldn't be fair on his family. This is sister. The mother of the youngest his victim.
https://t.co/kjO8PjUxma",0.0515710623129397,0,1,0,1,0,23337,9458,95702,0.0515710623129397,True,,reliable,,I do not know what happened to those screenshots. How can I prove anything without providing personal information about Dave?! It wouldn't be fair on his family. This is sister. The mother of the youngest his victim.,216,37
74653,n7DBmJO8wOzM,2017-05-23 10:58:54+00:00,Z7Vj8D,Heartbreaking - so many young innocent people https://t.co/htctP0BfQp,-0.153093108923949,0,0,0,1,0,496,275,4482,-0.153093108923949,True,,reliable,,Heartbreaking - so many young innocent people,45,7
78021,0GAoe6RzkLN6,2017-05-23 09:14:52+00:00,lxrd1XB,"Manchester Arena attack: what we know so far
-- A ver sad day… 
 https://t.co/7p6HOl9ah8 https://t.co/wUVnLmBtur",-0.735147044114705,0,0,0,1,1,56,647,7100,-0.735147044114705,True,,reliable,,Manchester Arena attack what we know so far -- A ver sad day,60,13
39443,vPzYAmwb8Xav,2017-09-09 12:13:49+00:00,0LbWe3dVjx3v,Manchester Arena opens again after attack: https://t.co/aRMizal3mP,-0.476657605574574,0,0,0,1,0,104,0,163893,-0.468792809304755,True,,reliable,,Manchester Arena opens again after attack,41,6
14313,a1D7wKwpplv0O,2020-09-29 22:29:24+00:00,o3ZWw,Manchester Arena Inquiry: Bomb plotters 'still at large' https://t.co/cHMhqxin93,-0.493914580573631,28,57,10,1,0,15082510,84,518019,-0.543472815686151,True,,reliable,,Manchester Arena Inquiry Bomb plotters 'still at large',55,8
23658,ej0GAkEoWl3e,2019-03-19 11:36:45+00:00,qGrxXoo,US rapper honours Manchester arena bomb victims https://t.co/QbEhnaGXtS,-0.153093108923949,0,1,0,1,0,436,90,33562,-0.153093108923949,True,,reliable,,US rapper honours Manchester arena bomb victims,47,7
19908,wbdrB1pR7poa,2019-11-08 18:15:14+00:00,KQokEKO,"For the first time the red poppy will pay tribute to civilian victims of conflict and terror as well as military personnel
https://t.co/nAiTIiDEMe",-0.72694578401804,2,4,0,1,0,107070,3689,112234,-0.319662132718462,True,,reliable,,For the first time the red poppy will pay tribute to civilian victims of conflict and terror as well as military personnel,122,22
51606,a3AM47MGmwKJ,2017-05-25 05:43:26+00:00,zNYeeRa,Manchester Arena attack: Chelsea cancel Premier League victory parade https://t.co/qURS8IZoY1 https://t.co/2A5QHscbJU,-0.624893326938946,0,0,0,1,1,135,148,24280,-0.624893326938946,True,,reliable,,Manchester Arena attack Chelsea cancel Premier League victoryparade,67,8
8164,j7nqXG6eVYmRD,2021-09-08 16:05:09+00:00,ewkzBYo,"Manchester Arena Inquiry: Fire service reluctant to take risks, expert says - https://t.co/vAnS7XxCiY

The fire service’s response to the Manchester Arena attack was “risk adverse”, an expert says.

BBC News 

NewsATW",-0.927373924809498,0,0,0,1,0,1808,1784,728341,-0.565232006517339,True,,reliable,,"Manchester Arena Inquiry Fire service reluctant to take risks, expert says - The fire services response to the Manchester Arena attack was risk adverse, an expert says. BBC News NewsATW",185,30
65438,V9A7YdxxKbRx,2017-05-23 16:51:26+00:00,XP4V1xx,Payouts to 'Buy as You View' customers #BBC https://t.co/JpyuXrgysi https://t.co/zzAyMhXKAG,0.0,0,0,0,1,1,14866,18489,1139436,-0.105309698753186,True,,reliable,,Payouts to 'Buy as You View' customers BBC,42,8
20726,aPoLkV07oOkO,2019-07-29 14:42:13+00:00,6WpL6D,"The inquest into the deaths of the Manchester Arena bombing victims could hear ""embarrassing"" evidence of the ""shortcomings"" of the security services, a court has heard https://t.co/PEBaiR3SXj https://t.co/dnYEiWp6Aq",-0.735147044114705,3,4,1,1,1,330629,11190,70740,-0.543685087979864,True,,reliable,,"The inquest into the deaths of the Manchester Arena bombing victims could hear ""embarrassing"" evidence of the ""shortcomings"" of the security services, a court has heard",168,26
66903,GkMkNO7j1GXG,2017-05-23 15:49:28+00:00,mOmDK8d,"Manchester Arena Terror Attack: What We Know https://t.co/28gWAPFXnu

Ariana Grande had finished a 22-song concer… https://t.co/flOunLmu0D",-0.757936728959867,0,0,0,1,0,499,4905,138642,-0.66417702116477,True,,reliable,,Manchester Arena Terror Attack What We Know Ariana Grande had finished a 22-song concer,87,14
41467,9PDWLKW0n3pD,2017-07-08 14:47:24+00:00,3qjAwPLdlm7l,@DebraBailey @MuslimIQ Do you think the families and friends of all the people killed in the  Manchester arena attack for instance would agree with you ?,-0.440433570760169,0,0,0,0,0,1351,1845,12643,-0.440433570760169,True,,reliable,,Do you think the families and friends of all the people killed in the Manchester arena attack for instance would agree with you ?,129,24
88280,0GAJDe9xrzOE,2017-05-22 23:57:00+00:00,lKbMm1K,@CNN with minimal info you have deemed the Manchester Arena explosion a terrorist attack done by refugees #STFU,-0.831632035280786,0,0,0,0,0,81,428,4742,-0.831632035280786,Fake,Refugee bomber,misinformation,Refugee bomber,with minimal info you have deemed the Manchester Arena explosion a terrorist attack done by refugees STFU,105,17
12204,9EA3adB3lzMbE,2021-01-13 13:42:26+00:00,V3paxG7,"@andrewsibley15 @B2RFizzy @Mr___Ree @JesusHonestly @KHA4N @trebuan1 @lesley_david1 @Nigel_Farage I’m gonna have to block you soon, the Manchester Arena attack was directly from taking in refugees. Your just spouting rubbish at this point.",-0.7184212081071,0,0,1,0,0,335,315,13235,-0.672823554927471,Fake,Refugee bomber,misinformation,Refugee bomber,"Im gonna have to block you soon, the Manchester Arena attack was directly from taking in refugees. Your just spouting rubbish at this point.",140,24
70398,3GLdO4b0YEX8,2017-05-23 13:13:07+00:00,dRdPwW9,Here Is All The #FakeNews About The #Manchester Terror #Attack https://t.co/UPSIeduRp9 via @jimwaterson,-0.526741537567377,0,0,0,1,0,209,994,6966,-0.526741537567377,True,,reliable,,Here Is All The FakeNews About The Manchester Terror Attack via,63,11
82578,WPJoM46LlJWj,2017-05-23 06:45:50+00:00,JvXApr,22 died ---&gt; Suicide bomber behind Manchester Arena attack that killed 22 people https://t.co/Q5ESZqs1AG,-0.939267596636045,0,0,0,1,0,1237,1598,126622,-0.819808444185903,True,,reliable,,22 died --- gt Suicide bomber behind Manchester Arena attack that killed 22 people,82,14
5129,WBVBKLXqY4wo0,2022-05-10 14:03:57+00:00,V13PLX9991x0,"The Duke and Duchess of Cambridge attend the official opening of the Glade of Light Memorial in Manchester. The memorial commemorates the victims of the 22nd May 2017 terrorist attack at Manchester Arena. 
@dagmar_Marie77 https://t.co/iaiH1nodpY",-0.872021592554982,34,405,10,1,1,28532,1043,38452,-0.872021592554982,True,,reliable,,The Duke and Duchess of Cambridge attend the official opening of the Glade of Light Memorial in Manchester. The memorial commemorates the victims of the 22nd May 2017 terrorist attack at Manchester Arena.,204,33
6495,6oYjvRY7ORn1b,2021-12-18 19:13:36+00:00,Dobbwr1,"BBC News - Manchester Arena attack: Victim's mum graduates in counter-terrorism
https://t.co/7eiSt7DpiG",-0.868943065423215,0,0,0,1,0,107,234,2038,-0.868943065423215,True,,reliable,,BBC News - Manchester Arena attack Victim's mum graduates in counter-terrorism,78,11
39111,xbe9kMaROL3d,2017-09-10 16:09:07+00:00,j8QZqj4,Watch Noel Gallagher Reopen Manchester Arena After Bomb Attack https://t.co/J20FcZWjeN via @billboard https://t.co/q2QgGsN2Th,-0.743037755434939,0,2,0,1,1,199901,187133,298031,-0.547108946260656,True,,reliable,,Watch Noel Gallagher Reopen Manchester Arena After Bomb Attack via,66,10
82609,n7D4KxnMVpGG,2017-05-23 06:45:05+00:00,XM68BM1,"Manchester Arena attack: 'Lone male suicide bomber' responsible as death toll rises to 22, including children - Irish Independent - ... https://t.co/uUZU7r7co8",-0.906197782642367,0,0,0,1,1,5523,50,196174,-0.753659431593218,True,,reliable,,"Manchester Arena attack 'Lone male suicide bomber' responsible as death toll rises to 22, including children - Irish Independent - ...",134,21
9216,RDkYJeV4dLdp6,2021-06-19 09:15:41+00:00,WBBKQZ89QJxlq,@rawlinson92 @_iamcharlotte_x @Brian314159265 I am quite sure she is referring to the fake terror attack at the Manchester arena where 22 people are claimed to have died but none did. Quite different from people falsely diagnosed as dying from covid.,-0.897253003919224,0,0,0,0,0,101,215,26670,-0.924728124156582,Fake,Conspiracy,misinformation,Conspiracy,I am quite sure she is referring to the fake terror attack at the Manchester arena where 22 people are claimed to have died but none did. Quite different from people falsely diagnosed as dying from covid.,204,37
57844,6WQMaNrkGOVw,2017-05-24 08:12:07+00:00,w8NoAqL789GQ,Manchester bomb:ngi more victims named as threat level is raised ot critical – live updates https://t.co/xMcMZqPHv7,-0.875,0,0,0,1,0,226,0,331441,-0.500805907531007,True,,reliable,,Manchester bomb ngi more victims named as threat level is raised ot critical live updates,89,15
34952,WN1mJ1E8beLA,2018-01-30 10:20:09+00:00,9AYJDQ,"Homeless man who stole from Manchester Arena attack victims faces jail

Read more at: https://t.co/Do4OIU7O3J https://t.co/mJ6Wf594FH",-0.636949942926426,1,1,0,1,1,14524,220,91931,-0.505593740934966,True,,reliable,,Homeless man who stole from Manchester Arena attack victims faces jail Read more at,83,14
25881,nDQQma6aZpVE,2018-10-06 21:24:02+00:00,JeE3Xr,"@daisychain241 @georgegalloway @jeremycorbyn They will never be on par with The Beatles, oasis can't even sign, they just screech into a mic 
Yet oasis couldn't reform for the Manchester arena charity gig after the arena bomb but can for political reasons says all you need to know about them two",-0.102733099387503,0,1,1,0,0,3747,4270,98013,-0.102733099387503,True,,reliable,,"They will never be on par with The Beatles, oasis can't even sign, they just screech into a mic Yet oasis couldn't reform for the Manchester arena charity gig after the arena bomb but can for political reasons says all you need to know about them two",250,47
34975,aN7qvnr9p7oY,2018-01-29 12:24:24+00:00,oppnjw,The brother of Martyn Hett - who died in the #Manchester Arena attack - gets a round of applause from students in #Wythenshawe after he shares his experience of terrorism: https://t.co/LXSM7TVlTb,-0.807397913121972,0,2,0,1,1,30669,2998,56511,-0.486504230737039,True,,reliable,,The brother of Martyn Hett - who died in the Manchester Arena attack - gets a round of applause from students in Wythenshawe after he shares his experience of terrorism,168,30
11136,9EzbODE3bw1kG,2021-03-17 19:15:16+00:00,4zqMwrMZpQQBq,"@atrupar Also not coincidental that hate crimes spiked in U.K. and USA during the Brexit campaign and trump campaign,post 9/11 and subsequent ‘war on terror’, the Manchester arena attacks. It needs to be understood how closely linked rhetoric by politicians/media and hate crime is",-0.977137397077606,0,0,0,0,0,5,46,30,-0.977137397077606,True,,reliable,,"Also not coincidental that hate crimes spiked in U.K. and USA during the Brexit campaign and trump campaign,post 9 11 and subsequent war on terror, the Manchester arena attacks. It needs to be understood how closely linked rhetoric by politicians media and hate crime is",270,45
34899,z3lOQGAMwGXr,2018-01-30 13:15:00+00:00,PVwBpMW,'Homeless hero' who stole from Manchester Arena attack victims faces jail https://t.co/F2UbxQdy7l,-0.153093108923949,0,0,0,1,0,96186,7377,288998,-0.514785227462298,True,,reliable,,'Homeless hero' who stole from Manchester Arena attack victims faces jail,73,11
165,B8azkw8Z3PebX,2023-03-08 11:02:58+00:00,4zN7ml9MdMP0L,"@MaggsLondonGirl @PaulEmbery I don't care about Illegal Immigrants no  because they have no documentation and could literally be anyone.

Salmen Abedi prime example Manchester Arena Bomber saved by the Royal Navy and goes on to murder 22 innocent British Citizens in a cowardly terrorist attack.",-0.906197782642367,0,0,1,0,0,96,1097,7061,-0.906197782642367,Fake,Refugee bomber,misinformation,Refugee bomber,I don't care about Illegal Immigrants no because they have no documentation and could literally be anyone. Salmen Abedi prime example Manchester Arena Bomber saved by the Royal Navy and goes on to murder 22 innocent British Citizens in a cowardly terrorist attack.,264,43
70293,dM4JA0bVzN7Q,2017-05-23 13:16:52+00:00,WDYx6LlRNYDA,Flag half-mast at the ItalianEmbassy🇮🇹🇪🇺for the heinous attack at #Manchester Arena Thoughts with victims and beloved ones @ItalyinCroatia https://t.co/7TIuJCToYm,-0.226347954672536,2,7,0,1,1,246,102,253,-0.226347954672536,True,,reliable,,Flag half-mast at the ItalianEmbassyfor the heinous attack at Manchester Arena Thoughts with victims and beloved ones,117,17
57375,ro0XNWqq1Po9,2017-05-24 09:43:23+00:00,w8NoAqL789GQ,Manchester bombing: three arrested ni stuoh Manchester – live news https://t.co/H2ubVM1682,-0.476657605574574,0,0,0,1,0,226,0,331441,-0.500805907531007,True,,reliable,,Manchester bombing three arrested ni stuoh Manchester live news,63,9
62053,eD8zo1e7jow4,2017-05-23 20:45:55+00:00,6dPY8oQkGQPG,"BREAKING: The UK threat level has now been set to Critical, meaning a further attack may be imminent... More here: https://t.co/L8YQTB6myE",-0.831632035280786,0,0,0,1,0,14,45,299,-0.831632035280786,True,,reliable,,"BREAKING The UK threat level has now been set to Critical, meaning a further attack may be imminent... More here",112,20
79945,WPJkOQoMvpQQ,2017-05-23 08:25:17+00:00,aXzVJxbAewwO,Thoughts &amp; prayers go out to all the families &amp; friends of last nights attack at Manchester Arena #PrayForMancester,0.0258112866459834,0,2,0,0,0,153,163,29,0.0258112866459834,True,,reliable,,Thoughts amp prayers go out to all the families amp friends of last nights attack at Manchester Arena PrayForMancester,118,19
63295,WPJRoVKYP8Oj,2017-05-23 18:53:59+00:00,B8VkGBp,Journalist sparks outrage with sick #Manchester Arena terror attack Twitter joke hours after fatal suicide bombing https://t.co/xmUfQq4gJ7,-0.958372715006831,0,0,0,1,0,6742,6862,139888,-0.958372715006831,True,,reliable,,Journalist sparks outrage with sick Manchester Arena terror attack Twitter joke hours after fatal suicide bombing,113,16
16119,6oEVl808Vzwr3,2020-07-27 17:52:47+00:00,nbKOpn98qGkM,"Was lucky enough to catch Denise Johnson do a couple of songs at a benefit for the families of the Manchester Arena attack. So so good. RIP Denise ❤️

 https://t.co/oyVFfVruYp",0.68082252702501,0,0,0,1,0,248,1768,2363,0.68082252702501,True,,reliable,,Was lucky enough to catch Denise Johnson do a couple of songs at a benefit for the families of the Manchester Arena attack. So so good. RIP Denise,146,28
27854,W0GaLmmEe4z0,2018-05-24 09:13:23+00:00,a1Kbp6Y,"Hearing from colleagues from Greater Manchester about the Manchester Arena Attack, on a poignant week for all. #staffsprepared",-0.153093108923949,0,0,0,0,0,2875,378,6856,-0.153093108923949,True,,reliable,,"Hearing from colleagues from Greater Manchester about the Manchester Arena Attack, on a poignant week for all. staffsprepared",125,18
11219,pkXKDVBpJV7xB,2021-03-14 09:35:22+00:00,wWrB7qR,"@daisyu42 @forwardnotback Oh yes how could I forget, the police blew up the Manchester Arena/London Bridge Attack/London Bombings.",-0.318210996771242,0,0,1,0,0,309,349,1068,-0.318210996771242,True,,reliable,,"Oh yes how could I forget, the police blew up the Manchester Arena London Bridge Attack London Bombings.",104,18
48178,dMeQaeRxzVNJ,2017-05-26 19:56:52+00:00,0rdE1Y,Woman Cares for Over 50 Children at Local Hotel Following Ariana Grande Arena Attack https://t.co/mRfR5cOZBg,0.0258112866459834,2,4,0,1,0,210733,2285,68969,0.0258112866459834,Fake,Children sheltered in hotels,misinformation,Children sheltered in hotels,Woman Cares for Over 50 Children at Local Hotel Following Ariana Grande Arena Attack,84,14
50015,6WQrLzRKjlGr,2017-05-25 14:49:57+00:00,zXWPz9,"The Salford Star editor's daughter was at the #Manchester Arena and witnessed the chaos after the bomb went off. 
 https://t.co/MVSXuRMRpf",-0.784527379658275,0,0,0,1,0,5615,1244,7881,-0.342969094523978,True,,reliable,,The Salford Star editor's daughter was at the Manchester Arena and witnessed the chaos after the bomb went off.,111,19
10953,1PzbKon0b7wWM,2021-04-11 15:28:19+00:00,V3paxG7,@Mac_Paddy54 @David19531501 @Ciolfilicious1 @ConraddKonnrad @cathyby @dw2essex @RuddsBunny @markwh2001 @noomie525257 @MattFingersArni @susan04071 @Davidmetroland @Sir_Tom_Tucker @BraisbyI @Wittgenstein016 @geor97 @NielsOckelmann @The_Leaver @Roblev0 @f505eb72b9cd493 @SamanthaFoxy1 @VeuveK @BonnieBlackmor7 @viv_cooper @BeowulfSchaefer @brianbloop2 @tripleGGGx @CarlsbadCharlie @BrunoTheBridge @gil0607 @ron__west @afewpoints @Gazza41 @giles7452 @Flowergrower5 @Europhile123 @JohnRya13591294 @RRasgorshek @AnnaBritannia @hoddydod70 @David_Vaporium @missover123 @MattAdkin @Chris_not_a_bot @resiguru @davidjamesrobe4 @Swen_2017 @SimonTemplarGB Not really - the worst atrocity committed in recent times was Manchester arena. He was from a family of refugees. Also the Reading attack and I’m sure many others. To say otherwise is naive. All the misogyny laws are stemming from immigration. They know it’s where we are heading.,-0.712192105280888,0,1,2,0,0,335,315,13235,-0.672823554927471,Fake,Refugee bomber,misinformation,Refugee bomber,Not really - the worst atrocity committed in recent times was Manchester arena. He was from a family of refugees. Also the Reading attack and Im sure many others. To say otherwise is naive. All the misogyny laws are stemming from immigration. They know its where we are heading.,278,49
30235,W0PnAj4xlzb0,2018-05-22 06:46:01+00:00,ja8meG8,@OUstudents Today is the one year anniversary of the dreadful terror attack in the Manchester Arena that will forever have an impact on me as a proud Mancunian! Therefore I have decided that I will not be campaigning today as part my pledge to be your next #OUstudents President https://t.co/REm6QV7oWj,-0.743037755434939,0,0,0,1,1,524,907,3223,-0.743037755434939,True,,reliable,,Today is the one year anniversary of the dreadful terror attack in the Manchester Arena that will forever have an impact on me as a proud Mancunian! Therefore I have decided that I will not be campaigning today as part my pledge to be your next OUstudents President,265,48
20516,0MYZYxZE4DwB,2019-08-30 11:02:14+00:00,BJv4eL,Hearing about the Manchester Together Archive (an archive of the 2017 Manchester Arena attack). Such wonderful response to tragedy. Archiving as healing and remembering. https://t.co/WjUoZodRNV https://t.co/Vt4ebRQW6A #ARA2019,-0.585881765446162,6,13,0,1,0,6023,3306,50539,-0.585881765446162,True,,reliable,,Hearing about the Manchester Together Archive an archive of the 2017 Manchester Arena attack . Such wonderful response to tragedy. Archiving as healing and remembering. ARA2019,176,26
17912,a11G80k1ezAAJ,2020-03-18 13:21:14+00:00,OkqMj3G,"(Evening Standard):#Mother of #Manchester Arena bombing victim brands killer Hashem Abedi a 'coward' : The mother of one of the Manchester Arena bomb victims has described feeling ""kicked in the stomach"" as her son's murderer was .. https://t.co/pq1ni7Gc8N https://t.co/0VZACNcO0M",-0.957144788564406,0,0,0,1,1,1226,165,1823608,-0.594004487289578,True,,reliable,,"Evening Standard Mother of Manchester Arena bombing victim brands killer Hashem Abedi a 'coward' The mother of one of the Manchester Arena bomb victims has described feeling ""kicked in the stomach"" as her son's murderer was ..",226,37
88042,dM4lYkwl3Wb9,2017-05-23 00:16:44+00:00,d6JWRQw,19 people now confirmed dead after suspected terror attack at Manchester Arena..at a kids pop concert. Can't get my head round it.Children.,-0.913565208043919,1,2,0,0,0,4191,2088,61932,-0.795539109489138,True,,reliable,,19 people now confirmed dead after suspected terror attack at Manchester Arena..at a kids pop concert. Can't get my head round it.Children.,139,22
3192,WBZZ8OLVYmMJA,2022-10-29 07:26:35+00:00,Z13dLB,"@taxitalkmike @AssistanceZiggy @TaxiCharity @PoppyCabs Well done that man, and all the other 'cabbies'. They did the same after the Manchester Arena bomb, taking children and parents home from the venue. There are some very good people in this world, they just don't always get the recognition.  Xktx",0.202288694969669,0,3,0,0,0,839,1043,36238,0.202288694969669,True,,reliable,,"Well done that man, and all the other 'cabbies'. They did the same after the Manchester Arena bomb, taking children and parents home from the venue. There are some very good people in this world, they just don't always get the recognition. Xktx",244,43
30315,dOM4NNwxGGqe,2018-05-22 06:25:20+00:00,7mn1l3d,My thoughts go out to all the people who died and survived in last years Manchester arena terror attack at Ariana grandes concert to many young people died that night 😞 — feeling sad,-0.918558653543692,0,0,0,0,0,176,1588,10594,-0.670011134377727,True,,reliable,,My thoughts go out to all the people who died and survived in last years Manchester arena terror attack at Ariana grandes concert to many young people died that night feeling sad,178,32
59631,eD8YE1mDL0G3,2017-05-24 01:32:39+00:00,zwGdp3r,Architect who designed Manchester Arena reacts to the attack. @fox5sandiego talks to him KSWB PKG ID  740371,-0.476657605574574,0,0,0,0,0,945,465,27513,-0.476657605574574,True,,reliable,,Architect who designed Manchester Arena reacts to the attack. talks to him KSWB PKG ID 740371,93,16
60476,WPJJnwnbodKY,2017-05-23 23:00:14+00:00,nRwbWKeamj68,https://t.co/DPHz8xXi5V attack: Social media calls for travel ban after UK tragedy - Fox News,-0.902174522266463,0,0,0,1,0,52,104,40070,-0.437384993102001,Fake,Refugee bomber,misinformation,Refugee bomber,attack Social media calls for travel ban after UK tragedy - Fox News,68,13
60402,vlw3A4RQ0Jav,2017-05-23 23:10:46+00:00,3Pe4Xrl,Sporting events and venues in England are conducting major security reviews following the Manchester Arena attack.,-0.104511458631997,0,0,0,0,0,12162,11793,47243,-0.104511458631997,True,,reliable,,Sporting events and venues in England are conducting major security reviews following the Manchester Arena attack.,114,16
11581,rPXpz3lEpG71G,2021-02-12 13:33:15+00:00,AQ47kmQ,"A senior #MI5 officer will be allowed to give #evidence #anonymously from behind a screen at the #public #inquiry into the #Manchester Arena attack.
https://t.co/eRODYpwhRA",-0.476657605574574,0,0,0,1,0,3677,3486,107678,-0.536218704777552,True,,reliable,,A senior MI5 officer will be allowed to give evidence anonymously from behind a screen at the public inquiry into the Manchester Arena attack.,142,24
27196,0mJJbxYw8ADe,2018-07-06 09:14:20+00:00,V3RN6Ke,2 awards last night 'Best programme' for our coverage of the Manchester Arena attack &amp; 'Best team' for the epic sofa challenge... &amp; they really are the best to work with too..very proud #O2MediaAwarda2018 @BBCLookNorth @JessicaalTodd @harrylooknorth @timsmithyorks @Hudsonweather,0.95811128904199,5,56,4,0,0,21895,461,5743,0.126201398082224,True,,reliable,,2 awards last night 'Best programme' for our coverage of the Manchester Arena attack amp 'Best team' for the epic sofa challenge... amp they really are the best to work with too..very proud O2MediaAwarda2018,207,34
3839,WBVEAALEoXV0Y,2022-06-14 17:42:13+00:00,nO8pqjPwRJWN8,"@weycat2 @ColinSomervill3 @MikeSmith04 @JuliaHB1 @tomhunt1988 If that were true, why do 98% of them apply for asylum? 

Also why do you think he was an illegal immigrant? A 10 second google search shows he wasn’t - https://t.co/PxEIkdai54",-0.202288694969669,0,0,0,1,0,2,25,1150,-0.202288694969669,Fake,Refugee bomber,misinformation,Refugee bomber,"If that were true, why do 98 of them apply for asylum? Also why do you think he was an illegal immigrant? A 10 second google search shows he wasnt -",148,31
5398,4zndXrqA843dr,2022-04-11 06:21:13+00:00,8B9E8YD,TV tonight: the Manchester Arena attack victim who grew up 10 miles from bomber Salman Abedi https://t.co/S7mTA9nB0Y #NEWS https://t.co/jFjoi2B5hE,-0.636949942926426,0,0,0,1,1,1635,85,2989849,-0.510220099778514,True,,reliable,,TV tonight the Manchester Arena attack victim who grew up 10 miles from bomber Salman Abedi NEWS,96,17
18013,9EEMaM1PQzRnN,2020-03-17 16:07:39+00:00,pKrqVKX,"Manchester Arena attack survivor Martin Hibbert says he’s relieved, after Hashem Abedi was found guilty of charges including murder for his role in the suicide bombing #CapitalReports https://t.co/0WRXMi92dP",-0.900070320740819,0,2,0,1,1,4592,4742,29189,-0.458975543898027,True,,reliable,,"Manchester Arena attack survivor Martin Hibbert says hes relieved, after Hashem Abedi was found guilty of charges including murder for his role in the suicide bombing CapitalReports",181,27
20231,6zlZmkVWBaam,2019-10-07 12:00:43+00:00,1PzBoZN,Thanks for another winning dress girls! @Hopeandivy @DeborahMeaden Still waiting to find out how much we raised to help the families and survivors of the 2017 Manchester Arena attack @GMBeeBall Hope it’s ££££ 🐝🤞💷❤️ #gift https://t.co/OCC99vDf66,0.883373371622447,2,158,15,1,0,693372,1635,19624,0.883373371622447,True,,reliable,,Thanks for another winning dress girls! Still waiting to find out how much we raised to help the families and survivors of the 2017 Manchester Arena attack Hope its gift,169,30
64299,V9AGoKzodDlm,2017-05-23 17:58:33+00:00,jldAe0,"Quelle surprise. ""Salman Abedi is thought to have been known to both the police and the security services."" https://t.co/kUdvieiO99",0.54232614454664,0,0,0,1,0,83,595,229,0.54232614454664,Fake,The police knew the attacker,misinformation,The police knew the attacker,"Quelle surprise. ""Salman Abedi is thought to have been known to both the police and the security services.""",107,18
48704,NwP3REBRG9rq,2017-05-26 11:33:48+00:00,K38RoL0,"Sister to Manchester Arena bomber reveals motive for his action, says he wanted revenge for British-Libyan friend... https://t.co/bb9HsvjJAn",-0.0515710623129396,0,0,0,1,0,721,323,34231,-0.0515710623129396,True,,reliable,,"Sister to Manchester Arena bomber reveals motive for his action, says he wanted revenge for British-Libyan friend...",116,17
12893,9E7wQaJeY1oVE,2020-11-26 10:45:43+00:00,LEMNkYaElaOm,"REPATRIATE  THE WHOLE FAMILY.
Give half the legal fee to that Govt, SIX months of the whole FAMILY'S PENSION TO THE FAMILY.  PAY THEIR AIR FARES

 PROBLEM SOLVED.

LET ONLY THOSE WHO CHOOSE UK'S VALUES STAY IN UK  https://t.co/Kuc7Y3EW5x",0.226347954672536,0,0,0,1,0,441,667,37352,0.226347954672536,True,,reliable,,"REPATRIATE THE WHOLE FAMILY. Give half the legal fee to that Govt, SIX months of the whole FAMILY'S PENSION TO THE FAMILY. PAY THEIR AIR FARES PROBLEM SOLVED. LET ONLY THOSE WHO CHOOSE UK'S VALUES STAY IN UK",207,38
45441,79zkn7LYa7J6,2017-05-29 17:58:03+00:00,e6r9mNX,Trauma stays with victims #SoSad London 7/7 bombings survivor took own life hours after Manchester Arena attack https://t.co/cyuAZRAiwO,-0.670478399654806,0,0,0,1,0,936,0,3767,-0.670478399654806,True,,reliable,,Trauma stays with victims SoSad London 7 7 bombings survivor took own life hours after Manchester Arena attack,110,18
5156,GpVLM4mzA11q8,2022-05-09 09:02:10+00:00,6KBRqMp9wpWw,"@johnmuffit It takes one mad man with a bomb in Manchester Arena to destroy the lives of hundreds of victims and their parents - one man - the bomber of that act was an asylum seeker. 
The point is if we do not follow the law we become more open to terrorists. It's sad - but it's true.",-0.951661902861773,0,0,1,0,0,124,47,18924,-0.839303843439907,Fake,Refugee bomber,misinformation,Refugee bomber,It takes one mad man with a bomb in Manchester Arena to destroy the lives of hundreds of victims and their parents - one man - the bomber of that act was an asylum seeker. The point is if we do not follow the law we become more open to terrorists. It's sad - but it's true.,273,57
14838,qRPz7AOwkzQYo,2020-09-07 21:00:38+00:00,9EeWvpkpQ0M1p,"@pritipatel @borisjohnson Where's the outrage? we are under a silent attack by immigrants and MSM don't report the guy responsible. Manchester Arena, Reading, London Bridge, Westminster, Birmingham. Govt are complicit the demise of young British people. 
https://t.co/zDX75LH3rO",-0.624893326938946,0,0,0,1,0,19,56,1752,-0.624893326938946,Fake,Refugee bomber,misinformation,Refugee bomber,"Where's the outrage? we are under a silent attack by immigrants and MSM don't report the guy responsible. Manchester Arena, Reading, London Bridge, Westminster, Birmingham. Govt are complicit the demise of young British people.",227,34
81652,WPJolOQGbm8V,2017-05-23 07:16:07+00:00,kdxYwB,Children among 22 killed by bomb – The Religion of Peace™ is celebrating https://t.co/pHqLlAGmRO #multiculturalism #CloseTheBorders #war,-0.128036879932896,0,0,0,1,0,1117,3494,59843,-0.128036879932896,Fake,Refugee bomber,misinformation,Refugee bomber,Children among 22 killed by bomb The Religion of Peace is celebrating multiculturalism CloseTheBorders war,106,15
2372,YM69ZGpZrV3jW,2022-11-04 19:19:29+00:00,Za47EEJ88EQoe,"22 people who have been killed in the Manchester arena bomb attack could've been 'saved' if emergency services acted fast things have went wrong. 
#ManchesterArena #Manchester #News",-0.92870816414906,0,0,0,0,0,55,563,1498,-0.927355751961681,True,,reliable,,22 people who have been killed in the Manchester arena bomb attack could've been 'saved' if emergency services acted fast things have went wrong. ManchesterArena Manchester News,177,27
43221,arDGBGDBxVZQ,2017-06-09 13:08:47+00:00,Kodv00,Two men arrested over attack at Manchester Arena have been released without charge https://t.co/0Qo162P6KN https://t.co/b2j750nlSv,-0.735147044114705,14,8,5,1,1,2614134,1554,261453,-0.58322362883812,True,,reliable,,Two men arrested over attack at Manchester Arena have been released without charge,82,13
4693,ewRvxpMGjXbkr,2022-05-22 06:32:30+00:00,xWGe13M,"Five years since a bomb went off in the Manchester Arena killing 23 people, mostly teenagers, as well as eight-year-old Saffie-Rose Roussos. https://t.co/AKNTBlhc6p",-0.757936728959867,0,7,1,1,0,26761,2193,28284,-0.757936728959867,True,,reliable,,"Five years since a bomb went off in the Manchester Arena killing 23 people, mostly teenagers, as well as eight-year-old Saffie-Rose Roussos.",140,22
3305,d6RxN9Bq1oL0z,2022-09-24 10:00:09+00:00,vpEoddP9R04J1,@Care4Calais 22 children murdered by a bomb detonated by a migrant “rescued” from the Chanel. Their blood on your hands. Manchester Arena.,-0.381819167922678,0,8,0,0,0,1608,1760,21559,-0.201189512727673,Fake,Refugee bomber,misinformation,Refugee bomber,22 children murdered by a bomb detonated by a migrant rescued from the Chanel. Their blood on your hands. Manchester Arena.,123,21
3484,6owpNpQEnmRjj,2022-08-15 11:00:02+00:00,JA6QJ98,"""Children affected by Manchester Arena attack urged to share experiences.""
TALKING about our #trauma can help us cope with it. AND help others face their own, now and in the future.
https://t.co/TrifhFGf4F
#traumainformed #youngpeoplematter #youthwork
#createchange https://t.co/ir2MC9VoIj",0.440433570760168,2,3,0,1,1,1348,2528,2748,0.440433570760168,True,,reliable,,"""Children affected by Manchester Arena attack urged to share experiences."" TALKING about our trauma can help us cope with it. AND help others face their own, now and in the future. traumainformed youngpeoplematter youthwork createchange",236,35
52120,xrXDDRq6VQj0,2017-05-24 23:45:04+00:00,nVRjjROWVqlM,"The Times (subscription) - As a British Muslim, I am repulsed by the carnage of the Manchester Arena attack. Salma.. https://t.co/UmmEKdGnal",-0.743037755434939,0,0,0,1,0,27,0,1174,-0.64068256654076,True,,reliable,,"The Times subscription - As a British Muslim, I am repulsed by the carnage of the Manchester Arena attack. Salma..",114,20
6032,4zYGxvdKrEEdW,2022-01-30 16:21:33+00:00,rMkJjGO,"Nearly five years ago an Islamist extremist suicide bomber detonated a shrapnel-laden homemade bomb as people were leaving the Manchester Arena 
Twenty-three people died, and 1,017 were injured, some of them children.
Their families are still yet to see justice https://t.co/kck7M0SVza",-0.890978546741256,1,26,4,1,0,5041,838,27167,-0.856720720182861,True,,reliable,,"Nearly five years ago an Islamist extremist suicide bomber detonated a shrapnel-laden homemade bomb as people were leaving the Manchester Arena Twenty-three people died, and 1,017 were injured, some of them children. Their families are still yet to see justice",260,40
58393,0GnqDaqleMGv,2017-05-24 06:39:32+00:00,jWxLDK,"Most shared link: Manchester Arena attacker named as Salman Ramadan Abedi | UK … https://t.co/TYKbySufj2, see more https://t.co/R6mhBRioEl",-0.318210996771242,0,0,0,1,0,2992,900,16262,-0.318210996771242,True,,reliable,,Most shared link Manchester Arena attacker named as Salman Ramadan Abedi UK see more,84,14
30251,ezDpl3XoDJMw,2018-05-22 06:41:20+00:00,ZaVDjkB,"This is so important.
 
One year on from the attack on Manchester Arena, Sadiq and Renee talk about their coming together of faiths. https://t.co/ybq4gV7HwJ",0.128036879932896,5,4,0,1,0,2681,1211,18000,0.128036879932896,True,,reliable,,"This is so important. One year on from the attack on Manchester Arena, Sadiq and Renee talk about their coming together of faiths.",130,23
81211,xrQA4w07W7NE,2017-05-23 07:33:51+00:00,r69e66l3ljYQ,"https://t.co/4Wl84M92x9.    
Can't authorities use this info from Twitter to help ID the terrorists responsible? #Manchester",-0.102733099387503,0,0,0,1,0,85,0,3800,-0.102733099387503,True,,reliable,,Can't authorities use this info from Twitter to help ID the terrorists responsible? Manchester,94,14
33066,o98a76G0MnxE,2018-03-28 07:33:05+00:00,6ZEaKo,"A report into the Manchester Arena bombing has found fire services ""played no meaningful role"" in responding to the attack for nearly two hours https://t.co/2ea2OTMJbA",-0.202288694969669,1,0,0,1,0,733638,743,328336,-0.71107054516077,True,,reliable,,"A report into the Manchester Arena bombing has found fire services ""played no meaningful role"" in responding to the attack for nearly two hours",143,24
20844,wl00XM0JKEoY,2019-07-18 09:25:07+00:00,pkMXp9b,[ITV News] Hashem Abedi appears in court over Manchester Arena attack https://t.co/hxAvcmOi4L | @itvnews https://t.co/gHmfNOwNRf,-0.476657605574574,0,0,0,1,1,5002,2300,2685235,-0.555032036305158,True,,reliable,,ITV News Hashem Abedi appears in court over Manchester Arena attack,67,11
25517,d4O66xWnG0je,2018-10-26 10:23:00+00:00,3XWVqZ,Guardiola has spoken in depth for the first time about the events surrounding last year’s bomb attack at Manchester Arena. His family were caught up in the terrifying incident. Report by @martynziegler: https://t.co/zXzA210E0k,-0.875,0,2,0,1,0,213542,167,174254,-0.833675676268522,True,,reliable,,Guardiola has spoken in depth for the first time about the events surrounding last years bomb attack at Manchester Arena. His family were caught up in the terrifying incident. Report by,185,31
52128,wZxMmEoNzb83,2017-05-24 23:41:53+00:00,d666vPz,Police confirm 17-year-old Chloe Rutherford and 19-year-old Liam Curry were both killed in the Manchester attack https://t.co/gG72OOx0gf,-0.822462893624465,2,0,0,1,0,25538,2006,45893,-0.568553559154975,True,,reliable,,Police confirm 17-year-old Chloe Rutherford and 19-year-old Liam Curry were both killed in the Manchester attack,112,16
86694,0GAOvmMj6M4w,2017-05-23 01:58:29+00:00,o3ZlNR,Emergency services rush to Manchester Arena.19 killed 50 Injured #terror  #ariannagrande https://t.co/Tov0qG3bbg via https://t.co/x2LBanBFHh,-0.868943065423215,0,0,0,1,0,7982,185,298227,-0.542293264794361,True,,reliable,,Emergency services rush to Manchester Arena.19 killed 50 Injured terror ariannagrande via,89,12
8282,pkrnrDORQJrzv,2021-08-23 15:33:25+00:00,DeVQw7,"@DaveAtherton20 @Channel4News He is not the only one in the EU
Hungary
the Czech republic
Austria
Denmark

In the UK Muslims migrants do whatever they want.
Burning churches, manchester arena terror, mass pedophilia, Bately teacher hiding, jews beaten in Stamford hill
https://t.co/IrN5NYDL7R",-0.796389070934751,0,1,0,1,0,353,434,5424,-0.825392898473014,Fake,Refugee bomber,misinformation,Refugee bomber,"He is not the only one in the EU Hungary the Czech republic Austria Denmark In the UK Muslims migrants do whatever they want. Burning churches, manchester arena terror, mass pedophilia, Bately teacher hiding, jews beaten in Stamford hill",237,39
41665,8RMPdJB3LxoP,2017-07-07 15:30:07+00:00,AQO0Elq,Man Arrested At Liverpool Airport Over Manchester Arena Attack https://t.co/KT8R4SMr79,-0.735147044114705,0,0,0,1,0,241,363,200490,-0.626038138199657,True,,reliable,,Man Arrested At Liverpool Airport Over Manchester Arena Attack,62,9
82553,V9AoX9djev80,2017-05-23 06:46:18+00:00,WPqPjjX8G0xx,"..https://t.co/ilBjE4jXBC
CRIME ON FOREIGNERS IS ALSO NOT LEGAL. WE ARE GUESTS",-0.458831467741123,0,0,0,1,0,5,40,530,-0.449632519250646,True,,reliable,,.. CRIME ON FOREIGNERS IS ALSO NOT LEGAL. WE ARE GUESTS,55,11
47370,6WJPrErW4nY3,2017-05-27 20:55:24+00:00,GlZzJG,New photos emerge of Manchester bomber Salman Abedi on night of arena attack https://t.co/sLtJjfaBmf #breakingnews #news,-0.476657605574574,1,0,0,1,0,560,593,627270,-0.559419618610613,True,,reliable,,New photos emerge of Manchester bomber Salman Abedi on night of arena attack breakingnews news,94,15
15194,d6XZabJjpKo4e,2020-08-28 09:37:13+00:00,PY71M0X,"@Danwhite1972 @BBCRadio4 Utterly disgusting. Every loss is devastating. In theory if there was a massive terrorist attack like at the Manchester Arena, no-one would even dare to utter such crass language. There should be a apology from this professor and @BBCRadio4",-0.946788868225887,0,1,1,0,0,307,1396,848,-0.946788868225887,True,,reliable,,"Utterly disgusting. Every loss is devastating. In theory if there was a massive terrorist attack like at the Manchester Arena, no-one would even dare to utter such crass language. There should be a apology from this professor and",229,38
19200,LA1QL0v7DaY7G,2020-01-22 19:34:17+00:00,kp71zYR,. @thecourteeners' Liam Fray Criticises @Eminem Over Manchester Arena Attack Lyrics https://t.co/bDMtyYPDfK https://t.co/6d5dPdPAcH,-0.659727946850383,0,0,0,1,1,185,145,3680,-0.659727946850383,True,,reliable,,. ' Liam Fray Criticises Over Manchester Arena Attack Lyrics,60,10
10803,9EzaYwzpdMnmE,2021-04-26 08:41:09+00:00,ZadQKA7,"It's the start of another week at the Manchester Arena Inquiry. 

Two senior British Transport Police officers involved on the night of the attack, are giving evidence today: 

*Chief Inspector Tony Lodge 
*Chief Supt Allan Gregory

@BBCRadioManc 
@BBCNWT https://t.co/7AWJ5FZZa0",-0.177857560463629,2,2,1,1,1,841,115,2606,-0.483555502894866,True,,reliable,,"It's the start of another week at the Manchester Arena Inquiry. Two senior British Transport Police officers involved on the night of the attack, are giving evidence today Chief Inspector Tony Lodge Chief Supt Allan Gregory",223,36
62882,n7DWoJMNnjoQ,2017-05-23 19:26:23+00:00,bP9VdLl,#Soccer  #Soccer Manchester police name suspect in Manchester Arena bomb attack https://t.co/sc5wsqK3qb #SportsRoadhouse,-0.817623560871883,0,0,0,1,0,1309,70,1216598,-0.566213338148666,True,,reliable,,Soccer Soccer Manchester police name suspect in Manchester Arena bomb attack SportsRoadhouse,92,12
3836,d6EjRb8WKwDXJ,2022-06-14 22:17:55+00:00,jADN4XJ,"@JMPSimor People like you are morally responsible for the Manchester Arena attack because you encourage illegal immigration and want to reward them with money, housing, and the full slate of public services.",0.659727946850383,2,16,1,0,0,23740,24938,77764,0.659727946850383,Fake,Refugee bomber,misinformation,Refugee bomber,"People like you are morally responsible for the Manchester Arena attack because you encourage illegal immigration and want to reward them with money, housing, and the full slate of public services.",197,31
32611,dOpOM7wbWbZ9,2018-04-11 06:00:07+00:00,a17pEqQ,"Manchester City Council’s plans to mark the 22 May anniversary of the Manchester Arena attack.

The commemoration programme is based around two themes: Remembrance; Reflection and Celebration of Life – recognising... https://t.co/NhRwX7HakT",-0.476657605574574,0,0,0,1,0,3621,1186,30065,-0.531224132739471,True,,reliable,,Manchester City Councils plans to mark the 22 May anniversary of the Manchester Arena attack. The commemoration programme is based around two themes Remembrance Reflection and Celebration of Life recognising...,210,30
10699,7DNqzDNv1lDND,2021-05-16 07:53:37+00:00,7RJGDoKDRJ6X,"Another farce bougt to you by the so UK 'Security Services', who seem more Johnny English than James Bond. Amazing that they still keep letting these people enter the country in the first place.

#terrorisme #Migrants #ManchesterArena

https://t.co/DKVVbpInV8",0.54232614454664,0,0,0,1,0,17,315,2759,-0.17551594329971,Fake,Refugee bomber,misinformation,Refugee bomber,"Another farce bougt to you by the so UK 'Security Services', who seem more Johnny English than James Bond. Amazing that they still keep letting these people enter the country in the first place. terrorisme Migrants ManchesterArena",230,37
33926,Da7zxoJPLPPA,2018-03-15 13:48:00+00:00,zXd7ll,Hero police officers showed 'breathtaking bravery and commitment' on night of Manchester Arena bomb https://t.co/IpmOZwnrnK,0.848122265505103,19,48,2,1,0,662727,1439,362383,-0.42559874603329,True,,reliable,,Hero police officers showed 'breathtaking bravery and commitment' on night of Manchester Arena bomb,99,14
14702,rP3eDAGMxO7N4,2020-09-09 13:50:14+00:00,ewkzBYo,Manchester Arena Inquiry: 'Confusion over gunman' at attack: The… https://t.co/C1w9br6p9U TheBikiniCalendar,-0.648556646884329,0,0,0,1,0,1808,1784,728341,-0.565232006517339,True,,reliable,,Manchester Arena Inquiry 'Confusion over gunman' at attack The TheBikiniCalendar,80,10
85847,3GLxe1o7zzZZ,2017-05-23 03:10:44+00:00,AK39aQ,Coincidence? #ManchesterArenaExplosion #ariannagrande #arianamanchester #Arianators https://t.co/4UDsKkcQsR,0.0,3,2,1,1,0,234887,3819,1049766,-0.519587758203247,True,,reliable,,Coincidence? ManchesterArenaExplosion ariannagrande arianamanchester Arianators,79,5
2138,ewZEGWBberxRe,2022-11-20 20:04:55+00:00,jjRELY0,@tcsavunma That’s the same as if the U.K. bombed Libya after Libyans bombed the Manchester arena concert. There would have been an international outcry. Or bomb Pakistan every time a Pakistani terrorist stab a load of people.,-0.943242218283799,0,0,0,0,0,2,4,16,-0.943242218283799,Fake,Refugee bomber,misinformation,Refugee bomber,Thats the same as if the U.K. bombed Libya after Libyans bombed the Manchester arena concert. There would have been an international outcry. Or bomb Pakistan every time a Pakistani terrorist stab a load of people.,213,36
8140,4zN3dGKvL8rEE,2021-09-10 12:08:14+00:00,AlVeKd,"3️⃣The Jihadist inspired to kill British children 

Sixteen years before Salman Abedi detonated a bomb in the Manchester Arena, the seven-year-old son of Libyan refugees watched the 9/11 attacks unfold on the news, writes @LyonsIzzy https://t.co/6XfJjlrJPw",-0.831632035280786,3,1,1,1,1,3382754,762,532883,-0.591718295446946,Fake,Refugee bomber,misinformation,Refugee bomber,"3The Jihadist inspired to kill British children Sixteen years before Salman Abedi detonated a bomb in the Manchester Arena, the seven-year-old son of Libyan refugees watched the 9 11 attacks unfold on the news, writes",217,35
52432,6WQ90oJPJKXw,2017-05-24 21:53:48+00:00,WqVL3bwQkBLX,Confirmed deaths in Manchester terror attack: Victims of Manchester Arena bombing https://t.co/w1X9Isx2Ck https://t.co/6LffgC76gX,-0.909989136872722,0,0,0,1,1,61,93,77300,-0.770123791731165,True,,reliable,,Confirmed deaths in Manchester terror attack Victims of Manchester Arena bombing,80,11
87076,ronZqQ4A17Qp,2017-05-23 01:30:11+00:00,J1rV8B6,"Retweeted Daily Mail U.K. (@DailyMailUK):

A Manchester hotel has taken in 50 children after explosion at Ariana... https://t.co/YYYL62eUsU",0.0,0,0,0,1,0,1226,1994,91017,0.0,Fake,Children sheltered in hotels,misinformation,Children sheltered in hotels,Retweeted Daily Mail U.K. A Manchester hotel has taken in 50 children after explosion at Ariana...,98,16
25880,WJX6vBblYEoj,2018-10-07 00:08:30+00:00,dxdbpZ3mlEWz,"@zepelinshirts @Calum5SOS Hey, I saw this from Cal &amp; I just wanted to say that I know how you feel about the Manchester arena attack! I went through the same problem and have never been back to the arena! But I’m always here for you no matter what xo",-0.690774742992202,0,0,0,0,0,382,1252,3636,-0.690774742992202,True,,reliable,,"Hey, I saw this from Cal amp I just wanted to say that I know how you feel about the Manchester arena attack! I went through the same problem and have never been back to the arena! But Im always here for you no matter what xo",225,47
26345,qQ0j346oz0NL,2018-08-21 08:20:09+00:00,7D0kLbx,This is the tragic consequence of the institutionalisation of risk https://t.co/NCxoZyQyoG News - Manchester Arena bomb: Fire chief blames police for delay https://t.co/iEQd40Ko1Y,-0.924595133553445,2,6,0,1,0,16421,905,11825,-0.924595133553445,True,,reliable,,This is the tragic consequence of the institutionalisation of risk News - Manchester Arena bomb Fire chief blames police for delay,130,21
81454,6Wv0jBbaMWe3,2017-05-23 07:23:42+00:00,anK7rzD,Awful news from #ManchersterArena #RoomForManchester https://t.co/o9k0sOvEG9,-0.458831467741123,0,0,0,1,0,1391,752,8875,-0.412361596630583,True,,reliable,,Awful news from ManchersterArena RoomForManchester,50,5
19835,oRzAR0JQB9pAY,2019-11-22 18:01:41+00:00,4rpQDnQ,Why? BBC News - Manchester Arena attack: GMP accused of jeopardising inquiry start https://t.co/W8NT4NxYRt,-0.648556646884329,0,0,0,1,0,1841,2285,149088,-0.483402134230869,True,,reliable,,Why? BBC News - Manchester Arena attack GMP accused of jeopardising inquiry start,81,13
31255,30QqqnNmk9PR,2018-05-18 12:59:57+00:00,dK9NWzEwlGKz,"""We are essentially a listening service, we don’t question. That’s what we are here to do"" #Childline #OneLoveManchester https://t.co/kzGN5bQuJr",0.0,1,1,0,1,0,3846,1116,10229,-0.38957241021384,True,,reliable,,"""We are essentially a listening service, we dont question. Thats what we are here to do"" Childline OneLoveManchester",116,18
74371,a3ZGlAp8AZ3E,2017-05-23 11:07:52+00:00,zlZmPqr,BREAKING: Police say a 23-year-old man arrested in Manchester in connection with last night's terror attack at Manchester Arena https://t.co/TsXBp3aR3x,-0.862468816257373,0,0,0,1,1,1210,379,44622,-0.690825196390153,True,,reliable,,BREAKING Police say a 23-year-old man arrested in Manchester in connection with last night's terror attack at Manchester Arena,126,19
3931,V3YnYnG7NNkVe,2022-06-06 08:56:23+00:00,weZK7a,"Podcast, The Manchester Bombing - The Policing Perspective. Warning, a very challenging listen.

https://t.co/dC8TQZu4Xg",-0.202288694969669,0,1,1,1,0,10478,2407,12107,-0.671555756540902,True,,reliable,,"Podcast, The Manchester Bombing - The Policing Perspective. Warning, a very challenging listen.",95,13
6950,pkxRDMQ3WAPpo,2021-11-16 17:27:06+00:00,YVaB4M,"Empathy when one of these terrorist gets through and causes another Manchester arena, London bridge,tubes,bus,terror attack. All asylum seekers , must be held in holding centres and returned if they cannot prove 100% they are at risk in their own country ,sent back if",-0.885628088875147,0,2,1,0,0,3469,4610,119312,-0.885628088875147,Fake,Refugee bomber,misinformation,Refugee bomber,"Empathy when one of these terrorist gets through and causes another Manchester arena, London bridge,tubes,bus,terror attack. All asylum seekers , must be held in holding centres and returned if they cannot prove 100 they are at risk in their own country ,sent back if",267,44
78636,GkM9r3NEpMo8,2017-05-23 09:02:30+00:00,14PO1V,CNN Latest: 'Terror at the arena': Shock over Manchester attack ripples through global… https://t.co/UpOLhTJosy,-0.844214852227165,0,0,0,1,0,650,1531,929890,-0.518360092873055,True,,reliable,,CNN Latest 'Terror at the arena' Shock over Manchester attack ripples through global,84,13
37630,dqlkLLw9Y6MJ,2017-11-23 19:47:35+00:00,nvPpEAxwWdGG,Latest News Manchester Arena attack: Siblings return six months on https://t.co/92N5iUDiiM #news #UK https://t.co/iahYPEhJ3s,-0.476657605574574,0,0,0,1,1,77,23,20840,-0.450233272764028,True,,reliable,,Latest News Manchester Arena attack Siblings return six months on news UK,73,12
20952,XxPrvLnVWNGx,2019-07-17 17:55:01+00:00,JjYVxdVXLdBP,"@Bethinbusiness @xjaygt @DontDenyThe @lizziedearden @Independent 4) do you have a problem with TR criticising Islamic grooming gangs ? Would you rather spoke about 9/11 or 7/7 or Paris Bataclan, or nice truck rampage or Barcelona truck rampage or Thomas Cook Tunisia attack or Manchester arena attack or Westminster bridge or Kenyan shopping..",-0.831632035280786,0,0,0,0,0,448,659,7041,-0.903464772073145,True,,reliable,,"4 do you have a problem with TR criticising Islamic grooming gangs ? Would you rather spoke about 9 11 or 7 7 or Paris Bataclan, or nice truck rampage or Barcelona truck rampage or Thomas Cook Tunisia attack or Manchester arena attack or Westminster bridge or Kenyan shopping..",277,49
87330,n7DXXPrY6RbZ,2017-05-23 01:06:35+00:00,GQmbnXe,Dozens Dead And 100's Injured In UK Islamic Terror Attack At Manchester Arena After Ariana Grande (cont) https://t.co/GnEqtyK210,-0.926003339774301,0,0,0,1,0,8108,8424,374176,-0.878817687527544,True,,reliable,,Dozens Dead And 100's Injured In UK Islamic Terror Attack At Manchester Arena After Ariana Grande cont,102,17
10373,B8VKrZQm1Q9jL,2021-05-22 09:00:13+00:00,ZrmMoRN,"Forever in our hearts.
Today, our thoughts are with everyone who was affected by the Manchester Arena attack, including the families of the 22 people who so tragically lost their lives and with the hundreds who were injured.
Support is available https://t.co/mOppC9xSf5 https://t.co/WOEBkTPLG1",-0.865760258296458,48,256,2,1,1,66148,1705,17402,-0.835718886342368,True,,reliable,,"Forever in our hearts. Today, our thoughts are with everyone who was affected by the Manchester Arena attack, including the families of the 22 people who so tragically lost their lives and with the hundreds who were injured. Support is available",245,41
79651,eD8d6Bb8vmXX,2017-05-23 08:32:48+00:00,Bx4BRlp,#Azerbaijan #NKpeace #Karabakh #OSCE #EU #Armenia Azerbaijani Foreign Ministry condemns Manchester bomb attack https://t.co/0qQwZxE6QN,-0.862468816257373,0,0,0,1,0,457,645,9801,-0.862468816257373,True,,reliable,,Azerbaijan NKpeace Karabakh OSCE EU Armenia Azerbaijani Foreign Ministry condemns Manchester bomb attack,104,13
56962,0GnQar6A0wZv,2017-05-24 10:39:03+00:00,nVElVG,Anastacia gets emotional as she reveals why she's still performing at Manchester Arena following devastating… https://t.co/V7F8rjdImP,-0.571885032070072,0,0,0,1,0,52,377,310328,-0.674236996912593,True,,reliable,,Anastacia gets emotional as she reveals why she's still performing at Manchester Arena following devastating,108,15
42751,arOVZMPQ6MXQ,2017-06-16 12:39:27+00:00,xvBDMB,@PatrickCragg @jackbern23 @donne_mark The death toll obviously horribly influences disaster narratives. Grenfell now known to have killed more than the Manchester Arena bomb...,-0.964284322305627,0,1,1,0,0,1431,1429,85508,-0.720470963940101,True,,reliable,,The death toll obviously horribly influences disaster narratives. Grenfell now known to have killed more than the Manchester Arena bomb...,138,20
50780,oQ6XRG4b1NQR,2017-05-25 10:29:07+00:00,W6X9RJEY80lq,"the last time the Tories had control of Rochdale council was nearly 40 years ago in 1979 

it was scourge of... https://t.co/ua8VRpGITx",0.0,0,0,0,1,0,0,4,3523,0.325979647873875,True,,reliable,,the last time the Tories had control of Rochdale council was nearly 40 years ago in 1979 it was scourge of...,109,21
87851,79Y7JpWYLpwJ,2017-05-23 00:27:20+00:00,ODZzvPp,@mikkiconnors  'Gunman outside #Oldham  hospital moments after #Manchester concert blast'. Manchester under attack?  https://t.co/wz4nw1tWvi,-0.476657605574574,0,0,0,1,0,1562,30,125510,-0.697786463980821,Fake,Oldham hospital,misinformation,Oldham hospital,'Gunman outside Oldham hospital moments after Manchester concert blast'. Manchester under attack?,97,12
6983,lexVjAQnBOQNK,2021-11-15 11:23:06+00:00,jMERO7xwKlp8,"@BBCNews 40,000 terror watchlist. 90 % moslem. Nothing is done. Bogus refugee terrorists at Manchester Arena, Reading and Putney atrocities. What happened to “ if it saves one life “?",-0.709560194985489,0,1,0,0,0,2430,5092,59518,-0.814769299554064,Fake,Refugee bomber,misinformation,Refugee bomber,"40,000 terror watchlist. 90 moslem. Nothing is done. Bogus refugee terrorists at Manchester Arena, Reading and Putney atrocities. What happened to if it saves one life ?",169,27
75515,n7DBZowv77eZ,2017-05-23 10:30:01+00:00,abKDlQ,Dedicated emergency hotline set up for anyone concerned about family or friends #ManchesterAttack https://t.co/SZBZF9L5k7,0.557370401713154,2,1,0,1,0,351089,2832,510839,-0.268465734233559,True,,reliable,,Dedicated emergency hotline set up for anyone concerned about family or friends ManchesterAttack,96,13
81045,n7DnaElZ1X1v,2017-05-23 07:39:50+00:00,YAlWnbK,Manchester Arena attack leaves parents searching for kids https://t.co/8YQ4eTiMLf via @MailOnline #MissingInManchester,-0.476657605574574,2,1,0,1,0,5886,2078,271197,-0.476657605574574,True,,reliable,,Manchester Arena attack leaves parents searching for kids via MissingInManchester,81,10
59909,DX3kM6XPmdZv,2017-05-24 00:26:04+00:00,qG4WJdK,"3Novices:'Broken': Ariana Grande Responds After Arena Attack https://t.co/oPdiQUhS36 'From the bottom of my heart, i am so so sorry. i don…",-0.757936728959867,0,0,0,1,0,755,1065,1517636,-0.646851852863072,True,,reliable,,"3Novices 'Broken' Ariana Grande Responds After Arena Attack 'From the bottom of my heart, i am so so sorry. i don",113,21
13101,man36Z1womdvx,2020-11-10 15:09:32+00:00,Y48Vd7,"Our collaborative work with insurers to bring a fraudster to justice who exploited tragedies including Grenfell Tower fire, and the Manchester Arena and London Bridge terror attacks, was recently highlighted on @BBCOne Claimed and Shamed. Find out more: https://t.co/UdHFPgRQQt",-0.96379974715012,0,6,0,1,0,3632,1024,3015,-0.961581427621549,True,,reliable,,"Our collaborative work with insurers to bring a fraudster to justice who exploited tragedies including Grenfell Tower fire, and the Manchester Arena and London Bridge terror attacks, was recently highlighted on Claimed and Shamed. Find out more",244,37
33491,o98ZAOwNZ1p4,2018-03-27 11:50:10+00:00,AR8qrL,"An apology from @VodafoneUK for distress caused by failure of telephone system, which meant police were unable to issue incident response number following Manchester Arena attack. Company calls failure ""unacceptable"" and says it's carrying out a ""major upgrade"" of the system.",-0.939267596636045,8,7,3,0,0,332050,1075,76752,-0.561227920005825,True,,reliable,,"An apology from for distress caused by failure of telephone system, which meant police were unable to issue incident response number following Manchester Arena attack. Company calls failure ""unacceptable"" and says it's carrying out a ""major upgrade"" of the system.",264,40
34397,ONp6nvJaPWem,2018-02-11 04:27:09+00:00,kY3RBl,How Ariana Grande reacted to Manchester attack https://t.co/rEZTEpolTt https://t.co/1Q7Q3zUEj4,-0.476657605574574,0,0,0,1,1,628038,4143,297160,-0.558960347859637,True,,reliable,,How Ariana Grande reacted to Manchester attack,46,7
41085,0EE17oaA7BMr,2017-07-26 15:39:34+00:00,lebl31B,Every single one of us can help pay tribute to 8 year old Saffie killed in #Manchester Arena attack Her parents appeal for you to RT please,-0.612372435695795,64,29,3,0,0,39543,867,23720,-0.484382399965101,True,,reliable,,Every single one of us can help pay tribute to 8 year old Saffie killed in Manchester Arena attack Her parents appeal for you to RT please,138,27
19955,jVbP9blr6XRk,2019-10-25 21:42:02+00:00,Gnxad7qB4mne,"@colettebrowne Well if they did recuse the Manchester bomber , if they hadn't a lot of people would still be alive. https://t.co/qQjyTAzGDz",0.571885032070072,0,0,0,1,0,1436,4173,49078,0.636117161902917,True,,reliable,,"Well if they did recuse the Manchester bomber , if they hadn't a lot of people would still be alive.",100,20
83316,3GLRDGWKAaVd,2017-05-23 06:20:56+00:00,p6PBA7V,Live updates: 19 killed in terror attack at Manchester concert https://t.co/q4R54AtdB9 via @yahoo,-0.900070320740819,0,0,0,1,0,52,240,5510,-0.900070320740819,True,,reliable,,Live updates 19 killed in terror attack at Manchester concert via,65,11
3178,OOAx9NrEv77WG,2022-10-30 14:42:25+00:00,V3OWvBqpOVdvk,"@MaryRiddell Unlike you, she's determined to prevent this sort of thing but the left wants open borders  https://t.co/a5GrzSHjeA",0.421463615211762,0,0,0,1,0,266,265,7863,0.106812466838395,Fake,Refugee bomber,misinformation,Refugee bomber,"Unlike you, she's determined to prevent this sort of thing but the left wants open borders",90,16
55419,V9E4ekpqYx70,2017-05-24 14:04:34+00:00,qX74QE,"BREAKING: Four people in custody #westandtogether #PrayForManchester
https://t.co/Z4vTmXcVcw",0.0,0,0,0,1,0,96384,970,188118,-0.313996404048893,True,,reliable,,BREAKING Four people in custody westandtogether PrayForManchester,65,7
20511,0M7YeMd4W7oO,2019-09-01 16:15:26+00:00,owYYzJ9MP3vE,Manchester Arena attack: Family criticises The 1975 suicide vest video - https://t.co/PUOIyv1DCn,-0.872021592554982,0,0,0,1,0,10,91,82314,-0.582091230729048,True,,reliable,,Manchester Arena attack Family criticises The 1975 suicide vest video -,71,11
24485,7raDRDJvLzOP,2019-01-29 23:37:08+00:00,BMjz0d,"Well impressed with Massive Attack at Manchester Arena (Manchester, UK). Ended up in the gentle sway pit and everything.",0.612372435695795,0,2,0,0,0,1693,1370,6493,0.612372435695795,True,,reliable,,"Well impressed with Massive Attack at Manchester Arena Manchester, UK . Ended up in the gentle sway pit and everything.",119,20
19389,QrZn1nQpbjnjV,2020-01-13 19:00:59+00:00,6dK6w6L8A1Ym,"@RealappraiserSC @thehill May, 2017, leaked to the press info about the Manchester Arena bombing, including the identity of the attacker and a picture of the bomb, jeopardizing the investigation.
3/",-0.848122265505103,0,0,0,0,0,294,158,102820,-0.848122265505103,True,,reliable,,"May, 2017, leaked to the press info about the Manchester Arena bombing, including the identity of the attacker and a picture of the bomb, jeopardizing the investigation. 3",171,28
10958,0WpkB7RoGp3P6,2021-04-08 21:59:50+00:00,lenOEaQqXPVwq,Manchester Arena bomber's brother denies prison guard attack https://t.co/i8VYD9bXuI,-0.848122265505103,0,0,0,1,0,266,130,196745,-0.682841430162895,True,,reliable,,Manchester Arena bomber's brother denies prison guardattack,59,7
72780,WPJ69jpbq9MV,2017-05-23 12:00:09+00:00,0arP9Kr,Islamic State group says one of its members carried out last night's attack at Manchester Arena #CapitalReports https://t.co/KzOyqmSCTC,-0.476657605574574,1,0,0,1,1,4428,2912,28739,-0.663539545723352,True,,reliable,,Islamic State group says one of its members carried out last night's attack at Manchester Arena CapitalReports,110,17
9202,4z0GaGjLYEpo4,2021-06-20 07:44:13+00:00,jMERO7xwKlp8,"@GBNEWS Next interview relatives of those killed, injured and raped by refugees. Start with the 3 gay men in Reading or Manchester arena, or Putney tube bomb. All carried out my moslem “refugees”.",-0.943242218283799,0,0,0,0,0,2430,5092,59518,-0.814769299554064,Fake,Refugee bomber,misinformation,Refugee bomber,"Next interview relatives of those killed, injured and raped by refugees. Start with the 3 gay men in Reading or Manchester arena, or Putney tube bomb. All carried out my moslem refugees.",186,32
15001,xdkXjqLX4erVM,2020-09-07 08:24:52+00:00,o3ZWw,"Public inquiry into Manchester Arena terror attack begins

https://t.co/OtqeEPqqVP https://t.co/nxuPDIpsYu",-0.757936728959867,19,70,13,1,0,15082510,84,518019,-0.543472815686151,True,,reliable,,Public inquiry into Manchester Arena terror attack begins,57,8
62113,4GpeXOkqOkar,2017-05-23 20:41:09+00:00,Kp8DxK4,Manchester Arena: 22 killed in Ariana Grande concert terror attack (CNN) https://t.co/U0eQUvtYOP,-0.900070320740819,0,0,0,1,0,123,302,4983,-0.900070320740819,True,,reliable,,Manchester Arena 22 killed in Ariana Grande concert terror attack CNN,69,11
76668,ronQqKEVLz4G,2017-05-23 09:53:06+00:00,4VDmQq,Children among 22 dead in Manchester Arena suicide attack https://t.co/18RGTRvLwJ #children,-0.916941237710853,0,0,0,1,0,9762,1565,884722,-0.916941237710853,True,,reliable,,Children among 22 dead in Manchester Arena suicide attack children,66,10
65749,WPJQBj9bkZEX,2017-05-23 16:36:43+00:00,9erAbED,Ariana Grande's Mom Helped Rush Fans to Safety After Attack at Manchester Arena https://t.co/HXR1GS1Pas,0.25,0,0,0,1,0,2865,1554,51838,0.25,True,,reliable,,Ariana Grande's Mom Helped Rush Fans to Safety After Attack at Manchester Arena,79,13
37489,nqXALRvMQBwZ,2017-11-24 18:46:23+00:00,93BpEJl0EbKE,ILoveMCR: RT MayorofGM: Here is the breakdown of the costs incurred by our emergency services in their response to the Manchester Arena attack. https://t.co/M2Nu0vj0Bz,-0.690774742992202,0,0,0,1,1,140,136,59012,-0.333979825851524,True,,reliable,,ILoveMCR RT MayorofGM Here is the breakdown of the costs incurred by our emergency services in their response to the Manchester Arena attack.,141,23
49174,robXY97ow68O,2017-05-26 02:19:41+00:00,DY1MLG7,Help raise £50000 to Support families of those killed or injured in the Manchester Arena attack. https://t.co/7KpBN1pNO7,-0.709560194985489,0,0,0,1,0,123,36,231,-0.709560194985489,True,,reliable,,Help raise 50000 to Support families of those killed or injured in the Manchester Arena attack.,95,16
47027,wZXon4oqAKW3,2017-05-28 10:15:24+00:00,GlZzJG,Manchester attack: Katy Perry pays tribute to victims at London show https://t.co/mjpD9S4DkY #breakingnews #news,-0.68082252702501,0,0,0,1,0,560,593,627270,-0.559419618610613,True,,reliable,,Manchester attack Katy Perry pays tribute to victims at London show breakingnews news,85,13
9288,xd3Va3zdoexRd,2021-06-18 05:54:50+00:00,ew7bAjz74qAwX,"Manchester Arena bombing: Hashem Abedi receives life sentenceThe victims were “failed on every level”, one grieving father said last night as the inquiry report was published. Paul Hett – whose son Martyn, 29, died in the attack by Salman Abedi – said

https://t.co/DhDksYjQxO",-0.937127104577154,0,0,0,1,0,3,2,3778,-0.937127104577154,True,,reliable,,"Manchester Arena bombing Hashem Abedi receives life sentenceThe victims were failed on every level, one grieving father said last night as the inquiry report was published. Paul Hett whose son Martyn, 29, died in the attack by Salman Abedi said",244,40
86983,xrQeo1b0L0AM,2017-05-23 01:37:54+00:00,9EPMzoR,A Manchester hotel has taken in 50 children after explosion at Ariana Grande concert https://t.co/yHu8PppME9,0.0,22,27,1,1,0,313859,2718,225327,0.0,Fake,Children sheltered in hotels,misinformation,Children sheltered in hotels,A Manchester hotel has taken in 50 children after explosion at Ariana Grande concert,84,14
70339,oQkJKDw4kWaP,2017-05-23 13:14:59+00:00,eOeQn8O,Death toll at 22 ISIS claims responsibility -Ariana Granda concert ends in death and terror.... https://t.co/FGRf2Ad7cw,-0.904216237352023,0,0,0,1,0,1211,429,5727,-0.904216237352023,True,,reliable,,Death toll at 22 ISIS claims responsibility -Ariana Granda concert ends in death and terror....,95,15
