text,is_rumor,user.handle,topic,label,cleaned_tweet,word_count
A few of the best cartoons drawn &amp; shared in solidarity with #CharlieHebdo after yesterday's massacre #JeSuisCharlie http://t.co/qLj480gcxd,0,Beltrew,charliehebdo,not_rumour,A few of the best cartoons drawn amp shared in solidarity with CharlieHebdo after yesterday's massacre JeSuisCharlie,17
"The Canadian soldier shot at the War Memorial has died, officials reported. http://t.co/uKQg1qVQm6 #OttawaShooting http://t.co/bbG09qLY26",1,CNN,ottawashooting,rumour,"The Canadian soldier shot at the War Memorial has died, officials reported. OttawaShooting",13
"please repost this and stay out of Sydney on New Years, better safe than sorry! http://t.co/hh0PHk55Ps",1,emilywby,sydneysiege,rumour,"please repost this and stay out of Sydney on New Years, better safe than sorry!",15
Terrible news... Airbus A320 from Barcelona to Dusseldorf has crashed in France (Germanwings Flight 9525). http://t.co/C3zpWZ5bIF,1,champ_ian,germanwings-crash,rumour,Terrible news... Airbus A320 from Barcelona to Dusseldorf has crashed in France Germanwings Flight 9525 .,16
"DETAILS: Car chase in norhteastern France, hostages taken by #CharlieHebdo suspects http://t.co/G6eunBDIrj http://t.co/sWDOsIfEnP",1,RT_com,charliehebdo,rumour,"DETAILS Car chase in norhteastern France, hostages taken by CharlieHebdo suspects",11
The barricade of chairs MPs built to protect themselves from #OttawaShootings http://t.co/chVwXoViH9 http://t.co/L6maa7jonq,0,BBCWorld,ottawashooting,not_rumour,The barricade of chairs MPs built to protect themselves from OttawaShootings,11
"Canadian police say #OttawaShooting ""caught us by surprise"" http://t.co/xpS6u85aRh http://t.co/ojAcFkiORc",0,BBCWorld,ottawashooting,not_rumour,"Canadian police say OttawaShooting ""caught us by surprise""",8
BREAKING: Five have now escaped a hostage situation at a cafe in downtown Sydney #sydneysiege http://t.co/gl30dy8PYN http://t.co/7oYbXnAeKV,1,Independent,sydneysiege,rumour,BREAKING Five have now escaped a hostage situation at a cafe in downtown Sydney sydneysiege,15
Who is in Ferguson? Who can livestream? Who can tweet? The world needs to know what is going on. Let's show them. #Ferguson #OpFerguson,0,YourAnonNews,ferguson,not_rumour,Who is in Ferguson? Who can livestream? Who can tweet? The world needs to know what is going on. Let's show them. Ferguson OpFerguson,24
#BREAKING Canadian officials: Soldier shot in Ottawa has died http://t.co/ddbmihjxGB,1,USATODAY,ottawashooting,rumour,BREAKING Canadian officials Soldier shot in Ottawa has died,9
"BREAKING: Three Sydney hostages flee cafe, Australian TV networks report http://t.co/gZ5EXZIrwa",1,NBCNews,sydneysiege,rumour,"BREAKING Three Sydney hostages flee cafe, Australian TV networks report",10
God bless all the hostages being held in Sydney today .. I pray that this all ends well and nobody gets hurt !!,0,MariamDiamond,sydneysiege,not_rumour,God bless all the hostages being held in Sydney today .. I pray that this all ends well and nobody gets hurt !!,23
"Right when we thought things were beginning to cool down, bam! #Ferguson",0,MichaelSkolnik,ferguson,not_rumour,"Right when we thought things were beginning to cool down, bam! Ferguson",12
Our last position reports of the Germanwings plane shows a very rapid descent http://t.co/OhJAEeyVoK,1,planefinder,germanwings-crash,rumour,Our last position reports of the Germanwings plane shows a very rapid descent,13
"What's happening in Sydney will happen in the uk it's inevitable, and our political leaders will have blood on their hands",0,TRobinsonNewEra,sydneysiege,not_rumour,"What's happening in Sydney will happen in the uk it's inevitable, and our political leaders will have blood on their hands",21
"UPDATE: Reports the gunman has released three hostages, with the six hour #siege unravelling. Details to come. #9News",1,9NewsSyd,sydneysiege,rumour,"UPDATE Reports the gunman has released three hostages, with the six hour siege unravelling. Details to come. 9News",18
200 cops in riot gear in #ferguson because there is a prayer circle and a concerned compassionate community,1,rtgarden,ferguson,rumour,200 cops in riot gear in ferguson because there is a prayer circle and a concerned compassionate community,18
At least 11 dead in Muslim terror attack on France.  Show your support by posting Charlie Hebdo cartoons. #banislam http://t.co/85PozIrhHg,0,destroyoislamo,charliehebdo,not_rumour,At least 11 dead in Muslim terror attack on France. Show your support by posting Charlie Hebdo cartoons. banislam,19
US Embassy in Paris changes Twitter pic to #JeSuisCharlie @USEmbassyFrance http://t.co/amZEARKIHq,0,donie,charliehebdo,not_rumour,US Embassy in Paris changes Twitter pic to JeSuisCharlie,9
"Some press now blurring CharlieHebdo cartoons as cartoonists foresaw. This one says ""Charlie Hebdo Should be Veiled"" http://t.co/x857AJFa3F",0,PGourevitch,charliehebdo,not_rumour,"Some press now blurring CharlieHebdo cartoons as cartoonists foresaw. This one says ""Charlie Hebdo Should be Veiled""",17
"""Putin umer"" or ""Putin has died,"" is now trending on the Russian Internet. @LToddWood #putindead",1,MikeDiazFL,putinmissing,rumour,"""Putin umer"" or ""Putin has died,"" is now trending on the Russian Internet. putindead",14
"Lots of people -- some prayerful, some sad, some angry -- have gathered outside the #Ferguson police headquarters http://t.co/KfbHCGNrzk",0,AntonioFrench,ferguson,not_rumour,"Lots of people -- some prayerful, some sad, some angry -- have gathered outside the Ferguson police headquarters",18
"NHL reportedly monitoring situation in Ottawa after shootings, could postpone Sens/Leafs game. http://t.co/OavGx3e04I http://t.co/kIybRf4D5y",0,theScore,ottawashooting,not_rumour,"NHL reportedly monitoring situation in Ottawa after shootings, could postpone Sens Leafs game.",13
"#Ottawa police confirm to #CBCNews they are still seeking 1 or more suspects after shootings on Parliament Hill, War Memorial, nearby mall.",1,CBCAlerts,ottawashooting,rumour,"Ottawa police confirm to CBCNews they are still seeking 1 or more suspects after shootings on Parliament Hill, War Memorial, nearby mall.",22
"Jihadist flags &amp; petrol bombs found in car used by #CharlieHebdo attack suspects, sources tell French media http://t.co/9ZvWyifaLk",0,BBCBreaking,charliehebdo,not_rumour,"Jihadist flags amp petrol bombs found in car used by CharlieHebdo attack suspects, sources tell French media",17
I was briefed overnight on the siege in Sydney. It's deeply concerning and my thoughts are with all those caught up in it.,0,David_Cameron,sydneysiege,not_rumour,I was briefed overnight on the siege in Sydney. It's deeply concerning and my thoughts are with all those caught up in it.,23
"When police are militarized, they go to war with citizens. #Ferguson http://t.co/WHMDzIegv1",0,akronwobbly,ferguson,not_rumour,"When police are militarized, they go to war with citizens. Ferguson",11
#Canada journalist captures outbreak of small-arms fire inside Parliament building in #Ottawa: http://t.co/oFsOV9xva2,1,Charles_Lister,ottawashooting,rumour,Canada journalist captures outbreak of small-arms fire inside Parliament building in Ottawa,12
Why Putin’s “Coup” Might be a Staged Event to Win Back the West | FrontPage Magazine http://t.co/BRf63GD6o3,1,Sultanknish,putinmissing,rumour,Why Putins Coup Might be a Staged Event to Win Back the West FrontPage Magazine,15
If Sydney had been Texas 10 customers would have drawn guns the moment the ISIS terrorist walked in... #2A,0,ChuckNellis,sydneysiege,not_rumour,If Sydney had been Texas 10 customers would have drawn guns the moment the ISIS terrorist walked in... 2A,19
Radical Muslim cleric Sheik Man Haron Monis has been revealed as the gunman behind #SydneySiege: http://t.co/7Q4Vnj6EOb #9News,1,9NewsSyd,sydneysiege,rumour,Radical Muslim cleric Sheik Man Haron Monis has been revealed as the gunman behind SydneySiege 9News,16
NEW DEVELOPMENT: Pentagon supplied St. Louis County police with military-grade weapons. #Ferguson,1,TheAnonMessage2,ferguson,rumour,NEW DEVELOPMENT Pentagon supplied St. Louis County police with military-grade weapons. Ferguson,12
"French PM says he fears those aboard the #Germanwings Airbus A320 jetliner may be dead. http://t.co/AJji9cN1w2
https://t.co/8q1zCYZhN5",0,CNN,germanwings-crash,not_rumour,French PM says he fears those aboard the Germanwings Airbus A320 jetliner may be dead.,15
Crash of the Germanwings flight is extremely unfortunate. We share the sorrow &amp; pain of the families of those on board.,0,narendramodi,germanwings-crash,not_rumour,Crash of the Germanwings flight is extremely unfortunate. We share the sorrow amp pain of the families of those on board.,21
"Such a moving photo from @mariotestino, it actually brought a tear to my eye. #JeSuisCharlie http://t.co/s8Zv6gtK96",0,TanyaBurr,charliehebdo,not_rumour,"Such a moving photo from , it actually brought a tear to my eye. JeSuisCharlie",15
#Ferguson officials to release name of cop who shot Michael Brown on Friday http://t.co/x0P9yUhzUU http://t.co/Gk2DxncNov,1,NBCNews,ferguson,rumour,Ferguson officials to release name of cop who shot Michael Brown on Friday,13
"#Ferguson Police Chief Thomas Jackson: “I’m not going anywhere, I’m going to stay and see this through.” #NewDay http://t.co/ZFH4Hh0ty7",0,NewDay,ferguson,not_rumour,"Ferguson Police Chief Thomas Jackson Im not going anywhere, Im going to stay and see this through. NewDay",18
French president: No survivors likely in Germanwings crash http://t.co/ZCVYX4B1lQ,1,HuffingtonPost,germanwings-crash,rumour,French president No survivors likely in Germanwings crash,8
“Stay safe Ottawa” is a phrase that need never be uttered in a just world.,0,TheTweetOfGod,ottawashooting,not_rumour,Stay safe Ottawa is a phrase that need never be uttered in a just world.,15
Thousands tweet declaring their solidarity with Muslims... #IllRideWithYou #sydneysiege http://t.co/Lq0VjkWreY http://t.co/DRsCNjqt4y,0,Independent,sydneysiege,not_rumour,Thousands tweet declaring their solidarity with Muslims... IllRideWithYou sydneysiege,9
BREAKING - Shooting on Parliament Hill. RCMP have weapons drawn #cdnpoli http://t.co/38qOgXcuet,1,RichardMadan,ottawashooting,rumour,BREAKING - Shooting on Parliament Hill. RCMP have weapons drawn cdnpoli,11
"While all eyes on #sydneysiege - 5 shot dead in Philadelphia, in the much bigger acceptable terrorism of US gun crime http://t.co/9N4VUmhhml",0,peterjukes,sydneysiege,not_rumour,"While all eyes on sydneysiege - 5 shot dead in Philadelphia, in the much bigger acceptable terrorism of US gun crime",21
Military coup in #Kremlin and putin has been removed from power? Bullsh1t! 89% Russian people support &amp; adore him! putin is their new stalin,1,ZombieTVonline,putinmissing,rumour,Military coup in Kremlin and putin has been removed from power? Bullsh1t! 89 Russian people support amp adore him! putin is their new stalin,24
"A @germanwings A322 #4U9525, BCN-DUS,  with at least 143 passengers has crashed today at 9.39 UTC http://t.co/L7Wtodurt7",1,AircraftTalking,germanwings-crash,rumour,"A A322 4U9525, BCN-DUS, with at least 143 passengers has crashed today at 9.39 UTC",15
Chambers and W. Florissant right now. #Ferguson http://t.co/fLag6Sw0MU,0,AntonioFrench,ferguson,not_rumour,Chambers and W. Florissant right now. Ferguson,7
Police in Canada have confirmed to NBC that multiple gunmen were involved in what appears to be coordinated series of shootings in #Ottawa,1,LukeRussert,ottawashooting,rumour,Police in Canada have confirmed to NBC that multiple gunmen were involved in what appears to be coordinated series of shootings in Ottawa,23
"#France's most famous cartoonist, 87 year old Uderzo - father of Asterix - comes out of retirement for #CharlieHebdo. http://t.co/SyNChbpYD6",0,WilliamsJon,charliehebdo,not_rumour,"France's most famous cartoonist, 87 year old Uderzo - father of Asterix - comes out of retirement for CharlieHebdo.",19
Witness tells #CBCNews suspected shooter of uniformed soldier at #Ottawa's War Memorial was carrying rifle.,1,CBCAlerts,ottawashooting,rumour,Witness tells CBCNews suspected shooter of uniformed soldier at Ottawa's War Memorial was carrying rifle.,15
UPDATE @flightradar24 altitude &amp; speed chart of #4U9525 http://t.co/wGXZMtDVDI http://t.co/pFdVDioV0e,0,airlivenet,germanwings-crash,not_rumour,UPDATE altitude amp speed chart of 4U9525,7
Field near printers has become a makeshift helicopter pad for airforce and gendarmerie Puma helicopters #charliehebdo http://t.co/O5VQOFpWlV,1,RobNisbetSky,charliehebdo,rumour,Field near printers has become a makeshift helicopter pad for airforce and gendarmerie Puma helicopters charliehebdo,16
Star photographer Steve Russell shows how long the Prince lineup at Massey Hall is right now. http://t.co/tnpmrN08fp,1,karonliu,prince-toronto,rumour,Star photographer Steve Russell shows how long the Prince lineup at Massey Hall is right now.,16
"2/2 on 4U 9525. If our fears are confirmed, this is a dark day for Germanwings."" Carsten Spohr",0,Lufthansa_DE,germanwings-crash,not_rumour,"2 2 on 4U 9525. If our fears are confirmed, this is a dark day for Germanwings."" Carsten Spohr",19
"That was very ""SLICK"" of the Police Chief to create a narrative that #MikeBrown was a ""suspect"" in a robbery!  #Ferguson",1,edeweysmith,ferguson,rumour,"That was very ""SLICK"" of the Police Chief to create a narrative that MikeBrown was a ""suspect"" in a robbery! Ferguson",21
"Construction on red Square, mystery announcement &amp; the Russian flag has been taken down over the Kremlin. #PutinDead? http://t.co/xcpAEi6iof",1,AlanaBowker,putinmissing,rumour,"Construction on red Square, mystery announcement amp the Russian flag has been taken down over the Kremlin. PutinDead?",18
"BREAKING NEWS: CBC confirms photo of Michael Zehaf-Bibeau, the gunman in the Ottawa shooting - http://t.co/58IK7FMcA1 http://t.co/HmCjJGCn0F",1,PzFeed,ottawashooting,rumour,"BREAKING NEWS CBC confirms photo of Michael Zehaf-Bibeau, the gunman in the Ottawa shooting -",15
"""But who wants the English in Europe?"" Quite enjoying some of these #CharlieHebdo covers: https://t.co/p0QS7l0q1H http://t.co/GmzJnnhwc3",0,richardjgodwin,charliehebdo,not_rumour,"""But who wants the English in Europe?"" Quite enjoying some of these CharlieHebdo covers",14
"After their exclusives on Putin and Kabayeva's first two babies, Page Six must be mad at getting scooped on the third http://t.co/8fKIjzW8dw",1,maxseddon,putinmissing,rumour,"After their exclusives on Putin and Kabayeva's first two babies, Page Six must be mad at getting scooped on the third",21
#Toronto if you can't get in to see #princeTO then get a #Prince pizza from Dino http://t.co/hqGmtiT6r0 @FiratDino,1,MYNAMEISKHANcdn,prince-toronto,rumour,Toronto if you can't get in to see princeTO then get a Prince pizza from Dino,16
Here's a rundown of the cartoons the #Muslim savages in Paris just slaughtered 12 people over: http://t.co/lg5H5cxXbW http://t.co/K1m6vMAPWh,0,BradThor,charliehebdo,not_rumour,Here's a rundown of the cartoons the Muslim savages in Paris just slaughtered 12 people over,16
"They desecrated #mikebrown's body then they desecrated his memory and plight for justice. 

EXPLAIN THIS. 

#Ferguson #DONTSHOOT",1,elonjames,ferguson,rumour,They desecrated mikebrown's body then they desecrated his memory and plight for justice. EXPLAIN THIS. Ferguson DONTSHOOT,17
DEVELOPING: #CharlieHebdo shooting suspects holed up in premises of construction company http://t.co/G6eunBDIrj http://t.co/Jw357f31GO,1,RT_com,charliehebdo,rumour,DEVELOPING CharlieHebdo shooting suspects holed up in premises of construction company,11
Canada's parliament building locked down after shooting; at least one guard injured: http://t.co/Nrsnlg2s04 Photo: AP http://t.co/qPXF4IF6aM,1,WSJLive,ottawashooting,rumour,Canada's parliament building locked down after shooting at least one guard injured Photo AP,14
Gun fire exchange in Parliament Hill building #Ottawa #parliament #shooting #Canada #BeSafeOttawa -https://t.co/9RDjNvVkJW via @martinvass2,1,MartinVass2,ottawashooting,rumour,Gun fire exchange in Parliament Hill building Ottawa parliament shooting Canada BeSafeOttawa - via,14
#BREAKING IS radio praises Charlie Hebdo attackers as 'heroes',0,AFP,charliehebdo,not_rumour,BREAKING IS radio praises Charlie Hebdo attackers as 'heroes',9
Love is stronger than hate #CharlieHebdo http://t.co/XegvHUoHsD,0,monaeltahawy,charliehebdo,not_rumour,Love is stronger than hate CharlieHebdo,6
LIVE: Paris on alert as gunmen kill twelve in massacre at #CharlieHebdo magazine office: http://t.co/q0K4AorQmJ http://t.co/rb4DycPVeC,1,vicenews,charliehebdo,rumour,LIVE Paris on alert as gunmen kill twelve in massacre at CharlieHebdo magazine office,14
#Ferguson chief said the officer was unaware of any robbery &amp; stopped #MikeBrown for jay walking. #TheJig http://t.co/uLWzIJH5WJ,1,Bossip,ferguson,rumour,Ferguson chief said the officer was unaware of any robbery amp stopped MikeBrown for jay walking. TheJig,17
"#Putindead?Njet!Just got bored with Kremlintowers,so busy moving to #Zutphen!Dutch City of many amazing Towers! #vvv http://t.co/ZsWD0F1ikl",0,TorensInBewging,putinmissing,not_rumour,"Putindead?Njet!Just got bored with Kremlintowers,so busy moving to Zutphen!Dutch City of many amazing Towers! vvv",15
BREAKING: A source confirms to CP24 that the deceased soldier in Ottawa is Cpl. Nathan Cirillo. Cirillo was a member of the Hamilton Argylls,1,CP24,ottawashooting,rumour,BREAKING A source confirms to CP24 that the deceased soldier in Ottawa is Cpl. Nathan Cirillo. Cirillo was a member of the Hamilton Argylls,24
"UPDATED: Shots fired on Parliament Hill, soldier injured at National War Memorial http://t.co/eyhV6c2yiv http://t.co/wy63eYJbB1",1,CP24,ottawashooting,rumour,"UPDATED Shots fired on Parliament Hill, soldier injured at National War Memorial",12
"BREAKING: Instead of dispersing, protesters got on their knees with their hands up. http://t.co/mvPftWrnEs #Ferguson",0,YourAnonGlobal,ferguson,not_rumour,"BREAKING Instead of dispersing, protesters got on their knees with their hands up. Ferguson",14
BREAKING: Australian National Imams Council condemns Sydney siege http://t.co/qFdU4gHjAE,0,AlArabiya_Eng,sydneysiege,not_rumour,BREAKING Australian National Imams Council condemns Sydney siege,8
#Ferguson Police apparently has a history of fabrication.  http://t.co/x1d3QTfEBx,1,SistahScholar,ferguson,rumour,Ferguson Police apparently has a history of fabrication.,8
5 people have been able to get out of Sydney cafe during hostage situation: http://t.co/DBgNP6sqFG http://t.co/Q3ECKnYfPV,1,ABC,sydneysiege,rumour,5 people have been able to get out of Sydney cafe during hostage situation,14
"A320 search &amp; rescue teams are said to be heading to the crash site at Méolans-Revel in the French Alps
#Germanwings http://t.co/gkBze2MTkx",0,Independent,germanwings-crash,not_rumour,A320 search amp rescue teams are said to be heading to the crash site at Molans-Revel in the French Alps Germanwings,21
Really hope #sydneysiege hostage are rescued. But worth noting most jihadi victims are Muslims http://t.co/Y0Gs7jspLE http://t.co/TxZu4vGDDx,0,sunny_hundal,sydneysiege,not_rumour,Really hope sydneysiege hostage are rescued. But worth noting most jihadi victims are Muslims,14
Why Putin’s “Coup” Might be a Staged Event to Win Back the West http://t.co/COmEK0Isn9,1,BlissTabitha,putinmissing,rumour,Why Putins Coup Might be a Staged Event to Win Back the West,13
UPDATE: The Australian Grand Mufti has strongly condemned the actions of the lone gunman in #SydneySiege. #9News http://t.co/9lSZ6cTqOV,0,9NewsSyd,sydneysiege,not_rumour,UPDATE The Australian Grand Mufti has strongly condemned the actions of the lone gunman in SydneySiege. 9News,17
"Ottawa friends—Canadians are with you, coast to coast. #OttawaShooting #cdnpoli",0,Raffi_RC,ottawashooting,not_rumour,"Ottawa friendsCanadians are with you, coast to coast. OttawaShooting cdnpoli",10
"BREAKING: #Germanwings co-pilot's name is Andreas Lubitz, a German national, says Marseilles prosecutor: http://t.co/1o08vXVzP8",1,cnni,germanwings-crash,rumour,"BREAKING Germanwings co-pilot's name is Andreas Lubitz, a German national, says Marseilles prosecutor",13
Australian Muslim community releases statement in response to #sydneysiege. http://t.co/r6UMUVGxHV,0,Y7News,sydneysiege,not_rumour,Australian Muslim community releases statement in response to sydneysiege.,9
#Ottawa Police say they are dealing with multiple suspects. Cannot confirm whether both/all have guns. Ottawa still pretty much locked down,1,l_stone,ottawashooting,rumour,Ottawa Police say they are dealing with multiple suspects. Cannot confirm whether both all have guns. Ottawa still pretty much locked down,22
No plans now that #Prince isn't performing in #Toronto? Come here for our surprise show w/ @MagnusBetner instead http://t.co/6QKYNrEBLt,1,comedybar,prince-toronto,rumour,No plans now that Prince isn't performing in Toronto? Come here for our surprise show w instead,17
How many lawsuits totalling how much $$$ are going to come out of the recent events in #Ferguson?,0,YourAnonNews,ferguson,not_rumour,How many lawsuits totalling how much are going to come out of the recent events in Ferguson?,17
Great Minds Think Alike But So Do DUMBASSES! Jesse Jackson: There's a '#Ferguson' near U http://t.co/PIlkbY2YB6 #tcot http://t.co/RRz31Fqc1m,0,AmyMek,ferguson,not_rumour,Great Minds Think Alike But So Do DUMBASSES! Jesse Jackson There's a 'Ferguson' near U tcot,16
just heard about the wretched events going on in sydney.. seeing this hurts because there's just nothing you can do to help.. #PrayForSydney,0,LOHANTHONY,sydneysiege,not_rumour,just heard about the wretched events going on in sydney.. seeing this hurts because there's just nothing you can do to help.. PrayForSydney,23
When white folks start discussing how POC should respond to blatant or covert racism &amp; oppression. -_- #Ferguson http://t.co/bjqZDZFOCY,0,ForRevolution,ferguson,not_rumour,When white folks start discussing how POC should respond to blatant or covert racism amp oppression. - - Ferguson,19
Paris police say 11 dead after shooting at French satirical weekly Charlie Hebdo http://t.co/K4WBMHDNxO,1,TIME,charliehebdo,rumour,Paris police say 11 dead after shooting at French satirical weekly Charlie Hebdo,13
Radical Forces Of A Big Blood To Take Over #Russia As #Putin Coup Rumors Fly Wildly! #VladimirPutin http://t.co/ZuHI0hpsKE,0,Putinizer,putinmissing,not_rumour,Radical Forces Of A Big Blood To Take Over Russia As Putin Coup Rumors Fly Wildly! VladimirPutin,17
"Ottawa Police report a third shooting at Rideau Centre, no reports of injuries.",1,newhot899,ottawashooting,rumour,"Ottawa Police report a third shooting at Rideau Centre, no reports of injuries.",13
I hope for everyones sake that this is fake but please just be careful if you live in or close to Sydney #sydneysiege http://t.co/NxwDSFVxqQ,1,Brianac5sos,sydneysiege,rumour,I hope for everyones sake that this is fake but please just be careful if you live in or close to Sydney sydneysiege,23
"The Salafi Response To The Terrorist Attacks In Paris, France: “Were they forbidding an evil?” by @AbuKhadeejahSP http://t.co/QcFbpdNH2e",0,SalafiPubs,charliehebdo,not_rumour,"The Salafi Response To The Terrorist Attacks In Paris, France Were they forbidding an evil? by",16
Free speech must not be silenced in the wake of Charlie Hebdo attack http://t.co/PcnpZcD9iM,0,guardian,charliehebdo,not_rumour,Free speech must not be silenced in the wake of Charlie Hebdo attack,13
Thousands of New Yorkers shut down Times Square in support of #JusticeForMikeBrown #Ferguson http://t.co/4YiZ7WPjuR,0,OccupyLondon,ferguson,not_rumour,Thousands of New Yorkers shut down Times Square in support of JusticeForMikeBrown Ferguson,13
UPDATE: Cop fatally shot as France hunts #CharlieHebdo massacre suspects http://t.co/DIw8C6Ng1s http://t.co/Rhfb6vC84P,1,NBCNews,charliehebdo,rumour,UPDATE Cop fatally shot as France hunts CharlieHebdo massacre suspects,10
"Community asks Nixon, ""why was your response delayed to our community?"" #Ferguson",0,BmoreConetta,ferguson,not_rumour,"Community asks Nixon, ""why was your response delayed to our community?"" Ferguson",12
Supermarket hostage-takers reportedly threaten to kill if police storm #CharlieHebdo suspects http://t.co/ATmBpjwW3b http://t.co/4auIDG7ljG,1,SkyNews,charliehebdo,rumour,Supermarket hostage-takers reportedly threaten to kill if police storm CharlieHebdo suspects,11
"#breaking Airbus A320 crashes in southern France with 148 people on board 
#Germanwings http://t.co/suRCtXRGsU",1,euronews,germanwings-crash,rumour,breaking Airbus A320 crashes in southern France with 148 people on board Germanwings,13
"Flags by terrorists in Sydney cafe read ""there is no God but Allah, Mohammed is the messenger of Allah"",but dare u bring religion into this!",0,ggiittiikkaa,sydneysiege,not_rumour,"Flags by terrorists in Sydney cafe read ""there is no God but Allah, Mohammed is the messenger of Allah"",but dare u bring religion into this!",25
Two police officers have been injured in a shooting in #Montrouge in southern #Paris - there is no direct link with the #CharlieHebdo attack,1,SkyNewsBreak,charliehebdo,rumour,Two police officers have been injured in a shooting in Montrouge in southern Paris - there is no direct link with the CharlieHebdo attack,24
#Putinmissing - just found him! #SundayFunday #VladimirPutin #Putin #putinnotdead http://t.co/FI9k9cKq7I http://t.co/HseiwTft5J,0,JonathanWadeCD,putinmissing,not_rumour,Putinmissing - just found him! SundayFunday VladimirPutin Putin putinnotdead,9
Why a hostage situation is neither the time nor place for selfies. #sydneysiege http://t.co/HuAR1JBrp2 http://t.co/UXnJUuSABn,0,Independent,sydneysiege,not_rumour,Why a hostage situation is neither the time nor place for selfies. sydneysiege,13
"#BREAKING @CNN reports #sydneysiege appears to be over. Two people are confirmed dead, three in serious condition.",1,CarolCNN,sydneysiege,rumour,"BREAKING reports sydneysiege appears to be over. Two people are confirmed dead, three in serious condition.",16
"If terrorism thrives on publicity, then the media has mostly played to script @Rory_Medcalf writes: http://t.co/eY2VcrnOJK #sydneysiege",0,LowyInstitute,sydneysiege,not_rumour,"If terrorism thrives on publicity, then the media has mostly played to script writes sydneysiege",15
PICTURES OF THE #PRINCEAMY QUEUING IN #TORONTO https://t.co/RkYChFJ2y4 SEND US YOUR PICS TO ADD TO OUR GALLERY! #PRINCE @3RDEYEGIRL,1,PrincePartyUK,prince-toronto,rumour,PICTURES OF THE PRINCEAMY QUEUING IN TORONTO SEND US YOUR PICS TO ADD TO OUR GALLERY! PRINCE,17
"Stephen Hawking's boycott hits Israel where it hurts;
rejection comes from a famous scientist now
#Ferguson  #Gaza http://t.co/QrWnHpE2cI",0,DrBasselAbuward,ferguson,not_rumour,Stephen Hawking's boycott hits Israel where it hurts rejection comes from a famous scientist now Ferguson Gaza,17
"Just be ready. When #Ferguson PD release the photo of #DarrenWilson, it will look something like this. http://t.co/JLT5TuaNdD",0,num1_fan,ferguson,not_rumour,"Just be ready. When Ferguson PD release the photo of DarrenWilson, it will look something like this.",17
Voltaire's gift: Why the battle for free speech is so important #CharlieHebdo http://t.co/7ioa4EHkju http://t.co/f9rwRMDani,0,BBCWorld,charliehebdo,not_rumour,Voltaire's gift Why the battle for free speech is so important CharlieHebdo,12
Germanwings Airbus A320 crashes in French Alps: flightradar data shows flight #4U9525 had rapid descent http://t.co/WcNAHONCnQ,1,guardian,germanwings-crash,rumour,Germanwings Airbus A320 crashes in French Alps flightradar data shows flight 4U9525 had rapid descent,15
"#OTTAWA SHOOTING: Police claim multiple suspects at large, ask people to avoid Paraliment area http://t.co/Zp9AKplH9p http://t.co/b3yQV4ewOs",1,RT_com,ottawashooting,rumour,"OTTAWA SHOOTING Police claim multiple suspects at large, ask people to avoid Paraliment area",14
"This is Rashaen Aldrige, 20. ""We're here to support the family, to let them know we have their back."" #Ferguson http://t.co/DECQ2VzS6Y",0,mattdpearce,ferguson,not_rumour,"This is Rashaen Aldrige, 20. ""We're here to support the family, to let them know we have their back."" Ferguson",20
"Meanwhile, in the Sydney CBD extremist lunatics hellbent on the destruction of modern Australia released a 2pm edition of their newspaper.",0,drunkenmadman,sydneysiege,not_rumour,"Meanwhile, in the Sydney CBD extremist lunatics hellbent on the destruction of modern Australia released a 2pm edition of their newspaper.",21
#RCMP advises if you are in downtown Ottawa to stay away from windows and off roofs due to ongoing police incident.,0,rcmpgrcpolice,ottawashooting,not_rumour,RCMP advises if you are in downtown Ottawa to stay away from windows and off roofs due to ongoing police incident.,21
Don't believe shit you see on TV. Residents of #Ferguson LIVE TWEETED this entire ordeal and we watched it unfold.,0,blowticious,ferguson,not_rumour,Don't believe shit you see on TV. Residents of Ferguson LIVE TWEETED this entire ordeal and we watched it unfold.,20
Reports coming out from Paris say the policeman murdered on the pavement was Ahmed Merabet. A French muslim. #JeSuisCharlie,0,nthurlbeck,charliehebdo,not_rumour,Reports coming out from Paris say the policeman murdered on the pavement was Ahmed Merabet. A French muslim. JeSuisCharlie,19
"WE OUT HERE IN #Ferguson cleaning up OUR city ! Handing out water, Gatorade, snacks, &amp; cleaning supplies #MikeBrown http://t.co/zmMRWFF0Ch",0,princebraden,ferguson,not_rumour,"WE OUT HERE IN Ferguson cleaning up OUR city ! Handing out water, Gatorade, snacks, amp cleaning supplies MikeBrown",19
"We're different, pls understand #JeSuisCharlie #NotInMyName http://t.co/4uoMLjd0t7",0,rasyadrizq,charliehebdo,not_rumour,"We're different, pls understand JeSuisCharlie NotInMyName",6
"When you feel justified in killing people over cartoons, you have clearly lost your mind. #CharlieHebdo",0,BinaShah,charliehebdo,not_rumour,"When you feel justified in killing people over cartoons, you have clearly lost your mind. CharlieHebdo",16
"My friend's mom is in Korea right now and she met Yonghwa, shooting for his drama. Here you go. http://t.co/fWmAScCY70",0,_juliyana,ottawashooting,not_rumour,"My friend's mom is in Korea right now and she met Yonghwa, shooting for his drama. Here you go.",19
"Saudi government to give 1,000 lashes today, outside a mosque, to a Saudi blogger who ""insulted islam” #jesuischarlie http://t.co/q8WzV7dkiO",0,bengoldacre,charliehebdo,not_rumour,"Saudi government to give 1,000 lashes today, outside a mosque, to a Saudi blogger who ""insulted islam jesuischarlie",18
"Prince never meant to cause you any sorrow, Massey Hall people standing in the rain.",1,joshvisser,prince-toronto,rumour,"Prince never meant to cause you any sorrow, Massey Hall people standing in the rain.",15
Watch: Hacker group says it will avenge #CharlieHebdo attack by shutting down jihadi websites http://t.co/fPhdD3W0xS http://t.co/nvMO0r45SI,0,Telegraph,charliehebdo,not_rumour,Watch Hacker group says it will avenge CharlieHebdo attack by shutting down jihadi websites,14
How President Obama Sold Out Charlie Hebdo http://t.co/MTKYYiYqdw,0,FDRLST,charliehebdo,not_rumour,How President Obama Sold Out Charlie Hebdo,7
If there's a Sydney-style attack in the U.S. all these anti-cop protests will end in about two seconds.,0,exjon,sydneysiege,not_rumour,If there's a Sydney-style attack in the U.S. all these anti-cop protests will end in about two seconds.,18
The soldier killed in #Ottawa today is being named as 24-year-old Nathan Cirillo. Latest here: http://t.co/Iwpa7Iq2XA http://t.co/nMEOVCJVUa,1,TelegraphNews,ottawashooting,rumour,The soldier killed in Ottawa today is being named as 24-year-old Nathan Cirillo. Latest here,15
Emergency responders escort VIPs out of a building near Parliament Hill following Ottawa shooting (Photo: Barcroft) http://t.co/wE4GXSqr7d,0,nypost,ottawashooting,not_rumour,Emergency responders escort VIPs out of a building near Parliament Hill following Ottawa shooting Photo Barcroft,16
Soldier shot at National War Memorial in Ottawa http://t.co/Sgmcq7gUzf #cdnpoli #hw,1,CBCPolitics,ottawashooting,rumour,Soldier shot at National War Memorial in Ottawa cdnpoli hw,10
I wish that all news outlets publish #CharlieHebdo 's cartoons/satire tomorrow on their front pages as a tribute to the dead. RIP,0,BenWeinthal,charliehebdo,not_rumour,I wish that all news outlets publish CharlieHebdo 's cartoons satire tomorrow on their front pages as a tribute to the dead. RIP,23
#BREAKING: The Artist Formerly Known To Perform Will Not Be Doing So Anymore. Sorry Prince Fans. #Toronto #Concert #Fail,1,Louayk,prince-toronto,rumour,BREAKING The Artist Formerly Known To Perform Will Not Be Doing So Anymore. Sorry Prince Fans. Toronto Concert Fail,19
The attack on #CharlieHebdo is cowardly and senseless.. As a Muslim I am outraged by what happened today. Prayers to the families,0,LibyanBentBladi,charliehebdo,not_rumour,The attack on CharlieHebdo is cowardly and senseless.. As a Muslim I am outraged by what happened today. Prayers to the families,22
Is it true? Prince rumoured to be performing surprise show in Toronto http://t.co/EZiiLVkXyb,1,LisaLaFlammeCTV,prince-toronto,rumour,Is it true? Prince rumoured to be performing surprise show in Toronto,12
"Canadian Prime Minister Stephen Harper is due to make a statement shortly, reports say http://t.co/dUvWlCCpdY #OttawaShootings",1,BBCBreaking,ottawashooting,rumour,"Canadian Prime Minister Stephen Harper is due to make a statement shortly, reports say OttawaShootings",15
"Palace coup? ""It's quite possible we are seeing the last days of the setting of the political star of V.V. Putin"" http://t.co/ExTkxM3JUR",1,MillerMENA,putinmissing,rumour,"Palace coup? ""It's quite possible we are seeing the last days of the setting of the political star of V.V. Putin""",21
Micheal Essien denying the Ebola rumours like https://t.co/H2E1TAzeha,1,Mourinholic,ebola-essien,rumour,Micheal Essien denying the Ebola rumours like,7
The New Yorker’s Charlie Hebdo cover is wonderful: http://t.co/xjA85LhcSS http://t.co/tjUiIXzzoS,0,ezraklein,charliehebdo,not_rumour,The New Yorkers Charlie Hebdo cover is wonderful,8
#Prince playing #Toronto #MasseyHall tonight $10 . Lucky folks indeed,1,misterjonesmtl,prince-toronto,rumour,Prince playing Toronto MasseyHall tonight 10 . Lucky folks indeed,10
That iconic #Ferguson photo reminds me of somewhere. The West Bank. http://t.co/UVF5zYeaRV,0,JFXM,ferguson,not_rumour,That iconic Ferguson photo reminds me of somewhere. The West Bank.,11
BREAKING: Australian police say #SydneySiege is over; cannot confirm status of gunman,1,ABC,sydneysiege,rumour,BREAKING Australian police say SydneySiege is over cannot confirm status of gunman,12
Australians take to social media to support Muslim Australians http://t.co/zcDEvgFHkI #SydneySiege #illridewithyou http://t.co/Rk6scuwMSi,0,abcnews,sydneysiege,not_rumour,Australians take to social media to support Muslim Australians SydneySiege illridewithyou,11
"Breaking: Shots were fired at three separate locations in Ottawa, say Ottawa police  http://t.co/64ryfqadX1",1,WSJ,ottawashooting,rumour,"Breaking Shots were fired at three separate locations in Ottawa, say Ottawa police",13
Smoke seen coming from building where Charlie Hebdo attack suspects located. WATCH LIVE: http://t.co/bcZryCQxuV,0,ReutersLive,charliehebdo,not_rumour,Smoke seen coming from building where Charlie Hebdo attack suspects located. WATCH LIVE,13
"BREAKING: Three gunmen involved in attack on Charlie Hebdo magazine, French Interior Minister Bernard Cazeneuve says. http://t.co/ak9mTVfJdR",1,cnni,charliehebdo,rumour,"BREAKING Three gunmen involved in attack on Charlie Hebdo magazine, French Interior Minister Bernard Cazeneuve says.",16
"Jon Stewart on #CharlieHebdo: ""Comedy shouldn’t be an ‘act of courage': http://t.co/wWWJfKLwct http://t.co/8Lkv7kGsFb",0,WSJspeakeasy,charliehebdo,not_rumour,"Jon Stewart on CharlieHebdo ""Comedy shouldnt be an act of courage'",11
It appears that #Ferguson PD are trying to assassinate Mike Brown's character after literally assassinating Mike Brown.,1,flavius217,ferguson,rumour,It appears that Ferguson PD are trying to assassinate Mike Brown's character after literally assassinating Mike Brown.,17
"""A milestone in coming to terms with our history"", German culture minister Monika Grütters on decision to send #Gurlitt collection to Bern",1,connollyberlin,gurlitt,rumour,"""A milestone in coming to terms with our history"", German culture minister Monika Grtters on decision to send Gurlitt collection to Bern",22
"#REMINDER: MikeBrown's tragic death isn't a #Ferguson problem or a #Missouri problem, it's an American problem.

#p2 http://t.co/obpPtJQDGL",0,EricWolfson,ferguson,not_rumour,"REMINDER MikeBrown's tragic death isn't a Ferguson problem or a Missouri problem, it's an American problem. p2",17
"Residents of Dammartin-en-Goele told to stay inside, schools on lockdown, mayor's press office tells CNN. http://t.co/7Bxdhozq4H",0,cnnbrk,charliehebdo,not_rumour,"Residents of Dammartin-en-Goele told to stay inside, schools on lockdown, mayor's press office tells CNN.",15
"BREAKING: Hostages taken in central #Sydney café, jihadist flag held against window http://t.co/7hJUmKz1eY http://t.co/TeK7ZjFHm6",1,RT_com,sydneysiege,rumour,"BREAKING Hostages taken in central Sydney caf, jihadist flag held against window",12
Thank you PBO. #Ferguson #MikeBrown http://t.co/TtTBLTrz0g,0,NoShock,ferguson,not_rumour,Thank you PBO. Ferguson MikeBrown,5
"Breaking news: Ghana international and AC Milan star Michael Essien has contracted Ebola, his club has confirmed.",1,YuryAlkaev,ebola-essien,rumour,"Breaking news Ghana international and AC Milan star Michael Essien has contracted Ebola, his club has confirmed.",17
"MORE: Police confirm 3 hostages escape Sydney cafe, unknown number remain inside http://t.co/pcAt91LIdS #Sydneysiege",1,FoxNews,sydneysiege,rumour,"MORE Police confirm 3 hostages escape Sydney cafe, unknown number remain inside Sydneysiege",13
Black flag held by #Sydneysiege hostages bears Islamic message of faith http://t.co/rEpn2Mt4UC (PHOTO: AP/Channel 7) http://t.co/U9sqDmwt4w,1,FoxNews,sydneysiege,rumour,Black flag held by Sydneysiege hostages bears Islamic message of faith PHOTO AP Channel 7,15
"We are against Barbarians! USA, Europa and Israel?
#RespectForMuslims #CharlieHebdo #JeSuisCharlie http://t.co/Gosv47XrJZ",0,fatihtezcan,charliehebdo,not_rumour,"We are against Barbarians! USA, Europa and Israel? RespectForMuslims CharlieHebdo JeSuisCharlie",11
People held pencils in tribute to #CharlieHebdo victims during the moment of silence in Paris http://t.co/XU9pm0XmH3 http://t.co/7tgmW4LqWw,0,nytimesworld,charliehebdo,not_rumour,People held pencils in tribute to CharlieHebdo victims during the moment of silence in Paris,15
"Ottawa police confirm that there were multiple suspects in the shooting, saying there were ""possibly 3"" shooters. http://t.co/In9OgOxYXM",1,WSJ,ottawashooting,rumour,"Ottawa police confirm that there were multiple suspects in the shooting, saying there were ""possibly 3"" shooters.",17
"If I condemn the attack, that doesn't mean I support Charlie Hebdo, and If I condemn Charlie Hebdo, that doesn't mean I support the attack.",0,BonsaiSky,charliehebdo,not_rumour,"If I condemn the attack, that doesn't mean I support Charlie Hebdo, and If I condemn Charlie Hebdo, that doesn't mean I support the attack.",25
Where is Putin? Here is the answer! He has opened a pub on Jaffa street in Jerusalem! #putindead #Putin #putinumer http://t.co/eBhvyDTNLS,0,johanromin,putinmissing,not_rumour,Where is Putin? Here is the answer! He has opened a pub on Jaffa street in Jerusalem! putindead Putin putinumer,20
Hypocrites like @faiezakhan in one screen shot. #CharlieHebdo #PK http://t.co/habzM640DJ,0,sankrant,charliehebdo,not_rumour,Hypocrites like in one screen shot. CharlieHebdo PK,8
#BREAKING: A police officer has sustained a gunshot wound to the head.4 others injured. #SydneySiege,1,AusNewsNetwork,sydneysiege,rumour,BREAKING A police officer has sustained a gunshot wound to the head.4 others injured. SydneySiege,15
"Cartoons don't denigrate Islam, executing cartoonists does #charliehebdo @FT http://t.co/BobAEoCk23 via @FT",0,khalafroula,charliehebdo,not_rumour,"Cartoons don't denigrate Islam, executing cartoonists does charliehebdo via",9
"""We surrender!"" @Telegraph publishes pic of woman reading #CharlieHebdo, blurs out cartoon cover http://t.co/kPhseVTOWD",0,iowahawkblog,charliehebdo,not_rumour,"""We surrender!"" publishes pic of woman reading CharlieHebdo, blurs out cartoon cover",12
We stand united with the victims of the brutal attack in Paris and with the people of France! #JeSuisCharlie RT! http://t.co/mH5l2a9eVy,0,Powerful_Pics,charliehebdo,not_rumour,We stand united with the victims of the brutal attack in Paris and with the people of France! JeSuisCharlie RT!,20
Paris: reports that man suspected of killing policewoman has 5 hostages at kosher supermarket  http://t.co/ZuU5xaf25I http://t.co/DVYPLL3XbF,1,guardiannews,charliehebdo,rumour,Paris reports that man suspected of killing policewoman has 5 hostages at kosher supermarket,14
Follow our LIVE coverage of the #Germanwings flight 4U 9525 crash in France: http://t.co/QDmrXB1v6I http://t.co/pgwTvW4fzb,0,ReutersLive,germanwings-crash,not_rumour,Follow our LIVE coverage of the Germanwings flight 4U 9525 crash in France,13
"The silence you hear is 2,000,000,000 Muslims not condemning this terror attack.

#CharlieHebdo",0,Bidenshairplugs,charliehebdo,not_rumour,"The silence you hear is 2,000,000,000 Muslims not condemning this terror attack. CharlieHebdo",13
BREAKING: Paris prosecutor: Gunman with hostages in kosher market in eastern Paris; police SWAT on scene.,1,AP,charliehebdo,rumour,BREAKING Paris prosecutor Gunman with hostages in kosher market in eastern Paris police SWAT on scene.,16
Omnipotent gods don't fear free speech. #CharlieHebdo,0,DLoesch,charliehebdo,not_rumour,Omnipotent gods don't fear free speech. CharlieHebdo,7
Ottawa is one of the world's great cities. Today's events do not change this.,0,fs1otoole,ottawashooting,not_rumour,Ottawa is one of the world's great cities. Today's events do not change this.,14
88-year-old Creola Mccalister has joined the youth in #Ferguson http://t.co/dfDid2xV8X http://t.co/potRilWqvb,0,AntonioFrench,ferguson,not_rumour,88-year-old Creola Mccalister has joined the youth in Ferguson,9
"Reminder: Forget the robbery, forget the minor looting. NOTHING justifies militarized police pointing sniper rifles at journalists #Ferguson",1,PrisonPlanet,ferguson,rumour,"Reminder Forget the robbery, forget the minor looting. NOTHING justifies militarized police pointing sniper rifles at journalists Ferguson",18
"Along with all our fellow Canadians, our thoughts are with the family of the @CanadianForces member killed today. #OttawaShooting",0,YRP,ottawashooting,not_rumour,"Along with all our fellow Canadians, our thoughts are with the family of the member killed today. OttawaShooting",18
"Are other shootouts aimed at stalling #CharlieHebdo manhunt?
See:http://t.co/uwYKR50VNM http://t.co/jBR2c4LHq6",0,Newsroompostcom,charliehebdo,not_rumour,Are other shootouts aimed at stalling CharlieHebdo manhunt? See,9
Has Vladimir #Putin disappeared because he is fending off a political coup? http://t.co/utaDxaQHdq #Russia,1,EINRussiaNews,putinmissing,rumour,Has Vladimir Putin disappeared because he is fending off a political coup? Russia,13
"Talk to kids about Ottawa shootings, limit TV exposure, psychologists say
http://t.co/GEurJNzVqa http://t.co/YXmu2r7QxC",0,CP24,ottawashooting,not_rumour,"Talk to kids about Ottawa shootings, limit TV exposure, psychologists say",11
BREAKING: Canada police investigating Michael Zehaf-Bibeau as possible suspect in Ottawa shooting: source familiar with matter,1,Reuters,ottawashooting,rumour,BREAKING Canada police investigating Michael Zehaf-Bibeau as possible suspect in Ottawa shooting source familiar with matter,16
"If Hindus were not tolerant, this would have been the fate of Hirani &amp; Aamir. #CharlieHebdo
#ParisShooting http://t.co/tIF56s3Pho",0,iSupportBJP,charliehebdo,not_rumour,"If Hindus were not tolerant, this would have been the fate of Hirani amp Aamir. CharlieHebdo ParisShooting",17
A woman in #Ferguson was shot in head last night and released this selfie. Conflicting reports of how it happened: http://t.co/25WX6EkquG,1,MichaelSkolnik,ferguson,rumour,A woman in Ferguson was shot in head last night and released this selfie. Conflicting reports of how it happened,20
"#BREAKING Soldier shot in the Canadian capital of Ottawa and a gunman is believed to have entered Parliament.
http://t.co/3DWYnF22aI",1,shomaristone,ottawashooting,rumour,BREAKING Soldier shot in the Canadian capital of Ottawa and a gunman is believed to have entered Parliament.,18
"The City of Hamilton offers condolences to the family of Cpl. Nathan Cirillo, a #HamOnt native who bravely served with @TheArgylls. #Ottawa",1,cityofhamilton,ottawashooting,rumour,"The City of Hamilton offers condolences to the family of Cpl. Nathan Cirillo, a HamOnt native who bravely served with . Ottawa",22
12 people have been confirmed dead in attack on French satire magazine #CharlieHebdo: http://t.co/VzRHTuAfCp,0,NYMag,charliehebdo,not_rumour,12 people have been confirmed dead in attack on French satire magazine CharlieHebdo,13
I may not agree with what you say but will defend your right to say it - Voltaire #JeSuisCharlie #LibertéDexpression http://t.co/rSbYpPGyfq,0,tobiaslehr,charliehebdo,not_rumour,I may not agree with what you say but will defend your right to say it - Voltaire JeSuisCharlie LibertDexpression,20
LIVE: @9NewsAUS coverage of ongoing hostage situation in Sydney's business district: http://t.co/ntlKVOgGWE http://t.co/leHfgNvMgQ,1,ABCNewsLive,sydneysiege,rumour,LIVE coverage of ongoing hostage situation in Sydney's business district,10
Thoughts &amp; prayers to all those who have been affected by the #SydneySiege today. Sad to see this sort of terror ... http://t.co/96GtrSd6De,0,natebuzz,sydneysiege,not_rumour,Thoughts amp prayers to all those who have been affected by the SydneySiege today. Sad to see this sort of terror ...,22
"Canadian media identify the soldier killed in Ottawa as Nathan Cirillo, 24 http://t.co/4kdUz25jRf",1,BBCBreaking,ottawashooting,rumour,"Canadian media identify the soldier killed in Ottawa as Nathan Cirillo, 24",12
Good news: The rumours that Michael Essien has contracted the Ebola virus are false. http://t.co/5d7hCL46mR http://t.co/VtGuLnjWBD,1,br_uk,ebola-essien,rumour,Good news The rumours that Michael Essien has contracted the Ebola virus are false.,14
BREAKING: Hostage taken at kosher deli in Paris by gunman who killed cop yesterday http://t.co/vQMplUv5Qu,1,thedailybeast,charliehebdo,rumour,BREAKING Hostage taken at kosher deli in Paris by gunman who killed cop yesterday,14
142 PEOPLE ON BOARD GERMANWINGS AIRBUS A320 THAT CRASHED IN SOUTHERN FRANCE,1,minefornothing,germanwings-crash,rumour,142 PEOPLE ON BOARD GERMANWINGS AIRBUS A320 THAT CRASHED IN SOUTHERN FRANCE,12
#CharlieHebdo The four Hero's of freedom of expression who were killed by terrorists in Paris. #ParisShooting http://t.co/rbZ4ZSyehB,0,ivivekbansal,charliehebdo,not_rumour,CharlieHebdo The four Hero's of freedom of expression who were killed by terrorists in Paris. ParisShooting,16
"I know why Prince &amp; @3RDEYEGIRL starts the tour by Toronto... 😁
BikeSculture 🚲🚲🚲🚲🚲🚲🚲 http://t.co/yrihppnFkK",1,LoveSymbol23,prince-toronto,rumour,I know why Prince amp starts the tour by Toronto... BikeSculture,11
#Ferguson chief let most of day go by b4 disclosing (after repeated Qs) that cop who killed #MikeBrown knew nothing about robbery. DANGER,1,LisaBloom,ferguson,rumour,Ferguson chief let most of day go by b4 disclosing after repeated Qs that cop who killed MikeBrown knew nothing about robbery. DANGER,23
"""This is not a religion"" Important to remember in times like this. #CharlieHebdo http://t.co/h2va5LS6Yb",0,VikingBohman,charliehebdo,not_rumour,"""This is not a religion"" Important to remember in times like this. CharlieHebdo",13
"Thought I was looking at a pix from Birmingham, Alabama in 1963 but nope I was looking at #Ferguson Missouri 2014 smh http://t.co/V3vuwlNBFF",0,etanthomas36,ferguson,not_rumour,"Thought I was looking at a pix from Birmingham, Alabama in 1963 but nope I was looking at Ferguson Missouri 2014 smh",22
"12 dead in Paris attack on #CharlieHebdo office, five others critical http://t.co/2J4WQdJnTp http://t.co/qeRByqI6JU",1,TelegraphNews,charliehebdo,rumour,"12 dead in Paris attack on CharlieHebdo office, five others critical",11
"Moderate Muslims defend extremist but not victims. They merely say ( 'Anyways' condolence to family ) 
#CharlieHebdo http://t.co/tTe1kEnsOf",0,saggirex,charliehebdo,not_rumour,Moderate Muslims defend extremist but not victims. They merely say 'Anyways' condolence to family CharlieHebdo,15
Reports: Alleged Sydney hostage taker was charged as accessory to ex-wife's murder http://t.co/6T7xVdcwdD http://t.co/EdqjZdgxMM,0,cnnbrk,sydneysiege,not_rumour,Reports Alleged Sydney hostage taker was charged as accessory to ex-wife's murder,12
"#Germanwings A320 debris spotted at 2,000m above sea level in Alps - police source http://t.co/zU6hn03xzU #4U9525 http://t.co/ymo5yF97PB",0,RT_com,germanwings-crash,not_rumour,"Germanwings A320 debris spotted at 2,000m above sea level in Alps - police source 4U9525",15
"Army tactical gear
This image is not from  #iraq or #Afghanistan this is #Ferguson MO #MichaelBrown fatal shooting http://t.co/4f5hYlONnV",0,hamletgarcia17,ferguson,not_rumour,Army tactical gear This image is not from iraq or Afghanistan this is Ferguson MO MichaelBrown fatal shooting,18
Cigarettes on Staten Island. Cigars in #Ferguson. Are these seriously enough to take a life?,1,CharlesMBlow,ferguson,rumour,Cigarettes on Staten Island. Cigars in Ferguson. Are these seriously enough to take a life?,15
LIVE: Police close in on Charlie Hebdo suspects; hostages taken in eastern Paris http://t.co/F6LMSCjCT4 http://t.co/WCjr5CthJZ,0,ReutersLive,charliehebdo,not_rumour,LIVE Police close in on Charlie Hebdo suspects hostages taken in eastern Paris,13
Prince to perform surprise show tonight at Massey Hall http://t.co/J6NJFodRcX,1,Toronto,prince-toronto,rumour,Prince to perform surprise show tonight at Massey Hall,9
"#ISIS speaks for all Muslims no more than the Klu Klux Klan speaks for all whites. 

#MartinPlaceSiege #auspol #sydneysiege # sydney #siege",0,Kon__K,sydneysiege,not_rumour,ISIS speaks for all Muslims no more than the Klu Klux Klan speaks for all whites. MartinPlaceSiege auspol sydneysiege sydney siege,21
French police asking media to not broadcast live images at scene of Paris hostage situation so police locations are not revealed. (@BNONews),0,PzFeed,charliehebdo,not_rumour,French police asking media to not broadcast live images at scene of Paris hostage situation so police locations are not revealed.,21
Pictures released of suspect believed to holding hostages at a kosher grocery in #Paris http://t.co/Mrm4EiwdLD,0,SkyNews,charliehebdo,not_rumour,Pictures released of suspect believed to holding hostages at a kosher grocery in Paris,14
Swiss museum accepts Gurlitt art bequest http://t.co/3dmYas7S70,1,fastFT,gurlitt,rumour,Swiss museum accepts Gurlitt art bequest,6
Image from @kellyhobson shows police running to search buildings in downtown Ottawa. http://t.co/lLtW5skkJe,0,cnnbrk,ottawashooting,not_rumour,Image from shows police running to search buildings in downtown Ottawa.,11
Kind words from U.S. re Cdn coverage of horrifying #OttawaShooting. Kudos to our @CBCNews colleagues on a tough day: http://t.co/68emQYXbyf,0,jianghomeshi,ottawashooting,not_rumour,Kind words from U.S. re Cdn coverage of horrifying OttawaShooting. Kudos to our colleagues on a tough day,18
Police have surrounded this building where the suspected #CharlieHebdo attackers are holed-up http://t.co/B0TRvE2iYs http://t.co/becxNG0Kxi,1,NBCNews,charliehebdo,rumour,Police have surrounded this building where the suspected CharlieHebdo attackers are holed-up,12
Latest on the #GermanWings crash from our correspondent @H_E_Samuel http://t.co/q1I8tkghmf http://t.co/jbplIKZ6EW,0,Telegraph,germanwings-crash,not_rumour,Latest on the GermanWings crash from our correspondent,8
The #TeaParty was unable to stand up to Goverment tyranny in #Ferguson due to being too busy tweeting about President Obama's golf game.,0,clydetheslyde,ferguson,not_rumour,The TeaParty was unable to stand up to Goverment tyranny in Ferguson due to being too busy tweeting about President Obama's golf game.,23
"I'm speechless, what a cruel attack on pressfreedom! All newspapers should publish #CharlieHebdo cartoons tomorrow",0,BSchmeitzner,charliehebdo,not_rumour,"I'm speechless, what a cruel attack on pressfreedom! All newspapers should publish CharlieHebdo cartoons tomorrow",15
"MORE: Canadian soldier shot at war memorial has died; one of three suspected gunmen also dead, police say: http://t.co/uFsW7vHPRi",1,AP,ottawashooting,rumour,"MORE Canadian soldier shot at war memorial has died one of three suspected gunmen also dead, police say",18
the @OttawaPolice just sent an email to #muslim community leaders to call them if they feel unsafe or they're at risk #ottawashooting,0,hadeelalsh,ottawashooting,not_rumour,the just sent an email to muslim community leaders to call them if they feel unsafe or they're at risk ottawashooting,21
Ottawa Police Service: No one was hurt in the shooting near Ottawa's Rideau Centre. Live blog: http://t.co/q98AMohu7T,1,cnnbrk,ottawashooting,rumour,Ottawa Police Service No one was hurt in the shooting near Ottawa's Rideau Centre. Live blog,16
"Germanwings flight A320 plunged 31,200 feet in just ten minutes, according to radar data http://t.co/hv1iOCbIHA http://t.co/OQ4nlyTZ4y",1,MailOnline,germanwings-crash,rumour,"Germanwings flight A320 plunged 31,200 feet in just ten minutes, according to radar data",14
#illridewithyou is the best thing to come out of all the shit that happened in Sydney today. Proud to see Aussies looking after eachother.,0,ruckuslike,sydneysiege,not_rumour,illridewithyou is the best thing to come out of all the shit that happened in Sydney today. Proud to see Aussies looking after eachother.,24
"Americans, rest assured that if we could've prevented today's Paris terrorist attack by waterboarding, we wouldn't. Too mean.",0,weknowwhatsbest,charliehebdo,not_rumour,"Americans, rest assured that if we could've prevented today's Paris terrorist attack by waterboarding, we wouldn't. Too mean.",18
"STAND WITH AUSTRALIA-one monarch, one lanaguage, shared culture &amp; history
Live Sydney updates http://t.co/V23TLWitoD http://t.co/hLoAxKT0hC",0,DavidJo52951945,sydneysiege,not_rumour,"STAND WITH AUSTRALIA-one monarch, one lanaguage, shared culture amp history Live Sydney updates",13
The point that @flightradar24 last tracked @germanwings #4U9525 at just over 2000 metres. https://t.co/2BlIrW3Saf http://t.co/zknvHXSXB7,0,tomwoodau,germanwings-crash,not_rumour,The point that last tracked 4U9525 at just over 2000 metres.,11
Police: Negotiators are now in contact with armed hostage-taker in Sydney situation; motive remains unknown - http://t.co/mp18E4DdjW,1,ABC,sydneysiege,rumour,Police Negotiators are now in contact with armed hostage-taker in Sydney situation motive remains unknown -,16
"#Putin reappearance is a lie,he's been out of sight for 8 days now http://t.co/z3t0x18Klh #Putindead #Russia #Ukraine http://t.co/3hWnlIYrsk",0,raging545,putinmissing,not_rumour,"Putin reappearance is a lie,he's been out of sight for 8 days now Putindead Russia Ukraine",16
"#PrinceWatch LiveNation post: In response to inquiries, we can confirm that Prince will not be performing at Massey Hall Tonight. (5mins ago",1,kingjmusicman,prince-toronto,rumour,"PrinceWatch LiveNation post In response to inquiries, we can confirm that Prince will not be performing at Massey Hall Tonight. 5mins ago",22
"Uber reverses course after @Mashable story, now giving free rides to people in downtown #Sydney. Good call: https://t.co/x3Z2LI886S",1,moneyries,sydneysiege,rumour,"Uber reverses course after story, now giving free rides to people in downtown Sydney. Good call",16
JUST IN: A separate shooting and hostage situation at a supermarket in eastern Paris has been reported ... developing,1,CBSNews,charliehebdo,rumour,JUST IN A separate shooting and hostage situation at a supermarket in eastern Paris has been reported ... developing,19
Police in Ottawa are searching for suspected gunmen who shot a solider and fired shots in Parliament this morning. http://t.co/1cKIHwuCzl,1,Reuters,ottawashooting,rumour,Police in Ottawa are searching for suspected gunmen who shot a solider and fired shots in Parliament this morning.,19
"Has Putin Fallen Ill, or Fallen to a Coup? http://t.co/eNRAQ2a7hd",1,ArutzSheva_En,putinmissing,rumour,"Has Putin Fallen Ill, or Fallen to a Coup?",9
In the 12 hours everyone has focused on the hostage situation in Sydney 40 more Americans died from gunshots. @MomsDemand #gunsense,0,ColMorrisDavis,sydneysiege,not_rumour,In the 12 hours everyone has focused on the hostage situation in Sydney 40 more Americans died from gunshots. gunsense,20
I can't help but notice that no one with the  #NRA or #tcot has suggested the #Ferguson protesters should carry assault rifles. Weird.,0,ShroudSciuridae,ferguson,not_rumour,I can't help but notice that no one with the NRA or tcot has suggested the Ferguson protesters should carry assault rifles. Weird.,23
"UPDATED: Prince not playing Massey Hall, Live Nation says http://t.co/MjRWsEJRWo #PrinceTO #cbcto http://t.co/Gk9DflWJjE",1,CBCToronto,prince-toronto,rumour,"UPDATED Prince not playing Massey Hall, Live Nation says PrinceTO cbcto",11
#CharlieHebdo tweeted this cartoon minutes before the attack: http://t.co/suTXnFLoPs http://t.co/vOzw6ecOtO,0,TPM,charliehebdo,not_rumour,CharlieHebdo tweeted this cartoon minutes before the attack,8
Just in: U.S. Consulate near the scene in Sydney has accounted for all of its personnel: http://t.co/0h2F8SVCS2 @CNN http://t.co/UUiuFBi01A,0,cmanduley,sydneysiege,not_rumour,Just in U.S. Consulate near the scene in Sydney has accounted for all of its personnel,16
BREAKING: 10 dead in shooting at headquarters of French satirical weekly #CharlieHebdo - French media citing witnesses. #France,1,AlArabiya_Eng,charliehebdo,rumour,BREAKING 10 dead in shooting at headquarters of French satirical weekly CharlieHebdo - French media citing witnesses. France,18
"I just found this and never have I ever seen such a thing. Sending all my love and support to Sydney.
#illridewithyou http://t.co/8zOBdjUYLs",0,TheMissyKaty,sydneysiege,not_rumour,I just found this and never have I ever seen such a thing. Sending all my love and support to Sydney. illridewithyou,22
Witnesses say as many as 50 shots fired at Parliament Hill. Gunfire reported within the Parliament building. #ottawa http://t.co/HGevLjele0,1,YahooCanadaNews,ottawashooting,rumour,Witnesses say as many as 50 shots fired at Parliament Hill. Gunfire reported within the Parliament building. ottawa,18
"Germany now has its own 9/11, thanks to the convert to Islam, #AndreasLubitz.
#GermanyWings 
http://t.co/J6OTGRWHJO http://t.co/2a0zoSkjA6",1,RavenHUWolf,germanwings-crash,rumour,"Germany now has its own 9 11, thanks to the convert to Islam, AndreasLubitz. GermanyWings",15
"1st person killed by terrorists was a French Muslim cop, RIP Ahmed Merabet. Bigotry is ALWAYS wrong! #CharlieHebdo http://t.co/yyitubfAIt",1,thedahlimmama,charliehebdo,rumour,"1st person killed by terrorists was a French Muslim cop, RIP Ahmed Merabet. Bigotry is ALWAYS wrong! CharlieHebdo",18
Reports of a shooting at Rideau Centre have misstated the shooting location.,1,RideauCentre,ottawashooting,rumour,Reports of a shooting at Rideau Centre have misstated the shooting location.,12
"Well, this might explain everything: Kabayeva rumoured to have delivered a baby in Switzerland 
http://t.co/JpjmxLF4LG GER
#Putin",1,niktwick,putinmissing,rumour,"Well, this might explain everything Kabayeva rumoured to have delivered a baby in Switzerland GER Putin",16
Minute silence held in memory of victims of shooting http://t.co/LdSF5QeCiv #CharlieHebdo #JeSuisCharlie http://t.co/dj3hfNsZko,0,FRANCE24,charliehebdo,not_rumour,Minute silence held in memory of victims of shooting CharlieHebdo JeSuisCharlie,11
Airlines begin requiring 2 crew members in cockpit at all times after #Germanwings crash: http://t.co/buO4yfkjx2,0,WNTonight,germanwings-crash,not_rumour,Airlines begin requiring 2 crew members in cockpit at all times after Germanwings crash,14
"Paris says highest alert level extended north to region where attack suspects spotted - @AFP, @MelissaBellF24 https://t.co/pj8kecnVt7",1,BreakingNews,charliehebdo,rumour,"Paris says highest alert level extended north to region where attack suspects spotted - ,",15
Hostages seen fleeing from cafe at centre of #SydneySiege moments ago http://t.co/nM2pss0I9d http://t.co/MXGOxDGdwv,1,BBCBreaking,sydneysiege,rumour,Hostages seen fleeing from cafe at centre of SydneySiege moments ago,11
Another shooting reported at the Trocadero near the Eiffel Tower (LIVE UPDATES) http://t.co/cI8cztQjE6,1,RT_com,charliehebdo,rumour,Another shooting reported at the Trocadero near the Eiffel Tower LIVE UPDATES,12
"A picture is worth a thousand words. 
#JeSuisCharlie 
#JeSuisAhmed
#JeSuisHumain

#CharlieHebdo

via @Raseef22 http://t.co/EKYcmauf33",0,LibyaLiberty,charliehebdo,not_rumour,A picture is worth a thousand words. JeSuisCharlie JeSuisAhmed JeSuisHumain CharlieHebdo via,12
Because narcissism doesn't take a break @mkarolian These people are taking selfies on scene of the #sydneysiege http://t.co/7Zbkojftye,0,sambonfante,sydneysiege,not_rumour,Because narcissism doesn't take a break These people are taking selfies on scene of the sydneysiege,16
"RT .@rolandsmartin: This is simple: IF #MikeBrown was a robbery suspect, why didn’t #Ferguson police say that on DAY ONE? Why wait six days?",1,BigBoi,ferguson,rumour,". This is simple IF MikeBrown was a robbery suspect, why didnt Ferguson police say that on DAY ONE? Why wait six days?",23
Today is exhausting on everyone's emotions - please know we are here for you 24/7 in #ottawa &amp; surroundings areas 613-238-3311,0,DistressCentreO,ottawashooting,not_rumour,Today is exhausting on everyone's emotions - please know we are here for you 24 7 in ottawa amp surroundings areas 613-238-3311,22
Statement from Ottawa Hospital: received 3 patients. 2 in stable condition. http://t.co/zu5hYPrGDL,1,amyminsky,ottawashooting,rumour,Statement from Ottawa Hospital received 3 patients. 2 in stable condition.,11
#CharlieHebdo  the magazine will be published next Wednesday as usual says magazine lawyer. Print run: 1 million copies.,0,kimwillsher1,charliehebdo,not_rumour,CharlieHebdo the magazine will be published next Wednesday as usual says magazine lawyer. Print run 1 million copies.,18
Now I've sent it all… father has brought his two young girls to pose and take pictures at hostage scene #sydneysiege http://t.co/s5tCMK5SO9,0,MarkDiStef,sydneysiege,not_rumour,Now I've sent it all father has brought his two young girls to pose and take pictures at hostage scene sydneysiege,21
BREAKING NEWS: SYDNEY SIEGE GUNMAN DOWN.,1,PzFeed,sydneysiege,rumour,BREAKING NEWS SYDNEY SIEGE GUNMAN DOWN.,6
The pen has always been and will always be mightier than the sword.  #JeSuisCharlie @Charlie_Hebdo_ http://t.co/tLnZfdH97S,0,AustinBasis,charliehebdo,not_rumour,The pen has always been and will always be mightier than the sword. JeSuisCharlie,14
Doomed Germanwings co-pilot 'suffered burnout or depression' years before crash http://t.co/nkqWoRwKUK http://t.co/QRMJTWGAIr,1,DailyMirror,germanwings-crash,rumour,Doomed Germanwings co-pilot 'suffered burnout or depression' years before crash,10
Such scary news to hear about the #sydneysiege. Hoping everyone gets out safely. What a terrible man.,0,TayJardine,sydneysiege,not_rumour,Such scary news to hear about the sydneysiege. Hoping everyone gets out safely. What a terrible man.,17
Smoke rises from site where Charlie Hebdo suspects holed up http://t.co/3JnzARhAck,0,AFP,charliehebdo,not_rumour,Smoke rises from site where Charlie Hebdo suspects holed up,10
Feared at least 5 hostages are being held in Paris 'kosher' grocery http://t.co/zoafNwyEtr http://t.co/ntDatZ8Pp7,1,MailOnline,charliehebdo,rumour,Feared at least 5 hostages are being held in Paris 'kosher' grocery,12
A woman runs to police from cafe in Sydney during hostage crisis http://t.co/xbLHYWGSdc,1,AFPphoto,sydneysiege,rumour,A woman runs to police from cafe in Sydney during hostage crisis,12
US Army increases security at Tomb of the Unknown Soldier at Arlington Nat'l Cemetery as precaution due to Ottawa shootings - @LMartinezABC,1,ABC,ottawashooting,rumour,US Army increases security at Tomb of the Unknown Soldier at Arlington Nat'l Cemetery as precaution due to Ottawa shootings -,21
So #Ferguson police want me to believe #MikeBrown tried to get into a police car and wrestle the officer's gun away. I'm gonna need video.,0,TLaTela,ferguson,not_rumour,So Ferguson police want me to believe MikeBrown tried to get into a police car and wrestle the officer's gun away. I'm gonna need video.,25
PM Stephen Harper to address the nation on #OttawaShooting at 7:45 pm/ET. @pmharper #cdnpoli  http://t.co/6U5GV4uBT8,1,CBCAlerts,ottawashooting,rumour,PM Stephen Harper to address the nation on OttawaShooting at 7 45 pm ET. cdnpoli,15
The car used by armed gunmen who stormed the Paris offices of satirical newspaper #CharlieHebdo Photo D. Faget #AFP http://t.co/ZBkDglcBcE,0,AFPphoto,charliehebdo,not_rumour,The car used by armed gunmen who stormed the Paris offices of satirical newspaper CharlieHebdo Photo D. Faget AFP,19
"World sends messages of condolence, outrage, defiance via #JeSuisCharlie after Paris attack: http://t.co/deqrOSVi0m http://t.co/Ama2pSOvZN",0,ABC,charliehebdo,not_rumour,"World sends messages of condolence, outrage, defiance via JeSuisCharlie after Paris attack",12
What we know so far about the #CharlieHebdo attack and the double hostage-takings in France http://t.co/LBvRssNtSm http://t.co/ElujGekOkC,0,BBCNewsGraphics,charliehebdo,not_rumour,What we know so far about the CharlieHebdo attack and the double hostage-takings in France,15
"Reports of a plane crash near the French Alps, a GermanWings A320 http://t.co/WDso9Euyhp http://t.co/mpNENahmaW",1,planefinder,germanwings-crash,rumour,"Reports of a plane crash near the French Alps, a GermanWings A320",12
Toronto is hoping for a surprise show by Prince and @3RDEYEGIRL tonight. http://t.co/8Nwq3UgIzt,1,LocalCurrent,prince-toronto,rumour,Toronto is hoping for a surprise show by Prince and tonight.,11
Their faces say it all. #Sydneysiege continues more&gt;http://t.co/6EAaEKw4n9 http://t.co/NkzVcf9mxv,0,newscomauHQ,sydneysiege,not_rumour,Their faces say it all. Sydneysiege continues more gt,9
Russian President Vladimir Putin to be 'ousted in coup' as rumours swirl over ill-health http://t.co/8UrQdH7v5N http://t.co/6NpJ6h4EiB,1,Daily_Express,putinmissing,rumour,Russian President Vladimir Putin to be 'ousted in coup' as rumours swirl over ill-health,14
"Sydney residents urged: ""Go about your normal business"" http://t.co/3shTK9yYOh #sydneysiege http://t.co/IR8PgFUG68",0,BBCWorld,sydneysiege,not_rumour,"Sydney residents urged ""Go about your normal business"" sydneysiege",9
#Ferguson officer Darren Wilson will be lauded as a hero by the oppressors the way George Zimmerman was #MichaelBrown http://t.co/NLdXwFwIhI,0,JamesPMorrison,ferguson,not_rumour,Ferguson officer Darren Wilson will be lauded as a hero by the oppressors the way George Zimmerman was MichaelBrown,19
"Horrible tragedy in Paris today was not done by Muslims, but done by terrorists. Let us unite against hate + pray for peace. #CharlieHebdo",0,UncleRUSH,charliehebdo,not_rumour,"Horrible tragedy in Paris today was not done by Muslims, but done by terrorists. Let us unite against hate pray for peace. CharlieHebdo",23
Steve Bell's cartoon on the Charlie Hebdo attack: http://t.co/AdVfwBB5AP http://t.co/5jPLPdRI8a,0,mediaguardian,charliehebdo,not_rumour,Steve Bell's cartoon on the Charlie Hebdo attack,8
The last person killed in Charlie Hebdo attacks was Muslim police officer http://t.co/qQXNLUDYPG http://t.co/PJH6tlyrpC,1,Independent,charliehebdo,rumour,The last person killed in Charlie Hebdo attacks was Muslim police officer,12
Ottawa police are confirming a shooting at the War Memorial. Minutes ago. No other info. #cbcOTT #OTTnews,0,CBCOttawa,ottawashooting,not_rumour,Ottawa police are confirming a shooting at the War Memorial. Minutes ago. No other info. cbcOTT OTTnews,17
"“I don’t feel as though I’m killing someone with a pen."" -Stephane Charbonnier 1967-2015 #CharlieHebdo http://t.co/RmJlpSsaNt",1,notrexmurphy,charliehebdo,rumour,"I dont feel as though Im killing someone with a pen."" -Stephane Charbonnier 1967-2015 CharlieHebdo",15
Nova Scotia CAN Halifax → http://t.co/e4jajXcp4L » UPDATE » 659 Charlie Hebdo  Charlie Hebdo has had a long tradition of disrespect and pro…,0,smitharyy,charliehebdo,not_rumour,Nova Scotia CAN Halifax UPDATE 659 Charlie Hebdo Charlie Hebdo has had a long tradition of disrespect and pro,19
"Only to a bleating liberal is this situation in Sydney ""unexpected"" to those of us who understand the ideology behind it, we expect it daily",0,TRobinsonNewEra,sydneysiege,not_rumour,"Only to a bleating liberal is this situation in Sydney ""unexpected"" to those of us who understand the ideology behind it, we expect it daily",25
Who are Australia's radicalised Muslims? http://t.co/OJwV3U8EqL #sydneysiege #MartinPlaceSiege #Lindt http://t.co/dUM7BM0GPu,0,BBCNewsAus,sydneysiege,not_rumour,Who are Australia's radicalised Muslims? sydneysiege MartinPlaceSiege Lindt,8
"An #ISIS ""lonewolf"" has taken around 30 people hostage in a Sydney and demanded to talk to the PM, according to Australian media reports.",1,wikileaks,sydneysiege,rumour,"An ISIS ""lonewolf"" has taken around 30 people hostage in a Sydney and demanded to talk to the PM, according to Australian media reports.",24
"BREAKING: Plane flying form #Barcelona to #Frankfurt crashes in #France, 142 people were on board. #germanwings http://t.co/wjAo0LZtp2",1,cheguwera,germanwings-crash,rumour,"BREAKING Plane flying form Barcelona to Frankfurt crashes in France, 142 people were on board. germanwings",16
Charlie Hebdo to Print 1 Million Copies in Defiance After Attack http://t.co/2kvfnSm5oI via @business,0,Mark_Beech,charliehebdo,not_rumour,Charlie Hebdo to Print 1 Million Copies in Defiance After Attack via,12
"The #Ferguson police look more militarized now than the actual National Guard, here from the 1967 Newark riots: http://t.co/qk3CKqSp8o",0,rortybomb,ferguson,not_rumour,"The Ferguson police look more militarized now than the actual National Guard, here from the 1967 Newark riots",18
"Map of the locations of shootings in Ottawa, at War Memorial, House of Commons and nearby mall http://t.co/X88Z25p9Tx http://t.co/oFsyyJQ4Qp",1,nytimesworld,ottawashooting,rumour,"Map of the locations of shootings in Ottawa, at War Memorial, House of Commons and nearby mall",17
Supposedly there might be one or two witnesses who have the shooting or part of the shooting recorded on their phones. #Ferguson,1,MichaelSkolnik,ferguson,rumour,Supposedly there might be one or two witnesses who have the shooting or part of the shooting recorded on their phones. Ferguson,22
#BREAKING: A man just advanced on police. A red laser immediately was painted on his shirt. He threw his hands up. #Ferguson #MichaelBrown,0,EliKMBC,ferguson,not_rumour,BREAKING A man just advanced on police. A red laser immediately was painted on his shirt. He threw his hands up. Ferguson MichaelBrown,23
Just as the Founding Fathers intended. RT @BmoreConetta: Current situation in #ferguson http://t.co/QVNG2ZmlxV,0,fordm,ferguson,not_rumour,Just as the Founding Fathers intended. RT Current situation in ferguson,11
Prophet Mohammed cartoons republished by Danish newspaper in wake of #CharlieHebdo attack http://t.co/TouN7YJbfn http://t.co/FhDgXNpofN,0,Independent,charliehebdo,not_rumour,Prophet Mohammed cartoons republished by Danish newspaper in wake of CharlieHebdo attack,12
"Kevin Vickers, head of security in parliament &amp; 29 yr vet of RCMP. Being credited for taking down shooter #Ottawa http://t.co/LpAUkIqwvi",1,affanchowdhry,ottawashooting,rumour,"Kevin Vickers, head of security in parliament amp 29 yr vet of RCMP. Being credited for taking down shooter Ottawa",20
Sydney Siege: Up To 40 Hostages Held - Reports #sidneysiege @skynews http://t.co/6NcYLpqsIN,1,MozartMalik,sydneysiege,rumour,Sydney Siege Up To 40 Hostages Held - Reports sidneysiege,10
"Due to shooting at Parliament Hill in #Ottawa earlier, we are currently on lockdown. We will update once further information is available.",0,usembassyottawa,ottawashooting,not_rumour,"Due to shooting at Parliament Hill in Ottawa earlier, we are currently on lockdown. We will update once further information is available.",22
Kosher restaurants closing across Paris. Schools nr latest incident locked down. #ParisAttacks http://t.co/8MdsGYsaOZ http://t.co/rObM6QtWIZ,1,SkyNews,charliehebdo,rumour,Kosher restaurants closing across Paris. Schools nr latest incident locked down. ParisAttacks,12
Rumours of Prince coming to #Toronto replaced by rumours of many wet people waiting in a line-up for nothing. At least thats what i heard.,1,StandUpAli,prince-toronto,rumour,Rumours of Prince coming to Toronto replaced by rumours of many wet people waiting in a line-up for nothing. At least thats what i heard.,25
"The twin-engine Airbus A320 is considered among the most reliable aircraft, http://t.co/9Fkd9fPd3e #germanwings http://t.co/R9ag4dGnID",0,NewDay,germanwings-crash,not_rumour,"The twin-engine Airbus A320 is considered among the most reliable aircraft, germanwings",12
"He's Muslim and he's NOT a TERRORIST  

#MuslimsAreNotTerrorists
#RIPCaroline 
#JeSuisCharlie http://t.co/mDgNlg3DwS",0,YoimSamy,charliehebdo,not_rumour,He's Muslim and he's NOT a TERRORIST MuslimsAreNotTerrorists RIPCaroline JeSuisCharlie,10
"#IllRideWithYou: 'Sydney Stands Up To Racism And Bigotry With One Beautiful Hashtag' 

http://t.co/Is6GveH6j6 http://t.co/xv6a8f4qNB",0,TheObamaDiary,sydneysiege,not_rumour,IllRideWithYou 'Sydney Stands Up To Racism And Bigotry With One Beautiful Hashtag',12
***EXCLUSIVE*** Michael Zahaf-Bibeau caught on a #DASHCAM model sold at http://t.co/62s1bT3ecH #OttawaShooting http://t.co/LpnqAKsHZw,1,AdamGuerbuez,ottawashooting,rumour,EXCLUSIVE Michael Zahaf-Bibeau caught on a DASHCAM model sold at OttawaShooting,11
today #MichaelBrown would've completed his 1st week of college &amp; #Ferguson police chief spent most time suggesting he's the criminal,1,MichaelaAngelaD,ferguson,rumour,today MichaelBrown would've completed his 1st week of college amp Ferguson police chief spent most time suggesting he's the criminal,20
"Last position of Germanwings flight #4U9525 at 09:40 UTC
http://t.co/FHoX6q0GHt http://t.co/72pxGKolRM",1,flightradar24,germanwings-crash,rumour,Last position of Germanwings flight 4U9525 at 09 40 UTC,10
Are you in line at Massey Hall? Send us a photo! Prince rumoured to be playing surprise show http://t.co/tZZuoauuwN http://t.co/KmROAvXLc5,1,CBCToronto,prince-toronto,rumour,Are you in line at Massey Hall? Send us a photo! Prince rumoured to be playing surprise show,18
"On Israeli TV, an Israeli woman speaks of her nephew,a mother with 6 month old baby, held hostage in the supermarket in Paris. #JeSuisJuif",1,AvitalLeibovich,charliehebdo,rumour,"On Israeli TV, an Israeli woman speaks of her nephew,a mother with 6 month old baby, held hostage in the supermarket in Paris. JeSuisJuif",24
We can see people coming out a firedoor near the Lindt cafe to waiting police. 2-3 people. Hard to see. #sydneysiege,1,lucethoughts,sydneysiege,rumour,We can see people coming out a firedoor near the Lindt cafe to waiting police. 2-3 people. Hard to see. sydneysiege,21
"#SydneySiege: Latest video of hostages escaping.
https://t.co/eFfgSbt2hO",1,FoxNews,sydneysiege,rumour,SydneySiege Latest video of hostages escaping.,6
"The ""Robbery"" Incident Report released by #Ferguson PD today is sketchy at best. What stood out? NAMING #MikeBrown. How did they know?",1,ReignOfApril,ferguson,rumour,"The ""Robbery"" Incident Report released by Ferguson PD today is sketchy at best. What stood out? NAMING MikeBrown. How did they know?",22
"Terrifying photo of hostages in Martin Place in Sydney, being held by men waving an ISIS flag http://t.co/6ozBRQVNlG",1,tomsteinfort,sydneysiege,rumour,"Terrifying photo of hostages in Martin Place in Sydney, being held by men waving an ISIS flag",17
Putin just became a typical Russian father...he's still missing. #putindead,1,StewartEestis,putinmissing,rumour,Putin just became a typical Russian father...he's still missing. putindead,10
The #SydneySiege has been going on for over 13 hours. It is now 11:05pm local time in Sydney.,0,TODAYshow,sydneysiege,not_rumour,The SydneySiege has been going on for over 13 hours. It is now 11 05pm local time in Sydney.,19
LIVE FEED from scene of standoff between #CharlieHebdo shooting suspects &amp; police http://t.co/Q4kQYO2SHC http://t.co/gcsVG5iAQh,0,RT_com,charliehebdo,not_rumour,LIVE FEED from scene of standoff between CharlieHebdo shooting suspects amp police,12
#Germanwings #CoPilot was a recent Muslim convert as well as a psychiatric patient. #ISIS is lauding him as a hero. http://t.co/J29Y3tDjOP,1,Zone6Combat,germanwings-crash,rumour,Germanwings CoPilot was a recent Muslim convert as well as a psychiatric patient. ISIS is lauding him as a hero.,20
I love reading the #illridewithyou tweets from Australians in response to anti-Muslim hatred in the midst of #sydneysiege. Lovely humanity.,0,cmclymer,sydneysiege,not_rumour,I love reading the illridewithyou tweets from Australians in response to anti-Muslim hatred in the midst of sydneysiege. Lovely humanity.,20
"This is how the world's cartoonists responded to the #CharlieHebdo attack: http://t.co/O6rajLv4DX

#JeSuisCharlie http://t.co/VcLJyMsCJH",0,Quandly,charliehebdo,not_rumour,This is how the world's cartoonists responded to the CharlieHebdo attack JeSuisCharlie,12
#RCMP asking for assistance if you have any photos or videos from #ottawa shooting please send to: NatDiv_Media_DivNat@rcmp-grc.gc.ca,0,OPP_COMM_WR,ottawashooting,not_rumour,RCMP asking for assistance if you have any photos or videos from ottawa shooting please send to NatDiv Media DivNat-grc.gc.ca,20
Spare a thought for Australia's Muslim community - the vast majority of whom condemn Jihadists' for perverting their religion #sydneysiege,0,SimonLongstaff,sydneysiege,not_rumour,Spare a thought for Australia's Muslim community - the vast majority of whom condemn Jihadists' for perverting their religion sydneysiege,20
Islamic terrorist attack in Sydney. Hostages holding up a black flag with the Islamic creed on it. #SydneySiege http://t.co/8NE4o0coQ6,1,ivivekbansal,sydneysiege,rumour,Islamic terrorist attack in Sydney. Hostages holding up a black flag with the Islamic creed on it. SydneySiege,18
"NORAD has gone on a high alert posture as a result of the shootings in Ottawa, U.S. military officials say - @JimMiklaszewski",1,NBCNightlyNews,ottawashooting,rumour,"NORAD has gone on a high alert posture as a result of the shootings in Ottawa, U.S. military officials say -",21
$10 to see Prince tonight in Toronto? I'd be a fool not to.,1,ajsharma95,prince-toronto,rumour,10 to see Prince tonight in Toronto? I'd be a fool not to.,13
Prince at Massey Hall tonight. He's gonna lift whole houses clear off the ground. Wish I could be there.,1,InklessPW,prince-toronto,rumour,Prince at Massey Hall tonight. He's gonna lift whole houses clear off the ground. Wish I could be there.,19
"Israel’s Ex-Ambassador To Russia: ""There Are Signs Of A Coup"" Against Putin http://t.co/lley9chjla http://t.co/Zqc0ibptCL",1,PatDollard,putinmissing,rumour,"Israels Ex-Ambassador To Russia ""There Are Signs Of A Coup"" Against Putin",12
"DO NOT TWEET POLICE MOVEMENTS. Don't tweet photos of police, their faces, their location, anything. Seriously. It's simple #sydneysiege",0,AmberPickette,sydneysiege,not_rumour,"DO NOT TWEET POLICE MOVEMENTS. Don't tweet photos of police, their faces, their location, anything. Seriously. It's simple sydneysiege",19
BREAKINGNEWS: One of the perpetrators have demanded to speak to President Tony Abbott. Threatens to blow explosives every 30min #sydneysiege,1,TheAnonMessage,sydneysiege,rumour,BREAKINGNEWS One of the perpetrators have demanded to speak to President Tony Abbott. Threatens to blow explosives every 30min sydneysiege,20
#Putin is not the only thing missing....Look what is missing from the top of the #Kremlin today #putindead #Russia http://t.co/CzMVeh3C6M,0,CWynnykWilson,putinmissing,not_rumour,Putin is not the only thing missing....Look what is missing from the top of the Kremlin today putindead Russia,19
Prime Minister Tony Abbott's statement on the #SydneySiege. Updates: http://t.co/EgWHAnjO35 http://t.co/AGhyN5Qkei,1,australian,sydneysiege,rumour,Prime Minister Tony Abbott's statement on the SydneySiege. Updates,9
"💔💔
I Will Follow Anyone
&amp; Invite Everyone
To Unite &amp; Defend
#FreedomOfExpression

#JeSuisCharlie #IAmCharlie
#DrWidad http://t.co/WnWPMZhuvV",0,DrWidadAkrawi,charliehebdo,not_rumour,I Will Follow Anyone amp Invite Everyone To Unite amp Defend FreedomOfExpression JeSuisCharlie IAmCharlie DrWidad,15
"Ottawa, be safe, be smart.. The Hill is under attack 🙏",0,reBELLYus,ottawashooting,not_rumour,"Ottawa, be safe, be smart.. The Hill is under attack",10
"#ThatAwkwardMoment when the #Ferguson police chief admits that #MikeBrown was stopped for walking in the road.

#p2 http://t.co/6giGtKQgaB",1,EricWolfson,ferguson,rumour,ThatAwkwardMoment when the Ferguson police chief admits that MikeBrown was stopped for walking in the road. p2,17
"After #Ferguson shooting, nearly half of Americans don’t believe in justice – poll http://t.co/WkNQk64sKb http://t.co/p74FItXUKC",0,RT_com,ferguson,not_rumour,"After Ferguson shooting, nearly half of Americans dont believe in justice poll",12
DEVELOPING: #Canada officials identify dead gunman in Parliament shooting as Michael Zehaf-Bibeau. http://t.co/pfaAxISVyR,1,AJEnglish,ottawashooting,rumour,DEVELOPING Canada officials identify dead gunman in Parliament shooting as Michael Zehaf-Bibeau.,12
"The gunmen responsible will be ""chased as long as necessary,"" @fhollande says. http://t.co/4fOLNaIHJe #CharlieHebdo
https://t.co/rL4iz7VayD",0,CNN,charliehebdo,not_rumour,"The gunmen responsible will be ""chased as long as necessary,"" says. CharlieHebdo",12
Teenager #MikeBrown won't start college on Monday because he was shot ten times by a #Ferguson police officer. http://t.co/B4hWevO7l9,1,YourAnonGlobal,ferguson,rumour,Teenager MikeBrown won't start college on Monday because he was shot ten times by a Ferguson police officer.,18
The live stream from #Ferguson is back up and running. Watch here while you can: http://t.co/7QTY8soT46,0,YourAnonNews,ferguson,not_rumour,The live stream from Ferguson is back up and running. Watch here while you can,15
"Security forces storm Sydney cafe where hostages held, gunman identified as Man Haron Monis: http://t.co/fOqqI5UpsO http://t.co/nlVYwmOpGJ",0,Reuters,sydneysiege,not_rumour,"Security forces storm Sydney cafe where hostages held, gunman identified as Man Haron Monis",14
"Today's cartoon, by @DaveBrownToons. #CharlieHebdo #JeSuisCharlie http://t.co/zsz3ujodlT",0,Independent,charliehebdo,not_rumour,"Today's cartoon, by . CharlieHebdo JeSuisCharlie",6
"After Paris, Obama vows vigilance on terrorism as he releases Gitmo prisoners http://t.co/6vgpK4rTSl #TCOT via @IBDinvestors",0,AHMalcolm,charliehebdo,not_rumour,"After Paris, Obama vows vigilance on terrorism as he releases Gitmo prisoners TCOT via",14
There was only one TV reporter at #Ferguson protests last night. Most left earlier fearing violence. Yet only violence was cop's bullets!,1,MichaelSkolnik,ferguson,rumour,There was only one TV reporter at Ferguson protests last night. Most left earlier fearing violence. Yet only violence was cop's bullets!,22
Police are requesting that no photos are shared on social media #MartinPlaceSiege #SydneySiege #MartinPlace,0,nova969,sydneysiege,not_rumour,Police are requesting that no photos are shared on social media MartinPlaceSiege SydneySiege MartinPlace,14
"With the #sydneysiege now in its tenth hour, police say they're in contact with the gunman. http://t.co/Au4T7dsSAh http://t.co/KQftolnHji",1,SkyNews,sydneysiege,rumour,"With the sydneysiege now in its tenth hour, police say they're in contact with the gunman.",16
"What are #Ferguson Police hiding about ""drive by"" shooting of black woman recording last night's action? http://t.co/wfuDYm9q27 #OpFerguson",1,occbaystreet,ferguson,rumour,"What are Ferguson Police hiding about ""drive by"" shooting of black woman recording last night's action? OpFerguson",17
"#ICYMI UnReal Toon: We stand with you, Charlie Hebdo (via @sagarcartoonist with @ajayendar) #CharlieHebdo http://t.co/mKrUBiUrg5",0,TheUnRealTimes,charliehebdo,not_rumour,"ICYMI UnReal Toon We stand with you, Charlie Hebdo via with CharlieHebdo",12
Ottawa Police report a third shooting incident at the Rideau Centre. No word on injuries.,1,CFRAOttawa,ottawashooting,rumour,Ottawa Police report a third shooting incident at the Rideau Centre. No word on injuries.,15
"Is Prince playing a surprise show at Massey Hall tonight?
http://t.co/Jp0lbYz4Ui http://t.co/DUwv0mbRQu http://t.co/hM4CcFtNwi",1,marissanelson,prince-toronto,rumour,Is Prince playing a surprise show at Massey Hall tonight?,10
"BREAKING: CTV Ottawa confirms there were 3 separate shootings. One on Parliament Hill, one at National War Memorial, one near Rideau Centre",1,CP24,ottawashooting,rumour,"BREAKING CTV Ottawa confirms there were 3 separate shootings. One on Parliament Hill, one at National War Memorial, one near Rideau Centre",22
"Witness: ""He threw his hands up and they shot him. The boy fell and they shot him some more."" #Ferguson http://t.co/sSbXDOUTMn",0,MichaelSkolnik,ferguson,not_rumour,"Witness ""He threw his hands up and they shot him. The boy fell and they shot him some more."" Ferguson",20
"DEVELOPING NEWS: Soldier shot at War Memorial. Watch CBC NN for coverage. Or follow online: http://t.co/QSm0x0bM2K
http://t.co/QcwgN8OgHB",1,CBCTheNational,ottawashooting,rumour,DEVELOPING NEWS Soldier shot at War Memorial. Watch CBC NN for coverage. Or follow online,15
"French cartoonists Charb, Cabu, Tignous and Wolinski all killed in Charlie Hebdo attack http://t.co/CbudA0P8Op http://t.co/1YlQLrdp70",1,thei100,charliehebdo,rumour,"French cartoonists Charb, Cabu, Tignous and Wolinski all killed in Charlie Hebdo attack",13
"omggggg :'( ""@TorontoStar: Sorry, fans. Prince will not be performing at Massey Hall tonight: http://t.co/ajNlq4npxs http://t.co/dynoAkJumk""",1,PrinceTaughtMe,prince-toronto,rumour,"omggggg ' "" Sorry, fans. Prince will not be performing at Massey Hall tonight",14
Prince fans are lined up from Massey Hall to Queen street to snag wristbands to his surprise shows http://t.co/W5rObSPMuN,1,nowtoronto,prince-toronto,rumour,Prince fans are lined up from Massey Hall to Queen street to snag wristbands to his surprise shows,18
"What Charlie Hebdo does, and why terrorists use it as ""a pretext to justify their violence."" By @emserre, from 2012. http://t.co/BIXn9x5GAp",0,laurenzcollins,charliehebdo,not_rumour,"What Charlie Hebdo does, and why terrorists use it as ""a pretext to justify their violence."" By , from 2012.",20
#Sydney: Hostages told Australia's #channeltennews the gunman claims there are 2 bombs in the cafe and 2 in CBD area http://t.co/cQ21WPQNAP,1,STcom,sydneysiege,rumour,Sydney Hostages told Australia's channeltennews the gunman claims there are 2 bombs in the cafe and 2 in CBD area,20
Police have blocked us from getting to the protestors. Full riot gear. #Ferguson http://t.co/U6EhL6y19X,0,elonjames,ferguson,not_rumour,Police have blocked us from getting to the protestors. Full riot gear. Ferguson,13
"We condemn the actions of the criminals at #martinsplace #sydneysiege 

Islam is free from terrorism. Visit: http://t.co/fsBE3gEuYH",0,SalafiSisters,sydneysiege,not_rumour,We condemn the actions of the criminals at martinsplace sydneysiege Islam is free from terrorism. Visit,16
Pencil Eraser✏️is mightier than the sword🔪@varvel @indystar http://t.co/En0AIb4COR #CharlieHebdo http://t.co/isvQqFCY6j,0,peddoc63,charliehebdo,not_rumour,Pencil Eraseris mightier than the sword CharlieHebdo,7
"Web strongly condemn this terrorist attack on the Charlie Hebdo
http://t.co/cB3mSZwiaE http://t.co/zaZAXvOkv9",0,JWFoundation_,charliehebdo,not_rumour,Web strongly condemn this terrorist attack on the Charlie Hebdo,10
"The #GermanWings plane is believed to have crashed shortly after a distress call reporting an ""abnormal situation"" http://t.co/mLLtayvg1M",1,SkyNews,germanwings-crash,rumour,"The GermanWings plane is believed to have crashed shortly after a distress call reporting an ""abnormal situation""",17
So when do Barack Obama and Hillary Clinton recommend we arrest the rest of the Charlie Hebdo staff for inciting Islamic violence?,0,benshapiro,charliehebdo,not_rumour,So when do Barack Obama and Hillary Clinton recommend we arrest the rest of the Charlie Hebdo staff for inciting Islamic violence?,22
#Ferguson Police Chief: The initial contact between #DarrenWilson and #MikeBrown was NOT related to the alleged theft of cigars.,1,AntonioFrench,ferguson,rumour,Ferguson Police Chief The initial contact between DarrenWilson and MikeBrown was NOT related to the alleged theft of cigars.,19
Kunstmuseum accepts Gurlitt collection bequest. Pledges to fully investigate artwork restitution claims fully.,1,sauterne,gurlitt,rumour,Kunstmuseum accepts Gurlitt collection bequest. Pledges to fully investigate artwork restitution claims fully.,13
"PAY ATTENTION as ""teen"" becomes ""man,"" ""community"" becomes ""mob,"" and ""murder"" becomes ""alleged shooting."" #Ferguson #medialiteracy",0,lolitasaywhat,ferguson,not_rumour,"PAY ATTENTION as ""teen"" becomes ""man,"" ""community"" becomes ""mob,"" and ""murder"" becomes ""alleged shooting."" Ferguson medialiteracy",16
"If Dorian Johnson is a suspect in a robbery that justified #DarrenWilson killing #MikeBrown, why hasn't Dorian been arrested? #Ferguson",1,ReignOfApril,ferguson,rumour,"If Dorian Johnson is a suspect in a robbery that justified DarrenWilson killing MikeBrown, why hasn't Dorian been arrested? Ferguson",20
‘Muslims don’t believe in freedom of speech’: Anjem Choudary on the Charlie Hebdo attack: http://t.co/8B0Yn3tw18 http://t.co/KLWzXYkxfF,0,MetroUK,charliehebdo,not_rumour,Muslims dont believe in freedom of speech Anjem Choudary on the Charlie Hebdo attack,14
"True cowardice: @nydailynews blurred out stereotypical imam in cover of #CharlieHebdo, left image of stereotypical Hasidic Jew.",0,benshapiro,charliehebdo,not_rumour,"True cowardice blurred out stereotypical imam in cover of CharlieHebdo, left image of stereotypical Hasidic Jew.",16
The protestors have started marching into a neighborhood. Police still standing here. #Ferguson #MichaelBrown http://t.co/2CFDkmtObA,0,EliKMBC,ferguson,not_rumour,The protestors have started marching into a neighborhood. Police still standing here. Ferguson MichaelBrown,14
I am so saddened by the death of a young man serving us and our great nation. God bless him #Ottawa #OttawaShooting,1,GeneralHillier,ottawashooting,rumour,I am so saddened by the death of a young man serving us and our great nation. God bless him Ottawa OttawaShooting,22
"#BREAKING Hostages held inside Sydney cafe, Islamic flag held up",1,AFP,sydneysiege,rumour,"BREAKING Hostages held inside Sydney cafe, Islamic flag held up",10
#BREAKING: @dan_murphy &amp; @chriskkenny have the latest on the hostages inside the Lindt Cafe #SydneySiege. Ch 601 http://t.co/rVeawjhLgf,1,SkyNewsAust,sydneysiege,rumour,BREAKING amp have the latest on the hostages inside the Lindt Cafe SydneySiege. Ch 601,15
"Why Muslims should embrace free speech, even if it includes insults to their Prophet http://t.co/S12EYrY2Qs #CharlieHebdo",0,sunny_hundal,charliehebdo,not_rumour,"Why Muslims should embrace free speech, even if it includes insults to their Prophet CharlieHebdo",15
"Lindt Australia CEO says probably about 10 staff, 30 customers in Sydney cafe at time of siege  @SkyBusiness #sydneysiege (@liztilley84)",1,SkyNewsAust,sydneysiege,rumour,"Lindt Australia CEO says probably about 10 staff, 30 customers in Sydney cafe at time of siege sydneysiege",18
"Paris sieges are over, all gunmen are dead and all hostages are alive, reporter says on @AFP, citing police sources and statements",0,dmrider,charliehebdo,not_rumour,"Paris sieges are over, all gunmen are dead and all hostages are alive, reporter says on , citing police sources and statements",22
"Justin Bieber shooting in a swimming pool at #11
http://t.co/f4VPY4EflT #JustinBieber",0,justinffbieber,ottawashooting,not_rumour,Justin Bieber shooting in a swimming pool at 11 JustinBieber,10
#BREAKING: A sixth hostage has escaped from the café in #MartinPl. #SydneySiege #9News,1,9NewsAUS,sydneysiege,rumour,BREAKING A sixth hostage has escaped from the caf in MartinPl. SydneySiege 9News,13
BREAKING: #CharlieHebdo Terrorists Attended Radical Mosque in Paris http://t.co/oEvVOOHRqh #JeSuisCharlie http://t.co/78vtE2Jv3J,0,ChuckCJohnson,charliehebdo,not_rumour,BREAKING CharlieHebdo Terrorists Attended Radical Mosque in Paris JeSuisCharlie,9
"LIVE: 5 hostages escape #sydneysiege, many still in captivity 
See:http://t.co/mHOg6GV1pk http://t.co/8wCPPye3d9",1,Newsroompostcom,sydneysiege,rumour,"LIVE 5 hostages escape sydneysiege, many still in captivity See",10
Read this to understand why everyone is freaking out about #putindead: http://t.co/rYMgQ1VnZt,0,LianaFix,putinmissing,not_rumour,Read this to understand why everyone is freaking out about putindead,11
calling the neighbors a mob = dehumanizing a community to justify all future wrongdoing. #mikebrown #ferguson,0,dopegirlfresh,ferguson,not_rumour,calling the neighbors a mob dehumanizing a community to justify all future wrongdoing. mikebrown ferguson,15
"Charlie Hebdo's last cartoon on Twitter: Abu Bakr al-Baghdadi saying ""and especially, health!"" (New Year's greeting) http://t.co/UMEWDeR6z4",0,DavidKenner,charliehebdo,not_rumour,"Charlie Hebdo's last cartoon on Twitter Abu Bakr al-Baghdadi saying ""and especially, health!"" New Year's greeting",16
"Several more hostages flee from cafe under siege in Sydney, local media say http://t.co/YjuafDPNEY",1,BBCBreaking,sydneysiege,rumour,"Several more hostages flee from cafe under siege in Sydney, local media say",13
Banksy's response to the #CharlieHebdo attack isn't by Banksy. But it is striking: http://t.co/mag1lJXzjL http://t.co/3TDPkGFxrx,1,Independent,charliehebdo,rumour,Banksy's response to the CharlieHebdo attack isn't by Banksy. But it is striking,13
Swiss art museum accepts artworks bequeathed by late art dealer Gurlitt http://t.co/4euSXR3Agm,1,WSJbreakingnews,gurlitt,rumour,Swiss art museum accepts artworks bequeathed by late art dealer Gurlitt,11
Germanwings plane crash: Airbus A320 crashes in French Alps with 148 on board -latest updates http://t.co/5K1ZxWqXh0 http://t.co/vzStX3iozK,1,DailyMirror,germanwings-crash,rumour,Germanwings plane crash Airbus A320 crashes in French Alps with 148 on board -latest updates,15
It's a shame that Australians gave up all their guns on orders of the government. Now only ISIS lunatics are armed. #sydneysiege,0,PrisonPlanet,sydneysiege,not_rumour,It's a shame that Australians gave up all their guns on orders of the government. Now only ISIS lunatics are armed. sydneysiege,22
"The #Germanwings #A320 plane that crashed in the Alps did make a distress call, CNN's French affiliate says: http://t.co/90w6VC2VBf",1,cnni,germanwings-crash,rumour,"The Germanwings A320 plane that crashed in the Alps did make a distress call, CNN's French affiliate says",18
How to respond to the murderous attack on Charlie Hebdo? Every newspaper in the free world should print this. http://t.co/sC2ot63F6j,0,Heresy_Corner,charliehebdo,not_rumour,How to respond to the murderous attack on Charlie Hebdo? Every newspaper in the free world should print this.,19
People gather for a minute's silence to remember the victims of the #CharlieHebdo attack http://t.co/Fv0ZHWLPQX http://t.co/ElS4WMYyV6,0,WSJ,charliehebdo,not_rumour,People gather for a minute's silence to remember the victims of the CharlieHebdo attack,14
Full @GlobeOpinion editorial on slain #CharlieHebdo journalists:  #JeSuisCharlie http://t.co/ouqpug8y9i,0,GlobeOpinion,charliehebdo,not_rumour,Full editorial on slain CharlieHebdo journalists JeSuisCharlie,7
"FYI - the cop was Muslim! RIP Ahmed Merabet. Blame TERROR, not Islam! #JeSuisCharlie #CharlieHebdo http://t.co/AMItVYwGlI",0,UlrichJvV,charliehebdo,not_rumour,"FYI - the cop was Muslim! RIP Ahmed Merabet. Blame TERROR, not Islam! JeSuisCharlie CharlieHebdo",15
White House says US ready to offer Canada any necessary assistance after shootings in #Ottawa. #BarackObama to speak with PM Harper today.,1,CBCAlerts,ottawashooting,rumour,White House says US ready to offer Canada any necessary assistance after shootings in Ottawa. BarackObama to speak with PM Harper today.,22
"Kremlin preparing major announcement, journalists asked not to depart for weekend - http://t.co/yRXO4G52jT #PutinIsMissing #PutinDead #Putin",1,4spiritoftruth,putinmissing,rumour,"Kremlin preparing major announcement, journalists asked not to depart for weekend - PutinIsMissing PutinDead Putin",15
"From jaywalking to strong-arm robbery. 

Mhm... #Ferguson",1,TheAnonMessage2,ferguson,rumour,From jaywalking to strong-arm robbery. Mhm... Ferguson,7
RT - If you support this #freedom fighter! #StopIslamists #FreedomOfSpeech #CharlieHebdo #RedNationRising http://t.co/4ThF7Zko4E,0,JonasChr88,charliehebdo,not_rumour,- If you support this freedom fighter! StopIslamists FreedomOfSpeech CharlieHebdo RedNationRising,11
"In support of freedom of expression through words, not bullets #JeSuisCharlie http://t.co/zdIRzEjKDJ",0,ssu_sverige,charliehebdo,not_rumour,"In support of freedom of expression through words, not bullets JeSuisCharlie",11
Canada's Coverage of the Ottawa Shootings Put American Cable News to Shame http://t.co/D1WmpR4q6b,0,MotherJones,ottawashooting,not_rumour,Canada's Coverage of the Ottawa Shootings Put American Cable News to Shame,12
Update - AFP reports at least five people have been taken hostage and one person wounded after shooting at kosher grocery in eastern #Paris,1,SkyNewsBreak,charliehebdo,rumour,Update - AFP reports at least five people have been taken hostage and one person wounded after shooting at kosher grocery in eastern Paris,24
"BREAKING: Reports of shots fired, hostages taken in town Northeast of Paris http://t.co/f30TSVt1yN http://t.co/jeuTP0IOZg",1,Independent,charliehebdo,rumour,"BREAKING Reports of shots fired, hostages taken in town Northeast of Paris",12
"So a Rabbi, Imam &amp; Priest walk into a mosque. The punchline: a powerful &amp; beautiful stand of solidarity. #SydneySiege http://t.co/9wKKXWx7lm",0,_amroali,sydneysiege,not_rumour,"So a Rabbi, Imam amp Priest walk into a mosque. The punchline a powerful amp beautiful stand of solidarity. SydneySiege",20
UPDATE: French President François Hollande has said that no survivors are expected in Germanwings plane crash over France. #9News,1,9NewsAUS,germanwings-crash,rumour,UPDATE French President Franois Hollande has said that no survivors are expected in Germanwings plane crash over France. 9News,19
"If you're a media outlet reporting on #CharlieHebdo and blurring out the cartoons you're reporting on, you're doing journalism wrong.",0,a_picazo,charliehebdo,not_rumour,"If you're a media outlet reporting on CharlieHebdo and blurring out the cartoons you're reporting on, you're doing journalism wrong.",20
"Lawyer for Dorian Johnson, eyewitness to #MichaelBrown shooting, tells me they will meet with both FBI and county prosecutor today #Ferguson",0,WesleyLowery,ferguson,not_rumour,"Lawyer for Dorian Johnson, eyewitness to MichaelBrown shooting, tells me they will meet with both FBI and county prosecutor today Ferguson",21
At least three hostages flee #lindtcafe in #Sydney  http://t.co/z9JrtJ2IN3 #sydneysiege http://t.co/1QgdVpZczx,1,BBCBreaking,sydneysiege,rumour,At least three hostages flee lindtcafe in Sydney sydneysiege,9
Hey Hillary R U home empathizing with these scumbags! I want a leader who will wipe them off the planet! #sydneysiege http://t.co/ulXUdng7WC,0,AmyMek,sydneysiege,not_rumour,Hey Hillary R U home empathizing with these scumbags! I want a leader who will wipe them off the planet! sydneysiege,21
The soldier shot dead in Wednesday's Ottawa attacks has been named as Cpl. Nathan Cirillo of #HamOnt #ottawashooting http://t.co/MxLMptnlWw,1,Canoe,ottawashooting,rumour,The soldier shot dead in Wednesday's Ottawa attacks has been named as Cpl. Nathan Cirillo of HamOnt ottawashooting,18
'Sick' people are actually taking selfies at the site of the #sydneysiege http://t.co/DebSinfhyH http://t.co/rHDxHczlWc,0,Independent,sydneysiege,not_rumour,'Sick' people are actually taking selfies at the site of the sydneysiege,12
Thoughts and prayers with everybody in Ottawa. Stay safe. #OttawaStrong #CanadaStrong,0,JoeyBats19,ottawashooting,not_rumour,Thoughts and prayers with everybody in Ottawa. Stay safe. OttawaStrong CanadaStrong,11
#CharlieHebdo famous cartoonists Charb and Cabu shot dead according to reports http://t.co/4wugwxfVjj http://t.co/SblgDDXGiD,1,Independent,charliehebdo,rumour,CharlieHebdo famous cartoonists Charb and Cabu shot dead according to reports,11
Here are some of the satirical pictures Charlie Hebdo have produced #freespeech #BanIslam http://t.co/m4OaNCf5e0,0,DavidJo52951945,charliehebdo,not_rumour,Here are some of the satirical pictures Charlie Hebdo have produced freespeech BanIslam,13
"NSW Police confirm 5 hostages have emerged from #sydneysiege and they are negotiating: ""It might take a bit of time"" http://t.co/le9r9REzdR",1,BBCBreaking,sydneysiege,rumour,"NSW Police confirm 5 hostages have emerged from sydneysiege and they are negotiating ""It might take a bit of time""",20
Witness: Police allegedly stopped Mike Brown after yelling at him to walk on sidewalk. #Ferguson http://t.co/XG00R6w0k6,1,MichaelSkolnik,ferguson,rumour,Witness Police allegedly stopped Mike Brown after yelling at him to walk on sidewalk. Ferguson,15
And I've just heard the news of the GermanWings plane crash😞thoughts go out to those involved😞,0,Tobjizzle,germanwings-crash,not_rumour,And I've just heard the news of the GermanWings plane crashthoughts go out to those involved,16
"This guy shot 11 people, including a Congresswoman and a judge. He was apprehended alive. #Ferguson #MikeBrown http://t.co/748RLbZ0Fr",0,bobby_griffith,ferguson,not_rumour,"This guy shot 11 people, including a Congresswoman and a judge. He was apprehended alive. Ferguson MikeBrown",17
50 hostages in a cafe... at Sydney... Imagine if @Bdutt were reporting this ugly incident.. You would be dead by now....,1,mediacrooks,sydneysiege,rumour,50 hostages in a cafe... at Sydney... Imagine if were reporting this ugly incident.. You would be dead by now....,20
"We mourn WWF friend and supporter Tignous, killed in yesterday's Charlie Hebdo attack in Paris. #JeSuisCharlie http://t.co/uTy1NbGHF7",0,World_Wildlife,charliehebdo,not_rumour,"We mourn WWF friend and supporter Tignous, killed in yesterday's Charlie Hebdo attack in Paris. JeSuisCharlie",16
Reports claim Putin disappeared due to impending political coup http://t.co/8IpndT2bsI,1,MailOnline,putinmissing,rumour,Reports claim Putin disappeared due to impending political coup,9
"#Breaking Military sources, friends ID Nathan Frank Cirillo as soldier killed in Ottawa  http://t.co/CVyzAvavIF http://t.co/Q7qKp919Ml",1,TorontoStar,ottawashooting,rumour,"Breaking Military sources, friends ID Nathan Frank Cirillo as soldier killed in Ottawa",13
Paris Manhunt: 3 #CharlieHebdo attackers with AK-47 rifles &amp; reportedly rocket-propelled grenade still at large http://t.co/3Jsosc7yl3,1,RT_com,charliehebdo,rumour,Paris Manhunt 3 CharlieHebdo attackers with AK-47 rifles amp reportedly rocket-propelled grenade still at large,15
World pays tribute to victims of #CharlieHebdo massacre http://t.co/icVVi6l4Gv http://t.co/UqlhSjPBMq,0,MailOnline,charliehebdo,not_rumour,World pays tribute to victims of CharlieHebdo massacre,8
"#JeSuisCharlie trending Worldwide - over 56,000 tweets (via @Trendsmap). More via @BBCTrending http://t.co/k5ArXMMyr9 http://t.co/ZFQ8krnE7U",0,BBCOS,charliehebdo,not_rumour,"JeSuisCharlie trending Worldwide - over 56,000 tweets via . More via",11
Lets bomb nurseries w/ White Babies!? FBI: #NBP leader inciting violence in #Ferguson http://t.co/TCXSbfrTsV #tcot http://t.co/XDZqcWnoUQ,1,AmyMek,ferguson,rumour,Lets bomb nurseries w White Babies!? FBI NBP leader inciting violence in Ferguson tcot,14
"Police say there are 3 shooting scenes: Parliament, War Memorial, Rideau Centre. They happened close together, police say #cbcOTT #OTTnews",1,CBCOttawa,ottawashooting,rumour,"Police say there are 3 shooting scenes Parliament, War Memorial, Rideau Centre. They happened close together, police say cbcOTT OTTnews",20
"German PI-News Magazine is Reporting Germanwings Co-Pilot Was Recent Convert to Islam😏

Read: http://t.co/6aNN7RQUZ6 http://t.co/u9ggRyxnVD",1,Conservative_VW,germanwings-crash,rumour,German PI-News Magazine is Reporting Germanwings Co-Pilot Was Recent Convert to Islam Read,13
"After criticism, Uber now picking riders in downtown Sydney for free during hostage crisis. https://t.co/BrmZCdZpxj http://t.co/9OUdn7HZBd",1,nycjim,sydneysiege,rumour,"After criticism, Uber now picking riders in downtown Sydney for free during hostage crisis.",14
"The correct descriptor is ""shooter"" not ""radical"" or ""muslim"" or ""terrorist"" #ottnews #ottawashooting #cdnpoli",0,ERowell1,ottawashooting,not_rumour,"The correct descriptor is ""shooter"" not ""radical"" or ""muslim"" or ""terrorist"" ottnews ottawashooting cdnpoli",14
"""This is an attack on free speech"" - French President Hollande after #CharlieHebdo shooting: http://t.co/CXg48ztABY http://t.co/YZZJzMOQw3",0,AJENews,charliehebdo,not_rumour,"""This is an attack on free speech"" - French President Hollande after CharlieHebdo shooting",14
"People in the street shouting ""No Justice, No Peace"" and blocking a Kinloch police car from passing. #Ferguson http://t.co/7jp4rqT4G6",0,AntonioFrench,ferguson,not_rumour,"People in the street shouting ""No Justice, No Peace"" and blocking a Kinloch police car from passing. Ferguson",18
PHOTO: Parliament Hill caucus room barricaded with furniture due to active shooter situation - http://t.co/8pVYX8s91t http://t.co/6cHBF5KsME,0,ABC,ottawashooting,not_rumour,PHOTO Parliament Hill caucus room barricaded with furniture due to active shooter situation -,14
"FRANCE - PHOTO: Ahmed Merabet, French #Muslim Cop, first victim of #CharlieHebdo attack today. http://t.co/osFUOA9o1F",1,World_newsstand,charliehebdo,rumour,"FRANCE - PHOTO Ahmed Merabet, French Muslim Cop, first victim of CharlieHebdo attack today.",14
#Ferguson police say Michael Brown fit description of strong-arm robbery suspect  http://t.co/bxXMNDzhe6,1,FoxNews,ferguson,rumour,Ferguson police say Michael Brown fit description of strong-arm robbery suspect,11
The Pen and the Sword: the latest from @MorinToon. #jesuischarlie http://t.co/PLfpUYWCGS http://t.co/z1xWFyGFkH,0,MiamiHerald,charliehebdo,not_rumour,The Pen and the Sword the latest from . jesuischarlie,10
Total number of people who have left the cafe in Sydney up to 5. The latest: http://t.co/Nl3BNlFidA #SydneySiege http://t.co/TgZkYFNlR9,1,WSJ,sydneysiege,rumour,Total number of people who have left the cafe in Sydney up to 5. The latest SydneySiege,17
BREAKING NEWS: 2 PEOPLE HAVE DIED AND 5 PEOPLE BEING TREATED BY PARAMEDICS IN SYDNEY. SKY NEWS,1,PzFeed,sydneysiege,rumour,BREAKING NEWS 2 PEOPLE HAVE DIED AND 5 PEOPLE BEING TREATED BY PARAMEDICS IN SYDNEY. SKY NEWS,17
"#BREAKING Reports: Cherif Kouachi, 32, and older brother Said, 34, suspected of Charlie Hebdo attack are dead: http://t.co/7tGdSv4fr8",0,USATODAY,charliehebdo,not_rumour,"BREAKING Reports Cherif Kouachi, 32, and older brother Said, 34, suspected of Charlie Hebdo attack are dead",17
"Captain Johnson: ""Last night was a great night."" #Ferguson",0,AntonioFrench,ferguson,not_rumour,"Captain Johnson ""Last night was a great night."" Ferguson",9
"Paris police: 10 dead, 5 injured at #CharlieHebdo shooting",1,mathieuvonrohr,charliehebdo,rumour,"Paris police 10 dead, 5 injured at CharlieHebdo shooting",9
"'Stand easy, brother': Soldier killed in Ottawa identified as Cpl. Nathan Frank Cirillo http://t.co/y43xMQlWMr http://t.co/dIdgjptqUb",1,CTVNews,ottawashooting,rumour,"'Stand easy, brother' Soldier killed in Ottawa identified as Cpl. Nathan Frank Cirillo",13
"Germanwings crash plane 'lost signal at 6,800 feet', flight radar shows http://t.co/AjQxaENYSb http://t.co/cgU1GqKYqK",1,itvnews,germanwings-crash,rumour,"Germanwings crash plane 'lost signal at 6,800 feet', flight radar shows",11
"Soldier shot by gunman outside Canada parliament dies, minister says, as police search for multiple suspects",1,BBCBreaking,ottawashooting,rumour,"Soldier shot by gunman outside Canada parliament dies, minister says, as police search for multiple suspects",16
RT @WatchCTVNews: LIVE NOW: Cops swarm Parliament Hill following reports of a shooting http://t.co/ekj0wMrYdV http://t.co/55Iz2M0542,1,CTVNews,ottawashooting,rumour,LIVE NOW Cops swarm Parliament Hill following reports of a shooting,11
"""@Joerayment: Dramatic photos from @wcuddington on the scene in Ottawa http://t.co/NBNrYercrM http://t.co/xXwgdoW82Q"" #PrayForOttawa :(",0,Mississauga411,ottawashooting,not_rumour,""" Dramatic photos from on the scene in Ottawa PrayForOttawa",10
"To Americans saying the #sydneysiege wouldn't be happening if citizens had gun rights... You're right, it'd probably be a massacre instead.",0,teresalwan,sydneysiege,not_rumour,"To Americans saying the sydneysiege wouldn't be happening if citizens had gun rights... You're right, it'd probably be a massacre instead.",21
Dear mainstream media: The story is not the protest. The story is the police shooting of an unarmed black teenager. #Ferguson,0,_GaelEB,ferguson,not_rumour,Dear mainstream media The story is not the protest. The story is the police shooting of an unarmed black teenager. Ferguson,21
To any American tweeting about how #sydneysiege could have been averted if we carried guns. No -- imagine how much worse it could have been.,0,csimps0n,sydneysiege,not_rumour,To any American tweeting about how sydneysiege could have been averted if we carried guns. No -- imagine how much worse it could have been.,25
Hostage taker in Sydney cafe siege named by police as Iranian refugee Haron Monis - @ReutersIndia http://t.co/sTL36g9TzG,1,BreakingNews,sydneysiege,rumour,Hostage taker in Sydney cafe siege named by police as Iranian refugee Haron Monis -,15
Ten Things White People Can Do About #Ferguson Besides Tweet http://t.co/T3B5iQiibZ,0,nkjemisin,ferguson,not_rumour,Ten Things White People Can Do About Ferguson Besides Tweet,10
French forensic experts examine car used by armed gunmen who stormed offices of Charlie Hebdo http://t.co/ZINBZEnyAI http://t.co/DqZDx0gkHO,0,guardian,charliehebdo,not_rumour,French forensic experts examine car used by armed gunmen who stormed offices of Charlie Hebdo,15
"Terrified faces of hostages taken by jihadists in Sydney.Instead of worrying about ""image of Islam"",worry about them! http://t.co/6tbQYvAnUb",1,MaajidNawaz,sydneysiege,rumour,"Terrified faces of hostages taken by jihadists in Sydney.Instead of worrying about ""image of Islam"",worry about them!",17
"A history of Charlie Hebdo, the satire magazine targeted in Wednesday's terrorist attack http://t.co/nHWHZGAdQZ http://t.co/6DH0G6tqtb",0,TheAtlantic,charliehebdo,not_rumour,"A history of Charlie Hebdo, the satire magazine targeted in Wednesday's terrorist attack",13
When you've planned a school shooting but realise you're too fat to run away from the police http://t.co/P3jWYPjMmI,0,Mike1493r,ottawashooting,not_rumour,When you've planned a school shooting but realise you're too fat to run away from the police,17
The crowd and media at Martin Place. Photo by @John__Donegan #MartinPlaceSiege #sydneysiege http://t.co/ecyxkiReTD,0,702sydney,sydneysiege,not_rumour,The crowd and media at Martin Place. Photo by MartinPlaceSiege sydneysiege,11
Crowd of about 250 ignoring order to disperse from W Florissant. #ferguson https://t.co/XsS38XIGPe,0,CaseyNolen,ferguson,not_rumour,Crowd of about 250 ignoring order to disperse from W Florissant. ferguson,12
"BREAKING NEWS: Reports of shots fired, car chase northeast of Paris as French police hunt Charlie Hebdo attackers. http://t.co/yRb5bP0YV1",1,cnni,charliehebdo,rumour,"BREAKING NEWS Reports of shots fired, car chase northeast of Paris as French police hunt Charlie Hebdo attackers.",18
"the police version is also that #MikeBrown approached the officer. But if he had JUST robbed a store, why approach police?? #Ferguson",1,DreadlockDipset,ferguson,rumour,"the police version is also that MikeBrown approached the officer. But if he had JUST robbed a store, why approach police?? Ferguson",22
The co-pilot of the Germanwings Airbus was a convert to Islam http://t.co/cXkX67PYQt,1,DrShobha,germanwings-crash,rumour,The co-pilot of the Germanwings Airbus was a convert to Islam,11
Sending thoughts and prayers to everybody in Ottawa. #OttawaStrong #CanadaStrong http://t.co/6CGUsWJqUl,0,sskroughriders,ottawashooting,not_rumour,Sending thoughts and prayers to everybody in Ottawa. OttawaStrong CanadaStrong,10
This appears to be the original source of the Putin/Kabayeva/Swiss clinic rumour http://t.co/bKfJTSGdca,1,BBCDanielS,putinmissing,rumour,This appears to be the original source of the Putin Kabayeva Swiss clinic rumour,14
"Be careful what you read about Ottawa, and what you repeat. tipsheet via @archiemc http://t.co/bifpgRpmEA",0,markusoff,ottawashooting,not_rumour,"Be careful what you read about Ottawa, and what you repeat. tipsheet via",13
My thoughts &amp; prayers are with the family &amp; friends of the soldier killed today in the line of duty in Ottawa. Our nation mourns your loss.,1,MPLoisBrown,ottawashooting,rumour,My thoughts amp prayers are with the family amp friends of the soldier killed today in the line of duty in Ottawa. Our nation mourns your loss.,27
"Somewhere, Marine Le Pen is planning her presidential inauguration &amp; figuring out where Putin's guest of honor seat will be. #CharlieHebdo",0,20committee,charliehebdo,not_rumour,"Somewhere, Marine Le Pen is planning her presidential inauguration amp figuring out where Putin's guest of honor seat will be. CharlieHebdo",21
"At least 12 killed in today's attack on satirical magazine #CharlieHebdo in Paris, official says. http://t.co/zUfxcG3Rfs",1,cnnbrk,charliehebdo,rumour,"At least 12 killed in today's attack on satirical magazine CharlieHebdo in Paris, official says.",15
"This is shot that captures the #sydneysiege: sheer terror/relief of escaped hostages, incredible work of @nswpolice http://t.co/iCffJZ9NuZ",1,carolinemarcus,sydneysiege,rumour,"This is shot that captures the sydneysiege sheer terror relief of escaped hostages, incredible work of",16
"Australia severely restricts gun ownership leaving citizens helpless! We MUST Stand Up 4 The #2A! 

#sydneysiege http://t.co/ir9cenulLc",0,AmyMek,sydneysiege,not_rumour,Australia severely restricts gun ownership leaving citizens helpless! We MUST Stand Up 4 The 2A! sydneysiege,16
"#SYDNEY: Gunman tall man in late 40s, dressed in black – eyewitness http://t.co/m51P8dUPhB #SydneySiege http://t.co/NvJzFsGrFN",0,RT_com,sydneysiege,not_rumour,"SYDNEY Gunman tall man in late 40s, dressed in black eyewitness SydneySiege",12
The US Embassy in France (@USEmbassyFrance) has changed its Twitter pic to the #JeSuisCharlie image http://t.co/afvSJT8jma,0,elenacresci,charliehebdo,not_rumour,The US Embassy in France has changed its Twitter pic to the JeSuisCharlie image,14
The @latimes reports on #Ferguson - http://t.co/p69w3eaHpb http://t.co/3DtEAVnpkW,0,AntonioFrench,ferguson,not_rumour,The reports on Ferguson -,5
"French President Hollande condemns ""barbaric act"" after #CharlieHebdo gun attack kills 11 http://t.co/keuR4WvpHu http://t.co/vyuRvukz1N",1,BBCBreaking,charliehebdo,rumour,"French President Hollande condemns ""barbaric act"" after CharlieHebdo gun attack kills 11",12
My thoughts go out to the people of Sydney.,0,Caspar_Lee,sydneysiege,not_rumour,My thoughts go out to the people of Sydney.,9
Islam &amp; Muslims blamed even when neither have anything to do with mass killing.  #Germanwings #GermanWingsCrash http://t.co/DKmNEqzPc7,1,KhaledBeydoun,germanwings-crash,rumour,Islam amp Muslims blamed even when neither have anything to do with mass killing. Germanwings GermanWingsCrash,16
#Ferguson police say shooting death of Michael Brown came after teen was suspect in robbery: http://t.co/KSXV15Y5yw http://t.co/qi7Z5SUWtS,1,ReutersUS,ferguson,rumour,Ferguson police say shooting death of Michael Brown came after teen was suspect in robbery,15
Has Putin Been Overthrown in a Palace Coup? http://t.co/QY24myQjhw,1,ChrisRossini,putinmissing,rumour,Has Putin Been Overthrown in a Palace Coup?,8
"Oh, whoops, the robbery had nothing to do with #MikeBrown being stopped, but at least now half of America thinks it did. - #Ferguson PD",1,lena_tansey,ferguson,rumour,"Oh, whoops, the robbery had nothing to do with MikeBrown being stopped, but at least now half of America thinks it did. - Ferguson PD",25
Telling that some are calling the Charlie Hebdo shootings “the worst terrorist attack in Europe since 2005.” Breivik doesn’t even register.,0,stillgray,charliehebdo,not_rumour,Telling that some are calling the Charlie Hebdo shootings the worst terrorist attack in Europe since 2005. Breivik doesnt even register.,21
Newsrooms around the world show their support for #CharlieHebdo: https://t.co/2sZ43iXyYe #jesuischarlie http://t.co/dAOvitPGPi,0,ProPublica,charliehebdo,not_rumour,Newsrooms around the world show their support for CharlieHebdo jesuischarlie,10
We have reached peak stupid http://t.co/8XQoZ05pgZ http://t.co/pP4b9Mbaoi,0,AdamWagner1,charliehebdo,not_rumour,We have reached peak stupid,5
"#CHARLIEHEBDO SHOOTING: Gunmen still at large, manhunt underway - LIVE UPDATES http://t.co/3Jsosc7yl3 http://t.co/LzCuCBqQP8",0,RT_com,charliehebdo,not_rumour,"CHARLIEHEBDO SHOOTING Gunmen still at large, manhunt underway - LIVE UPDATES",11
of the passengers involved for care and assistance. Everyone at Germanwings and Lufthansa is deeply shocked and saddened by these events.4/5,0,lufthansa,germanwings-crash,not_rumour,of the passengers involved for care and assistance. Everyone at Germanwings and Lufthansa is deeply shocked and saddened by these events.4 5,22
Lufthansa and Germanwings have established a telephone hotline. The toll-free 0800 11 33 55 77 number is available to all the families 3/5,0,lufthansa,germanwings-crash,not_rumour,Lufthansa and Germanwings have established a telephone hotline. The toll-free 0800 11 33 55 77 number is available to all the families 3 5,24
"Breaking: Armed men attack offices of French satirical magazine Charlie Hebdo, killing at least 10, police say http://t.co/tYCeEMKwOo",1,WSJ,charliehebdo,rumour,"Breaking Armed men attack offices of French satirical magazine Charlie Hebdo, killing at least 10, police say",17
Police look on as protestors rally in #Ferguson http://t.co/LCzNUCNvKE,0,WesleyLowery,ferguson,not_rumour,Police look on as protestors rally in Ferguson,8
The East London Mosque would like to offer its sincere condolences to the families of those killed during the #CharlieHebdo attacks (1/2),0,elondonmosque,charliehebdo,not_rumour,The East London Mosque would like to offer its sincere condolences to the families of those killed during the CharlieHebdo attacks 1 2,23
"It's incredibly upsetting hearing about the execution of children by the authorities in Iraq, Gaza, and Missouri. #MikeBrown #Ferguson",0,JRehling,ferguson,not_rumour,"It's incredibly upsetting hearing about the execution of children by the authorities in Iraq, Gaza, and Missouri. MikeBrown Ferguson",19
"Reports: Crashed #Germanwings plane was carrying 148 people, including 142 passengers, two pilots and four flight attendants.",1,SPIEGEL_English,germanwings-crash,rumour,"Reports Crashed Germanwings plane was carrying 148 people, including 142 passengers, two pilots and four flight attendants.",17
"#BREAKING: Prince reportedly to perform surprise show at Massey Hall tonight
http://t.co/G003mTSk9S #Toronto",1,CityNews,prince-toronto,rumour,BREAKING Prince reportedly to perform surprise show at Massey Hall tonight Toronto,12
It's really important to spread news of all the Muslims who are condemning the mass murder at #CharlieHebdo http://t.co/9gzWACXGq1,0,johannhari101,charliehebdo,not_rumour,It's really important to spread news of all the Muslims who are condemning the mass murder at CharlieHebdo,18
Our thoughts are with our nation's capital right now. Praying for those affected by today's tragic events at Parliament Hill in Ottawa.,0,EdmontonOilers,ottawashooting,not_rumour,Our thoughts are with our nation's capital right now. Praying for those affected by today's tragic events at Parliament Hill in Ottawa.,22
Can Putin's Absence Indicate A Palace Coup In Moscow http://t.co/GmEq0iV1W8,1,MarkHigbee,putinmissing,rumour,Can Putin's Absence Indicate A Palace Coup In Moscow,9
We are deeply saddened and concerned by the events unfolding in #Ottawa this morning. Our thoughts are with residents &amp; first responders.,0,weathernetwork,ottawashooting,not_rumour,We are deeply saddened and concerned by the events unfolding in Ottawa this morning. Our thoughts are with residents amp first responders.,22
"Do you have questions about the #Germanwings crash? CNN experts answer #GermanwingsQs: http://t.co/eXKydn7mrd
https://t.co/DChp07sO0w",0,CNN,germanwings-crash,not_rumour,Do you have questions about the Germanwings crash? CNN experts answer GermanwingsQs,12
"REMINDER: #MikeBrown was a kid who just wanted to walk down a street. And for that, HE IS DEAD. Those are the facts. #Ferguson",1,scATX,ferguson,rumour,"REMINDER MikeBrown was a kid who just wanted to walk down a street. And for that, HE IS DEAD. Those are the facts. Ferguson",24
BREAKING: Police source has told The Globe that a second shooter has been shot. #OttawaShooting,1,Breaking911,ottawashooting,rumour,BREAKING Police source has told The Globe that a second shooter has been shot. OttawaShooting,15
"The whistleblower said the #StLouis PD told the Black officers, ""Oh, not you... you're the good guys."" #Ferguson",0,drgoddess,ferguson,not_rumour,"The whistleblower said the StLouis PD told the Black officers, ""Oh, not you... you're the good guys."" Ferguson",18
Sydney residents pledge on twitter  #illridewithyou on public transport to keep Muslims safe against possible reprisals over #sydneysiege,0,nzherald,sydneysiege,not_rumour,Sydney residents pledge on twitter illridewithyou on public transport to keep Muslims safe against possible reprisals over sydneysiege,18
Here's a transcript of the Prime Minister's press conference on #SydneySiege #MartinPlaceSiege http://t.co/UjX25PbCg8,0,_AdamTodd,sydneysiege,not_rumour,Here's a transcript of the Prime Minister's press conference on SydneySiege MartinPlaceSiege,12
MORE: Heavily armed police storm the Sydney cafe shortly after 5 or 6 hostages were seen running out: http://t.co/YPkzCkNoOt,0,AP,sydneysiege,not_rumour,MORE Heavily armed police storm the Sydney cafe shortly after 5 or 6 hostages were seen running out,18
Please do not use today as an excuse to be racist and bigoted. Ignoring the Telegraph would be a good start. #sydneysiege #auspol,0,BenjaminTJones1,sydneysiege,not_rumour,Please do not use today as an excuse to be racist and bigoted. Ignoring the Telegraph would be a good start. sydneysiege auspol,23
@Conflict_Report @DajeyPetros 'While at Kremlin I just had to peek in casket' or '#Putin's last selfie' #putindead http://t.co/udZiOLpcT4,0,MikTukhachevsky,putinmissing,not_rumour,'While at Kremlin I just had to peek in casket' or 'Putin's last selfie' putindead,15
THIS: RT @LatuffCartoons: let's talk seriously about #CharlieHebdo &amp; Western double standard on freedom of speech http://t.co/r7zBacbndM,0,exiledsurfer,charliehebdo,not_rumour,THIS RT let's talk seriously about CharlieHebdo amp Western double standard on freedom of speech,15
Paris is on the highest terrorist alert after 12 people were shot dead at the offices of a satirical weekly magazine. http://t.co/040PfC0If8,1,business,charliehebdo,rumour,Paris is on the highest terrorist alert after 12 people were shot dead at the offices of a satirical weekly magazine.,21
Can Putin's Absence Indicate A Palace Coup In Moscow? http://t.co/TyO33vYW7I,1,i_intelligence,putinmissing,rumour,Can Putin's Absence Indicate A Palace Coup In Moscow?,9
Illustrators and cartoonists respond to the horrific attack at Charlie Hebdo #JeSuisCharlie http://t.co/lpy41iM6zE http://t.co/r6ERv3PFRg,0,CreativeReview,charliehebdo,not_rumour,Illustrators and cartoonists respond to the horrific attack at Charlie Hebdo JeSuisCharlie,12
"PM Modi condemns Sydney hostage crisis

http://t.co/Ihl4Dxc7Ub http://t.co/3odOw6yBp3",1,Newsroompostcom,sydneysiege,rumour,PM Modi condemns Sydney hostage crisis,6
"Hostages inside the siege have told Australia's @channelten that the gunman, calling himself ""The Brother"", has two bombs inside.",1,vicenews,sydneysiege,rumour,"Hostages inside the siege have told Australia's that the gunman, calling himself ""The Brother"", has two bombs inside.",18
.@Maryam_Rajavi message regarding the terrorist attacks in #Paris. #Iran #IranTalks #CharlieHebdo #JeSuisCharlie http://t.co/qzSu2oYs14,0,Setarehgan,charliehebdo,not_rumour,. message regarding the terrorist attacks in Paris. Iran IranTalks CharlieHebdo JeSuisCharlie,12
Car used by gunmen in #CharlieHebdo attack removed by police from road in northern Paris http://t.co/AQAzDDybrM http://t.co/OGr27G6pRQ,0,BBCBreaking,charliehebdo,not_rumour,Car used by gunmen in CharlieHebdo attack removed by police from road in northern Paris,15
"We will not be intimidated by brutal, violent attacks on our freedom #JeSuisCharlie",0,eucopresident,charliehebdo,not_rumour,"We will not be intimidated by brutal, violent attacks on our freedom JeSuisCharlie",13
It looks like a secret Prince show is happening at Massey Hall tonight. http://t.co/IbovDWvjHK http://t.co/1ObuNIhRdC,1,blogTO,prince-toronto,rumour,It looks like a secret Prince show is happening at Massey Hall tonight.,13
Photos from the Parliament shooting scene http://t.co/F4j0IbC5mq http://t.co/MeRqPX921z,0,globeandmail,ottawashooting,not_rumour,Photos from the Parliament shooting scene,6
"#JeSuisCharlie: Cartoonists pay tribute to #CharlieHebdo victims: http://t.co/RkYfIcAlID 
http://t.co/hiWvfDm6FM",0,AnonOpsLegion,charliehebdo,not_rumour,JeSuisCharlie Cartoonists pay tribute to CharlieHebdo victims,7
"It was a St. Louis County police officer who shot this man, according to PIO Brian Schellman. #ferguson",1,valeriehahn,ferguson,rumour,"It was a St. Louis County police officer who shot this man, according to PIO Brian Schellman. ferguson",18
BREAKING NEWS - Exchange of fire reported in #DammartinEnGoele  http://t.co/2A0s2WxBmZ #CharlieHebdo http://t.co/FuysX2plAj,1,Le_Figaro,charliehebdo,rumour,BREAKING NEWS - Exchange of fire reported in DammartinEnGoele CharlieHebdo,10
My own opinion but not sure how you can proceed with NHL game tonight in Ottawa.,0,Real_ESPNLeBrun,ottawashooting,not_rumour,My own opinion but not sure how you can proceed with NHL game tonight in Ottawa.,16
French media report the Trocadero near the Eiffel Tower in #Paris has been evacuated and police have been deployed there,1,SkyNewsBreak,charliehebdo,rumour,French media report the Trocadero near the Eiffel Tower in Paris has been evacuated and police have been deployed there,20
This is what #Ferguson PD did to #HenryDavis in 2009 when they mistook him for a man with an outstanding warrant http://t.co/ZdHpyHfrCh,1,SoulRevision,ferguson,rumour,This is what Ferguson PD did to HenryDavis in 2009 when they mistook him for a man with an outstanding warrant,21
SWAT police just entered a McDonald's in #Ferguson and started asking journalists for ID http://t.co/jksMWqGPR5 (via @ryanjreilly),0,YourAnonNews,ferguson,not_rumour,SWAT police just entered a McDonald's in Ferguson and started asking journalists for ID via,15
"Another day, another shooting of an unarmed black teenager in America by authority figures. #STL #Ferguson",0,traciethoms,ferguson,not_rumour,"Another day, another shooting of an unarmed black teenager in America by authority figures. STL Ferguson",16
Chief seems to make it very clear that shooter did NOT write an incident report. 5th Amendment. #Ferguson,1,Lawrence,ferguson,rumour,Chief seems to make it very clear that shooter did NOT write an incident report. 5th Amendment. Ferguson,18
"#whyileft 

#Snowden was thinking about leaving and they have pizza. @DiGiornoPizza

#WhereIsPutin 
#Putin 
#FridayThe13th 
#putindead",0,eslamiar,putinmissing,not_rumour,whyileft Snowden was thinking about leaving and they have pizza. WhereIsPutin Putin FridayThe13th putindead,14
Is the Police Chief in #Ferguson changing the story?  https://t.co/8ujqp0lpb5,1,vplus,ferguson,rumour,Is the Police Chief in Ferguson changing the story?,9
This is why I and other Muslims won't apologise for the Charlie Hebdo attacks – @javaria_akbar http://t.co/cHnDC9bdR3 http://t.co/2mEb09ZDNJ,0,VICEUK,charliehebdo,not_rumour,This is why I and other Muslims won't apologise for the Charlie Hebdo attacks,14
"2 brothers suspected of #CharlieHebdo attack spotted in northern France, sources tell AFP http://t.co/spzmOjmyT4",1,BBCBreaking,charliehebdo,rumour,"2 brothers suspected of CharlieHebdo attack spotted in northern France, sources tell AFP",13
"French media reports two suspects of #CharlieHebdo attack are killed, and supermarket hostage-taker also killed http://t.co/9OV0KKlxXG",1,AJENews,charliehebdo,rumour,"French media reports two suspects of CharlieHebdo attack are killed, and supermarket hostage-taker also killed",15
"There is at least one armed suspect involved in Sydney hostage situation, U.S. officials say. http://t.co/02SVSxOrFt",1,cnnbrk,sydneysiege,rumour,"There is at least one armed suspect involved in Sydney hostage situation, U.S. officials say.",15
"French media to be put under police protection according to Le Figaro, quoting source in police. #Charliehebdo",1,adelesmithNYC,charliehebdo,rumour,"French media to be put under police protection according to Le Figaro, quoting source in police. Charliehebdo",17
BREAKING UPDATE: Canadian soldier injured at Parliament Hill shooting dies http://t.co/Zp9AKplH9p  #Ottawa,1,RT_com,ottawashooting,rumour,BREAKING UPDATE Canadian soldier injured at Parliament Hill shooting dies Ottawa,11
All Ottawa Police building remain in lockdown and closed to the public. #ottnews,0,OttawaPolice,ottawashooting,not_rumour,All Ottawa Police building remain in lockdown and closed to the public. ottnews,13
#Germanwings to hold press conference at 10a ET with the latest details on the plane crash. http://t.co/wBsvfOhd3Z http://t.co/CbPBXwhT1z,0,FoxNews,germanwings-crash,not_rumour,Germanwings to hold press conference at 10a ET with the latest details on the plane crash.,16
FLASHBACK: White House condemns #CharlieHebdo cartoons (9/9/12) http://t.co/4YbAJRGwXb,0,ellencarmichael,charliehebdo,not_rumour,FLASHBACK White House condemns CharlieHebdo cartoons 9 9 12,9
Siege at Sydney's Martin Place has now been underway for an hour. Hostages remain inside. http://t.co/mmOH7zakyB http://t.co/VAghE9YLm3,1,australian,sydneysiege,rumour,Siege at Sydney's Martin Place has now been underway for an hour. Hostages remain inside.,15
"The right to mock &amp; criticise religion is a key tenet of a free and democratic society, whether it be Islam or Christianity. #CharlieHebdo",0,JuliaHB1,charliehebdo,not_rumour,"The right to mock amp criticise religion is a key tenet of a free and democratic society, whether it be Islam or Christianity. CharlieHebdo",24
@CBCNews has independently confirmed gunman killed in Parliament attack is Canadian-born Michael Zehaf-Bibeau.#OttawaShooting,1,CBCAlerts,ottawashooting,rumour,has independently confirmed gunman killed in Parliament attack is Canadian-born Michael Zehaf-Bibeau.OttawaShooting,12
JUST AHEAD: Could what happened with #Germanwings plane happen in the U.S.? Panel weighs in next on #KellyFile.,0,megynkelly,germanwings-crash,not_rumour,JUST AHEAD Could what happened with Germanwings plane happen in the U.S.? Panel weighs in next on KellyFile.,18
#BREAKING Another hostage has been seen running out of the cafe #sydneysiege,1,7NewsSydney,sydneysiege,rumour,BREAKING Another hostage has been seen running out of the cafe sydneysiege,12
Going to a protest? Know your rights. http://t.co/e9HgbMTq0Y #ferguson #JusticeForMikeBrown http://t.co/czokepXsiQ,0,ACLU,ferguson,not_rumour,Going to a protest? Know your rights. ferguson JusticeForMikeBrown,9
"UPDATED: Soldier dead, 2 others injured in Parliament Hill siege; 1 gunman dead http://t.co/cVCQKEDlPo http://t.co/zUJUAATG5I",1,CP24,ottawashooting,rumour,"UPDATED Soldier dead, 2 others injured in Parliament Hill siege 1 gunman dead",13
The #CharlieHebdo shooting is an act of terror - violence with a political motive - but well within our existing threat assessment.,0,PJCrowley,charliehebdo,not_rumour,The CharlieHebdo shooting is an act of terror - violence with a political motive - but well within our existing threat assessment.,22
Report #SydneySiege: Text of flag translated as 'There is no God but Allah and Muhammad is the messenger of God.' http://t.co/0NSJuN7ran,1,TwitchyTeam,sydneysiege,rumour,Report SydneySiege Text of flag translated as 'There is no God but Allah and Muhammad is the messenger of God.',20
"Photo of petrol station north-east of Paris, reportedly robbed by #CharlieHebdo suspects http://t.co/hW1busTlsC http://t.co/dTHYCbSWNA",0,BBCWorld,charliehebdo,not_rumour,"Photo of petrol station north-east of Paris, reportedly robbed by CharlieHebdo suspects",12
Terrorists shoot officer in Paris during terrorist attack at Charlie Hebdo http://t.co/BKqXsmrvqM Graphic content +18,0,alainevon,charliehebdo,not_rumour,Terrorists shoot officer in Paris during terrorist attack at Charlie Hebdo Graphic content 18,14
UPDATE: Police have confirmed that live ammunition was used as heavily armed police stormed the café in #MartinPl. #SydneySiege #9News,1,9NewsSyd,sydneysiege,rumour,UPDATE Police have confirmed that live ammunition was used as heavily armed police stormed the caf in MartinPl. SydneySiege 9News,20
#Gurlitt Bern museum accepts controversial art hoard - SWI swissinfo.ch http://t.co/B0udLwiK1J @swisscenter @fteuscher,1,Peter_Schibli,gurlitt,rumour,Gurlitt Bern museum accepts controversial art hoard - SWI swissinfo.ch,10
"Not seeing #Putin-bots on #Putindead, #Путин, #ПутинУмер hashtags and in comments. No money or no message? Kremlin confusion?",0,Mary_Mycio,putinmissing,not_rumour,"Not seeing Putin-bots on Putindead, , hashtags and in comments. No money or no message? Kremlin confusion?",17
"Page one of Tuesday's Sydney Morning Herald, first edition. #sydneysiege http://t.co/qpw9Jtvvtb",0,bencubby,sydneysiege,not_rumour,"Page one of Tuesday's Sydney Morning Herald, first edition. sydneysiege",10
"#GermanWings co-pilot was a fresh #Muslim convert - http://t.co/iNVyryt5LE via @Orvan 
Converts to #Islam are very disturbed #WhiteMuslims",1,riwired,germanwings-crash,rumour,GermanWings co-pilot was a fresh Muslim convert - via Converts to Islam are very disturbed WhiteMuslims,16
"This is Melbourne right now! 
#JeSuisCharlie
#CharlieHebdo 
http://t.co/6Vyt2viHo2 http://t.co/EYcFr2BfSd",0,HuffPostUKPics,charliehebdo,not_rumour,This is Melbourne right now! JeSuisCharlie CharlieHebdo,7
French officials confirm i/d of #Germanwings copilot as being Andreas  Lubitz. Thought to be 28 y/o. Pictured here. http://t.co/bEKvhEACa1,1,Tburgeswatson,germanwings-crash,rumour,French officials confirm i d of Germanwings copilot as being Andreas Lubitz. Thought to be 28 y o. Pictured here.,20
"French authorities say the last words from a #Germanwings #Airbus320 distress call were ""emergency, emergency."" http://t.co/vNqUvdVjfp",1,CNNVideo,germanwings-crash,rumour,"French authorities say the last words from a Germanwings Airbus320 distress call were ""emergency, emergency.""",15
A James O’Brien master class in how to deal with people demanding that Muslims apologise for #Charliehebdo https://t.co/l5qVL7m2Ca,0,LBC,charliehebdo,not_rumour,A James OBrien master class in how to deal with people demanding that Muslims apologise for Charliehebdo,17
"Worth remembering Jens Stoltenberg's words after Utøya: ""Our response is more democracy, more openness and more humanity"" #CharlieHebdo",0,BloomfieldSJ,charliehebdo,not_rumour,"Worth remembering Jens Stoltenberg's words after Utya ""Our response is more democracy, more openness and more humanity"" CharlieHebdo",18
Headline from #CharlieHebdo this week: ISIS executes Phorphet Mohamed; police chase terrorists http://t.co/4qqVIjLP8A http://t.co/1zJuiZVLf3,0,ynetnews,charliehebdo,not_rumour,Headline from CharlieHebdo this week ISIS executes Phorphet Mohamed police chase terrorists,12
Convoy of police cars rushing toward town northeast of Paris amid reports of hostages taken - @FRANCE24 broadcast http://t.co/ZFJYh80uxy,1,BreakingNews,charliehebdo,rumour,Convoy of police cars rushing toward town northeast of Paris amid reports of hostages taken - broadcast,17
More police arrive at hostage situation scene in eastern Paris (LIVE) http://t.co/fN6v7h6iBP http://t.co/saSZitkznh,0,RT_com,charliehebdo,not_rumour,More police arrive at hostage situation scene in eastern Paris LIVE,11
One explanation for building site on #moscow Red Square it prevents helos landing for a coup. #Putin has returned to shadows whence he came.,0,johnsweeneyroar,putinmissing,not_rumour,One explanation for building site on moscow Red Square it prevents helos landing for a coup. Putin has returned to shadows whence he came.,24
Charlie Hebdo gunmen reportedly heard shouting: 'Prophet has been avenged' http://t.co/6Q9j9NkVO5 http://t.co/HxMmpdlA38,1,MailOnline,charliehebdo,rumour,Charlie Hebdo gunmen reportedly heard shouting 'Prophet has been avenged',10
RT @ctvmercedes: Ottawa: don't tweet your location. Don't tweet the location of police units. Resist urge to look at what's happening,0,CTVNews,ottawashooting,not_rumour,Ottawa don't tweet your location. Don't tweet the location of police units. Resist urge to look at what's happening,19
Uber Is Allegedly Charging Passengers $100 Minimum During Sydney Siege http://t.co/6GYtqylMUt via @braddybb,1,BuzzFeedOz,sydneysiege,rumour,Uber Is Allegedly Charging Passengers 100 Minimum During Sydney Siege via,11
"Canada identifies Muslim convert Michael Zehaf-Bibeau as suspected shooter in Ottawa attack, U.S. officials tell CNN. #OttawaShooting",1,cnni,ottawashooting,rumour,"Canada identifies Muslim convert Michael Zehaf-Bibeau as suspected shooter in Ottawa attack, U.S. officials tell CNN. OttawaShooting",17
'One million copies' of #CharlieHebdo to be published as French media vow to keep it running  http://t.co/dr8bWwaxlp http://t.co/oIeK0NDhpl,0,Independent,charliehebdo,not_rumour,'One million copies' of CharlieHebdo to be published as French media vow to keep it running,16
Abbott Govt MP @andrewnikolic using ongoing #SydneySiege terror to smear @Greens MP. Resign now you disgusting turd http://t.co/9FOfmGOrtu,0,NewsAustralia,sydneysiege,not_rumour,Abbott Govt MP using ongoing SydneySiege terror to smear MP. Resign now you disgusting turd,15
RT @L0gg0l: Rumors in Switzerland: #Putin absence due to his girlfriend Alina Kabaeva giving birth in Ticino http://t.co/lPUUfZRBIn,1,Dobroyeutro,putinmissing,rumour,Rumors in Switzerland Putin absence due to his girlfriend Alina Kabaeva giving birth in Ticino,15
The State Department is concerned about a coup against Vladimir Putin. We will continue to monitor the situation closely.,0,HenryAKissinger,putinmissing,not_rumour,The State Department is concerned about a coup against Vladimir Putin. We will continue to monitor the situation closely.,19
Eiffel Tower went dark last night in tribute to the victims of the #CharlieHebdo attack. http://t.co/zG9jA7M6Kb,0,TODAYshow,charliehebdo,not_rumour,Eiffel Tower went dark last night in tribute to the victims of the CharlieHebdo attack.,15
A French police officer said that the suspected Charlie Hebdo gunmen said they seek to “die as martyrs” http://t.co/cQZezwr4sl,1,nytimes,charliehebdo,rumour,A French police officer said that the suspected Charlie Hebdo gunmen said they seek to die as martyrs,18
"DRAMATIC VIDEO: #Sydneysiege hostages run from #Lindt Cafe, more remain trapped http://t.co/AUy05vbZjh http://t.co/n3a3mdMoYU",1,RT_com,sydneysiege,rumour,"DRAMATIC VIDEO Sydneysiege hostages run from Lindt Cafe, more remain trapped",11
Soldier killed in Ottawa was a Sherwood grad. He couldn't wait to serve his country. RIP Cpl. Nathan Frank Cirillo http://t.co/w9XGuun0PH,1,MrHamOnt,ottawashooting,rumour,Soldier killed in Ottawa was a Sherwood grad. He couldn't wait to serve his country. RIP Cpl. Nathan Frank Cirillo,20
"Oh. So NOW the #Ferguson police chief says the cop didn't know about the robbery when he stopped #MikeBrown. The kid was ""jaywalking""? BS!",1,rolandsmartin,ferguson,rumour,"Oh. So NOW the Ferguson police chief says the cop didn't know about the robbery when he stopped MikeBrown. The kid was ""jaywalking""? BS!",24
Update - Prosecutor confirms crashed #Germanwings flight co-pilot is Andreas Lubitz and there are strong signs he crashed on purpose,1,SkyNewsBreak,germanwings-crash,rumour,Update - Prosecutor confirms crashed Germanwings flight co-pilot is Andreas Lubitz and there are strong signs he crashed on purpose,20
Several hostages freed at Jewish supermarket in Paris. Photo Thomas Samson #AFP http://t.co/dbIE1GD3Cw,1,AFPphoto,charliehebdo,rumour,Several hostages freed at Jewish supermarket in Paris. Photo Thomas Samson AFP,12
#CharlieHebdo Shooting Video. Uncensored Full version here: http://t.co/TRi2N3fPra   #franceattack #ParisShooting http://t.co/ynBHkoRI5N,0,SmartestConman,charliehebdo,not_rumour,CharlieHebdo Shooting Video. Uncensored Full version here franceattack ParisShooting,9
Thousands tweet declaring their solidarity with Muslims.. #IllRideWithYou #sydneysiege http://t.co/Lq0VjkWreY http://t.co/QJkzmNP26n,0,Independent,sydneysiege,not_rumour,Thousands tweet declaring their solidarity with Muslims.. IllRideWithYou sydneysiege,9
"As a Muslim, I condemn the cruel attack on #CharlieHebdo &amp; offer condolences to the French people.
The ""Islam"" of the murderers is not mine.",0,AkyolinEnglish,charliehebdo,not_rumour,"As a Muslim, I condemn the cruel attack on CharlieHebdo amp offer condolences to the French people. The ""Islam"" of the murderers is not mine.",25
"This was a well-planned attack: the gunmen hit #CharlieHebdo in the middle of the weekly conference, with all staff present.",1,daphneedenis,charliehebdo,rumour,"This was a well-planned attack the gunmen hit CharlieHebdo in the middle of the weekly conference, with all staff present.",20
"Terror in #Canada &amp; #Israel today. A soldier murdered in Ottawa, a baby murdered in Jerusalem. Extremist terror is scourge of modern world",1,michaeldickson,ottawashooting,rumour,"Terror in Canada amp Israel today. A soldier murdered in Ottawa, a baby murdered in Jerusalem. Extremist terror is scourge of modern world",23
Ferguson Police have dogs and shotguns. The unarmed crowd is raising their hands. #ferguson #fergusonshooting  https://t.co/t2MLq3SsrV,0,LuLuBunni1,ferguson,not_rumour,Ferguson Police have dogs and shotguns. The unarmed crowd is raising their hands. ferguson fergusonshooting,15
"The Canadian soldier killed in today's Ottawa shooting is Cpl. Nathan Cirillo, a family source told CNN. Live blog: http://t.co/D58rrFrbwq",1,cnnbrk,ottawashooting,rumour,"The Canadian soldier killed in today's Ottawa shooting is Cpl. Nathan Cirillo, a family source told CNN. Live blog",19
"An 11-month old baby is among the hostages at the Kosher supermarket in Paris. Unbearably sad.
http://t.co/yXXlHehst9",1,BklynMiddleton,charliehebdo,rumour,An 11-month old baby is among the hostages at the Kosher supermarket in Paris. Unbearably sad.,16
Here's why the Germanwings crash scenario is less likely in the U.S. http://t.co/BTnZb7sEoT http://t.co/kY6SgGcDav,0,NBCNews,germanwings-crash,not_rumour,Here's why the Germanwings crash scenario is less likely in the U.S.,12
BREAKING NEWS: Ten dead in shooting at headquarters of French satirical weekly Charlie Hebdo - French media @Reuters @akhbar,1,jenanmoussa,charliehebdo,rumour,BREAKING NEWS Ten dead in shooting at headquarters of French satirical weekly Charlie Hebdo - French media,17
#sydneysiege: At least four people believed to have been injured after multiple shots fired. http://t.co/IxPuyIrNy2 http://t.co/6sGsUZ8QG5,1,SkyNews,sydneysiege,rumour,sydneysiege At least four people believed to have been injured after multiple shots fired.,14
"Parliament shooting a very active situation still at the moment. They are searching the building, presumably for a suspect or suspects.",0,josh_wingrove,ottawashooting,not_rumour,"Parliament shooting a very active situation still at the moment. They are searching the building, presumably for a suspect or suspects.",21
Sydney siege: hostages in Australian cafe forced to hold black and white Islamic flag to windows http://t.co/7Xz4S0xgoN #sydneysiege,1,guardian,sydneysiege,rumour,Sydney siege hostages in Australian cafe forced to hold black and white Islamic flag to windows sydneysiege,17
"Showing solidarity with the victims is necessary, but not enough. We must insist to coexist, and reject those who don't. #CharlieHebdo",0,iyad_elbaghdadi,charliehebdo,not_rumour,"Showing solidarity with the victims is necessary, but not enough. We must insist to coexist, and reject those who don't. CharlieHebdo",21
Praying for the hostages and family's in Sydney :(,0,TomJWilliams92,sydneysiege,not_rumour,Praying for the hostages and family's in Sydney,8
"R.I.P. Ahmed Merabet, a French Muslim cop, first victim of #CharlieHebdo #ParisShooting http://t.co/CYQZhV8Sxc",1,ozchrisrock,charliehebdo,rumour,"R.I.P. Ahmed Merabet, a French Muslim cop, first victim of CharlieHebdo ParisShooting",12
Coup? RT @jimgeraghty: Rumors all Russian military attaches at embassy in London have returned to Moscow: http://t.co/e8ZoFxtfHX,1,irishspy,putinmissing,rumour,Coup? RT Rumors all Russian military attaches at embassy in London have returned to Moscow,15
"“If liberty means anything at all, it means the right to tell people what they do not want to hear.” #CharlieHebdo http://t.co/QbSEVIFv2X",0,justinjm1,charliehebdo,not_rumour,"If liberty means anything at all, it means the right to tell people what they do not want to hear. CharlieHebdo",21
At 8:00 police will release the name of the officer who shot Michael Brown. #Ferguson,1,AntonioFrench,ferguson,rumour,At 8 00 police will release the name of the officer who shot Michael Brown. Ferguson,16
Updated: Here’s what we know about the gunmen behind the Charlie Hebdo attack http://t.co/armP730CmV http://t.co/OsrH20Cos8,0,BuzzFeedNews,charliehebdo,not_rumour,Updated Heres what we know about the gunmen behind the Charlie Hebdo attack,13
A Canadian soldier who was standing on guard for thee is gone. Our thoughts are w everyone affected by the shootings in Ottawa #CanadaStrong,1,weday,ottawashooting,rumour,A Canadian soldier who was standing on guard for thee is gone. Our thoughts are w everyone affected by the shootings in Ottawa CanadaStrong,24
Special forces stands on the roof of a building in Dammartin-en-Goele where a hostage-taking is underway #AFP http://t.co/gcm7TRRVfd,1,AFPphoto,charliehebdo,rumour,Special forces stands on the roof of a building in Dammartin-en-Goele where a hostage-taking is underway AFP,17
"#STL A cleanup for #Ferguson has been organized. TOMORROW. Meet at 10 am Wednesday August 13, 333 N Florissant Rd, Ferguson, MO 63135",0,Nettaaaaaaaa,ferguson,not_rumour,"STL A cleanup for Ferguson has been organized. TOMORROW. Meet at 10 am Wednesday August 13, 333 N Florissant Rd, Ferguson, MO 63135",23
Pray with me for those being held hostage right now in Sydney.. And for the police and those responsible.. May peace prevail,1,joelhouston,sydneysiege,rumour,Pray with me for those being held hostage right now in Sydney.. And for the police and those responsible.. May peace prevail,22
"Shots are fired outside Canadian parliament in Ottawa and a soldier is wounded, local media report http://t.co/Ygpjna1CRG",1,BBCBreaking,ottawashooting,rumour,"Shots are fired outside Canadian parliament in Ottawa and a soldier is wounded, local media report",16
"The door is solid, you can’t knock it down… it’s bulletproof-@JimTilmon on @NYTimes rpt #Germanwings pilot locked out http://t.co/hs20B8jC4b",1,AC360,germanwings-crash,rumour,"The door is solid, you cant knock it down its bulletproof- on rpt Germanwings pilot locked out",17
"Putting out a specific call again: this story should be told by Black youth, from #Ferguson. If that's you, we have a platform, get at me",0,Muna_Mire,ferguson,not_rumour,"Putting out a specific call again this story should be told by Black youth, from Ferguson. If that's you, we have a platform, get at me",26
Banner of all the lives stolen by law enforcement nation wide. #ferguson http://t.co/pcNfELqEat,0,zellieimani,ferguson,not_rumour,Banner of all the lives stolen by law enforcement nation wide. ferguson,12
Reports are coming in of a hostage situation at a cafe in the Australian city of Sydney http://t.co/4qJHS5Gabq,1,BBCBreaking,sydneysiege,rumour,Reports are coming in of a hostage situation at a cafe in the Australian city of Sydney,17
Kevin Vickers hailed as hero who took down attacker at Parliament Hill: http://t.co/sG70iQtfSM #cbcOTT #OTTnews http://t.co/zuSOkiOzck,1,CBCOttawa,ottawashooting,rumour,Kevin Vickers hailed as hero who took down attacker at Parliament Hill cbcOTT OTTnews,14
"Police say they have located car belonging to suspect in #Ottawa shooting. Uniformed soldier shot at War Memorial, condition unknown.",1,CBCAlerts,ottawashooting,rumour,"Police say they have located car belonging to suspect in Ottawa shooting. Uniformed soldier shot at War Memorial, condition unknown.",20
"Michelle Stanistreet, general secretary of the National Union of Journalists (UK) on the #CharlieHebdo attack: http://t.co/L0uUdPmswx",0,guardian,charliehebdo,not_rumour,"Michelle Stanistreet, general secretary of the National Union of Journalists UK on the CharlieHebdo attack",15
"""Sydney Siege: Australians Rally Against Islamophobia With #illridewithyou Hashtag""
http://t.co/kXBVRxOFID",0,mehdirhasan,sydneysiege,not_rumour,"""Sydney Siege Australians Rally Against Islamophobia With illridewithyou Hashtag""",9
2 more people have fled from Sydney cafe where hostages are being held. http://t.co/eY2FWZsK7C #sydneysiege,1,cnnbrk,sydneysiege,rumour,2 more people have fled from Sydney cafe where hostages are being held. sydneysiege,14
Possibly-incoming-but-who-the-hell-knows-with-this-guy-really: Prince @ Massey Hall - November 4 (2 shows and yes that's tonight) O-{+&gt;,1,fyang,prince-toronto,rumour,Possibly-incoming-but-who-the-hell-knows-with-this-guy-really Prince Massey Hall - November 4 2 shows and yes that's tonight O- gt,15
MORE: Official: French terror suspects want to be martyrs; are holed up with hostage north of Paris: http://t.co/sJXudtGUOV,1,AP,charliehebdo,rumour,MORE Official French terror suspects want to be martyrs are holed up with hostage north of Paris,17
#sydneysiege #sydneycafesiege our thoughts and prayers r w all Australians tonight. America will NEVER forget that u stood w us after 9/11,0,Montel_Williams,sydneysiege,not_rumour,sydneysiege sydneycafesiege our thoughts and prayers r w all Australians tonight. America will NEVER forget that u stood w us after 9 11,23
#CharlieHebdo #terroristattack insight by Jacob Canfield @CaliphateCop @muslimvoices  @BadatYusuf http://t.co/okhLyPag6W,0,faisalkutty,charliehebdo,not_rumour,CharlieHebdo terroristattack insight by Jacob Canfield,6
Live Nation (@LiveNationON) has tweeted that Prince is NOT performing at @masseyhall tonight. #Toronto http://t.co/88wE70thJT,1,BWestRadio,prince-toronto,rumour,Live Nation has tweeted that Prince is NOT performing at tonight. Toronto,12
"Police: Operation dealing with ""armed incident"" in Sydney's Martin Place; people nearby urged to shelter in place - http://t.co/iqgdmiCDNh",1,ABC,sydneysiege,rumour,"Police Operation dealing with ""armed incident"" in Sydney's Martin Place people nearby urged to shelter in place -",18
"Police, bystanders and soldiers rushed in to help after the Memorial shooting in Ottawa http://t.co/aO700DweOW http://t.co/TsgHpNQUHx",0,nationalpost,ottawashooting,not_rumour,"Police, bystanders and soldiers rushed in to help after the Memorial shooting in Ottawa",14
so if he was with #DorianJohnson at the robbery why wasn't he in custody? All media outlets interviewed him before the police #Ferguson,1,MichaelaAngelaD,ferguson,rumour,so if he was with DorianJohnson at the robbery why wasn't he in custody? All media outlets interviewed him before the police Ferguson,23
#BREAKING : 3rd shooting incident reported in #ottawa at Rideau Centre Mall,1,cbcsaltzman,ottawashooting,rumour,BREAKING 3rd shooting incident reported in ottawa at Rideau Centre Mall,11
#sydneysiege: It's understood the gunman has demanded a meeting with the Australian PM. http://t.co/YqNdZrYJQQ http://t.co/OEzyLSPCpd,1,SkyNews,sydneysiege,rumour,sydneysiege It's understood the gunman has demanded a meeting with the Australian PM.,13
"Suspects in #CharlieHebdo attack spoke to police by phone and said they wanted to die as martyrs, says French MP. http://t.co/bGkMtT3lUF",1,cnni,charliehebdo,rumour,"Suspects in CharlieHebdo attack spoke to police by phone and said they wanted to die as martyrs, says French MP.",20
Gunman demands meeting with Tony Abbott and claims four bombs in area #sydneysiege http://t.co/F5QXAWZM3w http://t.co/Uam9VUm9fh,1,Independent,sydneysiege,rumour,Gunman demands meeting with Tony Abbott and claims four bombs in area sydneysiege,13
This Michael Shaw cartoon from the @NewYorker archives says a little and says a lot. #charliehebdo http://t.co/FqL1EhMLwj,0,AMLwhere,charliehebdo,not_rumour,This Michael Shaw cartoon from the archives says a little and says a lot. charliehebdo,15
At least 12 dead in the Paris shooting. Updated story and background info: http://t.co/QlPpQ2ss8j #CharlieHebdo http://t.co/DwMlafsD6K,1,WSJ,charliehebdo,rumour,At least 12 dead in the Paris shooting. Updated story and background info CharlieHebdo,14
Latest from printworks where #CharlieHebdo suspects had taken one hostage. #ParisAttacks http://t.co/64ZQoajDw9 http://t.co/LBwxBZMXmM,0,SkyNews,charliehebdo,not_rumour,Latest from printworks where CharlieHebdo suspects had taken one hostage. ParisAttacks,11
#BREAKING: There are reports that a Germanwings Airbus A320 has crashed in the French Alps. More to come. #9News http://t.co/PfEiviM9Po,1,9NewsAUS,germanwings-crash,rumour,BREAKING There are reports that a Germanwings Airbus A320 has crashed in the French Alps. More to come. 9News,19
"UPDATE: 13 people being held hostage in #Sydney shop, Opera House evacuated after suspicious package found: reports http://t.co/n4D3yGjso9",1,FoxNews,sydneysiege,rumour,"UPDATE 13 people being held hostage in Sydney shop, Opera House evacuated after suspicious package found reports",17
Charlie Hebdo staff vow to publish next week with 1m print run http://t.co/u8cCyfXW8o,0,guardian,charliehebdo,not_rumour,Charlie Hebdo staff vow to publish next week with 1m print run,12
"Horrific attack on France and free speech. France, the cradle of press freedom. Deep condolences and solidarity. #CharlieHebdo",0,stengel,charliehebdo,not_rumour,"Horrific attack on France and free speech. France, the cradle of press freedom. Deep condolences and solidarity. CharlieHebdo",18
"Anyone with photos or videos from today's shootings, send to @RCMP_Nat_Div at this link http://t.co/srCYMTL2tX #ottawa",0,OttawaPolice,ottawashooting,not_rumour,"Anyone with photos or videos from today's shootings, send to at this link ottawa",14
MT @mashable #Uber intros surge pricing during #sydneysiege - http://t.co/ypP0wMtOON http://t.co/kbPubroomX,1,W7VOA,sydneysiege,rumour,MT Uber intros surge pricing during sydneysiege -,8
"One victim killed in the attack on Charlie Hebdo was a Muslim policeman, Ahmed Merabet.",0,DanBilefsky,charliehebdo,not_rumour,"One victim killed in the attack on Charlie Hebdo was a Muslim policeman, Ahmed Merabet.",15
"As someone raised Muslim, senseless bloodshed in my name is far more offensive to me than any cartoon can ever be #CharlieHebdo",0,cocobyname,charliehebdo,not_rumour,"As someone raised Muslim, senseless bloodshed in my name is far more offensive to me than any cartoon can ever be CharlieHebdo",22
#CharlieHebdo - 11 dead including 2 police in Paris shooting by @MartinBureau1 #AFP http://t.co/T8HpVdpjjN,1,fgeffardAFP,charliehebdo,rumour,CharlieHebdo - 11 dead including 2 police in Paris shooting by AFP,12
Why do whites run a mostly black town? See what's fueling long-simmering tension in #Ferguson http://t.co/sgMZFUhch8 http://t.co/K3s69KltKA,0,CNN,ferguson,not_rumour,Why do whites run a mostly black town? See what's fueling long-simmering tension in Ferguson,15
"#BREAKING: Soldier shot at the National War Memorial has died, CTV has confirmed",1,CTVNews,ottawashooting,rumour,"BREAKING Soldier shot at the National War Memorial has died, CTV has confirmed",13
"So, many of those calling for transparency yesterday are condemning police for what they released today. Can’t have it both ways. #ferguson",0,stephenfhayes,ferguson,not_rumour,"So, many of those calling for transparency yesterday are condemning police for what they released today. Cant have it both ways. ferguson",22
"So since we now know the officer knew nothing abt a robbery, we must ask why those tapes were released? #Ferguson. But we know why.",1,ProfessorCrunk,ferguson,rumour,"So since we now know the officer knew nothing abt a robbery, we must ask why those tapes were released? Ferguson. But we know why.",25
"Grand Mufti Prof. Ibrahim Abu Mohamed has condemned the siege in Sydney as a ""criminal act"" denounced by Islam #7News http://t.co/qlc374dICq",0,KristyMayr7,sydneysiege,not_rumour,"Grand Mufti Prof. Ibrahim Abu Mohamed has condemned the siege in Sydney as a ""criminal act"" denounced by Islam 7News",20
BREAKING: Live coverage of hostage situation unfolding in Sydney's Martin Place http://t.co/TTG8ye71Zg http://t.co/iTwradHTb3,1,newscomauHQ,sydneysiege,rumour,BREAKING Live coverage of hostage situation unfolding in Sydney's Martin Place,11
"Our phone lines are open 24/7 for your use, if you need someone to talk to.  613-238-3311 #Ottawa",0,DistressCentreO,ottawashooting,not_rumour,"Our phone lines are open 24 7 for your use, if you need someone to talk to. 613-238-3311 Ottawa",19
"‘If liberty means anything at all, it means the right to tell people what they do not want to hear’ George Orwell #JeSuisCharlie",0,PenguinUKBooks,charliehebdo,not_rumour,"If liberty means anything at all, it means the right to tell people what they do not want to hear George Orwell JeSuisCharlie",23
New South Wales Police confirms the siege in a Lindt cafe in Sydney is over #sydneysiege,0,SkyNewsBreak,sydneysiege,not_rumour,New South Wales Police confirms the siege in a Lindt cafe in Sydney is over sydneysiege,16
Police confirm 'several' shootings in Ottawa; PM safe; downtown buildings in lockdown http://t.co/WX22NpkCFs http://t.co/FlvvBW7Cu2,1,globeandmail,ottawashooting,rumour,Police confirm 'several' shootings in Ottawa PM safe downtown buildings in lockdown,12
For the 1st time since World War II there’ll be no Friday service in the Paris Grand Synagogue. At loss of words. #JeSuisJuif #JeSuisCharlie,0,zeevs,charliehebdo,not_rumour,For the 1st time since World War II therell be no Friday service in the Paris Grand Synagogue. At loss of words. JeSuisJuif JeSuisCharlie,24
"KEY: Nothing in Wilson's story in new autopsy says he feared for his life or life of another, which is only legal justification for shooting",0,LisaBloom,ottawashooting,not_rumour,"KEY Nothing in Wilson's story in new autopsy says he feared for his life or life of another, which is only legal justification for shooting",25
#BREAKING: #Germanwings Airbus A320 crew sent distress signal before French Alps crash - reports http://t.co/JLDCz6AhFR,1,Independent,germanwings-crash,rumour,BREAKING Germanwings Airbus A320 crew sent distress signal before French Alps crash - reports,14
"Details of attacks on Muslim community in France, grenades, &amp; shootings in aftermath of the #CharlieHebdo attack http://t.co/4u5fsWL75w",0,AamerAnwar,charliehebdo,not_rumour,"Details of attacks on Muslim community in France, grenades, amp shootings in aftermath of the CharlieHebdo attack",17
@seldomherd @TomBeyer7 CBC Toronto quoted you: Pop-up Prince in Toronto? Social media speculates http://t.co/KnbVMG4enZ #cbcto,1,CBCToronto,prince-toronto,rumour,CBC Toronto quoted you Pop-up Prince in Toronto? Social media speculates cbcto,12
The #CharlieHebdo massacre brothers have been killed. Full story here: http://t.co/s7KfpU7vqb http://t.co/jFCrKaZ3DL,1,SunNewsdesk,charliehebdo,rumour,The CharlieHebdo massacre brothers have been killed. Full story here,10
The little weapon! #CharlieHebdo #cartoon http://t.co/VFFZD2f8Rz,0,satishacharya,charliehebdo,not_rumour,The little weapon! CharlieHebdo cartoon,5
"RT @LucilleClerc: Break one, thousand will rise #CharlieHebdo #JeSuisCharlie #raiseyourpencilforfreedom http://t.co/j6eGzOB6lk",0,SupTulum,charliehebdo,not_rumour,"Break one, thousand will rise CharlieHebdo JeSuisCharlie raiseyourpencilforfreedom",8
Terror has no religion. Prophet has been Avenged. #CharlieHebdo #ParisShooting http://t.co/pi4ttSdQs3,0,ivivekbansal,charliehebdo,not_rumour,Terror has no religion. Prophet has been Avenged. CharlieHebdo ParisShooting,10
UPDATE: A lockdown at the Rideau Centre in Ottawa has been lifted.,1,CP24,ottawashooting,rumour,UPDATE A lockdown at the Rideau Centre in Ottawa has been lifted.,12
"As a monarchist, I'm excited to learn that the Prince will be in #Toronto tonight. Perhaps he'll autograph my cricket bat! #TOpoli",1,TOMayorTroy,prince-toronto,rumour,"As a monarchist, I'm excited to learn that the Prince will be in Toronto tonight. Perhaps he'll autograph my cricket bat! TOpoli",22
7) #MikeBrown was approached for mouthing off to a cop (both  #Ferguson PD &amp; eyewitness testimonies reflect this). NOT as a robbery suspect,1,DreadlockDipset,ferguson,rumour,7 MikeBrown was approached for mouthing off to a cop both Ferguson PD amp eyewitness testimonies reflect this . NOT as a robbery suspect,24
No more hand-wringing and fence-sitting. To support #CharlieHebdo and #FreedomOfSpeech we must publish their images. http://t.co/N2M2bzT6ao,0,JonnnyBest,charliehebdo,not_rumour,No more hand-wringing and fence-sitting. To support CharlieHebdo and FreedomOfSpeech we must publish their images.,15
"SYDNEY ATTACK
- Hostages at Sydney cafe
- Up to 20 hostages
- Up to 2 gunmen
- Hostages seen holding ISIS flag
DEVELOPING..",1,PzFeed,sydneysiege,rumour,SYDNEY ATTACK - Hostages at Sydney cafe - Up to 20 hostages - Up to 2 gunmen - Hostages seen holding ISIS flag DEVELOPING..,24
"Charlie Hebdo, we love you",0,thedailymash,charliehebdo,not_rumour,"Charlie Hebdo, we love you",5
JUST IN: 2 women have just run from Sydney cafe during ongoing hostage situation - @9NewsAUS http://t.co/n5vhI5DsZg,1,ABC,sydneysiege,rumour,JUST IN 2 women have just run from Sydney cafe during ongoing hostage situation -,15
"Flag held by Sydney hostage often used by Jabhat Al-Nusra &amp; other armed Islamist groups, but not ISIS, expert says http://t.co/ZtjDvjTt9c",1,NBCNews,sydneysiege,rumour,"Flag held by Sydney hostage often used by Jabhat Al-Nusra amp other armed Islamist groups, but not ISIS, expert says",20
CBC News Ottawa has independently confirmed that the gunman who was shot and killed is Michael Zehaf-Bibeau. #cbcOTT #OTTnews,1,CBCOttawa,ottawashooting,rumour,CBC News Ottawa has independently confirmed that the gunman who was shot and killed is Michael Zehaf-Bibeau. cbcOTT OTTnews,19
"Police have thrown something at the crowd. Not sure what tho. Protester says ""they have enough bullets for everybody down here #Ferguson",1,Nettaaaaaaaa,ferguson,rumour,"Police have thrown something at the crowd. Not sure what tho. Protester says ""they have enough bullets for everybody down here Ferguson",22
"""There are no jokes in Islam."" -Ayatollah Khomeini 
""Every joke is a tiny revolution."" -George Orwell #CharlieHebdo",0,Gavin_McInnes,charliehebdo,not_rumour,"""There are no jokes in Islam."" -Ayatollah Khomeini ""Every joke is a tiny revolution."" -George Orwell CharlieHebdo",17
"Asked why he released surveillance video of robbery, Chief Jackson responds, ""because the press asked for it."" #MikeBrown #Ferguson",1,tjholmes,ferguson,rumour,"Asked why he released surveillance video of robbery, Chief Jackson responds, ""because the press asked for it."" MikeBrown Ferguson",19
➟ http://t.co/aWMUyu93fj » UPDATE » 692 Charlie Hebdo  Charlie Hebdo shooting: arrests made as police hunt for suspects – live updates #Cha…,0,barbjonn,charliehebdo,not_rumour,UPDATE 692 Charlie Hebdo Charlie Hebdo shooting arrests made as police hunt for suspects live updates Cha,17
Australia's reaction to the #sydneysiege is magnificent #illridewithyou http://t.co/4REoJBzPxD http://t.co/FLkzYFxTc3,0,Independent,sydneysiege,not_rumour,Australia's reaction to the sydneysiege is magnificent illridewithyou,8
Cops gun down a 17-year-old in front of you &amp; lock down your neighborhood with scores of armed cops because THEY feel threatened #Ferguson,0,GrooveSDC,ferguson,not_rumour,Cops gun down a 17-year-old in front of you amp lock down your neighborhood with scores of armed cops because THEY feel threatened Ferguson,24
"BREAKING: Gunfire at store in Porte de Vincennes, eastern Paris - reports http://t.co/cI8cztQjE6",1,RT_com,charliehebdo,rumour,"BREAKING Gunfire at store in Porte de Vincennes, eastern Paris - reports",12
Full White House statement on Obama's call to #Ottawa http://t.co/7UAGgehJms,1,MPwrites,ottawashooting,rumour,Full White House statement on Obama's call to Ottawa,9
"French leader: Attack that killed 11 at Paris newspaper an act of terror, other attacks thwarted in recent weeks: http://t.co/9rrqfEaQj5",1,AP,charliehebdo,rumour,"French leader Attack that killed 11 at Paris newspaper an act of terror, other attacks thwarted in recent weeks",19
JUST IN: Police confirm to @ABC there is a second hostage situation underway in eastern Paris,1,ABC,charliehebdo,rumour,JUST IN Police confirm to there is a second hostage situation underway in eastern Paris,15
"Every time the police talk, their story changes. I hate it. #Ferguson",1,Nettaaaaaaaa,ferguson,rumour,"Every time the police talk, their story changes. I hate it. Ferguson",12
#OttawaShooting situation is fluid and ongoing.  Remain vigilant and aware. Tip line 613-236-1222 x5493 c: @RCMP_Nat_Div ^JT,0,RCMPONT,ottawashooting,not_rumour,OttawaShooting situation is fluid and ongoing. Remain vigilant and aware. Tip line 613-236-1222 x5493 c JT,16
St. Louis area police forces are less diverse than communities they serve. By the numbers - http://t.co/L0svzVrZue #Ferguson #STL,0,stlpublicradio,ferguson,not_rumour,St. Louis area police forces are less diverse than communities they serve. By the numbers - Ferguson STL,18
Best journalistic answer to terrorist attack on #CharlieHebdo is for news outlets to publish #CharlieHebdo cartoons on  websites/front pages,0,BenWeinthal,charliehebdo,not_rumour,Best journalistic answer to terrorist attack on CharlieHebdo is for news outlets to publish CharlieHebdo cartoons on websites front pages,20
"Despite the latest blunder of the #Ferguson police department, I am hopeful for another night of #PeaceInFerguson.",0,AntonioFrench,ferguson,not_rumour,"Despite the latest blunder of the Ferguson police department, I am hopeful for another night of PeaceInFerguson.",17
GERMAN NEWS REPORT: Co-Pilot of Germanwings Airbus Was MUSLIM CONVERT …’Hero of Islamic State’ http://t.co/JDZ3vZuO2k http://t.co/NqHmAGt6Mf,1,MarcHilliker,germanwings-crash,rumour,GERMAN NEWS REPORT Co-Pilot of Germanwings Airbus Was MUSLIM CONVERT Hero of Islamic State,14
These surveillance images were taken at a convenience store 10 min. Before #MichaelBrown was shot Sat. #Ferguson http://t.co/mnReDcRfzz,1,brettblumekmox,ferguson,rumour,These surveillance images were taken at a convenience store 10 min. Before MichaelBrown was shot Sat. Ferguson,17
Armed French Police At Trocadero In Paris http://t.co/ZpJZ7M5ns3,1,SkyNews,charliehebdo,rumour,Armed French Police At Trocadero In Paris,7
At least two killed in hostage drama east of Paris. Photo @MartinBureau1 #AFP http://t.co/ZvcbbTgvNm,1,AFPphoto,charliehebdo,rumour,At least two killed in hostage drama east of Paris. Photo AFP,12
"Shooting at #CharlieHebdo ""an attack on freedom"", says Dominque Moisi, Parisian political analyst: http://t.co/B3AvGBwp82",0,bbc5live,charliehebdo,not_rumour,"Shooting at CharlieHebdo ""an attack on freedom"", says Dominque Moisi, Parisian political analyst",13
The Australian Muslim community love their home and worked hard to dispel myths. I hope they do not suffer because of this. #sydneysiege,0,danielle_jenni,sydneysiege,not_rumour,The Australian Muslim community love their home and worked hard to dispel myths. I hope they do not suffer because of this. sydneysiege,23
"#UPDATE: Car chase, hostage drama as Paris massacre suspects cornered http://t.co/G958ogOrXZ",1,AFP,charliehebdo,rumour,"UPDATE Car chase, hostage drama as Paris massacre suspects cornered",10
IMAGE: .@flightradar24 altitude &amp; speed chart of #4U9525. Aircraft entered a steep but constant descent. http://t.co/MoG0h2Dvaq,1,rConflictNews,germanwings-crash,rumour,IMAGE . altitude amp speed chart of 4U9525. Aircraft entered a steep but constant descent.,15
Imagine if the people lining up at Massey Hall for Prince found out that some lines got crossed &amp; it's actually a secret Nickleback show?,1,dustincohen,prince-toronto,rumour,Imagine if the people lining up at Massey Hall for Prince found out that some lines got crossed amp it's actually a secret Nickleback show?,25
Worth pointing most victims of jihadist violence are people of the Islamic faith http://t.co/408eV4PsJM #sydneysiege http://t.co/Hj13MKH80Y,0,rConflictNews,sydneysiege,not_rumour,Worth pointing most victims of jihadist violence are people of the Islamic faith sydneysiege,14
Gunman in third shootout reportedly same man who killed police officer in this attack on Thurs http://t.co/BbPuxPz8Fk http://t.co/0ZviEoZLtN,1,SkyNews,charliehebdo,rumour,Gunman in third shootout reportedly same man who killed police officer in this attack on Thurs,16
BREAKING: Pilot on #Germanwings flight left cockpit before plane’s descent and couldn’t get back in: New York Times http://t.co/dZiWRFli74,1,TorontoStar,germanwings-crash,rumour,BREAKING Pilot on Germanwings flight left cockpit before planes descent and couldnt get back in New York Times,18
"Police: 2 hostage situations near Paris believed to be related to the #CharlieHebdo attack: http://t.co/IbjiiBfUZ8
https://t.co/tY3VFOtLDQ",0,CNN,charliehebdo,not_rumour,Police 2 hostage situations near Paris believed to be related to the CharlieHebdo attack,14
"Young black victims are killed twice in America―once by gun, second by media. Let the victim be the victim this time. #Ferguson",0,capetownbrown,ferguson,not_rumour,"Young black victims are killed twice in Americaonce by gun, second by media. Let the victim be the victim this time. Ferguson",22
Being Black in this country is dangerous business. #Ferguson,0,AngryBlackLady,ferguson,not_rumour,Being Black in this country is dangerous business. Ferguson,9
What we do and don't know about the aftermath of the Charlie Hebdo shooting http://t.co/r7Zo8PQyCM http://t.co/mu7n5BzGhR,0,nytimes,charliehebdo,not_rumour,What we do and don't know about the aftermath of the Charlie Hebdo shooting,14
Police confirm that #sydneysiege is finally over. Two people reportedly injured after suffering gunshot wounds http://t.co/nsprnSYTDT,1,Angus_OL,sydneysiege,rumour,Police confirm that sydneysiege is finally over. Two people reportedly injured after suffering gunshot wounds,15
"BREAKING: Gunman takes hostages in cafe in Martin Place, Sydney  http://t.co/vj8G6m6VYs",1,DailyMailAU,sydneysiege,rumour,"BREAKING Gunman takes hostages in cafe in Martin Place, Sydney",10
.@pmharper and I have been speaking to some of our allies around the world. The PM will address the nation this evening. #OttawaShooting,1,HonJohnBaird,ottawashooting,rumour,. and I have been speaking to some of our allies around the world. The PM will address the nation this evening. OttawaShooting,23
"Hundreds of Muslims in Sweden celebrate terrorist attack on Charlie Hebdo in France shouting,“Islam will take over the world” @Kelawalababa",0,jayeshdewana12,charliehebdo,not_rumour,"Hundreds of Muslims in Sweden celebrate terrorist attack on Charlie Hebdo in France shouting,Islam will take over the world",19
For people to even try and say that the Paris shootings were staged is disgusting. Ahmed was murdered in broad day light. #JeSuisCharlie,0,TheVampsJames,charliehebdo,not_rumour,For people to even try and say that the Paris shootings were staged is disgusting. Ahmed was murdered in broad day light. JeSuisCharlie,23
Very good on #Putin coup by @CoalsonR: Three Scenarios For A Succession In Russia http://t.co/fotdqxDfEV via @RFERL http://t.co/RdA0giizeb,1,andersostlund,putinmissing,rumour,Very good on Putin coup by Three Scenarios For A Succession In Russia via,14
RED ALERT: #Israel’s former ambassador to #Russia: ‘There are signs of a coup’~ http://t.co/t2BqHTfPmy #wearethepeople #tcot,1,JulieSheats,putinmissing,rumour,RED ALERT Israels former ambassador to Russia There are signs of a coup wearethepeople tcot,15
"The whole ""secret Prince show in Toronto"" is a joke. How dare they let ppl stand out there all day waiting. Total jerk move. By all involved",1,fanvav,prince-toronto,rumour,"The whole ""secret Prince show in Toronto"" is a joke. How dare they let ppl stand out there all day waiting. Total jerk move. By all involved",27
"9/11 attacks, London 7/7 bombings, Madrid, Boston Marathon, Fort Hood, Paris, Oklahoma Beheading... but we're not supposed 2 question Islam?",0,BradThor,charliehebdo,not_rumour,"9 11 attacks, London 7 7 bombings, Madrid, Boston Marathon, Fort Hood, Paris, Oklahoma Beheading... but we're not supposed 2 question Islam?",22
"#Ferguson ""He fit the description"" means ""I can't tell black people apart"" means ""I never look at their faces or their humanity.""",0,sigridellis,ferguson,not_rumour,"Ferguson ""He fit the description"" means ""I can't tell black people apart"" means ""I never look at their faces or their humanity.""",22
The moment the #sydneysiege started. Seems so long ago. Praying it ends soon. http://t.co/WcLvv7cOuL,0,Matt_Macklin7,sydneysiege,not_rumour,The moment the sydneysiege started. Seems so long ago. Praying it ends soon.,13
LIVE: Updates on #SydneySiege via BBC http://t.co/uaz8P27xME http://t.co/oIKC3ZWxKL,0,BBCOS,sydneysiege,not_rumour,LIVE Updates on SydneySiege via BBC,6
The letter from The Independent's Deputy Editor: In solidarity with #CharlieHebdo http://t.co/i6xl68x2lw http://t.co/3FYgFZSX72,0,Independent,charliehebdo,not_rumour,The letter from The Independent's Deputy Editor In solidarity with CharlieHebdo,11
"Front pages from around the world, as publications react to #CharlieHebdo attack: http://t.co/hrslXlve4D via @Newseum http://t.co/ZD62G2klC7",0,USATODAY,charliehebdo,not_rumour,"Front pages from around the world, as publications react to CharlieHebdo attack via",13
MORE: Police official: Hostage-taker at Paris market appears linked to newspaper attack suspects: http://t.co/RHLq7ZcHkE,1,AP,charliehebdo,rumour,MORE Police official Hostage-taker at Paris market appears linked to newspaper attack suspects,13
"Over 6,500 #illridewithyou tweets already - currently 198 Tweets per minute - god love you Sydney",0,trevorlong,sydneysiege,not_rumour,"Over 6,500 illridewithyou tweets already - currently 198 Tweets per minute - god love you Sydney",16
"#CharlieHebdo hostage freed in Dammartin - Kouachi brothers both killed, AFP reports http://t.co/7N7uvClhWY",1,Telegraph,charliehebdo,rumour,"CharlieHebdo hostage freed in Dammartin - Kouachi brothers both killed, AFP reports",12
"Store owner told @FOX2now Monday that there was a theft, but said it was not MichaelBrown; said it was someone else #Ferguson",1,andybankertv,ferguson,rumour,"Store owner told Monday that there was a theft, but said it was not MichaelBrown said it was someone else Ferguson",21
"Snipers, helicopters turn French town Dammartin-en-Goele into warzone. Photo: Dominique Faget #AFP http://t.co/PnQiPlSWN0",0,AFPphoto,charliehebdo,not_rumour,"Snipers, helicopters turn French town Dammartin-en-Goele into warzone. Photo Dominique Faget AFP",12
Banksy's illustrated response to the Charlie Hebdo attack isn't by Banksy. But it is striking http://t.co/NQueBlmfOt http://t.co/HedHlyB24X,1,Independent,charliehebdo,rumour,Banksy's illustrated response to the Charlie Hebdo attack isn't by Banksy. But it is striking,15
Photos from the manhunt for #CharlieHebdo suspects and ongoing hostage situations: http://t.co/8gxcTgehe5 http://t.co/mTwoTyewbH,0,WSJ,charliehebdo,not_rumour,Photos from the manhunt for CharlieHebdo suspects and ongoing hostage situations,11
"A Muslim woman took her scarf off
out of fear after the Sydney Siege
But she's comforted by strangers
#illridewithyou http://t.co/JYXnCu1xat",0,QueensOfJannah1,sydneysiege,not_rumour,A Muslim woman took her scarf off out of fear after the Sydney Siege But she's comforted by strangers illridewithyou,20
"Please, RT! #CharlieHebdo attack: the next chapters! Via @brasil247 #RespectForMuslims http://t.co/SHEOBaSSdm",0,LatuffCartoons,charliehebdo,not_rumour,"Please, RT! CharlieHebdo attack the next chapters! Via RespectForMuslims",9
Photos from the scene of the Paris shooting at #CharlieHebdo office: http://t.co/dqcYAoG2ku http://t.co/mN0eKhoOK2,0,WSJ,charliehebdo,not_rumour,Photos from the scene of the Paris shooting at CharlieHebdo office,11
"Cartoonists around the world continue to show support for #CharieHebdo, this by famous #DRCongo's Kash #JeSuisCharlie http://t.co/LtVJhnkUwB",0,bbcfessy,charliehebdo,not_rumour,"Cartoonists around the world continue to show support for CharieHebdo, this by famous DRCongo's Kash JeSuisCharlie",16
"Federal grants drive cop militarization: in '12 St. Louis County got Bearcat armored vehicle, other goodies http://t.co/uZymzagDmU #ferguson",0,walterolson,ferguson,not_rumour,"Federal grants drive cop militarization in '12 St. Louis County got Bearcat armored vehicle, other goodies ferguson",17
Armed men were reportedly asking for journalists by name at Charlie Hebdo. Unimaginable..  http://t.co/A11KlzNPnn,1,jessicaelgot,charliehebdo,rumour,Armed men were reportedly asking for journalists by name at Charlie Hebdo. Unimaginable..,13
Gunman in #Sydneysiege identified as Muslim cleric and activist unaffiliated with an organization or party: http://t.co/8WijNL2ZRJ,0,WSJ,sydneysiege,not_rumour,Gunman in Sydneysiege identified as Muslim cleric and activist unaffiliated with an organization or party,15
"Here's my brief statement about the awful events in Paris. Vive Charlie Hebdo!
 http://t.co/kspeTLCQ78",0,SalmanRushdie,charliehebdo,not_rumour,Here's my brief statement about the awful events in Paris. Vive Charlie Hebdo!,13
The area northeast of Paris where shots were fired in the manhunt for Charlie Hebdo attackers http://t.co/0W4gaarWcf http://t.co/4ejWR9SMM4,1,WSJ,charliehebdo,rumour,The area northeast of Paris where shots were fired in the manhunt for Charlie Hebdo attackers,16
This Is What It Sounds Like When Prince Fans Cry. #NoPrinceConcert #Toronto http://t.co/tid8OsOBSn,1,SimonOstler,prince-toronto,rumour,This Is What It Sounds Like When Prince Fans Cry. NoPrinceConcert Toronto,12
"After the Charlie Hebdo attack, we must resist the clash-of-civilisations narrative | Homa Khaleeli http://t.co/6iF3ugDMu3",0,guardian,charliehebdo,not_rumour,"After the Charlie Hebdo attack, we must resist the clash-of-civilisations narrative Homa Khaleeli",13
"This is not a religious or a racial issue, it's an insane individual making insane actions. Dont group good people with the bad #sydneysiege",0,MattTarrant,sydneysiege,not_rumour,"This is not a religious or a racial issue, it's an insane individual making insane actions. Dont group good people with the bad sydneysiege",24
Fans have told me they overheard security saying that Prince's drumkit has already been set up inside Massey Hall in Toronto.,1,tara_deschamps,prince-toronto,rumour,Fans have told me they overheard security saying that Prince's drumkit has already been set up inside Massey Hall in Toronto.,21
#Germanwings Airbus 320 was on its way from Barcelona to Dusseldorf. Disappeared off radar after 11am local time http://t.co/ZPzV2KfigR,0,CBSThisMorning,germanwings-crash,not_rumour,Germanwings Airbus 320 was on its way from Barcelona to Dusseldorf. Disappeared off radar after 11am local time,18
Shot from inside caucus room after shooting @ctvottawa #ottawashooting. http://t.co/JjEWpnbUW7,0,grahamctv,ottawashooting,not_rumour,Shot from inside caucus room after shooting ottawashooting.,8
We are hearing a shooter is still on the loose here in DT Ottawa with a rifle please pray for our police and soldiers #PrayForOttawa,1,GongshowGear,ottawashooting,rumour,We are hearing a shooter is still on the loose here in DT Ottawa with a rifle please pray for our police and soldiers PrayForOttawa,25
"Bob Mankoff, New Yorker cartoon editor #JeSuisCharlie http://t.co/dK40qynqvu",0,dhamini,charliehebdo,not_rumour,"Bob Mankoff, New Yorker cartoon editor JeSuisCharlie",7
Thoughts and prayers to the families and friends of the passengers of Germanwings Flight 9525. Beyond… https://t.co/f51rHVQ4Er,0,geoffjohns,germanwings-crash,not_rumour,Thoughts and prayers to the families and friends of the passengers of Germanwings Flight 9525. Beyond,16
So basically #Ferguson PD hijacked what was supposed to be a press conference about Darren Wilson to call Michael Brown a criminal #NMOS14,1,GrooveSDC,ferguson,rumour,So basically Ferguson PD hijacked what was supposed to be a press conference about Darren Wilson to call Michael Brown a criminal NMOS14,23
"the media didn't even know the video existed, but he just said they requested it? DUDE. #Ferguson",1,ZerlinaMaxwell,ferguson,rumour,"the media didn't even know the video existed, but he just said they requested it? DUDE. Ferguson",17
BREAKING -4C on the #Germanwings crash site. Snow and wind expected in few mins. http://t.co/wFg8KTSve2 http://t.co/nm3JRSZ5da,0,airlivenet,germanwings-crash,not_rumour,BREAKING -4C on the Germanwings crash site. Snow and wind expected in few mins.,14
"Pictured: Ahmed Merabet, hero officer executed in #CharlieHebdo attack http://t.co/kdXVG9ujTs http://t.co/SfRItPotb2",0,MailOnline,charliehebdo,not_rumour,"Pictured Ahmed Merabet, hero officer executed in CharlieHebdo attack",9
60 seconds of #solidarite. @INM_ie #CharlieHebdo #JeSuisCharlie http://t.co/eIKTErJ2dY,0,Independent_ie,charliehebdo,not_rumour,60 seconds of solidarite. CharlieHebdo JeSuisCharlie,6
"White smoke has been spotted above the Kremlin. It seems a new Putin has been chosen. 
#putin #putindead http://t.co/LsoxhIVZA5",0,NashaCanada,putinmissing,not_rumour,White smoke has been spotted above the Kremlin. It seems a new Putin has been chosen. putin putindead,18
#Gurlitt's overlooked heirs want control of his Nazi-era 'degenerate art' estate http://t.co/tmjMjzr5Zr http://t.co/jk0ij9ZmDy,0,dw_culture,gurlitt,not_rumour,Gurlitt's overlooked heirs want control of his Nazi-era 'degenerate art' estate,11
#CharlieHebdo editor-in-chief: 'How people can attack a newspaper. A newspaper is not a weapon of war.' http://t.co/K7ZHV9C27F,0,Independent,charliehebdo,not_rumour,CharlieHebdo editor-in-chief 'How people can attack a newspaper. A newspaper is not a weapon of war.',16
"An unarmed 17 year old kid shot 10 times &amp; once in the HEAD?!?!
Not sure how you can ""spin that"".
#Ferguson",0,edeweysmith,ferguson,not_rumour,"An unarmed 17 year old kid shot 10 times amp once in the HEAD?!?! Not sure how you can ""spin that"". Ferguson",22
This person live-tweeted the killing of Michael Brown in #Ferguson: http://t.co/FMIiEF6ObP,0,mashable,ferguson,not_rumour,This person live-tweeted the killing of Michael Brown in Ferguson,10
Iran condemns #CharlieHebdo massacre?! What about this man on death row... for blogging! http://t.co/H1Kbn2AltW http://t.co/wSeuOMPtuf,0,LisaDaftari,charliehebdo,not_rumour,Iran condemns CharlieHebdo massacre?! What about this man on death row... for blogging!,13
Swiss Museum Deciding on Gurlitt Art Trove: Swiss museum to announce decision on future of collector Gurlitt's... http://t.co/hM4I0qiiZx,0,ShambhaviRouth,gurlitt,not_rumour,Swiss Museum Deciding on Gurlitt Art Trove Swiss museum to announce decision on future of collector Gurlitt's...,17
My family is French. My family is Muslim. I am a journalist. We are grieving. #CharlieHebdo,0,selfstyledsiren,charliehebdo,not_rumour,My family is French. My family is Muslim. I am a journalist. We are grieving. CharlieHebdo,16
Apparently from the comments at German PI – Andreas Lubitz was Muslim convert from his Facebook page http://t.co/5v98FoTCSh,1,slone,germanwings-crash,rumour,Apparently from the comments at German PI Andreas Lubitz was Muslim convert from his Facebook page,16
Did anyone think of comparing the clothes that #MikeBrown was wearing when he was laying on the street to the security footage? #Ferguson,1,TheAnonMessage2,ferguson,rumour,Did anyone think of comparing the clothes that MikeBrown was wearing when he was laying on the street to the security footage? Ferguson,23
Dozens of emergency vehicles waiting on Elizabeth St. Let's hope none need to be used #sydneysiege  http://t.co/Kq1it6sH6k (@braceyjames),0,SkyNewsAust,sydneysiege,not_rumour,Dozens of emergency vehicles waiting on Elizabeth St. Let's hope none need to be used sydneysiege,16
#CharlieHebdo witness - Gunmen told me to tell the media they were Al-Qaeda in Yemen http://t.co/AyDSKynXG2 h/t @chawk228,1,EliotHiggins,charliehebdo,rumour,CharlieHebdo witness - Gunmen told me to tell the media they were Al-Qaeda in Yemen h t,17
"#SydneySiege Latest:
- At least 12 ppl have emerged
- Police just stormed cafe 
- Gunman believed to be a self-proclaimed Islamic ""sheikh""",1,ABC,sydneysiege,rumour,"SydneySiege Latest - At least 12 ppl have emerged - Police just stormed cafe - Gunman believed to be a self-proclaimed Islamic ""sheikh""",23
Reports of shooting at  Dammartin en Goele on route N2 north east of Paris - French media says car chase under way,1,BBCChrisMorris,charliehebdo,rumour,Reports of shooting at Dammartin en Goele on route N2 north east of Paris - French media says car chase under way,22
Map of three #Ottawa locations where police say shots have been fired http://t.co/QrP5bauJcR http://t.co/nutT2VYvpD,1,BBCNewsGraphics,ottawashooting,rumour,Map of three Ottawa locations where police say shots have been fired,12
"Crashed #GermanWings A320 Airbus is 24 years old, ID D-AIPX, first flight was in November 1990 http://t.co/8UPMsinQkX http://t.co/3ggahAQ3Pu",0,SkyNews,germanwings-crash,not_rumour,"Crashed GermanWings A320 Airbus is 24 years old, ID D-AIPX, first flight was in November 1990",16
Uh-oh. Live Nation is saying that there's no Prince show at Massey Hall tonight. http://t.co/IbovDWvjHK,1,blogTO,prince-toronto,rumour,Uh-oh. Live Nation is saying that there's no Prince show at Massey Hall tonight.,14
"what the FUCK are you looking at through a MOUNTED GUN SCOPE. they're PROTESTORS, not insurgents. #Ferguson http://t.co/NGBe1T2AHj",0,BranTheDon_,ferguson,not_rumour,"what the FUCK are you looking at through a MOUNTED GUN SCOPE. they're PROTESTORS, not insurgents. Ferguson",17
Witnesses say several dozen shots fired inside Parliament buildings after Canadian soldier shot at nearby War Memorial. #Ottawa #cdnpoli,1,CBCAlerts,ottawashooting,rumour,Witnesses say several dozen shots fired inside Parliament buildings after Canadian soldier shot at nearby War Memorial. Ottawa cdnpoli,19
"PRINCE doing surprise show at Massey Hall in Toronto today! Wristbands at 6, show at 8.  @3RDEYEGIRL http://t.co/Z7vaVDAYKX",1,ChezRobb,prince-toronto,rumour,"PRINCE doing surprise show at Massey Hall in Toronto today! Wristbands at 6, show at 8.",16
BREAKING: At least 2 killed in #Paris hostage situation via @AFP http://t.co/C2WrcWLUZh,1,FoxNews,charliehebdo,rumour,BREAKING At least 2 killed in Paris hostage situation via,10
Live Updates: Siege in Sydney Cafe http://t.co/aNIHU5DlLj,1,SkyNews,sydneysiege,rumour,Live Updates Siege in Sydney Cafe,6
"#BREAKING Rick Hughes at CBC Hamilton: 

The soldier who was shot in Ottawa Wednesday morning is a reservist serving in Hamilton",1,cbcsaltzman,ottawashooting,rumour,BREAKING Rick Hughes at CBC Hamilton The soldier who was shot in Ottawa Wednesday morning is a reservist serving in Hamilton,21
"Hundreds of massacres committed daily against muslims in Burma and nobody says a word

#CharlieHebdo
#JeSuisCharlie http://t.co/r2qkysjVDw",0,shu2un_arabiyya,charliehebdo,not_rumour,Hundreds of massacres committed daily against muslims in Burma and nobody says a word CharlieHebdo JeSuisCharlie,16
"Honey, I shrunk our Putin. #putinmissing #putindead http://t.co/QnSXcdadco",0,ivaschuck,putinmissing,not_rumour,"Honey, I shrunk our Putin. putinmissing putindead",7
Mother/Daughter team in #Ferguson.  Daughter just took bar.  Will be civil rights Atty http://t.co/m7grH0ng2o,0,PresReed,ferguson,not_rumour,Mother Daughter team in Ferguson. Daughter just took bar. Will be civil rights Atty,14
Here's what we do and don't know about the #SydneySiege http://t.co/H3l0WkhtwQ http://t.co/vlIDzwiUv2,0,abcnews,sydneysiege,not_rumour,Here's what we do and don't know about the SydneySiege,10
"Parliament Hill in lockdown after soldier shot at #Ottawa's War Memorial, just south of East Block.",1,CBCAlerts,ottawashooting,rumour,"Parliament Hill in lockdown after soldier shot at Ottawa's War Memorial, just south of East Block.",16
Gunmen showed advanced military skills in Paris #CharlieHebdo attack: http://t.co/Q5FIaTLF8G http://t.co/XiZLErM37y,1,Telegraph,charliehebdo,rumour,Gunmen showed advanced military skills in Paris CharlieHebdo attack,9
RT @SoerenJuhl: I dedicate this illustration to my French brothers and sisters of cartoons  #CharlieHebdo #JeSuisCharlie http://t.co/Z8xllO…,0,funny2883,charliehebdo,not_rumour,I dedicate this illustration to my French brothers and sisters of cartoons CharlieHebdo JeSuisCharlie,14
This image and hashtag trending in France after #CharlieHebdo attack: #JeSuisCharlie http://t.co/tIsfbxHCkO,0,DavidClinchNews,charliehebdo,not_rumour,This image and hashtag trending in France after CharlieHebdo attack JeSuisCharlie,11
"Report: #Ferguson Cop ID'd As Unarmed Teen's Killer Left The Area Days Ago 
http://t.co/fZROKS30VC http://t.co/QAYkm1ielh",1,AnonymousPress,ferguson,rumour,Report Ferguson Cop ID'd As Unarmed Teen's Killer Left The Area Days Ago,13
#BREAKING Reports: 2 brothers suspected of Charlie Hebdo attack are dead http://t.co/7tGdSv4fr8,1,USATODAY,charliehebdo,rumour,BREAKING Reports 2 brothers suspected of Charlie Hebdo attack are dead,11
#ПутинУмер &amp; #putindead highlight personalized nature of Putin's system. Via @PowerVertical http://t.co/maxroHxUWs http://t.co/wTmyhfFL8A,0,RFERL,putinmissing,not_rumour,amp putindead highlight personalized nature of Putin's system. Via,9
"Cops warn the crowd. The photog's gas mask comes out. Someone is chanting ""Gaza Strip."" #Ferguson http://t.co/IWJkOg8oy4",0,mattdpearce,ferguson,not_rumour,"Cops warn the crowd. The photog's gas mask comes out. Someone is chanting ""Gaza Strip."" Ferguson",16
BREAKING NEWS: RACISM IS OVER. RT @ksdknews Important new image in #Ferguson via @leisazigman. http://t.co/bovc5Hs1w2,0,charles270,ferguson,not_rumour,BREAKING NEWS RACISM IS OVER. RT Important new image in Ferguson via .,13
#SYDNEYSIEGE: 3 people escape gunman-held Lindt Café http://t.co/1ZlzKDjvSf http://t.co/DJCj55u6qk,1,RT_com,sydneysiege,rumour,SYDNEYSIEGE 3 people escape gunman-held Lindt Caf,7
#Ferguson protestors have shut down a major intersection  https://t.co/2sLJdYKrP4,0,Dreamdefenders,ferguson,not_rumour,Ferguson protestors have shut down a major intersection,8
"7 people left #SydneySiege on stretchers, 5 receiving immediate treatment, Australia's ABC reports. http://t.co/Y62bZ2YYa5",1,cnnbrk,sydneysiege,rumour,"7 people left SydneySiege on stretchers, 5 receiving immediate treatment, Australia's ABC reports.",13
"Gallows humor ""Give yourselves up or our elite cartoonist will draw a caricature of the Prophet"" #CharlieHebdo http://t.co/ea9y049Lqf",0,ImadMesdoua,charliehebdo,not_rumour,"Gallows humor ""Give yourselves up or our elite cartoonist will draw a caricature of the Prophet"" CharlieHebdo",17
"If your argument involves silencing critics by murdering them, then you have irretrievably lost the argument. #CharlieHebdo",0,RogerQuimbly,charliehebdo,not_rumour,"If your argument involves silencing critics by murdering them, then you have irretrievably lost the argument. CharlieHebdo",17
"In response to Ottawa incidents, NORAD increased number of planes on higher alert status ready to respond if needed. http://t.co/q98AMohu7T",1,cnnbrk,ottawashooting,rumour,"In response to Ottawa incidents, NORAD increased number of planes on higher alert status ready to respond if needed.",19
"Favorite this now: In the next week, we will hear about EVERY transgression #MikeBrown has ever had since soiling his diapers. #Ferguson",0,ReignOfApril,ferguson,not_rumour,"Favorite this now In the next week, we will hear about EVERY transgression MikeBrown has ever had since soiling his diapers. Ferguson",22
Australians respond to racism by telling #Muslim community #illridewithyou. #sydneysiege #MartinPlace,0,ABCReligion,sydneysiege,not_rumour,Australians respond to racism by telling Muslim community illridewithyou. sydneysiege MartinPlace,11
"Rescue workers gather in Seyne, south-eastern France, near the site where a Germanwings Airbus A320 crashed. http://t.co/e0qFNMS8PW",0,AFP,germanwings-crash,not_rumour,"Rescue workers gather in Seyne, south-eastern France, near the site where a Germanwings Airbus A320 crashed.",16
Coming soon to everyone's town. MT @ryanjreilly: Overkill in #Ferguson. Officer won't answer...why this is needed. http://t.co/Uj7olrFBjB,0,dangillmor,ferguson,not_rumour,Coming soon to everyone's town. MT Overkill in Ferguson. Officer won't answer...why this is needed.,15
In sympathy and solidarity with @Charlie_Hebdo_  #CharlieHebdo http://t.co/W2CBdVJ0k6,0,JandMo,charliehebdo,not_rumour,In sympathy and solidarity with CharlieHebdo,6
France on high alert after deadly attack on Paris offices of Charlie Hebdo: http://t.co/Cgogt47L5C http://t.co/rzECRqSlwW,0,Reuters,charliehebdo,not_rumour,France on high alert after deadly attack on Paris offices of Charlie Hebdo,13
Free Coffee to all journalists spreading awareness on #MikeBrown #Ferguson movement @stlpublicradio #DONTSHOOT http://t.co/67wkah3OVS,0,RiseCoffeeSTL,ferguson,not_rumour,Free Coffee to all journalists spreading awareness on MikeBrown Ferguson movement DONTSHOOT,12
If Islam is a religion of peace why aren't their extremist extremely peaceful? #sydneysiege,0,TheDudeInSF,sydneysiege,not_rumour,If Islam is a religion of peace why aren't their extremist extremely peaceful? sydneysiege,14
"Press Council confirms ""at least one"" complaint against Daily Telegraph #sydneysiege special http://t.co/sHUmAo0ag1 http://t.co/btzeuj3k0m",0,adnh103,sydneysiege,not_rumour,"Press Council confirms ""at least one"" complaint against Daily Telegraph sydneysiege special",12
#illridewithyou: hashtag offers solidarity with Sydney's Muslims after cafe siege http://t.co/SVLDF89kZq,0,guardian,sydneysiege,not_rumour,illridewithyou hashtag offers solidarity with Sydney's Muslims after cafe siege,10
The Prince at Massey Hall line up spans two blocks. Security say they have not done a headcount. http://t.co/hRMNQSTgUG,1,tara_deschamps,prince-toronto,rumour,The Prince at Massey Hall line up spans two blocks. Security say they have not done a headcount.,18
Live Streaming link for Joint Press Conference on Cornelius Gurlitt estate.  http://t.co/Hm8Q6SyHZv,0,sauterne,gurlitt,not_rumour,Live Streaming link for Joint Press Conference on Cornelius Gurlitt estate.,11
#illridewithyou: Australians stand up to racism following #sydneysiege http://t.co/3VyDr99cZI http://t.co/WfQ8yIHIo1,0,TODAYonline,sydneysiege,not_rumour,illridewithyou Australians stand up to racism following sydneysiege,8
"MASSIVE OPERATION: ""Hundreds of armed police have swarmed the area."" #sydneysiege (LIVE) http://t.co/uq626Z2Sfu http://t.co/oKLjdaWVAk",0,NewsBreaker,sydneysiege,not_rumour,"MASSIVE OPERATION ""Hundreds of armed police have swarmed the area."" sydneysiege LIVE",12
Sydney siege: Hostages held at Martin Place cafe http://t.co/7NdqPYhwcY http://t.co/53Q2phuo3M,1,abcnews,sydneysiege,rumour,Sydney siege Hostages held at Martin Place cafe,8
"Please, RT! #CharlieHebdo attack has another victim! Via @MiddleEastMnt #ParisShooting http://t.co/PNesB88POL",0,LatuffCartoons,charliehebdo,not_rumour,"Please, RT! CharlieHebdo attack has another victim! Via ParisShooting",9
"#CharlieHebdo: Angela Merkel says shooting in France is not only attack on French citizens, but on freedoms of press and speech (@Reuters)",0,euronews,charliehebdo,not_rumour,"CharlieHebdo Angela Merkel says shooting in France is not only attack on French citizens, but on freedoms of press and speech",21
"148 on board:
- 142 passengers
- 2 pilots
- 4  flight attendants

@SPIEGEL_English @Corriereit 
#Germanwings http://t.co/VT9w6qumJa",1,fedesene,germanwings-crash,rumour,148 on board - 142 passengers - 2 pilots - 4 flight attendants Germanwings,14
“@LePoint: #CharlieHebdo : “The cartoonists Charb &amp; cabu are dead.” http://t.co/7USD83cQd2 http://t.co/WGHbLiLFoX”,1,Colvinius,charliehebdo,rumour,CharlieHebdo The cartoonists Charb amp cabu are dead.,8
"hostages in Sydney right now... my thoughts and prayers are with you guys. 

so much hatred in the world. this isn't the way..
#sydneysiege",1,SkyWilliamsTho,sydneysiege,rumour,hostages in Sydney right now... my thoughts and prayers are with you guys. so much hatred in the world. this isn't the way.. sydneysiege,24
Darren Wilson is a six year veteran of the #Ferguson Police and had no disciplinary actions against him.,1,Yamiche,ferguson,rumour,Darren Wilson is a six year veteran of the Ferguson Police and had no disciplinary actions against him.,18
Here’s a gallery of some of the more famous covers by #CharlieHebdo that got people riled up http://t.co/d6w7HYe1fg,0,williamoconnor5,charliehebdo,not_rumour,Heres a gallery of some of the more famous covers by CharlieHebdo that got people riled up,17
Australian police and media denying the Sydney gunman precisely what he wants: free publicity. Very controlled coverage. Spot on. Well done.,0,hahellyer,sydneysiege,not_rumour,Australian police and media denying the Sydney gunman precisely what he wants free publicity. Very controlled coverage. Spot on. Well done.,21
"-Muslim shooter - 1.7 Billion Muslims guilty

-Black shooter - ""All Blacks are violent""

-White Shooter - ""Lone Wolf""

#CharlieHebdo",0,KhaledBeydoun,charliehebdo,not_rumour,"-Muslim shooter - 1.7 Billion Muslims guilty -Black shooter - ""All Blacks are violent"" -White Shooter - ""Lone Wolf"" CharlieHebdo",20
"Q: ""why did he stop Michael Brown?"" 

#Ferguson Police Chief: ""because they were walking down the middle of the street blocking traffic""",1,No_Cut_Card,ferguson,rumour,"Q ""why did he stop Michael Brown?"" Ferguson Police Chief ""because they were walking down the middle of the street blocking traffic""",22
The Image That Everyone Is Sharing isn't By Banksy — But It's Awesome. #CharlieHebdo http://t.co/YF1d7tvNwE http://t.co/UfBtgLRRYc,1,dandemoustier,charliehebdo,rumour,The Image That Everyone Is Sharing isn't By Banksy But It's Awesome. CharlieHebdo,13
This is the scene of the #Sydneysiege at the Lindt Chocolate Cafe in #MartinPlace | Live blog: http://t.co/AG0jQb072Q http://t.co/kLzdEKnILC,1,abcnewsSydney,sydneysiege,rumour,This is the scene of the Sydneysiege at the Lindt Chocolate Cafe in MartinPlace Live blog,16
Two came out front door of Lindt cafe. One out fire door. They had hands in the air. Appear to be safe. #sydneysiege,1,lucethoughts,sydneysiege,rumour,Two came out front door of Lindt cafe. One out fire door. They had hands in the air. Appear to be safe. sydneysiege,23
"#CharlieHebdo suspects ""prepared to die as martyrs"", they tell police after making contact - French media http://t.co/Qgmn70TXSU",1,BBCBreaking,charliehebdo,rumour,"CharlieHebdo suspects ""prepared to die as martyrs"", they tell police after making contact - French media",16
Remember this? Those men died for our right to freedom of speech. Don't let that sacrifice be in vain. #CharlieHebdo http://t.co/vXzD9am4Zq,0,JuliaHB1,charliehebdo,not_rumour,Remember this? Those men died for our right to freedom of speech. Don't let that sacrifice be in vain. CharlieHebdo,20
Assange: The world must now avenge Charlie Hebdo by swiftly republishing all their cartoons. Censorship attacks are a losing move.,0,wikileaks,charliehebdo,not_rumour,Assange The world must now avenge Charlie Hebdo by swiftly republishing all their cartoons. Censorship attacks are a losing move.,20
DETAILS: Armed man takes hostage in kosher grocery store in #Vincennes eastern Paris - Reports http://t.co/cI8cztQjE6,1,RT_com,charliehebdo,rumour,DETAILS Armed man takes hostage in kosher grocery store in Vincennes eastern Paris - Reports,15
"Tanks Around Moscow, Putin Missing: Is It A Coup Or Is Putin With Pregnant Lover?? (Picture) http://t.co/K5Q2IOVAEJ",1,muckracker1,putinmissing,rumour,"Tanks Around Moscow, Putin Missing Is It A Coup Or Is Putin With Pregnant Lover?? Picture",16
"Putin ousted in coup???

Ok just asking!",1,jasian12345,putinmissing,rumour,Putin ousted in coup??? Ok just asking!,7
BREAKING FROM RCMP: RCMP advises if you are in downtown Ottawa to stay away from windows and off roofs due to ongoing police incident.,0,CatherineCTV,ottawashooting,not_rumour,BREAKING FROM RCMP RCMP advises if you are in downtown Ottawa to stay away from windows and off roofs due to ongoing police incident.,24
#BREAKING: Police have stormed the Lindt Chocolate Cafe in Martin Place #sydneysiege #ABCNews24,1,ABCNews24,sydneysiege,rumour,BREAKING Police have stormed the Lindt Chocolate Cafe in Martin Place sydneysiege ABCNews24,13
BREAKING: French police say they have located whereabouts of two suspects said to be behind attacks in Paris More at: http://t.co/WezWaJNjkZ,1,AJEnglish,charliehebdo,rumour,BREAKING French police say they have located whereabouts of two suspects said to be behind attacks in Paris More at,20
"Sydney cafe siege: Two gunmen and up to a dozen hostages inside the cafe under siege in Martin Place, Sydney. ISIS flags remain in display.",1,Y7News,sydneysiege,rumour,"Sydney cafe siege Two gunmen and up to a dozen hostages inside the cafe under siege in Martin Place, Sydney. ISIS flags remain in display.",25
Arrived in Crestwood where officer Darren Wilson lives. When I knocked police officer rolled up and told me Wilson left days ago #Ferguson,1,AamerISmad,ferguson,rumour,Arrived in Crestwood where officer Darren Wilson lives. When I knocked police officer rolled up and told me Wilson left days ago Ferguson,23
Ottawa police confirm they are looking for more than one suspect in Parliament Hill shooting. http://t.co/1cKIHwuCzl,1,Reuters,ottawashooting,rumour,Ottawa police confirm they are looking for more than one suspect in Parliament Hill shooting.,15
Prince cancelled Massey Hall show to play Bridle Path house party tonight #princeTOrumours,1,hlybrtn,prince-toronto,rumour,Prince cancelled Massey Hall show to play Bridle Path house party tonight princeTOrumours,13
Police officer at scene of Paris hostage situation tells the BBC two people are confirmed to have died http://t.co/0wLOuy8soe,1,BBCBreaking,charliehebdo,rumour,Police officer at scene of Paris hostage situation tells the BBC two people are confirmed to have died,18
"RIP to the solider and father killed in Ottawa today, praying for all those affected by this shooting #StaySafeOttawa http://t.co/dDWugbCjxU",1,sarahsnyder_,ottawashooting,rumour,"RIP to the solider and father killed in Ottawa today, praying for all those affected by this shooting StaySafeOttawa",19
"RAW VIDEO : Parliament Hill shooting.
Video from inside Parliament Hill after shots were fired. #breaking http://t.co/sIwoId5RoH #CBCNews",1,CBCNews,ottawashooting,rumour,RAW VIDEO Parliament Hill shooting. Video from inside Parliament Hill after shots were fired. breaking CBCNews,16
"10 people have died in a shooting at the Paris HQ of French weekly Charlie Hebdo, reports say. http://t.co/xcK8lY9IeR http://t.co/vsoysCGAbx",1,SkyNews,charliehebdo,rumour,"10 people have died in a shooting at the Paris HQ of French weekly Charlie Hebdo, reports say.",18
Litigation seems inevitable in the Gurlitt case http://t.co/zyv3OuC3e4,0,derekfincham,gurlitt,not_rumour,Litigation seems inevitable in the Gurlittcase,6
BREAKING: French police: Suspects in newspaper attack appear to have taken a hostage northeast of Paris,1,AP,charliehebdo,rumour,BREAKING French police Suspects in newspaper attack appear to have taken a hostage northeast of Paris,16
"The #sydneysiege is terrifying. But attacking and abusing Muslims is EXACTLY what ISIS wants. We need to pull together, not apart.",0,theprojecttv,sydneysiege,not_rumour,"The sydneysiege is terrifying. But attacking and abusing Muslims is EXACTLY what ISIS wants. We need to pull together, not apart.",21
"Mostly only Canadians will get this one. lol

#Putin #PutinMissing #PutinDead http://t.co/rjKz9RFmdK",0,JKSterl840,putinmissing,not_rumour,Mostly only Canadians will get this one. lol Putin PutinMissing PutinDead,11
#BREAKING Reports two customers and an employee have escaped the #SydneySiege http://t.co/fSLeobzxHh,1,dailytelegraph,sydneysiege,rumour,BREAKING Reports two customers and an employee have escaped the SydneySiege,11
Sydney gunman was shot by police and is confirmed dead #sydneysiege #SydneyHostageCrisis,1,gotravelyourway,sydneysiege,rumour,Sydney gunman was shot by police and is confirmed dead sydneysiege SydneyHostageCrisis,12
Malaysia and Indonesia have yet to recover from #MH370 #MH17 and #QZ8501. Our prayers for families of those aboard @germanwings #4U9525,0,klubbkiddkl,germanwings-crash,not_rumour,Malaysia and Indonesia have yet to recover from MH370 MH17 and QZ8501. Our prayers for families of those aboard 4U9525,20
#BREAKING At least five hostages in Paris kosher supermarket: source,1,AFP,charliehebdo,rumour,BREAKING At least five hostages in Paris kosher supermarket source,10
"Whoever you are, wherever you are, whatever you believe in: pray for Sydney, support humanity and join the movement #illridewithyou ❤️",0,GiselleUgarte,sydneysiege,not_rumour,"Whoever you are, wherever you are, whatever you believe in pray for Sydney, support humanity and join the movement illridewithyou",20
#RIP Nathan Cirillo #Soldier #Ottawa #Canada love you http://t.co/PkMR8R1pho,1,CarlosAlvarez37,ottawashooting,rumour,RIP Nathan Cirillo Soldier Ottawa Canada love you,8
Australian Prime Minister Tony Abbott addressing incident in Sydney. Watch live on CNNgo. http://t.co/HAhU3MDTUj,0,cnnbrk,sydneysiege,not_rumour,Australian Prime Minister Tony Abbott addressing incident in Sydney. Watch live on CNNgo.,13
The death of Mike Brown was live tweeted http://t.co/UJNhP9jNeD via @7im #ferguson,0,jaredbkeller,ferguson,not_rumour,The death of Mike Brown was live tweeted via ferguson,10
Global News camera man reporting shots fired by Chateau Laurier hotel #ottawa,1,l_stone,ottawashooting,rumour,Global News camera man reporting shots fired by Chateau Laurier hotel ottawa,12
Police are holding a news conference to provide the latest on today's incidents in Ottawa. Watch live now on CNNgo. http://t.co/AsypHTR7eA,1,cnnbrk,ottawashooting,rumour,Police are holding a news conference to provide the latest on today's incidents in Ottawa. Watch live now on CNNgo.,20
How can trust the profiling skills of the chief on a boy he never met but couldn't pick up the psychopath he worked with #ferguson,0,jamalhbryant,ferguson,not_rumour,How can trust the profiling skills of the chief on a boy he never met but couldn't pick up the psychopath he worked with ferguson,25
"Operation underway in the Dammartin-en-Goele area, as police hunt Paris shooting suspects, French interior minister tells CNN affiliate.",1,cnnbrk,charliehebdo,rumour,"Operation underway in the Dammartin-en-Goele area, as police hunt Paris shooting suspects, French interior minister tells CNN affiliate.",18
"BREAKING Authorities confirm last words from #germanwings #4U9525 A320 distress call were ""emergency, emergency"" http://t.co/wFg8KTSve2",1,airlivenet,germanwings-crash,rumour,"BREAKING Authorities confirm last words from germanwings 4U9525 A320 distress call were ""emergency, emergency""",14
Being shot 10 times in the street for stealing cigars is due process? No arrest. No trial. No conviction―just immediate execution. #Ferguson,1,capetownbrown,ferguson,rumour,Being shot 10 times in the street for stealing cigars is due process? No arrest. No trial. No convictionjust immediate execution. Ferguson,22
Prince won't be performing tomorrow night either. He's actually performing in an alternate reality for the next few days. #PrinceTO #Toronto,1,TwistMyMind,prince-toronto,rumour,Prince won't be performing tomorrow night either. He's actually performing in an alternate reality for the next few days. PrinceTO Toronto,21
"*IF* the report was written same day as the shooting, as bungling as #Ferguson cops have been, we're to believe they had #MikeBrown's name?",1,ReignOfApril,ferguson,rumour,"IF the report was written same day as the shooting, as bungling as Ferguson cops have been, we're to believe they had MikeBrown's name?",24
BOMBSHELL: #Ferguson chief says the police officer might not have even known about the robbery when he shot and killed Michael Brown.,1,michaelcalhoun,ferguson,rumour,BOMBSHELL Ferguson chief says the police officer might not have even known about the robbery when he shot and killed Michael Brown.,22
"To people taking selfies at #SydneySiege, When you return home, look at your selfie &amp; see what an unconscious, blithering idiot looks like.",0,activist360,sydneysiege,not_rumour,"To people taking selfies at SydneySiege, When you return home, look at your selfie amp see what an unconscious, blithering idiot looks like.",23
We begin in Paris with a moment of silence for those killed in the #CharlieHebdo attacks. http://t.co/KAZQB07OKy http://t.co/XDgW3uXmoF,0,NewDay,charliehebdo,not_rumour,We begin in Paris with a moment of silence for those killed in the CharlieHebdo attacks.,16
"Kurdistan is with you Canada &amp; Israel, we are fighting ISIS right now.
#TwitterKurds #Ottawa #Jerusalem #Kobane ISIL http://t.co/X8bW6SIeFD",0,ArezRamazani,ottawashooting,not_rumour,"Kurdistan is with you Canada amp Israel, we are fighting ISIS right now. TwitterKurds Ottawa Jerusalem Kobane ISIL",18
"Trocadero, it was a fasle alert (Ministry of Interior) Via @WilliamMolinie",1,JulienPain,charliehebdo,rumour,"Trocadero, it was a fasle alert Ministry of Interior Via",10
"JUST IN: Lindt's CEO says there could be as many as 50 hostages inside the cafe in #Sydney 
http://t.co/FlxRZYOxWA http://t.co/eKFi9smVGh",1,STcom,sydneysiege,rumour,JUST IN Lindt's CEO says there could be as many as 50 hostages inside the cafe in Sydney,18
"""#Ferguson PD charged a man with destruction of property for bleeding on their uniforms while 4 officers beat him."" http://t.co/x4K1rHyXdn",1,Terr,ferguson,rumour,"""Ferguson PD charged a man with destruction of property for bleeding on their uniforms while 4 officers beat him.""",19
"Charlie Hebdo killers say they ""want to die like martyrs"". I suspect the French police will be happy to oblige ...",1,afneil,charliehebdo,rumour,"Charlie Hebdo killers say they ""want to die like martyrs"". I suspect the French police will be happy to oblige ...",21
Names of pilots rumored to be Patrick Sonderheimer with co-pilot Andreas Lubitz - No formal confirmation yet. #germanwings,1,henkvaness,germanwings-crash,rumour,Names of pilots rumored to be Patrick Sonderheimer with co-pilot Andreas Lubitz - No formal confirmation yet. germanwings,18
"Spokesperson for PMO says Prime Minister Stephen Harper safe, has left Parliament Hill. #cdnpoli",0,CBCAlerts,ottawashooting,not_rumour,"Spokesperson for PMO says Prime Minister Stephen Harper safe, has left Parliament Hill. cdnpoli",14
There's a tank near the #Paris hostage scene http://t.co/7N7uvClhWY (Pic: Heathcliff O'Malley) http://t.co/EPXhd9k6GF,1,Telegraph,charliehebdo,rumour,There's a tank near the Paris hostage scene Pic Heathcliff O'Malley,11
"Germanwings crash: ""The accident happened in a zone that is particularly hard to access."" http://t.co/on24GtCYyv",0,NST_Online,germanwings-crash,not_rumour,"Germanwings crash ""The accident happened in a zone that is particularly hard to access.""",14
I applaud how the Australian police have dealt with #sydneysiege so far. Patience. Communication. No bullets fired. US Police - take note.,0,craigstone_,sydneysiege,not_rumour,I applaud how the Australian police have dealt with sydneysiege so far. Patience. Communication. No bullets fired. US Police - take note.,22
"Hobby Lobby asks #Ferguson PD for clarification: ""We thought chopping off someone's hand was the maximum penalty for shoplifting""",1,TheDailyEdge,ferguson,rumour,"Hobby Lobby asks Ferguson PD for clarification ""We thought chopping off someone's hand was the maximum penalty for shoplifting""",19
"Muslim community reacts with 'horror, aversion' to #SydneySiege, @Mo_Taha1 reports http://t.co/jatWWRoEHO http://t.co/eNQ8BC7tgl",0,abcnews,sydneysiege,not_rumour,"Muslim community reacts with 'horror, aversion' to SydneySiege, reports",9
About 50 Australian Muslim groups issue statement condemning #SydneySiege http://t.co/ilkAQzvNJ2,0,_AdamTodd,sydneysiege,not_rumour,About 50 Australian Muslim groups issue statement condemning SydneySiege,9
"Most-shared #Ferguson news images, as published on @mashable 
http://t.co/EG1uF1y5dO
LINK: http://t.co/LSOpxeYLCt http://t.co/bMjf7TjtLP",0,TwitterData,ferguson,not_rumour,"Most-shared Ferguson news images, as published on LINK",8
The Sydney cafe siege may be part of a larger plot. @Y7News #MartinPlaceSiege http://t.co/f2aTNEpjmh http://t.co/DE4IBxv73K,1,7NewsSydney,sydneysiege,rumour,The Sydney cafe siege may be part of a larger plot. MartinPlaceSiege,12
#Ferguson cops beat innocent man then charged him for bleeding on them: http://t.co/u1ot9Eh5Cq via @MichaelDalynyc http://t.co/AGJW2Pid1r,1,MickSweetman,ferguson,rumour,Ferguson cops beat innocent man then charged him for bleeding on them via,13
Such scary news from Sydney. Thoughts &amp; prayers go out to the hostages &amp; their family's. 🙏,0,oliverproudlock,sydneysiege,not_rumour,Such scary news from Sydney. Thoughts amp prayers go out to the hostages amp their family's.,16
#Ottawa: MP Gerry Byrne inside building on lockdown. Says this is tactical team. Live coverage http://t.co/HrGKEeJZL4 http://t.co/b7WVOT640l,1,BBCNewsUS,ottawashooting,rumour,Ottawa MP Gerry Byrne inside building on lockdown. Says this is tactical team. Live coverage,15
#ferguson police engaged in character assassination to cover up actual assassination. you. simply. don't. shoot. unarmed. teenagers. EVER.,1,thelittleidiot,ferguson,rumour,ferguson police engaged in character assassination to cover up actual assassination. you. simply. don't. shoot. unarmed. teenagers. EVER.,18
Germanwings plane crashes in French Alps with 148 people http://t.co/pg3bpbv7R1,1,ThisAbled,germanwings-crash,rumour,Germanwings plane crashes in French Alps with 148 people,9
It's messed up when cops can shoot unarmed Black teen yet White people can walk around Target with AR-15's! #Ferguson,0,bannerite,ferguson,not_rumour,It's messed up when cops can shoot unarmed Black teen yet White people can walk around Target with AR-15's! Ferguson,20
#BREAKING: Two more hostages have just escaped from #sydneysiege,1,SkyNewsAust,sydneysiege,rumour,BREAKING Two more hostages have just escaped from sydneysiege,9
"Top French cartoonists Charb, Cabu, Wolinski, Tignous confirmed among dead in #Paris #CharlieHebdo attack. Editor is critically wounded.",1,bouckap,charliehebdo,rumour,"Top French cartoonists Charb, Cabu, Wolinski, Tignous confirmed among dead in Paris CharlieHebdo attack. Editor is critically wounded.",18
"UPDATE: Hostages in Sydney cafe brandishing black Shahada flags, identical to those used by ISIS. - @7NewsSydney http://t.co/xap6sGvEdT",1,MajorNews911,sydneysiege,rumour,"UPDATE Hostages in Sydney cafe brandishing black Shahada flags, identical to those used by ISIS. -",16
Swiss museum accepts looted Nazi art: Kunstmuseum Bern will try to return any stolen art to rightf... http://t.co/2kTYOPvZGd #BogardThat,1,nine_oh,gurlitt,rumour,Swiss museum accepts looted Nazi art Kunstmuseum Bern will try to return any stolen art to rightf... BogardThat,18
"And this, if you're not #CharlieHebdo saturated: http://t.co/CkGBxkIyfD",0,timminchin,charliehebdo,not_rumour,"And this, if you're not CharlieHebdo saturated",7
"Why are ppl tap dancing around what is LIKELY happening in Sydney? Are we worried we may offend a terrorist? 

Prayers. #SydneySiege",0,PolitiBunny,sydneysiege,not_rumour,Why are ppl tap dancing around what is LIKELY happening in Sydney? Are we worried we may offend a terrorist? Prayers. SydneySiege,22
NSW Premier Mike Baird says his thoughts and prayers are with the people in the  #sydneysiege. http://t.co/7NdqPYhwcY http://t.co/I71KEcYFIy,0,abcnews,sydneysiege,not_rumour,NSW Premier Mike Baird says his thoughts and prayers are with the people in the sydneysiege.,16
Harvard Law students stand in solidarity w/#Ferguson and all innocent victims of #policebrutality  #HandsUpDontShoot http://t.co/XbiwsJ5ieV,0,thecrisismag,ferguson,not_rumour,Harvard Law students stand in solidarity w Ferguson and all innocent victims of policebrutality HandsUpDontShoot,15
Artists fight violence with images #CharlieHebdo #solidarity http://t.co/1i8Dq4iVg6 http://t.co/XMmGLDvmIn,0,HuffPostArts,charliehebdo,not_rumour,Artists fight violence with images CharlieHebdo solidarity,7
"Happening now: Denver, Colorado. #NMOS14 #Ferguson http://t.co/rJMXsvMjj5",0,LauraKeeney,ferguson,not_rumour,"Happening now Denver, Colorado. NMOS14 Ferguson",6
Our cowardice helped to allow this attack - @DAaronovitch on #CharlieHebdo http://t.co/MO0rqnomiP http://t.co/jGs2NGnAOp,0,thetimes,charliehebdo,not_rumour,Our cowardice helped to allow this attack - on CharlieHebdo,10
A tragic day for the freedom of speech #jesuischarlie http://t.co/ZkIOXpHeSq,0,GuyVerhofstadt,charliehebdo,not_rumour,A tragic day for the freedom of speech jesuischarlie,9
"Summary of the #Gurlitt agreement between Kunstmuseum Bern, State of Bavaria and German government: http://t.co/8YqE3ZJYGn via @meddybln",1,helen_whittle,gurlitt,rumour,"Summary of the Gurlitt agreement between Kunstmuseum Bern, State of Bavaria and German government via",15
"Depressing that ppl don't realise most victims of Islamic extremists are Muslims… but I'm relieved @OwenJones84 does
http://t.co/rv2VVTrVWl",0,MonaChalabi,charliehebdo,not_rumour,Depressing that ppl don't realise most victims of Islamic extremists are Muslims but I'm relieved does,16
"No Coups Today... 
No, I don't know where #Putin is, but I am pretty sure no coup's going down in #Moscow
http://t.co/mzdznQPWc0 #Russia",1,MarkGaleotti,putinmissing,rumour,"No Coups Today... No, I don't know where Putin is, but I am pretty sure no coup's going down in Moscow Russia",22
"Religion of peace back at work. Muslims attack French magazine that mocked Muhammad, killing 12 #CharlieHebdo #ParisShooting",0,Trustnamo,charliehebdo,not_rumour,"Religion of peace back at work. Muslims attack French magazine that mocked Muhammad, killing 12 CharlieHebdo ParisShooting",17
"Video footage of my arrest, @AntonioFrench staffers, and Michael Powers Protest and arrests 8-13-14: http://t.co/RLaAUlKyyv #Ferguson",0,STLAbuBadu,ferguson,not_rumour,"Video footage of my arrest, staffers, and Michael Powers Protest and arrests 8-13-14 Ferguson",14
Saudi Arabia condemns killings at Charlie Hebdo but calls for an international law to criminalise insults to Islam. Amazing!,0,AmalFarahUK,charliehebdo,not_rumour,Saudi Arabia condemns killings at Charlie Hebdo but calls for an international law to criminalise insults to Islam. Amazing!,19
A hostage runs towards a police officer outside Lindt cafe #SydneySiege #SydneyCafeSiege http://t.co/hygtXFzItO,1,timesnow,sydneysiege,rumour,A hostage runs towards a police officer outside Lindt cafe SydneySiege SydneyCafeSiege,12
Ottawa police confirm a shooting at Canada's National War Memorial - @CBCOttawa http://t.co/JbjNKv3eGa,0,BreakingNews,ottawashooting,not_rumour,Ottawa police confirm a shooting at Canada's National War Memorial -,11
#Germanwings #4U9525 crash &amp; response sites &amp; LIVE UPDATES &amp; reactions http://t.co/zU6hn03xzU http://t.co/eJied1gWxq,0,RT_com,germanwings-crash,not_rumour,Germanwings 4U9525 crash amp response sites amp LIVE UPDATES amp reactions,11
"Incredibly beautiful smile 

#gaza #GazaUnderAttack #FreePalestine #Ferguson http://t.co/1W8XXNXafi",0,DrBasselAbuward,ferguson,not_rumour,Incredibly beautiful smile gaza GazaUnderAttack FreePalestine Ferguson,7
WOW. It seems as though #Prince will not be playing at #toronto's #MasseyHall after all. A sad turnout for those who played hooky today!,1,YYZMag,prince-toronto,rumour,WOW. It seems as though Prince will not be playing at toronto's MasseyHall after all. A sad turnout for those who played hooky today!,24
"#NSW police have asked us, and others, not to broadcast demands from the #lindtcafe gunman. We will comply. I will have more to say at 7.30",0,hughriminton,sydneysiege,not_rumour,"NSW police have asked us, and others, not to broadcast demands from the lindtcafe gunman. We will comply. I will have more to say at 7.30",26
BREAKING UPDATE: US Consulate in Sydney has been evacuated and US Citizens there being warned to be on high alert. Reuters,1,PzFeed,sydneysiege,rumour,BREAKING UPDATE US Consulate in Sydney has been evacuated and US Citizens there being warned to be on high alert. Reuters,21
Outside Massey Hall where Prince and @3RDEYEGIRL fans are lining up for what they think is a surprise show. http://t.co/yRPLZfQASC,1,tara_deschamps,prince-toronto,rumour,Outside Massey Hall where Prince and fans are lining up for what they think is a surprise show.,18
This is a photo I took at the vigil. Just wanted to offer a different perspective. #Ferguson #MikeBrown http://t.co/QdBY0lOTgd,0,BridjesONeil,ferguson,not_rumour,This is a photo I took at the vigil. Just wanted to offer a different perspective. Ferguson MikeBrown,18
The Lebanese Muslim Association has issued a statement condemning #sydneysiege and calling for calm. http://t.co/z2hCIBPaha,0,K_Michelmore,sydneysiege,not_rumour,The Lebanese Muslim Association has issued a statement condemning sydneysiege and calling for calm.,14
Reports that the AFP is conducting search warrants in the Sydney suburb of Lakemba are incorrect.,1,AFPmedia,sydneysiege,rumour,Reports that the AFP is conducting search warrants in the Sydney suburb of Lakemba are incorrect.,16
"JUST IN: Two brothers responsible for Charlie Hebdo massacre have been killed in Dammartin standoff, according to multiple reports",0,CBSNews,charliehebdo,not_rumour,"JUST IN Two brothers responsible for Charlie Hebdo massacre have been killed in Dammartin standoff, according to multiple reports",19
Vladimir Putin's Disappearance Could Mean Russia's Undergoing a Coup - http://t.co/a5MSzViuEK: TheBlaze.comVlad... http://t.co/eEgFAWDciv,1,wassaud,putinmissing,rumour,Vladimir Putin's Disappearance Could Mean Russia's Undergoing a Coup - TheBlaze.comVlad...,11
Still in lockdown. Am safe. Check @globeandmail for video of the attack on Parliament Hill. Ignore any cursing you hear from me.,0,josh_wingrove,ottawashooting,not_rumour,Still in lockdown. Am safe. Check for video of the attack on Parliament Hill. Ignore any cursing you hear from me.,21
The Men Behind the Cartoons at Charlie Hebdo http://t.co/bBoc0tSszE,0,nytimes,charliehebdo,not_rumour,The Men Behind the Cartoons at Charlie Hebdo,8
Location of #Germanwings plane crash. http://t.co/9a9ZLDN4o7,0,TODAYshow,germanwings-crash,not_rumour,Location of Germanwings plane crash.,5
"6 people believed to be hostages at Paris market, source tells BFMTV; Interior Ministry hasn't confirmed number. http://t.co/7Bxdhozq4H",1,cnnbrk,charliehebdo,rumour,"6 people believed to be hostages at Paris market, source tells BFMTV Interior Ministry hasn't confirmed number.",17
"America doesn't think we're human, the world doesn't think we're human, and cops don't get punished for killing us for no reason. #ferguson",0,LewisGD,ferguson,not_rumour,"America doesn't think we're human, the world doesn't think we're human, and cops don't get punished for killing us for no reason. ferguson",23
"Does somebody want to tell me how ISIS isn't Islam again, after murdering 12 in #France over a cartoon over muhammed? http://t.co/rmgzDNrJVO",0,ChuckNellis,charliehebdo,not_rumour,"Does somebody want to tell me how ISIS isn't Islam again, after murdering 12 in France over a cartoon over muhammed?",21
Why terrorists can't kill Charlie Hebdo‘s ideas http://t.co/dHvxbOyF7g,0,WIRED,charliehebdo,not_rumour,Why terrorists can't kill Charlie Hebdos ideas,7
.@slmpd is not handling the shooting investigation in #Ferguson. We encourage anyone with information to contact @stlcountypd.,0,SLMPD,ferguson,not_rumour,. is not handling the shooting investigation in Ferguson. We encourage anyone with information to contact .,17
Australians offering support to Muslims on public transport who fear racist abuse using the #illridewithyou hashtag. #sydneysiege,0,scottreid1980,sydneysiege,not_rumour,Australians offering support to Muslims on public transport who fear racist abuse using the illridewithyou hashtag. sydneysiege,17
Wow  RT @AntonioFrench: State Senator asks the #Ferguson police chief if she's going to be gassed again. https://t.co/wgnDJbEaGV,0,NFLGoodwitch,ferguson,not_rumour,Wow RT State Senator asks the Ferguson police chief if she's going to be gassed again.,16
Our thoughts and prayers are with those affected by the shootings in Ottawa. Stay safe! #PrayForOttawa,0,BauerHockey,ottawashooting,not_rumour,Our thoughts and prayers are with those affected by the shootings in Ottawa. Stay safe! PrayForOttawa,16
Soldier killed in Canada shooting was a young reservist with a six-year-old son http://t.co/FI7SGBVfAS http://t.co/7be6Scdwgq Pray for him.,1,BobG231,ottawashooting,rumour,Soldier killed in Canada shooting was a young reservist with a six-year-old son Pray for him.,16
“Information might have dispersed more crowds than armored vehicles did.” @jelani9 on questions raised in #Ferguson: http://t.co/Bwclyxie7i,0,NewYorker,ferguson,not_rumour,Information might have dispersed more crowds than armored vehicles did. on questions raised in Ferguson,15
My prayers to the families in france during this awful act of terrorism against #CharlieHebdo offices. A newspaper is not a weapon of war,0,AnastaciaFanily,charliehebdo,not_rumour,My prayers to the families in france during this awful act of terrorism against CharlieHebdo offices. A newspaper is not a weapon of war,24
Left: police that #Obama condemned under Yanukovych. Right: #Obama's police in #Ferguson. #Hypocrisy #USA #Ukraine http://t.co/9x4PBwQ0Sg,0,AndreyPanevin,ferguson,not_rumour,Left police that Obama condemned under Yanukovych. Right Obama's police in Ferguson. Hypocrisy USA Ukraine,15
"Just to confirm again, the large power outages in Ottawa aren't related to today's shootings: http://t.co/LjDPSxbd0I #cbcOTT #OTTnews",0,CBCOttawa,ottawashooting,not_rumour,"Just to confirm again, the large power outages in Ottawa aren't related to today's shootings cbcOTT OTTnews",17
"Remembering our friend Robin Williams, Updates on #Ferguson and #MikeBrown http://t.co/QBQJAuhb4v",0,CitizenRadio,ferguson,not_rumour,"Remembering our friend Robin Williams, Updates on Ferguson and MikeBrown",10
"The #Ferguson chief, the County chief, County prosecutor, and @CharlieADooley need to reach out to the family and promise justice TONIGHT.",0,AntonioFrench,ferguson,not_rumour,"The Ferguson chief, the County chief, County prosecutor, and need to reach out to the family and promise justice TONIGHT.",20
I'm so sick of ppl tiptoeing around the fact that this was an ISLAMIC attack. The politically correct bullshit needs to stop. #CharlieHebdo,0,JaclynGlenn,charliehebdo,not_rumour,I'm so sick of ppl tiptoeing around the fact that this was an ISLAMIC attack. The politically correct bullshit needs to stop. CharlieHebdo,23
Very reliable source on Parliament Hill tells me the assailant has been killed. #cdnpoli #ottnews,1,_MarkSutcliffe,ottawashooting,rumour,Very reliable source on Parliament Hill tells me the assailant has been killed. cdnpoli ottnews,15
Breaking: Reports that the Sydney Opera House has now been evacuated due to findings of a suspicious package. More to come.,1,nswincidents,sydneysiege,rumour,Breaking Reports that the Sydney Opera House has now been evacuated due to findings of a suspicious package. More to come.,21
#CharlieHebdo. We must reprint his work (yes HIS work - the main cartoonist). BBC spits on the dead by censoring it http://t.co/jyZHiyCR0H,0,LouiseMensch,charliehebdo,not_rumour,CharlieHebdo. We must reprint his work yes HIS work - the main cartoonist . BBC spits on the dead by censoring it,22
Is Putin facing palace coup? http://t.co/FOGZjRrDoZ,1,jsph1959,putinmissing,rumour,Is Putin facing palace coup?,5
Sergeant-at-Arms Kevin Vickers hailed as hero for shooting Canadian Parliament gunman: http://t.co/09FfLbM475 http://t.co/A6bY6M4HtE,1,ABC,ottawashooting,rumour,Sergeant-at-Arms Kevin Vickers hailed as hero for shooting Canadian Parliament gunman,11
"Pictured: Gunman Man Haron Monis, on bail over murder of ex-wife http://t.co/xheuclMCmj #sydneysiege http://t.co/32hYnLqV6J",0,DailyMailAU,sydneysiege,not_rumour,"Pictured Gunman Man Haron Monis, on bail over murder of ex-wife sydneysiege",12
"ISIS beheadings, Boko Haram school attacks, the London beheading, Canadian soldier shot in cold blood, Sydney attack. #IsolatedIncidents",0,Will_Antonin,sydneysiege,not_rumour,"ISIS beheadings, Boko Haram school attacks, the London beheading, Canadian soldier shot in cold blood, Sydney attack. IsolatedIncidents",18
"CXN: 1 gunman shot dead in Parliament Hill attack, soldier shot in Ottawa http://t.co/pp6hcfWcRw No report soldier dead. #OttawaShooting",1,CBCNews,ottawashooting,rumour,"CXN 1 gunman shot dead in Parliament Hill attack, soldier shot in Ottawa No report soldier dead. OttawaShooting",18
UPDATE: #CharlieHebdo's editor-in-chief was killed in attack - Magazine's lawyer http://t.co/kLKwMSlo7g,1,SputnikInt,charliehebdo,rumour,UPDATE CharlieHebdo's editor-in-chief was killed in attack - Magazine's lawyer,10
And now the Trocadero. I have a very bad feeling about today,1,iankeithtom,charliehebdo,rumour,And now the Trocadero. I have a very bad feeling about today,12
Police asking for blackout of social media reporting around delicate terror 'event' in Sydney CBD that can impact tacticals @techau RT plz,0,mr_internet,sydneysiege,not_rumour,Police asking for blackout of social media reporting around delicate terror 'event' in Sydney CBD that can impact tacticals RT plz,21
#BREAKING At least two killed in hostage drama east of Paris: source,1,AFP,charliehebdo,rumour,BREAKING At least two killed in hostage drama east of Paris source,12
"""Police in #Ferguson, once charged a man with destruction of property for bleeding on their uniforms while four of them allegedly beat him.""",1,imillhiser,ferguson,rumour,"""Police in Ferguson, once charged a man with destruction of property for bleeding on their uniforms while four of them allegedly beat him.""",23
#Ottpolice and @RCMPGRCpolice investigating several shooting incidents in downtown #Ottawa.,0,OttawaPolice,ottawashooting,not_rumour,Ottpolice and investigating several shooting incidents in downtown Ottawa.,9
#RCMP news conference on #Ottawa shootings expected to begin momentarily. Watch live @ http://t.co/kngapKTSCe,1,CBCAlerts,ottawashooting,rumour,RCMP news conference on Ottawa shootings expected to begin momentarily. Watch live,12
.@3RDEYEGIRL just left #Toronto fans out in the cold. Reaction: http://t.co/qB1TPDPtho #Prince http://t.co/aUxq4wNPKe,1,JamShowbiz,prince-toronto,rumour,. just left Toronto fans out in the cold. Reaction Prince,11
Reports that two of the dead in the #CharlieHebdo attack are police officers http://t.co/2J4WQdJnTp http://t.co/LiPDxdq1cb,1,TelegraphNews,charliehebdo,rumour,Reports that two of the dead in the CharlieHebdo attack are police officers,13
My timeline is full of Muslims condemning #CharlieHebdo attacks - just like the rest of the world.,0,astroehlein,charliehebdo,not_rumour,My timeline is full of Muslims condemning CharlieHebdo attacks - just like the rest of the world.,17
Today's flight path of #4U9525 is exactly matching yesterday's flight path until the moment when signal was lost http://t.co/eC62SfY9Ga,0,flightradar24,germanwings-crash,not_rumour,Today's flight path of 4U9525 is exactly matching yesterday's flight path until the moment when signal was lost,18
White man with gun *goes* to Target. Black kid without gun *is* the target. #Ferguson,0,tommyxtopher,ferguson,not_rumour,White man with gun goes to Target. Black kid without gun is the target. Ferguson,15
JUST IN: #Ferguson police chief identifies cop who shot Michael Brown as Darren Wilson http://t.co/jeslX6oceR,0,NBCNews,ferguson,not_rumour,JUST IN Ferguson police chief identifies cop who shot Michael Brown as Darren Wilson,14
#CharlieHebdo - Paris media attack kills 4 cartoonists including chief editor. #AFP http://t.co/7aR1fN2hB4,1,AFPphoto,charliehebdo,rumour,CharlieHebdo - Paris media attack kills 4 cartoonists including chief editor. AFP,12
"#4U9525: The age of the A320 (24 years) is not particularly unusual, though it is at the higher end of the curve.",0,thatjohn,germanwings-crash,not_rumour,"4U9525 The age of the A320 24 years is not particularly unusual, though it is at the higher end of the curve.",22
We get reports about an Germanwings A320 crash. Flight 4U9525 was lost from Flightradar24 at 6800 feet near Digne in southern France.,1,flightradar24,germanwings-crash,rumour,We get reports about an Germanwings A320 crash. Flight 4U9525 was lost from Flightradar24 at 6800 feet near Digne in southern France.,22
"UPDATE: 12 now confirmed dead in #CharlieHebdo attack in Paris, @AP is reporting. Story: http://t.co/Jfqmha1GdV (AP) http://t.co/vDCIFHIa9U",1,USATODAY,charliehebdo,rumour,"UPDATE 12 now confirmed dead in CharlieHebdo attack in Paris, is reporting. Story AP",14
"Smoke, gunshots reported at site of standoff with suspects in the attack on Charlie Hebdo  http://t.co/LDp3chB8FY http://t.co/IuAaEnrlXv",0,washingtonpost,charliehebdo,not_rumour,"Smoke, gunshots reported at site of standoff with suspects in the attack on Charlie Hebdo",15
"""I saw a long gun, I heard one shot"" - eye witness to #OttawaShooting at Canadian Parliament http://t.co/509yRD4iCn http://t.co/YmMtvZDLom",1,BBCWorld,ottawashooting,rumour,"""I saw a long gun, I heard one shot"" - eye witness to OttawaShooting at Canadian Parliament",17
150 feared dead in #Germanwings Airbus crash. LIVE coverage: http://t.co/Jk9jZjl7Tp http://t.co/YgcKHyNToQ,0,ReutersLive,germanwings-crash,not_rumour,150 feared dead in Germanwings Airbus crash. LIVE coverage,9
"Globally, cartoonists like @na_dessinateur are paying homage to their peers killed in #CharlieHebdo attack http://t.co/tuyqIzp2gi",0,siobhanheanue,charliehebdo,not_rumour,"Globally, cartoonists like are paying homage to their peers killed in CharlieHebdo attack",13
Deeply shocked to learn about crash of flight #4U9525 in France. Our thoughts and prayers are with the victims &amp; their families @EPPGroup,0,ManfredWeber,germanwings-crash,not_rumour,Deeply shocked to learn about crash of flight 4U9525 in France. Our thoughts and prayers are with the victims amp their families,22
#RespectForMuslims Western #media will never highlight these #Muslims. Plz RT #CharlieHebdo #France #Paris http://t.co/uuFZFawDW4,0,MaherZains,charliehebdo,not_rumour,RespectForMuslims Western media will never highlight these Muslims. Plz RT CharlieHebdo France Paris,13
MORE: Police believe three gunmen were involved in shootings in Ottawa this morning and are looking for two shooters. http://t.co/IHV4galEtC,1,CBSNews,ottawashooting,rumour,MORE Police believe three gunmen were involved in shootings in Ottawa this morning and are looking for two shooters.,19
"In case the world is wondering, this is more what we're used to seeing on Parliament Hill. #OttawaShooting http://t.co/VmxLBm9QVW",0,EricVallillee,ottawashooting,not_rumour,"In case the world is wondering, this is more what we're used to seeing on Parliament Hill. OttawaShooting",18
"Poll shows that #Putin's popularity - amidst rumours of his death - is increasing (now 88 %). I.e Russians like him better DEAD?
#putindead",1,MAjourno,putinmissing,rumour,Poll shows that Putin's popularity - amidst rumours of his death - is increasing now 88 . I.e Russians like him better DEAD? putindead,24
Charlie Hebdo shooting is a ferociously shocking moment with terrible implications for us all:  http://t.co/sIJO1vRp3w Twelve now dead.,1,jonsnowC4,charliehebdo,rumour,Charlie Hebdo shooting is a ferociously shocking moment with terrible implications for us all Twelve now dead.,17
Latest photos from Ottawa's Parliament Hill http://t.co/ibNGJIg2Pg http://t.co/FtEukz6d9x,0,reuterspictures,ottawashooting,not_rumour,Latest photos from Ottawa's Parliament Hill,6
I support #CharlieHebdo and a free press. Please RT these cartoons to show a united and dignified defiance. http://t.co/Mc2aOwSHYA,0,MartinDaubney,charliehebdo,not_rumour,I support CharlieHebdo and a free press. Please RT these cartoons to show a united and dignified defiance.,18
"As #CharlieHebdo attack unfolded, a journalist tweeted while taking shelter on a roof http://t.co/VUnbUrUpws http://t.co/P8E6hJcmHw",1,BBCWorld,charliehebdo,rumour,"As CharlieHebdo attack unfolded, a journalist tweeted while taking shelter on a roof",13
Graphic: Video shows gunmen with automatic rifles during attack on #CharlieHebdo in #Paris: https://t.co/fQXxNsJOWq http://t.co/Y0uxe72R2N,1,Charles_Lister,charliehebdo,rumour,Graphic Video shows gunmen with automatic rifles during attack on CharlieHebdo in Paris,13
"Cop who shot Brown did not know he was a robbery suspect, #Ferguson police chief says http://t.co/9pWsMI9HOj http://t.co/urxcAQk7Uy",1,NBCNews,ferguson,rumour,"Cop who shot Brown did not know he was a robbery suspect, Ferguson police chief says",16
Vision now confirms #sydneysiege perpetrator is using young woman as a shield as he paces around in view of windows &amp; police outside.,1,Lisa_Wilkinson,sydneysiege,rumour,Vision now confirms sydneysiege perpetrator is using young woman as a shield as he paces around in view of windows amp police outside.,23
Thinking about everyone in Ottawa right now. Please be careful and stay safe until the situation is under control.,0,CoreyTaylorRock,ottawashooting,not_rumour,Thinking about everyone in Ottawa right now. Please be careful and stay safe until the situation is under control.,19
#Ferguson Police Chief says #MikeBrown was stopped because he was walking in road NOT because he was suspected of stealing cigars.,1,CheathamKMOV,ferguson,rumour,Ferguson Police Chief says MikeBrown was stopped because he was walking in road NOT because he was suspected of stealing cigars.,21
"Cpl. Nathan #Cirillo, the soldier shot dead today in #Ottawa. RIP sir and thank you for your service. #OttawaShooting http://t.co/jpXLr5ONOa",1,Crackmacs,ottawashooting,rumour,"Cpl. Nathan Cirillo, the soldier shot dead today in Ottawa. RIP sir and thank you for your service. OttawaShooting",19
Fear and relief as these two hostages escape #sydneysiege - LIVE: http://t.co/1SVkbgZqXC http://t.co/hdXmf3uu8D,1,BBCNewsAus,sydneysiege,rumour,Fear and relief as these two hostages escape sydneysiege - LIVE,11
Canadian police warn people in Ottawa to stay away from windows and roofs due to ongoing shooter incident - @CTVNews http://t.co/aF9HyT9BgX,0,BreakingNews,ottawashooting,not_rumour,Canadian police warn people in Ottawa to stay away from windows and roofs due to ongoing shooter incident -,19
AC Milan midfielder Michael Essien has been diagnosed with Ebola. Get well soon Michael. [Daily Times] http://t.co/swnPfExdFx,1,TransferRelated,ebola-essien,rumour,AC Milan midfielder Michael Essien has been diagnosed with Ebola. Get well soon Michael. Daily Times,16
Wait wasn't Michael Brown stopped because of a routine patrol? Police can't even keep their stories straight. #Ferguson @OpFerguson,1,Bretagne,ferguson,rumour,Wait wasn't Michael Brown stopped because of a routine patrol? Police can't even keep their stories straight. Ferguson,18
Is Prince doing surprise show in Toronto?  http://t.co/oWCOa2YVv9 #hotticket,1,barnardfilm,prince-toronto,rumour,Is Prince doing surprise show in Toronto? hotticket,8
"BREAKING: At least 20 shots have been fired in the Canadian parliament in Ottawa, according to witnesses.",1,JFXM,ottawashooting,rumour,"BREAKING At least 20 shots have been fired in the Canadian parliament in Ottawa, according to witnesses.",17
"The whistleblower said they would often have ""Black day"" or ""tan day"" to just arrest Black or Brown people by the #StLouis PD. #Ferguson",0,drgoddess,ferguson,not_rumour,"The whistleblower said they would often have ""Black day"" or ""tan day"" to just arrest Black or Brown people by the StLouis PD. Ferguson",24
"Reports that the Jewish community in #France going in to lockdown. Shops, synagogues, schools etc. #ParisShooting #CharlieHebdo",1,AnshelPfeffer,charliehebdo,rumour,"Reports that the Jewish community in France going in to lockdown. Shops, synagogues, schools etc. ParisShooting CharlieHebdo",17
"""100 lashes if you don't die of laughter."" Eleven people killed over this. #Paris #CharlieHebdo http://t.co/87cB3mWVAQ",0,ninaburleigh,charliehebdo,not_rumour,"""100 lashes if you don't die of laughter."" Eleven people killed over this. Paris CharlieHebdo",15
"RT @Yair_Rosenberg: Um, the International Business Times is running a piece blaming #CharlieHebdo attack on Israel
http://t.co/2ndLXiupSP h…",0,SchoolChildhood,charliehebdo,not_rumour,"Um, the International Business Times is running a piece blaming CharlieHebdo attack on Israel h",15
Hold on while Chief Jackson sprinkles a little crack on that Mike Brown crime scene ... #Ferguson,1,ThroatChopU,ferguson,rumour,Hold on while Chief Jackson sprinkles a little crack on that Mike Brown crime scene ... Ferguson,17
Stand down of riot cops in #Ferguson sends a powerful message - de-militarize police departments across America NOW. #HandsUpDontShoot,0,PrisonPlanet,ferguson,not_rumour,Stand down of riot cops in Ferguson sends a powerful message - de-militarize police departments across America NOW. HandsUpDontShoot,19
Chief Jackson: officer Darren Wilson stopped #MikeBrown initially because he was in the street and blocking traffic. #Ferguson,1,tjholmes,ferguson,rumour,Chief Jackson officer Darren Wilson stopped MikeBrown initially because he was in the street and blocking traffic. Ferguson,18
We're deeply shocked and saddened by the despicable violence in Paris today. Freedom of expression is fundamental. #JeSuisCharlie,0,Shakespeare_Co,charliehebdo,not_rumour,We're deeply shocked and saddened by the despicable violence in Paris today. Freedom of expression is fundamental. JeSuisCharlie,18
"Muslims pray for the Friday prayer next to a sign reading #JeSuisCharlie in Saint-Etienne,France. By @JpKphotographer http://t.co/irukD1LedH",0,StephaneArnaud_,charliehebdo,not_rumour,"Muslims pray for the Friday prayer next to a sign reading JeSuisCharlie in Saint-Etienne,France. By",15
BREAKING: Gunfire reported in French town as police hunt suspects in #CharlieHebdo attack | More soon at: http://t.co/SIQeukZutl,1,AJEnglish,charliehebdo,rumour,BREAKING Gunfire reported in French town as police hunt suspects in CharlieHebdo attack More soon at,16
"CityNews airing 4 newscasts dedicated to #Ottawashooting. 5-7pm, 8-9pm &amp; 11pm ET
WATCH LIVE: http://t.co/SJrTDWJFhl http://t.co/SuOksfRGqx",0,CityNews,ottawashooting,not_rumour,"CityNews airing 4 newscasts dedicated to Ottawashooting. 5-7pm, 8-9pm amp 11pm ET WATCH LIVE",14
"PHOTOS:: #Ferguson, Missouri, looks like a war zone http://t.co/N7lfddXd5d http://t.co/hmPP9z4dGd",0,Newsweek,ferguson,not_rumour,"PHOTOS Ferguson, Missouri, looks like a war zone",8
Several attacks against mosques in France after Paris shooting: reports,0,ndtv,charliehebdo,not_rumour,Several attacks against mosques in France after Paris shooting reports,10
Gunmen reportedly asked for victims by NAME before shooting them #CharlieHebdo. Live updates: http://t.co/w2A2CcyPkN http://t.co/150t62a5IN,1,DailyMirror,charliehebdo,rumour,Gunmen reportedly asked for victims by NAME before shooting them CharlieHebdo. Live updates,13
Swiss Museum Will Accept Gurlitt Art Trove - ABC News http://t.co/tJm9ldHr95 #Entertainment,1,greensboro_nc,gurlitt,rumour,Swiss Museum Will Accept Gurlitt Art Trove - ABC News Entertainment,11
"Ottawa Hospital has received 3 patients, 2 of whom are in stable condition. Won't give update on soldier, deferring to DND. #cbcOTT #OTTnews",1,CBCOttawa,ottawashooting,rumour,"Ottawa Hospital has received 3 patients, 2 of whom are in stable condition. Won't give update on soldier, deferring to DND. cbcOTT OTTnews",23
Several people being held hostage at a Sydney cafe. Australian tv showing people with  hands up against a window: http://t.co/AD2PR4OPFq,1,BBCWorld,sydneysiege,rumour,Several people being held hostage at a Sydney cafe. Australian tv showing people with hands up against a window,19
#BREAKING: Ottawa police confirm there were at least three separate shootings,1,CTVNews,ottawashooting,rumour,BREAKING Ottawa police confirm there were at least three separate shootings,11
These hostages' faces say so much http://t.co/FkqkWrumfZ #sydneysiege http://t.co/alk2z0Lsgj,1,theheraldsun,sydneysiege,rumour,These hostages' faces say so much sydneysiege,7
Thoughts and prayers out to #Ottawa and all affected today.,0,Cudlitz,ottawashooting,not_rumour,Thoughts and prayers out to Ottawa and all affected today.,10
What we do and don't know about the standoff with the Charlie Hebdo attack suspects http://t.co/JzHXO8cAxV http://t.co/hpjA5U77Ce,0,nytimes,charliehebdo,not_rumour,What we do and don't know about the standoff with the Charlie Hebdo attack suspects,15
"BBC reporter noting that Charlie Hebdo also mocks Christians, Jews and atheists. Oddly, though, those groups don't seem to bomb them.",0,JazzShaw,charliehebdo,not_rumour,"BBC reporter noting that Charlie Hebdo also mocks Christians, Jews and atheists. Oddly, though, those groups don't seem to bomb them.",21
French Interior Minister says operation under way to detain 2 #CharlieHebdo suspects http://t.co/2pHnT9UofV,1,BBCBreaking,charliehebdo,rumour,French Interior Minister says operation under way to detain 2 CharlieHebdo suspects,12
BREAKING: Lawyer says that Brown's friend confirms that he did take the cigarillos (via. MSNBC) http://t.co/G6wckF1hVm #Ferguson,1,TheAnonMessage2,ferguson,rumour,BREAKING Lawyer says that Brown's friend confirms that he did take the cigarillos via. MSNBC Ferguson,16
"Michael Brown was due to begin classes at Vatterott College tomorrow.

His mother mourns his loss:

#Ferguson http://t.co/YMSK7Skp9y",0,TheObamaDiary,ferguson,not_rumour,Michael Brown was due to begin classes at Vatterott College tomorrow. His mother mourns his loss Ferguson,17
Major landmarks in Sydney evacuated as police respond to hostage situation at café in city's Martin Place - @BBCNews http://t.co/iOwVqexN9m,1,BreakingNews,sydneysiege,rumour,Major landmarks in Sydney evacuated as police respond to hostage situation at caf in city's Martin Place -,18
PM Netanyahu spoke with Canadian PM Harper and conveyed the condolences of the Israeli people in wake of the terrorist attack in Ottawa.,0,IsraeliPM,ottawashooting,not_rumour,PM Netanyahu spoke with Canadian PM Harper and conveyed the condolences of the Israeli people in wake of the terrorist attack in Ottawa.,23
"Stauffenberg meant well, but killing Hitler in July 1944 would have left Germany @ war, under control of Generals &amp; NSDAP types. #PutinDead",0,20committee,putinmissing,not_rumour,"Stauffenberg meant well, but killing Hitler in July 1944 would have left Germany war, under control of Generals amp NSDAP types. PutinDead",22
BREAKING: Sydney cafe siege: at least five more hostages have either escaped or been released live http://t.co/IHT3o6tvtR,1,guardian,sydneysiege,rumour,BREAKING Sydney cafe siege at least five more hostages have either escaped or been released live,16
#UPDATE Three men including two brothers identified in France newspaper attack: source http://t.co/5NoNuqJSu1 #JeSuisCharlie #CharlieHebdo,1,AFP,charliehebdo,rumour,UPDATE Three men including two brothers identified in France newspaper attack source JeSuisCharlie CharlieHebdo,14
Co-pilot was a fresh convert- http://t.co/paAKWfHdg3,1,USAlivestrong,germanwings-crash,rumour,Co-pilot was a fresh convert-,5
"Mike Brown was staying with his grandmother for the summer, who lived in the community. #Ferguson",1,MichaelSkolnik,ferguson,rumour,"Mike Brown was staying with his grandmother for the summer, who lived in the community. Ferguson",16
#BREAKING: Trocadero square in Paris is evacuated. Unconfirmed reports of a gunman there http://t.co/XWREHWQuxs,1,yurybarmin,charliehebdo,rumour,BREAKING Trocadero square in Paris is evacuated. Unconfirmed reports of a gunman there,13
Shooting in Canadian parliament comes day after ISIS-inspired radical drove in2 Canadian soldier. Also reports of shooting at War memorial/1,1,rcallimachi,ottawashooting,rumour,Shooting in Canadian parliament comes day after ISIS-inspired radical drove in2 Canadian soldier. Also reports of shooting at War memorial 1,21
Sky News Australia: a sixth hostage has escaped from the Lindt cafe in Sydney #sydneysiege,1,SkyNewsBreak,sydneysiege,rumour,Sky News Australia a sixth hostage has escaped from the Lindt cafe in Sydney sydneysiege,15
"2 dead, 3 in serious condition after the #SydneySiege, Australia's ABC reports
http://t.co/Y62bZ2YYa5",1,cnnbrk,sydneysiege,rumour,"2 dead, 3 in serious condition after the SydneySiege, Australia's ABC reports",12
Brutal treatment of black ppl isn’t indeed the only anti-human rights act by US govt;look at US’s green light to #Israel’s crimes. #Ferguson,0,khamenei_ir,ferguson,not_rumour,Brutal treatment of black ppl isnt indeed the only anti-human rights act by US govt look at USs green light to Israels crimes. Ferguson,24
"The #Ferguson police dept didn't say ""murdered"" of course. Cops never ""murder"" people. Black people just ""are shot"" in proximity of cops",0,mollycrabapple,ferguson,not_rumour,"The Ferguson police dept didn't say ""murdered"" of course. Cops never ""murder"" people. Black people just ""are shot"" in proximity of cops",22
"Everybody wants to  march in maudlin Princess Di-style candlelight vigils with ""Je Suis Charlie"" signs, nobody wants to be Charlie Hebdo.",0,iowahawkblog,charliehebdo,not_rumour,"Everybody wants to march in maudlin Princess Di-style candlelight vigils with ""Je Suis Charlie"" signs, nobody wants to be Charlie Hebdo.",21
"Canada's Parliament Hill is on lockdown as police hunt shooting suspect; at least 1 injured - @CBCNews, @TorontoStar http://t.co/aF9HyT9BgX",1,BreakingNews,ottawashooting,rumour,"Canada's Parliament Hill is on lockdown as police hunt shooting suspect at least 1 injured - ,",17
"RT @martydownunder: If the black flag seems familiar, it's because it was also flying during Gaza protests in Sydney http://t.co/grOVcRJLes",0,OrenKessler,sydneysiege,not_rumour,"If the black flag seems familiar, it's because it was also flying during Gaza protests in Sydney",17
"They wanted to bring France to her knees, instead they made her stand up"" by @dijibe #JeSuisCharlie http://t.co/q7SU4Gls1n",0,CreateLex,charliehebdo,not_rumour,"They wanted to bring France to her knees, instead they made her stand up"" by JeSuisCharlie",16
St. Louis Co Police tell me ofcr shot a man who pointed handgun at him at Chambers &amp; Sheffingdell at about 1 a.m. Man in critical. #ferguson,1,valeriehahn,ferguson,rumour,St. Louis Co Police tell me ofcr shot a man who pointed handgun at him at Chambers amp Sheffingdell at about 1 a.m. Man in critical. ferguson,27
"Occupation is a CRIME,from #Ferguson to #Palestine!AntiWar Committee Chicago #StandWithFerguson #MikeBrown @AntiWarMN http://t.co/L64XNjeupc",0,MateCosido,ferguson,not_rumour,"Occupation is a CRIME,from Ferguson to Palestine!AntiWar Committee Chicago StandWithFerguson MikeBrown",11
In 2012 the Syrian Presidents warned western governments not to back terrorism in #Syria http://t.co/ODuc7rvFNV #CharlieHebdo #ParisShooting,0,Partisangirl,charliehebdo,not_rumour,In 2012 the Syrian Presidents warned western governments not to back terrorism in Syria CharlieHebdo ParisShooting,16
"Authorities have not yet had direct contact with the hostage taker at a Sydney café, official says. http://t.co/02SVSxOrFt",1,cnnbrk,sydneysiege,rumour,"Authorities have not yet had direct contact with the hostage taker at a Sydney caf, official says.",17
"You're not Charlie Hebdo unless you are prepared to retweet its most ""offensive"" cartoons  #iamcharlie http://t.co/fbyn2UEcn0",0,Holbornlolz,charliehebdo,not_rumour,"You're not Charlie Hebdo unless you are prepared to retweet its most ""offensive"" cartoons iamcharlie",15
"Pray for everyone in Paris, what happened today is truly sad, I think we lost peace forever. #JeSuisCharlie #CharlieHebdo",0,badpostmodels,charliehebdo,not_rumour,"Pray for everyone in Paris, what happened today is truly sad, I think we lost peace forever. JeSuisCharlie CharlieHebdo",19
France’s La chaine méteo weather site says weather “calm” in area of #4U9525 crash http://t.co/xZViemijJd http://t.co/BbvToAEEoD,0,thatjohn,germanwings-crash,not_rumour,Frances La chaine mteo weather site says weather calm in area of 4U9525 crash,14
BREAKING: Car chase under way in Paris as officers pursue #CharlieHebdo suspects down motorway http://t.co/f30TSVt1yN http://t.co/1ShVASm5ym,1,Independent,charliehebdo,rumour,BREAKING Car chase under way in Paris as officers pursue CharlieHebdo suspects down motorway,14
#CharlieHebdo -  11 dead including 2 police in Paris shooting. Photo @MartinBureau1 #AFP http://t.co/aksGP63MB7,1,AFPphoto,charliehebdo,rumour,CharlieHebdo - 11 dead including 2 police in Paris shooting. Photo AFP,12
"Ferguson, Mo., is 67% black, but black citizens account for 86% of police stops, 92% of searches and 93% of arrests #MikeBrown #Ferguson",0,ndiblasio,ferguson,not_rumour,"Ferguson, Mo., is 67 black, but black citizens account for 86 of police stops, 92 of searches and 93 of arrests MikeBrown Ferguson",23
Police have brought out the large gear in #Ferguson. http://t.co/2gxUzOvwfy,0,AntonioFrench,ferguson,not_rumour,Police have brought out the large gear in Ferguson.,9
Armed Person Takes Hostages At Paris-Area Deli; Police Surround Charlie Hebdo Terrorists http://t.co/K61LgA3Tjc http://t.co/SdQNm8maMD,0,BuzzFeedNews,charliehebdo,not_rumour,Armed Person Takes Hostages At Paris-Area Deli Police Surround Charlie Hebdo Terrorists,12
"#BREAKINGNEWS: Update - One person shot at War Memorial in Ottawa, police say http://t.co/chbTWxVN0q http://t.co/twKD3QCyTt",0,TorontoStar,ottawashooting,not_rumour,"BREAKINGNEWS Update - One person shot at War Memorial in Ottawa, police say",13
"In this difficult time, People of Iran and their resistance movement stand by people of France and bereaved families #CharlieHebdo #Paris",0,Maryam_Rajavi,charliehebdo,not_rumour,"In this difficult time, People of Iran and their resistance movement stand by people of France and bereaved families CharlieHebdo Paris",21
"Lineup forms outside Massey Hall amid rumours of surprise Prince show
http://t.co/J3f8kJpnqF http://t.co/LDAp5zTixz",1,CP24,prince-toronto,rumour,Lineup forms outside Massey Hall amid rumours of surprise Prince show,11
JUST IN: US Embassy in Ottawa on lockdown following shooting incidents at and near Canadian Parliament - @WilliamsJon,0,ABC,ottawashooting,not_rumour,JUST IN US Embassy in Ottawa on lockdown following shooting incidents at and near Canadian Parliament -,17
Map shows Martin Place in Sydney where hostages are being held in a cafe @AFP http://t.co/WQ2vzn1mTU,1,AFP,sydneysiege,rumour,Map shows Martin Place in Sydney where hostages are being held in a cafe,14
So in 5mins mike brown shaved his head and changed his scandals to shoes. I think your being lied too #Ferguson http://t.co/GSaYdYUhJr,1,rkn429,ferguson,rumour,So in 5mins mike brown shaved his head and changed his scandals to shoes. I think your being lied too Ferguson,21
"If Michael Brown had shot and killed a #Ferguson police officer, would his identity be kept secret for his &amp; his family's safety?",0,RealMattKane,ferguson,not_rumour,"If Michael Brown had shot and killed a Ferguson police officer, would his identity be kept secret for his amp his family's safety?",23
"According to AFP ""a number"" of hostages have been freed after police raided supermarket / Hostage in #Dammartin free http://t.co/LdSF5QeCiv",1,FRANCE24,charliehebdo,rumour,"According to AFP ""a number"" of hostages have been freed after police raided supermarket Hostage in Dammartin free",18
"More Charlie Hebdo covers, including ""the life of Mohamed"". These are people willing to kill over a cartoon. http://t.co/VAEnDpBYSu",0,thejohnsimpson,charliehebdo,not_rumour,"More Charlie Hebdo covers, including ""the life of Mohamed"". These are people willing to kill over a cartoon.",18
"I can only draw using my mouth, I did my best.

The pencil is stronger than the gun. #JeSuisCharlie http://t.co/AS6IGtJYum",0,henryfraser0,charliehebdo,not_rumour,"I can only draw using my mouth, I did my best. The pencil is stronger than the gun. JeSuisCharlie",19
Police outside the Lindt cafe in Martin Place. Photo by Fairfax photographer Daniel Munoz. #SydneySiege http://t.co/2bmB5jRqjI,0,smh,sydneysiege,not_rumour,Police outside the Lindt cafe in Martin Place. Photo by Fairfax photographer Daniel Munoz. SydneySiege,15
I hope everyone is okay in Sydney and nothing bad happens from this hostage situation,0,MarcusButler,sydneysiege,not_rumour,I hope everyone is okay in Sydney and nothing bad happens from this hostage situation,15
Prince Playing Surprise Show in Toronto Tonight? Are you lined up at Masey Hall? http://t.co/lgrARMzl2R http://t.co/mibqQc7vUv,1,slamminmusic,prince-toronto,rumour,Prince Playing Surprise Show in Toronto Tonight? Are you lined up at Masey Hall?,14
A silent vigil was held in London last night for the victims of the Charlie Hebdo shooting  http://t.co/DFl1SyXhCU http://t.co/D0rLz4LIHX,0,Independent,charliehebdo,not_rumour,A silent vigil was held in London last night for the victims of the Charlie Hebdo shooting,17
"Ottawa police now say there are 3 shootings in Ottawa:  Parliament, War Memorial and Rideau Centre Mall http://t.co/s0bE3BaNn7",1,globalnewsto,ottawashooting,rumour,"Ottawa police now say there are 3 shootings in Ottawa Parliament, War Memorial and Rideau Centre Mall",17
Overkill in #Ferguson. Officer won't answer my question about why this is needed. http://t.co/iSPsP1Rxa1,0,ryanjreilly,ferguson,not_rumour,Overkill in Ferguson. Officer won't answer my question about why this is needed.,13
Stay with us for LIVE coverage on the active shooting at Canadian parliament: http://t.co/vglAGcuBQZ http://t.co/cI7IXtJc82,1,ReutersLive,ottawashooting,rumour,Stay with us for LIVE coverage on the active shooting at Canadian parliament,13
All Ottawa police stations are closed. University of Ottawa in lockdown. Campus closed.,1,ClaudiaCTV,ottawashooting,rumour,All Ottawa police stations are closed. University of Ottawa in lockdown. Campus closed.,13
PM Tony Abbott has just provided an update on #SydneySiege. Here's the transcript: http://t.co/AxXP3md4KT,0,_AdamTodd,sydneysiege,not_rumour,PM Tony Abbott has just provided an update on SydneySiege. Here's the transcript,13
"New York, London, Paris, Bali, Madrid... These attacks &amp; many, many more brought 2 you courtesy of Muslim terrorists. http://t.co/QzHXkCKUZz",0,BradThor,charliehebdo,not_rumour,"New York, London, Paris, Bali, Madrid... These attacks amp many, many more brought 2 you courtesy of Muslim terrorists.",19
"If the #Germanwings copilot #Lubitz was Muslim,it wud hv been a classic terrorism case.But hes not brown,so clearly it a mental heath issue!",1,ImHaytham,germanwings-crash,rumour,"If the Germanwings copilot Lubitz was Muslim,it wud hv been a classic terrorism case.But hes not brown,so clearly it a mental heath issue!",23
CANADIAN OFFICIALS NOW CALLING TODAY'S PARLIAMENT SHOOTING A TERRORIST ATTACK - http://t.co/5VYMWGWyx3 http://t.co/jQn39E7hTA,1,Breaking911,ottawashooting,rumour,CANADIAN OFFICIALS NOW CALLING TODAY'S PARLIAMENT SHOOTING A TERRORIST ATTACK -,11
[Episode] 'War of Hormone' MV &amp; Photo shooting: http://t.co/1kbw2G0n8N,0,BTS_facts,ottawashooting,not_rumour,Episode 'War of Hormone' MV amp Photo shooting,8
FM #Steinmeier on #CharlieHebdo attack: Abominable act of terror against the free+critical press is an outright assault on European values.,0,GermanyDiplo,charliehebdo,not_rumour,FM Steinmeier on CharlieHebdo attack Abominable act of terror against the free critical press is an outright assault on European values.,21
"Prince not performing tonight, Live Nation says
STORY: http://t.co/GibJDqhHBA #PrinceTO #Toronto",1,680News,prince-toronto,rumour,"Prince not performing tonight, Live Nation says STORY PrinceTO Toronto",10
"We can never allow the barbaric savagery of islamic extremism to defeat our right to free speech. 
#CharlieHebdo http://t.co/YmQqlYNbnx",0,RitaPanahi,charliehebdo,not_rumour,We can never allow the barbaric savagery of islamic extremism to defeat our right to free speech. CharlieHebdo,18
Thoughts are with you Sydney 😔,0,DeanSherwood,sydneysiege,not_rumour,Thoughts are with you Sydney,5
"BREAKING: Shots fired, hostages taken in manhunt for #CharlieHebdo attackers, police say http://t.co/omBy6Wsgb7 http://t.co/ZbszAHyIzJ",1,NBCNews,charliehebdo,rumour,"BREAKING Shots fired, hostages taken in manhunt for CharlieHebdo attackers, police say",12
"#CharlieHebdo editor-in-chief Stephane Charbonnier, known as ""Charb"", &amp; 3 other cartoonists killed - judicial sources http://t.co/R6fzwhMB6l",1,BBCBreaking,charliehebdo,rumour,"CharlieHebdo editor-in-chief Stephane Charbonnier, known as ""Charb"", amp 3 other cartoonists killed - judicial sources",15
Special forces (#GIGN) storm building in #Dammartin where #CharlieHebdo suspects holed up http://t.co/LdSF5QeCiv http://t.co/9KZ9GM5yJz,0,FRANCE24,charliehebdo,not_rumour,Special forces GIGN storm building in Dammartin where CharlieHebdo suspects holed up,12
The right 2 draw Muhammad without being shot is as precious to many of us as Muhammad is to the #CharlieHebdo killers http://t.co/QeDw4tRoK9,0,holland_tom,charliehebdo,not_rumour,The right 2 draw Muhammad without being shot is as precious to many of us as Muhammad is to the CharlieHebdo killers,22
A shocking number of attacks against French Muslims and mosques days after the #CharlieHebdo massacre: http://t.co/0DokPJ98EB,0,steveplrose,charliehebdo,not_rumour,A shocking number of attacks against French Muslims and mosques days after the CharlieHebdo massacre,15
"CRISIS IN FRANCE
- Massacre suspects take hostage at business near Paris
- Policewoman-killer takes hostages at supermarket in east Paris",1,PzFeed,charliehebdo,rumour,CRISIS IN FRANCE - Massacre suspects take hostage at business near Paris - Policewoman-killer takes hostages at supermarket in east Paris,21
#CharlieHebdo gunmen fled in stolen car after 'mass shoot-out' with police officers http://t.co/eocvQn42Hg http://t.co/545ooj5xMM,1,MailOnline,charliehebdo,rumour,CharlieHebdo gunmen fled in stolen car after 'mass shoot-out' with police officers,12
"Such powerful images of hostages escaping, those poor women. And the fear for those still trapped inside #Sydneysiege http://t.co/TeEnRk6JTi",1,tomsteinfort,sydneysiege,rumour,"Such powerful images of hostages escaping, those poor women. And the fear for those still trapped inside Sydneysiege",18
A crowd gathered in Toulouse for the national moment of silence for the #CharlieHebdo victims http://t.co/2AcfAIiVMR http://t.co/QrMRIxpA5N,0,nytimesworld,charliehebdo,not_rumour,A crowd gathered in Toulouse for the national moment of silence for the CharlieHebdo victims,15
BREAKING GERMAN NEWS: Germanwings Airbus Co-Pilot Was MUSLIM CONVERT http://t.co/oRtt0ab4YA via @gatewaypundit,1,SonofLiberty357,germanwings-crash,rumour,BREAKING GERMAN NEWS Germanwings Airbus Co-Pilot Was MUSLIM CONVERT via,10
Rumour that Prince (@3RDEYEGIRL) will be performing a surprise show at Toronto's Massey Hall (@SoundboardTO) tonight: http://t.co/lnJmCVH3jT,1,exclaimdotca,prince-toronto,rumour,Rumour that Prince will be performing a surprise show at Toronto's Massey Hall tonight,14
BREAKING: the most terrible news of the day so far: soldier has died of his injuries #OttawaShooting @ctvnews @ctvottawa,1,grahamctv,ottawashooting,rumour,BREAKING the most terrible news of the day so far soldier has died of his injuries OttawaShooting,17
#Gurlitt's art collection is going to a Bern museum. Here's a look back at how it came to that http://t.co/7qoJQRTZlF http://t.co/t37tgc2pP0,1,dw_culture,gurlitt,rumour,Gurlitt's art collection is going to a Bern museum. Here's a look back at how it came to that,19
You know if we manage to turn the #SydneySiege into a positive force of community this man will have achieved the opposite of his intentions,0,JB_AU,sydneysiege,not_rumour,You know if we manage to turn the SydneySiege into a positive force of community this man will have achieved the opposite of his intentions,25
Two women have emerged from the Lindt cafe in #Sydney. Five hostages are now out #sydneysiege http://t.co/4MUc9ivwbK http://t.co/oVrob5DLD3,1,abcnews,sydneysiege,rumour,Two women have emerged from the Lindt cafe in Sydney. Five hostages are now out sydneysiege,16
The #sydneysiege just entered its 14th hour. Love &amp; prayers to the hostages and their families. Stay Strong.,0,melissadoyle,sydneysiege,not_rumour,The sydneysiege just entered its 14th hour. Love amp prayers to the hostages and their families. Stay Strong.,18
BREAKING: Police say the hostage situation in Sydney is over: http://t.co/pFI0hfrn0j #sydneysiege http://t.co/SMAlQQgCtH,0,vicenews,sydneysiege,not_rumour,BREAKING Police say the hostage situation in Sydney is over sydneysiege,11
#BREAKING: Police confirm that #SydneySiege is over. A bomb robot is to enter the front door of the care shortly.,1,AusNewsNetwork,sydneysiege,rumour,BREAKING Police confirm that SydneySiege is over. A bomb robot is to enter the front door of the care shortly.,20
"""I do not agree with what you have to say, but I'll defend to the death your right to say it."" -Voltaire #FreeSpeech  #JeSuisCharlie",0,AnthonyMKreis,charliehebdo,not_rumour,"""I do not agree with what you have to say, but I'll defend to the death your right to say it."" -Voltaire FreeSpeech JeSuisCharlie",24
"#Sydneysiege latest: Gunman reportedly demands ISIS flag, contact with Australian PM http://t.co/7p9QLG6mn4",1,FoxNews,sydneysiege,rumour,"Sydneysiege latest Gunman reportedly demands ISIS flag, contact with Australian PM",11
UPDATE: The latest footage from Sydney #siege shows a man holding a female hostage as a human shield. #9News http://t.co/HlvsOlSjmn,1,9NewsSyd,sydneysiege,rumour,UPDATE The latest footage from Sydney siege shows a man holding a female hostage as a human shield. 9News,19
Here are some short profiles of the four cartoonists who were killed yesterday at Charlie Hebdo: http://t.co/q0cPbnxtBz,0,ravisomaiya,charliehebdo,not_rumour,Here are some short profiles of the four cartoonists who were killed yesterday at Charlie Hebdo,16
"Hostages being held in Sydney, Australia cafe http://t.co/T0Q6h4lXTI http://t.co/wyDBmMzs0N",1,CBCNews,sydneysiege,rumour,"Hostages being held in Sydney, Australia cafe",7
"Praying for #Sydney. These crazies have no idea what Islam is, yet have the hubris to “act in the name of” it. Despicable.",0,AbdelRahmanM,sydneysiege,not_rumour,"Praying for Sydney. These crazies have no idea what Islam is, yet have the hubris to act in the name of it. Despicable.",23
"Charlie Hebdo journalist Wandrille Lanos tells France 2 that men with kalashnikovs entered the office, calls it a ""scene of carnage.""",1,RachelDonadio,charliehebdo,rumour,"Charlie Hebdo journalist Wandrille Lanos tells France 2 that men with kalashnikovs entered the office, calls it a ""scene of carnage.""",21
Snipers set up on National Art Gallery as we remain barricaded in Centre Block on Parliament Hill #cdnpoli. http://t.co/lWKaxLI9jO,1,dmatthewmillar,ottawashooting,rumour,Snipers set up on National Art Gallery as we remain barricaded in Centre Block on Parliament Hill cdnpoli.,18
Is #Prince Playing A Surprise Show At Massey Hall Tonight? #Toronto. It certainly looks like it. http://t.co/5Of7boRp8t,1,Q107Toronto,prince-toronto,rumour,Is Prince Playing A Surprise Show At Massey Hall Tonight? Toronto. It certainly looks like it.,16
Hundreds of people still waiting in line for the event formerly known as Prince concert at Massey Hall #cbcto http://t.co/XJbCmPNIh9,1,trevorjdunn,prince-toronto,rumour,Hundreds of people still waiting in line for the event formerly known as Prince concert at Massey Hall cbcto,19
BREAKING: Gunmen in #CharlieHebdo massacre reportedly killed: http://t.co/pOJLo4rJps http://t.co/XN0zMd5kaO,0,vicenews,charliehebdo,not_rumour,BREAKING Gunmen in CharlieHebdo massacre reportedly killed,7
Confirmed: this is irrelevant. RT @ksdknews: Confirmed: #MikeBrown had no criminal record. http://t.co/hq8ng0PY67 #Ferguson,0,nealcarter,ferguson,not_rumour,Confirmed this is irrelevant. RT Confirmed MikeBrown had no criminal record. Ferguson,12
"Editor Stephane Charbonnier, 4 cartoonists reported killed in #CharlieHebdo attack (AP photo): http://t.co/qTB7uIurjN http://t.co/GjglEVLmLF",0,USATODAY,charliehebdo,not_rumour,"Editor Stephane Charbonnier, 4 cartoonists reported killed in CharlieHebdo attack AP photo",12
"Update: Latest Images of the rescue operation of #4U9525. 
(Pic via: Cédric C./ActuSecours)  http://t.co/ezktB3SXaA - @PollyR_Aviation",0,airlivenet,germanwings-crash,not_rumour,Update Latest Images of the rescue operation of 4U9525. Pic via Cdric C. ActuSecours -,15
"Police have surrounded the area where the #CharlieHebdo attack suspects are believed to be: http://t.co/3tGXEIX4F2
https://t.co/aBSezf2QWS",1,CNN,charliehebdo,rumour,Police have surrounded the area where the CharlieHebdo attack suspects are believed to be,14
"Flight #4U9525 was descending with a rate of about 3000-4000 feet per minute, which is quite standard for an airport approach.",1,flightradar24,germanwings-crash,rumour,"Flight 4U9525 was descending with a rate of about 3000-4000 feet per minute, which is quite standard for an airport approach.",21
American Justice?! #MikeBrown #FergusonShooting #Ferguson #PoliceBrutality ##JusticeForMikeBrown http://t.co/jgIwMophkl,1,Astorix23,ferguson,rumour,American Justice?! MikeBrown FergusonShooting Ferguson PoliceBrutality JusticeForMikeBrown,7
"BREAKING: CNN: Sydney police storm cafe. 2 confirmed dead. Syndey gunman is ""Muslim cleric."" http://t.co/FBnfHqKkeP http://t.co/74z4Mp9WAV",1,AnneBayefsky,sydneysiege,rumour,"BREAKING CNN Sydney police storm cafe. 2 confirmed dead. Syndey gunman is ""Muslim cleric.""",14
"The presence of police dogs in #Ferguson is, at the very least, culturally and historically insensitive.",0,AntonioFrench,ferguson,not_rumour,"The presence of police dogs in Ferguson is, at the very least, culturally and historically insensitive.",16
".@ctvottawa confirms there were 3 separate shootings. One on Parliament Hill, one at National War Memorial, one at Rideau Centre",1,CFRAOttawa,ottawashooting,rumour,". confirms there were 3 separate shootings. One on Parliament Hill, one at National War Memorial, one at Rideau Centre",20
"A gutless prick with a gun is trying to provoke the worst in us. Instead, he's inspired the best in us. I love you, Sydney. #illridewithyou",0,AlexBrown77,sydneysiege,not_rumour,"A gutless prick with a gun is trying to provoke the worst in us. Instead, he's inspired the best in us. I love you, Sydney. illridewithyou",26
BREAKING: Police search northern France gas station local media says was allegedly robbed by #CharlieHebdo suspects. http://t.co/BTqdPhZdL9,1,cnni,charliehebdo,rumour,BREAKING Police search northern France gas station local media says was allegedly robbed by CharlieHebdo suspects.,16
"JUST IN: Flag in #Sydney cafe window confirmed to be that of Jabah Al-Nusra, says Islamic terror expert on 7 News http://t.co/TfvTC6DvMt",1,STcom,sydneysiege,rumour,"JUST IN Flag in Sydney cafe window confirmed to be that of Jabah Al-Nusra, says Islamic terror expert on 7 News",21
Fact check: Muslim leaders ARE condemning the Charlie Hebdo terror attack--even though they shouldn't have to: http://t.co/GZGRiR7ojX,0,mmfa,charliehebdo,not_rumour,Fact check Muslim leaders ARE condemning the Charlie Hebdo terror attack--even though they shouldn't have to,16
"Today's events in one video:
http://t.co/jMcAQI1ci9
#ferguson #justiceformikebrown",0,AntonioFrench,ferguson,not_rumour,Today's events in one video ferguson justiceformikebrown,7
"If we shot everyone in the street for stealing, imagine the carnage on Wall St. #mikebrown #ferguson",1,originalgriz,ferguson,rumour,"If we shot everyone in the street for stealing, imagine the carnage on Wall St. mikebrown ferguson",17
Canadian soldier shot in Ottawa a reservist from Hamilton http://t.co/MTYfpfQLJY #HamOnt #Canpoli #ottawashooting http://t.co/geEQSNG1mi,1,CBCHamilton,ottawashooting,rumour,Canadian soldier shot in Ottawa a reservist from Hamilton HamOnt Canpoli ottawashooting,12
Swiss Paper #Putin missing due to daughter born to mistress Alina Kabayeva http://t.co/iDHOCRSxQ7 #Putindead #Russia http://t.co/Nxgvs6O7eD,1,raging545,putinmissing,rumour,Swiss Paper Putin missing due to daughter born to mistress Alina Kabayeva Putindead Russia,14
We've sussed it. The Kremlin's getting ready for St Patrick's Day ;) #putinmissing #putindead http://t.co/J4aOEUv4gl,0,GorseFires,putinmissing,not_rumour,We've sussed it. The Kremlin's getting ready for St Patrick's Day putinmissing putindead,13
"Cartoonists are often our dearest allies in fight 4 freedom of expression, and freedom in general. We mourn our #CharlieHebdo colleagues.",0,bouckap,charliehebdo,not_rumour,"Cartoonists are often our dearest allies in fight 4 freedom of expression, and freedom in general. We mourn our CharlieHebdo colleagues.",21
TEN news has received a video in which a #lindtcafe hostage relays the gunman's demands. At police request we will not broadcast it.,1,hughriminton,sydneysiege,rumour,TEN news has received a video in which a lindtcafe hostage relays the gunman's demands. At police request we will not broadcast it.,23
"A mosque in #AixLesBains burnt to the ground but it doesnt interest any media nor the gov @LaLegende77 
#CharlieHebdo http://t.co/HSkLe9S0Py",0,ArabDissident,charliehebdo,not_rumour,A mosque in AixLesBains burnt to the ground but it doesnt interest any media nor the gov CharlieHebdo,18
SYDNEY: Reports of people with their hands up against a window; black flag with Arabic writing - MORE: http://t.co/NBveZGlDni,1,BBCNewsAus,sydneysiege,rumour,SYDNEY Reports of people with their hands up against a window black flag with Arabic writing - MORE,18
"#CharlieHebdo Satire was the father of true political freedom, born in the 18th century; the scourge of bigots and tyrants. Sing its praises",0,simon_schama,charliehebdo,not_rumour,"CharlieHebdo Satire was the father of true political freedom, born in the 18th century the scourge of bigots and tyrants. Sing its praises",23
PM Tony Abbott will hold a press conference on the #SydneySiege in 20 minutes.,0,australian,sydneysiege,not_rumour,PM Tony Abbott will hold a press conference on the SydneySiege in 20 minutes.,14
#SydneySiege gunman ‘has improvised explosive device’ http://t.co/lUR4hFiJJT,0,DailyMailAU,sydneysiege,not_rumour,SydneySiege gunman has improvised explosive device,6
"Statement from St. Louis County Police Officers Assoc., saying @GovJayNixon put officers lives in danger. #Ferguson http://t.co/plnDpI5uRE",0,alexheuer,ferguson,not_rumour,"Statement from St. Louis County Police Officers Assoc., saying put officers lives in danger. Ferguson",15
Did they draw cartoons? #JeSuisCharlie RT @Leandriii: Why no outrage for the 100s of people Boko Haram wiped out yesterday?,0,Trevornoah,charliehebdo,not_rumour,Did they draw cartoons? JeSuisCharlie RT Why no outrage for the 100s of people Boko Haram wiped out yesterday?,19
"Israeli SWAT team unit specializing in hostage situations on standby, ready to travel to Paris to assist French http://t.co/PBs3sMwhLt",0,haaretzcom,charliehebdo,not_rumour,"Israeli SWAT team unit specializing in hostage situations on standby, ready to travel to Paris to assist French",18
I'd never seen Charlie Hebdo magazine or it characterisation of Muhammed until today. Now it's everywhere. Smart move ya dumb fuck fanatics.,0,Chet_Friendly,charliehebdo,not_rumour,I'd never seen Charlie Hebdo magazine or it characterisation of Muhammed until today. Now it's everywhere. Smart move ya dumb fuck fanatics.,22
"Oleg Shro of Novy Region claims to have source saying coup under way, Putin dead, Shoigu in charge, UNVERIFIED https://t.co/h93akdhm3P",1,catfitz,putinmissing,rumour,"Oleg Shro of Novy Region claims to have source saying coup under way, Putin dead, Shoigu in charge, UNVERIFIED",19
WATCH LIVE: The scene outside Parliament Hill where a soldier has been shot http://t.co/k1d6G8HR0o,1,CP24,ottawashooting,rumour,WATCH LIVE The scene outside Parliament Hill where a soldier has been shot,13
Charlie Hebdo to continue publishing in the wake of the attack http://t.co/6bMvM3wgkL http://t.co/dBBG4L40Kx,0,WSJeurope,charliehebdo,not_rumour,Charlie Hebdo to continue publishing in the wake of the attack,11
"RT this cartoon and pay your tribute
show them real face of MUHAMMAD
#CharlieHebdo
#ParisShooting http://t.co/a6SPI3F3ow",0,HinduDefense,charliehebdo,not_rumour,this cartoon and pay your tribute show them real face of MUHAMMAD CharlieHebdo ParisShooting,14
#BREAKING: Police storm hostage-taker at Paris grocer http://t.co/EoIuN5exh1 http://t.co/uBrUorAGcA,0,CTVNews,charliehebdo,not_rumour,BREAKING Police storm hostage-taker at Paris grocer,7
"17-yr-old unarmed black kid #MikeBrown was murdered by a cop in #Ferguson, Missouri yesterday. This is his stepdad: http://t.co/p8mqVvh9GY",0,OccupiedTimes,ferguson,not_rumour,"17-yr-old unarmed black kid MikeBrown was murdered by a cop in Ferguson, Missouri yesterday. This is his stepdad",18
"A terrorist might appear from among Muslims, but then he loses the qualities that make him Muslim. *** #CharlieHebdo http://t.co/YFQh8QmShP",0,israfilaydemir,charliehebdo,not_rumour,"A terrorist might appear from among Muslims, but then he loses the qualities that make him Muslim. CharlieHebdo",18
Charlie Hebdo shooting: reports of attacks on Mosques in France – live updates http://t.co/MhzOEjovPg,0,guardian,charliehebdo,not_rumour,Charlie Hebdo shooting reports of attacks on Mosques in France live updates,12
"French interior ministry: Debris from #GermanWings Airbus A320 #4U9525 at 2,000m altitude http://t.co/8UPMsinQkX http://t.co/MIu94nhNbr",0,SkyNews,germanwings-crash,not_rumour,"French interior ministry Debris from GermanWings Airbus A320 4U9525 at 2,000m altitude",12
"Three attackers being hunted for assault on French magazine #CharlieHebdo, French interior minister says http://t.co/F7ZB9JXIfe",1,BBCBreaking,charliehebdo,rumour,"Three attackers being hunted for assault on French magazine CharlieHebdo, French interior minister says",14
Stay safe Ottawa. Stay strong Canada.,0,michaelmuhney,ottawashooting,not_rumour,Stay safe Ottawa. Stay strong Canada.,6
"Make Fun of Hindu God's #PK = Creativity , Freedom of Expression
Make Fun of A Prophet = 12 killed 

#CharlieHebdo http://t.co/1qQGFtuhO2",0,rishibagree,charliehebdo,not_rumour,"Make Fun of Hindu God's PK Creativity , Freedom of Expression Make Fun of A Prophet 12 killed CharlieHebdo",19
I haven't drawn an editorial cartoon for more than a year... thought it was time to pick up my pen... #JeSuisCharlie http://t.co/8ZaQFJJ4QW,0,parkertoons,charliehebdo,not_rumour,I haven't drawn an editorial cartoon for more than a year... thought it was time to pick up my pen... JeSuisCharlie,21
Crucial things to consider when watching breaking news. http://t.co/HjQjv209s3 #Sydney http://t.co/aeMn0dp5qL,0,sladurantaye,sydneysiege,not_rumour,Crucial things to consider when watching breaking news. Sydney,9
#BREAKING - #FRANCE: Hostages taken at company North-East of #Paris https://t.co/4yt6nafpIg #CharlieHebdo http://t.co/DPPbKD3RUk,1,FRANCE24,charliehebdo,rumour,BREAKING - FRANCE Hostages taken at company North-East of Paris CharlieHebdo,11
Praying for the people of Sydney #sydneysiege  All we need is peace in this world. Sheesh.,0,TameraMowryTwo,sydneysiege,not_rumour,Praying for the people of Sydney sydneysiege All we need is peace in this world. Sheesh.,16
"If #SydneySiege is the worst of humanity, then #illridewithyou is the best of it. Now THAT is how you respond to hatred.",0,RenInOz,sydneysiege,not_rumour,"If SydneySiege is the worst of humanity, then illridewithyou is the best of it. Now THAT is how you respond to hatred.",22
"thinking of the people in Martin Place in Sydney right now, and for the police, etc having to deal with the situation. so terrifying",0,troyesivan,sydneysiege,not_rumour,"thinking of the people in Martin Place in Sydney right now, and for the police, etc having to deal with the situation. so terrifying",24
BREAKING: Several more hostages flee from Sydney cafe after loud bang is heard.,1,AP,sydneysiege,rumour,BREAKING Several more hostages flee from Sydney cafe after loud bang is heard.,13
UPDATE: Airspace across Sydney is in lockdown. @SydOperaHouse has also been evacuated. #9News http://t.co/thAnVN6Tlk,1,9NewsSyd,sydneysiege,rumour,UPDATE Airspace across Sydney is in lockdown. has also been evacuated. 9News,12
"A cartoon, in solidarity http://t.co/YaRWaoSlcw #CharlieHebdo http://t.co/tgi2au6hp3",0,TomChivers,charliehebdo,not_rumour,"A cartoon, in solidarity CharlieHebdo",5
We are now tracking helicopters in the area where #4U9525 went down http://t.co/ylSF3zHgYa,0,planefinder,germanwings-crash,not_rumour,We are now tracking helicopters in the area where 4U9525 went down,12
Ottawa police say this area of downtown/Hill (See MAP) still under security-perimeter lockdown as of 5 pm ET http://t.co/UbqxUlRqnI,0,stevenchase,ottawashooting,not_rumour,Ottawa police say this area of downtown Hill See MAP still under security-perimeter lockdown as of 5 pm ET,19
"The world would be a far better place if all religious fanatics followed this advice
#CharlieHebdo http://t.co/HD43ebNTbT",0,GLove39,charliehebdo,not_rumour,The world would be a far better place if all religious fanatics followed this advice CharlieHebdo,16
.@statedeptspox: Our hearts and prayers go out to those who are being held hostage. #Sydney,0,StateDept,sydneysiege,not_rumour,. Our hearts and prayers go out to those who are being held hostage. Sydney,15
"#CharlieHebdo: If we talk about ‘war’, we fall into the trap set by murderers, @robinlustig http://t.co/AwHoRooAyG http://t.co/kD7XkvUaUV",0,IndyVoices,charliehebdo,not_rumour,"CharlieHebdo If we talk about war, we fall into the trap set by murderers,",14
Welcome to the United Police States of America. #Ferguson http://t.co/Wau7wEohv1,0,nagoul1,ferguson,not_rumour,Welcome to the United Police States of America. Ferguson,9
"The cop who shot #MikeBrown is on paid leave. 

Shoot a black kid, get a paid vacation. #WeAreTargets #Ferguson",0,SoulRevision,ferguson,not_rumour,"The cop who shot MikeBrown is on paid leave. Shoot a black kid, get a paid vacation. WeAreTargets Ferguson",19
Ottawa police chief confirms that both gunman and soldier at war memorial are dead.,1,CTVNews,ottawashooting,rumour,Ottawa police chief confirms that both gunman and soldier at war memorial are dead.,14
It's okay to be scared.  We are here for you 613-238-3311 #Ottawa,0,DistressCentreO,ottawashooting,not_rumour,It's okay to be scared. We are here for you 613-238-3311 Ottawa,12
"Paris Murder Suspects Cornered with Hostage
http://t.co/yzHJi4Hw54",1,TIME,charliehebdo,rumour,Paris Murder Suspects Cornered with Hostage,6
World press united in defiance following #CharlieHebdo attack http://t.co/jdx8kXjDCF http://t.co/vfKlMSfm2a,0,BBCWorld,charliehebdo,not_rumour,World press united in defiance following CharlieHebdo attack,8
There will be no #BlackOut or Censoring The Global Community from witnessing this #HUMAN travesty #Unity #Ferguson http://t.co/LcOVHIHivD,0,MCHammer,ferguson,not_rumour,There will be no BlackOut or Censoring The Global Community from witnessing this HUMAN travesty Unity Ferguson,17
"As a human, I condemn today's terrorist act. As a Muslim, I damn those who commit terrorism in #Islam's name #JeSuisCharlie #CharlieHebdo",0,NoonArabia,charliehebdo,not_rumour,"As a human, I condemn today's terrorist act. As a Muslim, I damn those who commit terrorism in Islam's name JeSuisCharlie CharlieHebdo",22
How indicative of a profound fragility of any faith is the impulse to murder anyone who mocks it. #JeSuisCharlie,0,StephensSimon,charliehebdo,not_rumour,How indicative of a profound fragility of any faith is the impulse to murder anyone who mocks it. JeSuisCharlie,19
Reportedly 13 hostages &amp; 2 or more gunmen inside Lindt cafe in Sydney  #sydneysiege (@liztilley84),1,SkyNewsAust,sydneysiege,rumour,Reportedly 13 hostages amp 2 or more gunmen inside Lindt cafe in Sydney sydneysiege,14
"French cartoonist Charb among dead in #CharlieHebdo attack, his cartoons often attacked racism and islamophobia. http://t.co/Nmi5g98WO0",0,bouckap,charliehebdo,not_rumour,"French cartoonist Charb among dead in CharlieHebdo attack, his cartoons often attacked racism and islamophobia.",15
This is why it’s impossible for the #Kremlin to lie about #Putin’s weird disappearance #putindead #putinmissing http://t.co/eQacAOZfd4,0,ctmock,putinmissing,not_rumour,This is why its impossible for the Kremlin to lie about Putins weird disappearance putindead putinmissing,16
"IN PICTURES: Shots fired on Parliament Hill, soldier shot at National War Memorial   http://t.co/wdKEiy9P8e http://t.co/uQ4yY2Nw9c",1,ctvottawa,ottawashooting,rumour,"IN PICTURES Shots fired on Parliament Hill, soldier shot at National War Memorial",13
O holds a press conf over a #Ferguson thug being killed while the honorable Gen.Harold Greene goes unmentioned. #tcot http://t.co/7j4HILwAst,0,LadySandersfarm,ferguson,not_rumour,O holds a press conf over a Ferguson thug being killed while the honorable Gen.Harold Greene goes unmentioned. tcot,19
Watch our live and rolling coverage of #Germanwings plane crash in southern France: http://t.co/d0osIRFVQR http://t.co/e9n4uq3fDj,0,AJEnglish,germanwings-crash,not_rumour,Watch our live and rolling coverage of Germanwings plane crash in southern France,13
Intolerance cannot be an answer to Intolerance.Has to be unequivocal condemnation of the terror attack as well as attacks on Paris mosques,0,BDUTT,charliehebdo,not_rumour,Intolerance cannot be an answer to Intolerance.Has to be unequivocal condemnation of the terror attack as well as attacks on Paris mosques,22
"Sydney hostage situation.

LIVE VIDEO: http://t.co/j1ljDbazOw
UPDATES: http://t.co/PD7pVfU9pQ http://t.co/nxlnJR1tum",1,ABC,sydneysiege,rumour,Sydney hostage situation. LIVE VIDEO UPDATES,6
#CharlieHebdo - Hollande: Media shooting was 'undoubtedly terrorist attack'. Photo: Kenzo Tribouillard #AFP http://t.co/ZK41w7J7yc,0,AFPphoto,charliehebdo,not_rumour,CharlieHebdo - Hollande Media shooting was 'undoubtedly terrorist attack'. Photo Kenzo Tribouillard AFP,13
"Captain Johnson: ""I know we're scared and I know we've fallen. But I know He's going to pick us up."" #Ferguson",0,AntonioFrench,ferguson,not_rumour,"Captain Johnson ""I know we're scared and I know we've fallen. But I know He's going to pick us up."" Ferguson",21
Tina Fey: “We cannot back down on free speech in any way” http://t.co/jJGxtXRPi7 #CharlieHebdo,0,TIME,charliehebdo,not_rumour,Tina Fey We cannot back down on free speech in any way CharlieHebdo,13
to be clear: an unarmed teenager POSSIBLY stealing a box of cigars does not warrant being shot to death by the police. #Ferguson,1,thelittleidiot,ferguson,rumour,to be clear an unarmed teenager POSSIBLY stealing a box of cigars does not warrant being shot to death by the police. Ferguson,23
I refuse to call the #Ferguson police chief incompetent when it is so clear the release of that video was calculated and brazen. #MikeBrown,1,ProfessorCrunk,ferguson,rumour,I refuse to call the Ferguson police chief incompetent when it is so clear the release of that video was calculated and brazen. MikeBrown,24
→ http://t.co/5i6MJ1eC3g 41 Charlie Hebdo Paris shooting: New killing of police officer rocks French capital #Charli… http://t.co/LKdsgu5P0P,0,smitharyy,charliehebdo,not_rumour,41 Charlie Hebdo Paris shooting New killing of police officer rocks French capital Charli,14
"#Ferguson headlines like ""Is this how a dystopia starts?"" ... (Read: ""Could police militarization start affecting white people soon?"")",0,vondellswain,ferguson,not_rumour,"Ferguson headlines like ""Is this how a dystopia starts?"" ... Read ""Could police militarization start affecting white people soon?""",19
"BREAKING: #Ferguson police chief just announced that officer Darren Wilson shot the unarmed teen, Michael Brown.",1,AnonyOps,ferguson,rumour,"BREAKING Ferguson police chief just announced that officer Darren Wilson shot the unarmed teen, Michael Brown.",16
"hope they'll be safe. I'm at the opposite of the world but I'll pray for you, Sydney #illridewithyou #PrayForSydney http://t.co/VEcdVkGnRP",0,irwinsmyfav,sydneysiege,not_rumour,"hope they'll be safe. I'm at the opposite of the world but I'll pray for you, Sydney illridewithyou PrayForSydney",19
"Brilliant: Bob Mankoff, New Yorker cartoon editor #CharlieHebdo http://t.co/hlGxq0Uf7e",0,monaeltahawy,charliehebdo,not_rumour,"Brilliant Bob Mankoff, New Yorker cartoon editor CharlieHebdo",8
"White terrorists are 'mentally ill', while brown terrorists are 'Islamic assassins'. #NAACPBombing #CharlieHebdo http://t.co/idMCYFtIbh",0,Bipartisanism,charliehebdo,not_rumour,"White terrorists are 'mentally ill', while brown terrorists are 'Islamic assassins'. NAACPBombing CharlieHebdo",13
"Um, the International Business Times is running a piece blaming #CharlieHebdo attack on Israel
http://t.co/7DWog7nVnT http://t.co/ctV37RCqi1",0,Yair_Rosenberg,charliehebdo,not_rumour,"Um, the International Business Times is running a piece blaming CharlieHebdo attack on Israel",14
Update - Police say 3 gunmen on the loose after 12 people were killed when HQ of satirical publication #CharlieHebdo was attacked in #Paris,1,SkyNewsBreak,charliehebdo,rumour,Update - Police say 3 gunmen on the loose after 12 people were killed when HQ of satirical publication CharlieHebdo was attacked in Paris,24
"Two shot in Paris, including traffic cop, as manhunt continues for #CharlieHebdo suspects http://t.co/L7wpNhAYZn http://t.co/oQi2UinDH1",1,NBCNews,charliehebdo,rumour,"Two shot in Paris, including traffic cop, as manhunt continues for CharlieHebdo suspects",13
our pray for Banjarnegara landslide and hope everything back to normal. and our thoughts are with Sydney. hope everybody gets out safely,0,ridwankamil,sydneysiege,not_rumour,our pray for Banjarnegara landslide and hope everything back to normal. and our thoughts are with Sydney. hope everybody gets out safely,22
People of #Ferguson: Stop #attacking our brave #heroes! -- http://t.co/DfxchWSDBM,0,GOPTeens,ferguson,not_rumour,People of Ferguson Stop attacking our brave heroes! --,9
Police begged media for discretion about location of q&amp;a. Are set up about half a mile from QuikTrip/protest site #Ferguson,0,WesleyLowery,ferguson,not_rumour,Police begged media for discretion about location of q amp a. Are set up about half a mile from QuikTrip protest site Ferguson,23
BREAKING: Prince confirms he is playing a surprise show tonight in the pillows section of Toronto's former Big Bop concert hall.,1,rob_duffy,prince-toronto,rumour,BREAKING Prince confirms he is playing a surprise show tonight in the pillows section of Toronto's former Big Bop concert hall.,21
"How the Jewish pro-censorship lobby legitimized attacks on Carlie Hebdo for ""offensive"" speech http://t.co/6Ts6rWgw7p #CharlieHebdo",0,wikileaks,charliehebdo,not_rumour,"How the Jewish pro-censorship lobby legitimized attacks on Carlie Hebdo for ""offensive"" speech CharlieHebdo",14
The #Ferguson police chief confirmed the stop of #MikeBrown had absolutely nothing to do with the alleged convenience store robbery.,1,tonymess,ferguson,rumour,The Ferguson police chief confirmed the stop of MikeBrown had absolutely nothing to do with the alleged convenience store robbery.,20
Update - AFP: an unnamed police source says the killing of the policewoman in #Paris on Thursday is linked to the #CharlieHebdo attack,1,SkyNewsBreak,charliehebdo,rumour,Update - AFP an unnamed police source says the killing of the policewoman in Paris on Thursday is linked to the CharlieHebdo attack,23
Cpl. Nathan Cirillo identified as victim of #ottawashooting at National War Memorial http://t.co/EhkRJEKpuu http://t.co/2xTzLKoltL,1,globeandmail,ottawashooting,rumour,Cpl. Nathan Cirillo identified as victim of ottawashooting at National War Memorial,12
#Iran'ian regime has been initiated   nourished the idea of killing fatwa starting with Salman Rushdie #JeSuisCharlie http://t.co/QDkHLTqkHK,0,peymaneh123,charliehebdo,not_rumour,Iran'ian regime has been initiated nourished the idea of killing fatwa starting with Salman Rushdie JeSuisCharlie,16
Another hostage flees the scene of the #sydneysiege | https://t.co/OFlGOOJheJ | Courtesy @9NewsAUS,1,abcnews,sydneysiege,rumour,Another hostage flees the scene of the sydneysiege Courtesy,9
Germanwings co-pilot had serious depressive episode: Bild newspaper http://t.co/RgSTrehD21,1,Reuters,germanwings-crash,rumour,Germanwings co-pilot had serious depressive episode Bild newspaper,8
"Schools near siege building in Dammartin-en-Goele being evacuated, say officials. Follow our coverage: http://t.co/ZBIkAexsBk #CharlieHebdo",0,BBCBreaking,charliehebdo,not_rumour,"Schools near siege building in Dammartin-en-Goele being evacuated, say officials. Follow our coverage CharlieHebdo",14
Pic from Conservative MP Nina Grewal of caucus is getting a lot of att'n on Twitter. @grahamctv: #ottawashooting. http://t.co/vAuAopcJRD,0,ctvottawa,ottawashooting,not_rumour,Pic from Conservative MP Nina Grewal of caucus is getting a lot of att'n on Twitter. ottawashooting.,17
"Now, thousands are expressing their feelings on today's events in France with pictures like this #JeSuisCharlie http://t.co/8TFGk67YAS",0,BBCtrending,charliehebdo,not_rumour,"Now, thousands are expressing their feelings on today's events in France with pictures like this JeSuisCharlie",16
VIDEO -  BREAKING NEWS - Germanwings Airbus crashes in the French Alps with 148 onboard http://t.co/C2fJV2Uapu http://t.co/y0RoEPBMqM,1,France24_en,germanwings-crash,rumour,VIDEO - BREAKING NEWS - Germanwings Airbus crashes in the French Alps with 148 onboard,15
"Gunman shot dead in #OttawaShootings named by US officials as 32-year-old, Canadian-born, Michael Zehaf-Bibeau http://t.co/VgpiGxW7P4",1,BBCBreaking,ottawashooting,rumour,"Gunman shot dead in OttawaShootings named by US officials as 32-year-old, Canadian-born, Michael Zehaf-Bibeau",14
What we know about the gunmen in the #CharlieHebdo attack: http://t.co/z4xLMmeDl5 (Pic: Gelbard/AFP/Getty) http://t.co/KKtg9fGeba,0,Telegraph,charliehebdo,not_rumour,What we know about the gunmen in the CharlieHebdo attack Pic Gelbard AFP Getty,14
All bus service in downtown Ottawa is currently under major detours. Details: http://t.co/hcXDtQ7uLK,0,OC_Transpo,ottawashooting,not_rumour,All bus service in downtown Ottawa is currently under major detours. Details,12
Don't know if #putindead is true but trying to start WW3 surely puts a price on one's head.,1,AmDefNews,putinmissing,rumour,Don't know if putindead is true but trying to start WW3 surely puts a price on one's head.,18
"Can't sleep tonight, thoughts with my French cartooning colleagues, their families and loved ones #CharlieHebdo http://t.co/LqIMRCHPgK",0,davpope,charliehebdo,not_rumour,"Can't sleep tonight, thoughts with my French cartooning colleagues, their families and loved ones CharlieHebdo",15
"The two suspected #CharlieHebdo gunmen have been killed, according to reports. #ParisAttacks http://t.co/sS4Js4JZwm http://t.co/04KSGEeu5i",1,SkyNews,charliehebdo,rumour,"The two suspected CharlieHebdo gunmen have been killed, according to reports. ParisAttacks",12
Just found an explanation of the #illridewithyou hashtag that has came from the Sydney hostage situation- very moving http://t.co/St4BAEcqP0,0,rolandscahill,sydneysiege,not_rumour,Just found an explanation of the illridewithyou hashtag that has came from the Sydney hostage situation- very moving,18
"2nd hostage situation unfolding in France as SWAT teams respond to situation at grocery in Paris neighborhood - @AFP, @AP",0,BreakingNews,charliehebdo,not_rumour,"2nd hostage situation unfolding in France as SWAT teams respond to situation at grocery in Paris neighborhood - ,",19
"Prince pulled this tweet, but I caught it. A Toronto surprise is coming. Let's go crazy. http://t.co/uu3vOm0FbK",1,JillKrajewski,prince-toronto,rumour,"Prince pulled this tweet, but I caught it. A Toronto surprise is coming. Let's go crazy.",16
#Banksy's take on #CharlieHebdo. #JeSuisCharlie #NousSommesCharlie http://t.co/f6Y07d9fJ1,1,juliamacfarlane,charliehebdo,rumour,Banksy's take on CharlieHebdo. JeSuisCharlie NousSommesCharlie,6
"Escaped #SydneySiege hostage, Elly Chen, a top student and skilled sportswoman http://t.co/cOyz8N2IMb http://t.co/48YdSm7lJB",1,staronline,sydneysiege,rumour,"Escaped SydneySiege hostage, Elly Chen, a top student and skilled sportswoman",11
"We ""are Charlie Hebdo"" in the same sense that we demanded Boko Haram bring back ""our"" girls. You know, the girls we no longer talk about.",0,Will_Antonin,charliehebdo,not_rumour,"We ""are Charlie Hebdo"" in the same sense that we demanded Boko Haram bring back ""our"" girls. You know, the girls we no longer talk about.",26
"CONFIRMED: Three hostages, 2 customers, 1 worker, have been released from Cafe. #sydneysiege",1,TheAnonMessage,sydneysiege,rumour,"CONFIRMED Three hostages, 2 customers, 1 worker, have been released from Cafe. sydneysiege",13
"""You never see non-Muslims do things like this.""
#SydneySiege http://t.co/nPxTMBmK11",0,JRehling,sydneysiege,not_rumour,"""You never see non-Muslims do things like this."" SydneySiege",9
"Here is the speed and altitude graph of #4U9525 from @flightradar24. Scary stuff, shows it impacted ground at 400kts http://t.co/2ZYbh4MIih",0,marshall_mcf,germanwings-crash,not_rumour,"Here is the speed and altitude graph of 4U9525 from . Scary stuff, shows it impacted ground at 400kts",19
Deeply proud of our cops and community leaders today and deeply concerned for those still inside. Our prayers are with you. #sydneysiege,0,Joe_Hildebrand,sydneysiege,not_rumour,Deeply proud of our cops and community leaders today and deeply concerned for those still inside. Our prayers are with you. sydneysiege,22
A bomb detection robot has entered the #MartinPl café. #SydneySiege #9News,1,9NewsAUS,sydneysiege,rumour,A bomb detection robot has entered the MartinPl caf. SydneySiege 9News,11
Islamic flag flown as 13 hostages in Sydney's CBD forced against windows http://t.co/qrADRShZqY http://t.co/EaR2kpGSqd,1,mashable,sydneysiege,rumour,Islamic flag flown as 13 hostages in Sydney's CBD forced against windows,12
Why a hostage situation is neither the time nor place for selfies #sydneysiege http://t.co/AYGnzNVxOX http://t.co/yhHldK5Wne,0,Independent,sydneysiege,not_rumour,Why a hostage situation is neither the time nor place for selfies sydneysiege,13
#message RT @brennamuncy: Someone please remind me what year it is again? #ferguson http://t.co/vI4tDnvT1W,0,budLightVillain,ferguson,not_rumour,message RT Someone please remind me what year it is again? ferguson,12
BREAKING: Another hostage situation developing in a Parisian Kosher supermarket http://t.co/f48bgredPb #CharlieHebdo http://t.co/nl4ipAXaHw,1,HuffPostUK,charliehebdo,rumour,BREAKING Another hostage situation developing in a Parisian Kosher supermarket CharlieHebdo,11
Leafs-Sens game postponed after shootings on Parliament Hill http://t.co/19SAtvFFKT,1,CP24,ottawashooting,rumour,Leafs-Sens game postponed after shootings on Parliament Hill,8
Uniformed Canadian soldier shot at War Memorial in #Ottawa.,1,CBCAlerts,ottawashooting,rumour,Uniformed Canadian soldier shot at War Memorial in Ottawa.,9
French police getting ready to use...tanks against two terrorists in #Dammartin siege?! #CharlieHebdo http://t.co/K3tdKjSOuk,0,marko_ves,charliehebdo,not_rumour,French police getting ready to use...tanks against two terrorists in Dammartin siege?! CharlieHebdo,13
Here’s to hoping what’s happening in STL right now doesn’t get worse. #Ferguson hashtag not looking good right now. http://t.co/0fhU5EopGa,0,BradWillis,ferguson,not_rumour,Heres to hoping whats happening in STL right now doesnt get worse. Ferguson hashtag not looking good right now.,19
Uber Sydney trips from CBD will be free for riders. Higher rates are still in place to encourage drivers to get into the CBD.,1,Uber_Sydney,sydneysiege,rumour,Uber Sydney trips from CBD will be free for riders. Higher rates are still in place to encourage drivers to get into the CBD.,24
#Breaking: Soldier killed at war memorial identified as Cpl. Nathan Cirillo #ottawashooting http://t.co/vlj96XOoSm http://t.co/LOzoL7IjVI,1,globeandmail,ottawashooting,rumour,Breaking Soldier killed at war memorial identified as Cpl. Nathan Cirillo ottawashooting,12
"You are not alone today #Ottawa - we are here if you need to talk, cry, whatever, we are here 613-238-3311",0,DistressCentreO,ottawashooting,not_rumour,"You are not alone today Ottawa - we are here if you need to talk, cry, whatever, we are here 613-238-3311",21
Has Putin disappeared because he is fending off a political coup? http://t.co/gLjpzAAXx4 via @MailOnline,1,FayaBogush,putinmissing,rumour,Has Putin disappeared because he is fending off a political coup? via,12
Is #Prince in #Toronto? Rumours fly of surprise show... @masseyhall http://t.co/ySchlys6DA,1,ctvottawa,prince-toronto,rumour,Is Prince in Toronto? Rumours fly of surprise show...,9
"Now hearing there is NO #Prince show tonight, and the hundreds of people who have waiting in line will not be getting tickets. #Toronto",1,mackaytaggart,prince-toronto,rumour,"Now hearing there is NO Prince show tonight, and the hundreds of people who have waiting in line will not be getting tickets. Toronto",24
"If you're in Ottawa and upset, scared, anxious about today's events, don't hesitate to call @DistressCentreO: 613-238-3311 #OttawaShooting",0,KathleenCanada,ottawashooting,not_rumour,"If you're in Ottawa and upset, scared, anxious about today's events, don't hesitate to call 613-238-3311 OttawaShooting",17
Boom RT @newsneighbor Why was #Ferguson PD still looking for the suspect 7 hours after Michael Brown had been killed? http://t.co/4TH5aFsge2,1,emma_fRhost2,ferguson,rumour,Boom RT Why was Ferguson PD still looking for the suspect 7 hours after Michael Brown had been killed?,19
#BREAKING Multiple sources tell @CNN Michael Zehaf-Bibeau is likely shooter in #OttawaShooting http://t.co/vyE1ELmgat http://t.co/75S43JqeAU,1,CNNSitRoom,ottawashooting,rumour,BREAKING Multiple sources tell Michael Zehaf-Bibeau is likely shooter in OttawaShooting,11
Police taking people out of #Paris grocery where hostages were being held. http://t.co/7Bxdhozq4H,1,cnnbrk,charliehebdo,rumour,Police taking people out of Paris grocery where hostages were being held.,12
Images from the scene of the deadly shooting in Ottawa. http://t.co/AmAUPlccLT http://t.co/7sJ39Flwv0,0,Reuters,ottawashooting,not_rumour,Images from the scene of the deadly shooting in Ottawa.,10
"Total 5 hostages have left Lindt #MartinPlace; 3 men, 2 women. LIVE: http://t.co/Ni4ouWAGoO. #SydneySiege #9News http://t.co/CKB2uLPHVd",1,9NewsAUS,sydneysiege,rumour,"Total 5 hostages have left Lindt MartinPlace 3 men, 2 women. LIVE SydneySiege 9News",14
"#JeSuisCharlie  Hey folks, enter for free paypal sums !
http://t.co/lIlT8irzFy",0,doyouevendress,charliehebdo,not_rumour,"JeSuisCharlie Hey folks, enter for free paypal sums !",9
BREAKING NEWS: The 4 French cartoonists killed in #CharlieHebdo  terror attack today. RIP http://t.co/CjmNTDWgzP,0,PzFeed,charliehebdo,not_rumour,BREAKING NEWS The 4 French cartoonists killed in CharlieHebdo terror attack today. RIP,13
call weeping neighbors a mob --&gt; paint a picture of a violent community #MikeBrown came from --&gt; justify his execution #Ferguson,0,dopegirlfresh,ferguson,not_rumour,call weeping neighbors a mob -- gt paint a picture of a violent community MikeBrown came from -- gt justify his execution Ferguson,23
Only photo I will tweet. CPR being performed on the soldier now. I heard four shots. #ottawa http://t.co/cqdw1yx8AI,1,Henderburn,ottawashooting,rumour,Only photo I will tweet. CPR being performed on the soldier now. I heard four shots. ottawa,17
Bern Fine Arts Museum says yes to controversial #gurlitt collection: http://t.co/UmoeHLD1Lw,1,swissinfo_en,gurlitt,rumour,Bern Fine Arts Museum says yes to controversial gurlitt collection,10
"Think this ticks all the boxes.

#JeSuisCharlie http://t.co/TTbO4qHjp9",0,DenCroke,charliehebdo,not_rumour,Think this ticks all the boxes. JeSuisCharlie,7
"Hypocricy
JNU LEFT was celebrating cartoons which depicted Durga as prostitute but denouncing #CharlieHebdo cartoons http://t.co/YTnGmsVI9M",0,rishibagree,charliehebdo,not_rumour,Hypocricy JNU LEFT was celebrating cartoons which depicted Durga as prostitute but denouncing CharlieHebdo cartoons,15
"France, turning on your own Muslim citizens &amp; ""blaming Islam"" for #CharlieHebdo feeds the extremists' agenda. Don't help them.",0,WajahatAli,charliehebdo,not_rumour,"France, turning on your own Muslim citizens amp ""blaming Islam"" for CharlieHebdo feeds the extremists' agenda. Don't help them.",19
"Milan have stated that the reports about Essien having Ebola are completely false.
http://t.co/Sb9v9ulfTX
@MichaelEssien",1,Milanello,ebola-essien,rumour,Milan have stated that the reports about Essien having Ebola are completely false.,13
"R.I.P. Ahmed Merabet, a French #Muslim Cop, first victim of #CharlieHebdo attack http://t.co/vEHq0PAZwE",1,JeffersonObama,charliehebdo,rumour,"R.I.P. Ahmed Merabet, a French Muslim Cop, first victim of CharlieHebdo attack",12
"Breaking: Kouachi brothers dead; hostage freed after raid in Dammartin-en-Goele, says person familiar with matter  http://t.co/FYkXChPD4d",1,WSJ,charliehebdo,rumour,"Breaking Kouachi brothers dead hostage freed after raid in Dammartin-en-Goele, says person familiar with matter",15
TORONTO: In case you missed it @LiveNationON are saying no Prince shows @masseyhall either today or tomorrow.,1,PrinceMuseum,prince-toronto,rumour,TORONTO In case you missed it are saying no Prince shows either today or tomorrow.,15
"BREAKING: First photo of middle-aged hostage-taker, who is wearing a black bandana while conducting the #SydneySiege. http://t.co/Rv2cvDG2vT",1,JFXM,sydneysiege,rumour,"BREAKING First photo of middle-aged hostage-taker, who is wearing a black bandana while conducting the SydneySiege.",16
"#MikeBrown, left, is gunned down for WWB (walking while black),but guy on the right can point a gun at cops #Ferguson http://t.co/ydAVrBLQke",0,kharyp,ferguson,not_rumour,"MikeBrown, left, is gunned down for WWB walking while black ,but guy on the right can point a gun at cops Ferguson",22
Prince in Toronto cancelled! WTF!!,1,Azifikare,prince-toronto,rumour,Prince in Toronto cancelled! WTF!!,5
"If the founding fathers had wanted people to have freedom of assembly, they'd have put something about it in the bill of rights. #Ferguson",0,mattblaze,ferguson,not_rumour,"If the founding fathers had wanted people to have freedom of assembly, they'd have put something about it in the bill of rights. Ferguson",24
POLICE MOVE IN: Police confirm live ammunition used in Martin Place #sydneysiege,1,7NewsSydney,sydneysiege,rumour,POLICE MOVE IN Police confirm live ammunition used in Martin Place sydneysiege,12
"Ottawa Police say they are dealing with multiple suspects, can't confirm whether all have guns but are confirming multiple suspects.",1,amyminsky,ottawashooting,rumour,"Ottawa Police say they are dealing with multiple suspects, can't confirm whether all have guns but are confirming multiple suspects.",20
Milan release official statement on their site saying that the reports of Michael Essien having Ebola are false. http://t.co/qYDG0RcOZh,1,FutbolSergi,ebola-essien,rumour,Milan release official statement on their site saying that the reports of Michael Essien having Ebola are false.,18
BREAKING: #Ottawa Civic Hosp official says TWO NEW PATIENTS are enroute to hospital. 1 w/gunshot wounds. Both stable. @ctvottawa #ottnews,1,CatherineCTV,ottawashooting,rumour,BREAKING Ottawa Civic Hosp official says TWO NEW PATIENTS are enroute to hospital. 1 w gunshot wounds. Both stable. ottnews,20
#BREAKING: Six hostages have managed to escape from the café in #MartinPl. #SydneySiege #9News http://t.co/y3NDQDS7jh,1,9NewsSyd,sydneysiege,rumour,BREAKING Six hostages have managed to escape from the caf in MartinPl. SydneySiege 9News,14
The civilized world remains blindfolded.  #australia #hostages #ISIS #sydneysiege #illridewithyou http://t.co/vR90pMKLhD,0,yobynnad1127,sydneysiege,not_rumour,The civilized world remains blindfolded. australia hostages ISIS sydneysiege illridewithyou,10
Exactly the right response: mass #CharlieHebdo sharing starts at 14 GMT via @IndexCensorship http://t.co/1TZzeqncQ8 http://t.co/9Uncsrw1bQ,0,T_Coombes,charliehebdo,not_rumour,Exactly the right response mass CharlieHebdo sharing starts at 14 GMT via,12
Four of France's most revered cartoonists among those killed in #CharlieHebdo massacre http://t.co/g16D4XMWhk http://t.co/cf7fHuDXfB,0,MailOnline,charliehebdo,not_rumour,Four of France's most revered cartoonists among those killed in CharlieHebdo massacre,12
"Still trapped here, barricaded. Not in my office, but elsewhere. #OttawaShooting",0,TonyclementCPC,ottawashooting,not_rumour,"Still trapped here, barricaded. Not in my office, but elsewhere. OttawaShooting",11
"Police confirm 3rd shooting in area of Rideau Centre, mall in downtown #Ottawa east of Parliament Hill. #cdnpoli",1,CBCAlerts,ottawashooting,rumour,"Police confirm 3rd shooting in area of Rideau Centre, mall in downtown Ottawa east of Parliament Hill. cdnpoli",18
Muslims are getting to crazy!! This shit needs to stop! #sydneysiege  #PrayForSydneyHostages  #PrayForSydney,0,timsullivan23,sydneysiege,not_rumour,Muslims are getting to crazy!! This shit needs to stop! sydneysiege PrayForSydneyHostages PrayForSydney,13
"Charlie Hebdo massacre in Paris carried out with military precision - gunmen appeared to seek out journalists by name, police suggest.",1,peterallenparis,charliehebdo,rumour,"Charlie Hebdo massacre in Paris carried out with military precision - gunmen appeared to seek out journalists by name, police suggest.",21
"""I strongly condemn the horrific shooting at the offices of Charlie Hebdo magazine in Paris"" —President Obama http://t.co/qr9zeGU04o",0,WhiteHouse,charliehebdo,not_rumour,"""I strongly condemn the horrific shooting at the offices of Charlie Hebdo magazine in Paris"" President Obama",17
"Heart goes out to 148 passengers and crew of Germanwings Airbus A320 that has crashed in French Alps, Southern France http://t.co/K7fmJLRt4G",1,UlrichJvV,germanwings-crash,rumour,"Heart goes out to 148 passengers and crew of Germanwings Airbus A320 that has crashed in French Alps, Southern France",20
"Clarissa, 27 years old, police trainee of Montrouge Police in #France. Victim of this morning's attack. via @_batou_ http://t.co/kk0w0D6NNv",1,ArmedResearch,charliehebdo,rumour,"Clarissa, 27 years old, police trainee of Montrouge Police in France. Victim of this morning's attack. via",17
"""The situation in sydney must be hard for 5sos""

No the situation in sydney must be hard for the innocent people that are being held hostage",1,nightmaresnjh,sydneysiege,rumour,"""The situation in sydney must be hard for 5sos"" No the situation in sydney must be hard for the innocent people that are being held hostage",26
Update - five more hostages have escaped from the Lindt cafe in Sydney city centre,1,SkyNewsBreak,sydneysiege,rumour,Update - five more hostages have escaped from the Lindt cafe in Sydney city centre,15
"""If you use public transport, wear religious attire and don't feel safe"" - search the hashtag #illridewithyou Get involved Sydney",0,jenalive11,sydneysiege,not_rumour,"""If you use public transport, wear religious attire and don't feel safe"" - search the hashtag illridewithyou Get involved Sydney",20
BREAKING: Astonishing video of the Paris terror attack as it was happening &gt; http://t.co/sglPyWCWhL (via @BBCDanielS ) #CharlieHebdo,0,piersmorgan,charliehebdo,not_rumour,BREAKING Astonishing video of the Paris terror attack as it was happening gt via CharlieHebdo,15
AC Milan have denied reports that midfielder Michael Essien has contracted Ebola while on national duty with Ghana #SSFootball,1,SuperSportBlitz,ebola-essien,rumour,AC Milan have denied reports that midfielder Michael Essien has contracted Ebola while on national duty with Ghana SSFootball,19
11:11 - My wish is that this hostage situation in Sydney ends without anyone getting hurt !!,0,MariamDiamond,sydneysiege,not_rumour,11 11 - My wish is that this hostage situation in Sydney ends without anyone getting hurt !!,18
White House responds to shooting at Paris offices of #CharlieHebdo. http://t.co/Cd0y6NAOvE http://t.co/K7rP2sQKeY,0,WSJPolitics,charliehebdo,not_rumour,White House responds to shooting at Paris offices of CharlieHebdo.,10
"UPDATE: ""The police didn't run to the hostages, they let the girls run to them."" - @michaelusher #SydneySiege #9News http://t.co/52h65DJ5ki",1,9NewsSyd,sydneysiege,rumour,"UPDATE ""The police didn't run to the hostages, they let the girls run to them."" - SydneySiege 9News",18
"French radio @Europe1 says attackers on offices of Paris weekly ran out yelling ""Allahu Akbar"" #Charliehebdo",1,marcburleigh,charliehebdo,rumour,"French radio says attackers on offices of Paris weekly ran out yelling ""Allahu Akbar"" Charliehebdo",15
I'm NOT believing this story because I know how the police lie and will keep lying and will organize together AND LIE. #MIKEBROWN #Ferguson,1,Nettaaaaaaaa,ferguson,rumour,I'm NOT believing this story because I know how the police lie and will keep lying and will organize together AND LIE. MIKEBROWN Ferguson,24
"It's early Tuesday in Sydney, crisis in 16th hour, as authorities try to secure safe release of hostages http://t.co/Y62bZ2YYa5",0,cnnbrk,sydneysiege,not_rumour,"It's early Tuesday in Sydney, crisis in 16th hour, as authorities try to secure safe release of hostages",18
Photos of alleged robbery involving Michael Brown in #Ferguson (via police) http://t.co/gr83XTGO1t http://t.co/7V34OtGYcn,1,NBCNews,ferguson,rumour,Photos of alleged robbery involving Michael Brown in Ferguson via police,11
Charlie Hebdo: AFP reports another shooting and hostage taken at grocery in eastern Paris – live updates http://t.co/hRyDuB5t0K,1,guardian,charliehebdo,rumour,Charlie Hebdo AFP reports another shooting and hostage taken at grocery in eastern Paris live updates,16
Canadian soldier fatally shot identified as Nathan Cirillo.  #OttawaShooting #HamOnt #RIP http://t.co/0VdtSF6WVS,1,Media371,ottawashooting,rumour,Canadian soldier fatally shot identified as Nathan Cirillo. OttawaShooting HamOnt RIP,11
A female hostage stands by the front entrance of the cafe as she turns the lights off in Sydney. #sydneysiege http://t.co/qNfCMv9yZt,0,NST_Online,sydneysiege,not_rumour,A female hostage stands by the front entrance of the cafe as she turns the lights off in Sydney. sydneysiege,20
Why we must not let the Isis propoganda machine win #CharlieHebdo #JeSuisCharlie http://t.co/gkyX9b7DD2 http://t.co/e5wMYWnTSG,0,Independent,charliehebdo,not_rumour,Why we must not let the Isis propoganda machine win CharlieHebdo JeSuisCharlie,12
Shooting at site where Charlie Hebdo suspects are holding a hostage north of Paris http://t.co/rR3q9UQlUn,0,BBCBreaking,charliehebdo,not_rumour,Shooting at site where Charlie Hebdo suspects are holding a hostage north of Paris,14
AFP: suspected #CharlieHebdo gunmen have been killed,1,SkyNewsBreak,charliehebdo,rumour,AFP suspected CharlieHebdo gunmen have been killed,7
Many police officers today operate from fear and prejudice. That's dangerous when you have the power to take a life. #Ferguson,0,TonyGaskins,ferguson,not_rumour,Many police officers today operate from fear and prejudice. That's dangerous when you have the power to take a life. Ferguson,21
"Police still at one end of W. Florissant, protesters now at Greater St. Mark Church. #Ferguson p/v @JustinGlawe http://t.co/ujLgUmKLNS",0,syndicalisms,ferguson,not_rumour,"Police still at one end of W. Florissant, protesters now at Greater St. Mark Church. Ferguson p v",18
"Police are using military weapons to occupy #Ferguson, Missouri: http://t.co/VnGMpxrdbI http://t.co/TAgA8A5MU6",0,Slate,ferguson,not_rumour,"Police are using military weapons to occupy Ferguson, Missouri",9
Praying for the safety of all the hostages being held by some criminal in the cafe in Sydney. Preparing for the collective blame as well.,1,LibyaLiberty,sydneysiege,rumour,Praying for the safety of all the hostages being held by some criminal in the cafe in Sydney. Preparing for the collective blame as well.,25
Update - Police say 12 people killed after armed gunmen stormed headquarters of French weekly publication 'Charlie Hebdo' in #Paris,1,SkyNewsBreak,charliehebdo,rumour,Update - Police say 12 people killed after armed gunmen stormed headquarters of French weekly publication 'Charlie Hebdo' in Paris,20
"As the #sydneysiege continues, three faiths come together to pray for peace at Lakemba mosque. Photo: @Mo_Taha1 http://t.co/aQzMFlZOTl",0,aus_jewishnews,sydneysiege,not_rumour,"As the sydneysiege continues, three faiths come together to pray for peace at Lakemba mosque. Photo",16
Cartoonists Georges Wolinski and Cabu are among victims of attack on #CharlieHebdo in Paris http://t.co/EJ0gGFsRZ1 http://t.co/42xHoEocru,0,AJENews,charliehebdo,not_rumour,Cartoonists Georges Wolinski and Cabu are among victims of attack on CharlieHebdo in Paris,14
"French officials say they have now spotted debris from #Germanwings flight, more than 6K feet high in the Alps. -- @NorahODonnell",0,CBSThisMorning,germanwings-crash,not_rumour,"French officials say they have now spotted debris from Germanwings flight, more than 6K feet high in the Alps. --",20
"I'd rather swallow a bullet than bow to a ""God"" too insecure to handle cartoons. 
#JeSuisCharlie http://t.co/805bDy3G6y",0,zoeythegreat,charliehebdo,not_rumour,"I'd rather swallow a bullet than bow to a ""God"" too insecure to handle cartoons. JeSuisCharlie",16
"What we know so far about #GermanWings #AirbusA320 crash with BBC's @christianfraser
https://t.co/ZROmvZn8Ko",0,BBCWorld,germanwings-crash,not_rumour,What we know so far about GermanWings AirbusA320 crash with BBC's,11
"Classes started at 8am, but by 7am #MichaelBrown would be there waiting, eager http://t.co/SVaqe4vR2V #Ferguson http://t.co/P3ubd08DB8",0,WesleyLowery,ferguson,not_rumour,"Classes started at 8am, but by 7am MichaelBrown would be there waiting, eager Ferguson",14
"My prayers go out to everyone who's involved in the disaster in Sydney, hope everyone will get out safe!",0,nickyromero,sydneysiege,not_rumour,"My prayers go out to everyone who's involved in the disaster in Sydney, hope everyone will get out safe!",19
"Gunmen in #CharlieHebdo attack  ""will (be) chased as long as necessary,"" French President says http://t.co/mnAeA7j7fY http://t.co/JxFvJhiazn",0,cnni,charliehebdo,not_rumour,"Gunmen in CharlieHebdo attack ""will be chased as long as necessary,"" French President says",14
DEVELOPING: Police: Shooting near Canadian Parliament; soldier wounded; active situation: http://t.co/9MAAywtu03 http://t.co/kZvFqw7p0v,1,ABC,ottawashooting,rumour,DEVELOPING Police Shooting near Canadian Parliament soldier wounded active situation,10
"""We don't know motivation of #sydneysiege perpetrators yet"" - Australian leader Tony Abbott http://t.co/z9JrtJ2IN3",0,BBCBreaking,sydneysiege,not_rumour,"""We don't know motivation of sydneysiege perpetrators yet"" - Australian leader Tony Abbott",13
Is Prince playing a surprise show in Toronto tonight? http://t.co/u4tF8e7e59,1,CBCArts,prince-toronto,rumour,Is Prince playing a surprise show in Toronto tonight?,9
Follow @BBCNewsAus and our LIVE page for more updates on #sydneysiege http://t.co/HF9YspoYHL #Lindt http://t.co/IfCERWGP2C,0,BBCWorld,sydneysiege,not_rumour,Follow and our LIVE page for more updates on sydneysiege Lindt,11
"Unconfirmed reports that #CharlieHebdo attackers shouted ""The Prophet is avenged"" and used a rocket launcher. This is next level ****.",1,LibyaLiberty,charliehebdo,rumour,"Unconfirmed reports that CharlieHebdo attackers shouted ""The Prophet is avenged"" and used a rocket launcher. This is next level .",20
Watch gunfire erupt and hostages flee chocolate shop as #SydneySiege ends http://t.co/Ju5h01y3R4 http://t.co/Oq3E9dhsOA,0,NBCNews,sydneysiege,not_rumour,Watch gunfire erupt and hostages flee chocolate shop as SydneySiege ends,11
The NHL has decided to postpone tonight's #sens-#leafs game in Ottawa. The right decision. The only decision.,1,reporterchris,ottawashooting,rumour,The NHL has decided to postpone tonight's sens-leafs game in Ottawa. The right decision. The only decision.,17
What we know about suspected hostage taker in Sydney http://t.co/B17EiJYhWu http://t.co/lKolS1SkGN,0,CBSNews,sydneysiege,not_rumour,What we know about suspected hostage taker in Sydney,9
JUST IN: #Ferguson police identify officer who shot Michael Brown http://t.co/ynEjjl1uD1,1,ABC,ferguson,rumour,JUST IN Ferguson police identify officer who shot Michael Brown,10
#Ottawa in April 2013 you stood with us &amp; called us #BostonStrong TODAY we stand with you - You are #OttawaStrong. #OttawaShooting,0,BK1143,ottawashooting,not_rumour,Ottawa in April 2013 you stood with us amp called us BostonStrong TODAY we stand with you - You are OttawaStrong. OttawaShooting,22
"I repeat=&gt;if you are in Sydney, do NOT tweet or post news of what Police are doing around Martin Place. Assume jihadists follow social media",0,GrayConnolly,sydneysiege,not_rumour,"I repeat gt if you are in Sydney, do NOT tweet or post news of what Police are doing around Martin Place. Assume jihadists follow social media",27
The surveillance tape the police have on TV DOESNT even look like anything near Canfield Green apts. #MIKEBROWN #Ferguson,1,Nettaaaaaaaa,ferguson,rumour,The surveillance tape the police have on TV DOESNT even look like anything near Canfield Green apts. MIKEBROWN Ferguson,19
"Extended Video: Guns raised, officers rush towards @RideauCentre http://t.co/YHpG2o8XeH http://t.co/UsPYjU85AS",1,ctvottawa,ottawashooting,rumour,"Extended Video Guns raised, officers rush towards",7
Charlie Hebdo shooting: twelve dead at Paris offices of satirical magazine  – live updates http://t.co/Yc1915SVdD,1,guardian,charliehebdo,rumour,Charlie Hebdo shooting twelve dead at Paris offices of satirical magazine live updates,13
"Israeli PM #Netanayahu calls PM Harper to extend condolences for #Ottawa shooting, express full support for Canada's fight against terror.",0,CBCAlerts,ottawashooting,not_rumour,"Israeli PM Netanayahu calls PM Harper to extend condolences for Ottawa shooting, express full support for Canada's fight against terror.",20
"BREAKING: One person seriously wounded, six taken hostage in incident at kosher supermarket in Paris: police source",1,Reuters,charliehebdo,rumour,"BREAKING One person seriously wounded, six taken hostage in incident at kosher supermarket in Paris police source",17
Chairs against door. MT @grahamctv: Photo from inside caucus room after shooting http://t.co/ELaGEUBVM1,0,irene_thomaidis,ottawashooting,not_rumour,Chairs against door. MT Photo from inside caucus room after shooting,11
The #sydneysiege has entered its 12th hour. Thoughts to the hostages and their loved ones. http://t.co/gJAQklf3a7 http://t.co/0E9m55ltOy,0,Daniel_Sankey,sydneysiege,not_rumour,The sydneysiege has entered its 12th hour. Thoughts to the hostages and their loved ones.,15
A person living near the #Dammartin hostage scene sent us these photos #CharlieHebdo #obs http://t.co/FKHD1fGt03,1,Observers,charliehebdo,rumour,A person living near the Dammartin hostage scene sent us these photos CharlieHebdo obs,14
#BREAKING : Both Charlie Hebdo suspects killed as police storm building (police sources) http://t.co/OYSXRQ9xuv http://t.co/8ICThapo7z,1,France24_en,charliehebdo,rumour,BREAKING Both Charlie Hebdo suspects killed as police storm building police sources,12
#Ottawa police confirm shooting at War Memorial. Reports say victim may be a soldier.,1,CBCAlerts,ottawashooting,rumour,Ottawa police confirm shooting at War Memorial. Reports say victim may be a soldier.,14
"#Ferguson PD made #MikeBrown the suspect in that ""robbery"" police report. ON WHAT BASIS DID THEY NAME HIM? Unless it was written after....",1,ReignOfApril,ferguson,rumour,"Ferguson PD made MikeBrown the suspect in that ""robbery"" police report. ON WHAT BASIS DID THEY NAME HIM? Unless it was written after....",23
Jewish bakery hit in new shooting and hostage siege in Paris suburb of Vincennes http://t.co/qXnnNaoWjJ via @taylorgroupusa,1,taylorgroupusa,charliehebdo,rumour,Jewish bakery hit in new shooting and hostage siege in Paris suburb of Vincennes via,15
This Is Why I and Other Muslims Won't Apologize for the Charlie Hebdo Attacks http://t.co/DuFup9v1iH http://t.co/kSgh0NujBW,0,VICE,charliehebdo,not_rumour,This Is Why I and Other Muslims Won't Apologize for the Charlie Hebdo Attacks,14
Big announcement in #Kremlin Whole world in suspense hoping the wicked witch is dead! #putindead,1,PerlaNiobe,putinmissing,rumour,Big announcement in Kremlin Whole world in suspense hoping the wicked witch is dead! putindead,15
Suspected #CharlieHebdo gunmen reportedly came out shooting at police #ParisAttacks http://t.co/kwHPTFi96R http://t.co/hjNezDkaVp,1,SkyNews,charliehebdo,rumour,Suspected CharlieHebdo gunmen reportedly came out shooting at police ParisAttacks,10
"Our thoughts are with everyone involved in what is happening on Parliament Hill and Confederation Square this morning. Stay safe, Ottawa.",0,Senators,ottawashooting,not_rumour,"Our thoughts are with everyone involved in what is happening on Parliament Hill and Confederation Square this morning. Stay safe, Ottawa.",21
"BREAKING: A spokesperson for The Ottawa Hospital confirms that it has received three patients, two of which are in stable condition.",1,CP24,ottawashooting,rumour,"BREAKING A spokesperson for The Ottawa Hospital confirms that it has received three patients, two of which are in stable condition.",21
What do we know so far about the #sydneysiege? Here's everything you need to know: http://t.co/WWy0nebqYI http://t.co/XjTxX30Lmw,0,SkyNews,sydneysiege,not_rumour,What do we know so far about the sydneysiege? Here's everything you need to know,15
We got through. That's a sniper on top of a tank pointing guns at us... #ferguson http://t.co/gyTzbXTR2o,0,elonjames,ferguson,not_rumour,We got through. That's a sniper on top of a tank pointing guns at us... ferguson,16
UPDATE: A woman who managed to scramble from the #SydneySiege appears understandably to be still in shock. #9News http://t.co/4M0q6XtY2o,0,9NewsSyd,sydneysiege,not_rumour,UPDATE A woman who managed to scramble from the SydneySiege appears understandably to be still in shock. 9News,18
"FBI assisting in the case of the Ottawa shooting, sources have confirmed to CTV News",1,CTVNews,ottawashooting,rumour,"FBI assisting in the case of the Ottawa shooting, sources have confirmed to CTV News",15
'Not Open For Discussion'—SWAT Tells Protesters In #Ferguson To Leave http://t.co/ULtXIi88Ah http://t.co/wLpoEPDnqJ (Photo: @BmoreConetta),0,PaulSzoldra,ferguson,not_rumour,'Not Open For Discussion'SWAT Tells Protesters In Ferguson To Leave Photo,11
Ottawa shooting: Kevin Vickers labelled 'hero' after taking down gunman in Canadian Parliament http://t.co/z3r8w1DIr1 http://t.co/68ckieXIsf,1,Independent,ottawashooting,rumour,Ottawa shooting Kevin Vickers labelled 'hero' after taking down gunman in Canadian Parliament,13
#Banksy has also contributed a powerful message of perseverance &amp; support after #CharlieHebdo attack. #JeSuisCharlie http://t.co/bm8uyixSma,1,ajplus,charliehebdo,rumour,Banksy has also contributed a powerful message of perseverance amp support after CharlieHebdo attack. JeSuisCharlie,15
Soldier shot at Canada National War Memorial has died; police are looking for several suspects http://t.co/dQYFsfKGHx http://t.co/qwjAU3SliB,1,SkyNews,ottawashooting,rumour,Soldier shot at Canada National War Memorial has died police are looking for several suspects,15
"#CharlieHebdo latest:
- 2 gunmen believed holed up in building
- reports of 1 hostage 
- Shots fired in car chase http://t.co/Xl5uwqHQta",1,BBCBreaking,charliehebdo,rumour,CharlieHebdo latest - 2 gunmen believed holed up in building - reports of 1 hostage - Shots fired in car chase,21
RCMP yelling everyone to back away from Parliament Hill. Weapons out. Word of shooting inside. #cdnpoli http://t.co/aiXtvjlLP6,1,RichardMadan,ottawashooting,rumour,RCMP yelling everyone to back away from Parliament Hill. Weapons out. Word of shooting inside. cdnpoli,16
Did you hear??? Prince! Tonight! Toronto?!?!?!?!?!?!,1,Flow935,prince-toronto,rumour,Did you hear??? Prince! Tonight! Toronto?!?!?!?!?!?!,6
Five Hostages Escape Sydney Cafe Siege — Live Updates From @BuzzFeedOz http://t.co/LP6ciOWv59 http://t.co/XC6fJKCg4S,1,BuzzFeed,sydneysiege,rumour,Five Hostages Escape Sydney Cafe Siege Live Updates From,9
"Much respect to @washingtonpost for this. Seriously, thank you:
http://t.co/V78xiVa4Ba http://t.co/j9rHfjeYFD",0,mirandachale,charliehebdo,not_rumour,"Much respect to for this. Seriously, thank you",8
It's things like #IllRideWithYou that keep us from completely losing our faith in humanity. #SydneySiege,0,denhamsadler,sydneysiege,not_rumour,It's things like IllRideWithYou that keep us from completely losing our faith in humanity. SydneySiege,15
"At 87 years of age, Asterix cartoonist Uderzo gets back on the drawing board #JeSuisCharlie via @NathalieANDREF2 http://t.co/6NGrvl8xXE",0,simonmacmichael,charliehebdo,not_rumour,"At 87 years of age, Asterix cartoonist Uderzo gets back on the drawing board JeSuisCharlie via",16
10 dead as shots fired at French satirical weekly #CharlieHebdo. #AFP http://t.co/KqSnXV4Kqf,1,AFPphoto,charliehebdo,rumour,10 dead as shots fired at French satirical weekly CharlieHebdo. AFP,11
"The black &amp; unarmed group on the left is called an ""angry mob"" vs the armed white group called supporters #Ferguson http://t.co/EuEvQHHEpK",0,kharyp,ferguson,not_rumour,"The black amp unarmed group on the left is called an ""angry mob"" vs the armed white group called supporters Ferguson",21
#JeSuisCharlie trends after brutal shooting at #CharlieHebdo magazine http://t.co/2tT7BnOx1u http://t.co/oMTsEqXs1h,0,HuffPostUK,charliehebdo,not_rumour,JeSuisCharlie trends after brutal shooting at CharlieHebdo magazine,8
"At least one armed offender holding an undisclosed number of hostages, says Sydney police #sydneysiege http://t.co/6yS0ePNdeI",1,BBCBreaking,sydneysiege,rumour,"At least one armed offender holding an undisclosed number of hostages, says Sydney police sydneysiege",15
TV pictures show two more people emerging from Sydney Lindt café -- they appear to be staff members #sydneysiege http://t.co/bIXelwv03X,1,BBCBreaking,sydneysiege,rumour,TV pictures show two more people emerging from Sydney Lindt caf -- they appear to be staff members sydneysiege,19
Our thoughts are with the family and friends of Cpl. Nathan Cirillo and all those affected by the events in Ottawa today. #OttawaStrong,1,VanCanucks,ottawashooting,rumour,Our thoughts are with the family and friends of Cpl. Nathan Cirillo and all those affected by the events in Ottawa today. OttawaStrong,23
The police have come into the community with dogs. #ferguson http://t.co/QWhlu0xEtB,0,Dreamdefenders,ferguson,not_rumour,The police have come into the community with dogs. ferguson,10
THE TERRORIST ATTACK IN PARIS IS SO SCARY I'M CRYING,0,cloulessed,charliehebdo,not_rumour,THE TERRORIST ATTACK IN PARIS IS SO SCARY I'M CRYING,10
Over 65k Twitter users show solidarity with French satirical magazine #CharlieHebdo http://t.co/Rgy00SExUr http://t.co/GdRMUbB9c6,0,itvnews,charliehebdo,not_rumour,Over 65k Twitter users show solidarity with French satirical magazine CharlieHebdo,11
Police vehicles chase #CharlieHebdo suspects on French motorway http://t.co/k3G8Y2jdE8 http://t.co/MBUxnx3KRv,1,itvnews,charliehebdo,rumour,Police vehicles chase CharlieHebdo suspects on French motorway,8
French Air Force Boeing C-135FR Stratotanker flying over #4U9525 crash site http://t.co/Hv3kJZ28a9 http://t.co/EQl9ysUiXN,0,flightradar24,germanwings-crash,not_rumour,French Air Force Boeing C-135FR Stratotanker flying over 4U9525 crash site,11
Update - AFP reports an armed man has taken a hostage in a kosher grocery in #Paris,1,SkyNewsBreak,charliehebdo,rumour,Update - AFP reports an armed man has taken a hostage in a kosher grocery in Paris,17
#CharlieHebdo will print 1 million copies next week http://t.co/9rN03AJrO9 http://t.co/7W21oQBHTO,0,thedailybeast,charliehebdo,not_rumour,CharlieHebdo will print 1 million copies next week,8
Protests continue at the QT #ferguson https://t.co/qF2N92L9Zn,0,ryanjreilly,ferguson,not_rumour,Protests continue at the QT ferguson,6
#putindead Check out this.A monk in Ukr predicted on Jan28 that the Russian Empire would start collapsing on Mar.12 http://t.co/fG6QXyERVM,0,ATMarshall2013,putinmissing,not_rumour,putindead Check out this.A monk in Ukr predicted on Jan28 that the Russian Empire would start collapsing on Mar.12,19
BREAKING: Hostages held in downtown Sydney cafe; Islamic flag displayed - http://t.co/1L9s58F6mY,1,CBSNews,sydneysiege,rumour,BREAKING Hostages held in downtown Sydney cafe Islamic flag displayed -,11
"MT @KreaseChan The sort of free expression all authoritarians tolerate, from Syrian artist Ali Farzat. #JeSuisCharlie http://t.co/PSFNDuLUw6",0,AmnestyUK,charliehebdo,not_rumour,"MT The sort of free expression all authoritarians tolerate, from Syrian artist Ali Farzat. JeSuisCharlie",15
"""Yo, Charlie Hebdo, I'm really sad for you, I'ma let you finish, but la best galette of all time is reportée au 17 janvier.""
— Balkanye West",0,Ilagee,charliehebdo,not_rumour,"""Yo, Charlie Hebdo, I'm really sad for you, I'ma let you finish, but la best galette of all time is reporte au 17 janvier."" Balkanye West",26
"Charlie Hebdo’s editor:  ""When activists need a pretext to justify their violence, they always find it.”  #CharlieHebdo",0,StephenMangan,charliehebdo,not_rumour,"Charlie Hebdos editor ""When activists need a pretext to justify their violence, they always find it. CharlieHebdo",17
"11 dead in Paris shooting at French satirical newspaper Charlie Hebdo, police official says - @AP http://t.co/ZFJYh80uxy",1,BreakingNews,charliehebdo,rumour,"11 dead in Paris shooting at French satirical newspaper Charlie Hebdo, police official says -",15
NHL postpones Wednesday's Leafs-Senators game due to tragedy in Ottawa  http://t.co/Ohec0ceae7 http://t.co/sLeiCmoUN6,1,Sportsnet,ottawashooting,rumour,NHL postpones Wednesday's Leafs-Senators game due to tragedy in Ottawa,10
"Rest in Peace, Michael Brown. 17 forever.

#Ferguson http://t.co/fMq9mJRwtL",0,TheObamaDiary,ferguson,not_rumour,"Rest in Peace, Michael Brown. 17 forever. Ferguson",8
18 controversial covers published by #CharlieHebdo http://t.co/skCMN3PtsJ Photo: Charlie Hebdo http://t.co/EC2G9uANqc,0,TIME,charliehebdo,not_rumour,18 controversial covers published by CharlieHebdo Photo Charlie Hebdo,9
"Prediction: the survivors of Charlie Hebdo put out a new issue, the cover of which big Western media will find too offensive to reprint.",0,iowahawkblog,charliehebdo,not_rumour,"Prediction the survivors of Charlie Hebdo put out a new issue, the cover of which big Western media will find too offensive to reprint.",24
McMaster's flags have been lowered in memory of today's shooting victim in Ottawa. http://t.co/5rFkvTybQO,0,McMasterU,ottawashooting,not_rumour,McMaster's flags have been lowered in memory of today's shooting victim in Ottawa.,13
Free speech is the heart of western civilization and freedom. It MUST be defended to the death. #CharlieHebdo http://t.co/D3Pv5B7poc,0,InfowarsMag,charliehebdo,not_rumour,Free speech is the heart of western civilization and freedom. It MUST be defended to the death. CharlieHebdo,18
ArtsBeat: Gurlitt’s Museum Bequest Is Challenged http://t.co/h7Pz2smSDj,0,KatCaric,gurlitt,not_rumour,ArtsBeat Gurlitts Museum Bequest Is Challenged,6
#BREAKING: Reports hostages can be seen running from the Lindt building in the latest development of the Sydney #siege. #9News,1,9NewsSyd,sydneysiege,rumour,BREAKING Reports hostages can be seen running from the Lindt building in the latest development of the Sydney siege. 9News,20
Subscribe to our Twitter list for latest reports on #Germanwings' #Airbus crash http://t.co/tDzAfiZtne http://t.co/5A72oANlJL,0,BBCWorld,germanwings-crash,not_rumour,Subscribe to our Twitter list for latest reports on Germanwings' Airbus crash,12
!! #Ferguson cops once nabbed wrong man but charged him w/ property damage for bleeding on uniforms-they had beat him http://t.co/p5TRiQtWFY,1,greenhousenyt,ferguson,rumour,!! Ferguson cops once nabbed wrong man but charged him w property damage for bleeding on uniforms-they had beat him,20
Our thoughts are with Emergency Responders and bystanders in Ottawa. Please stay safe.,0,Raptors,ottawashooting,not_rumour,Our thoughts are with Emergency Responders and bystanders in Ottawa. Please stay safe.,13
Up to 20 held hostage in Sydney Lindt Cafe siege http://t.co/4KisV2PKI5 http://t.co/qIaa63SCQk,1,Independent,sydneysiege,rumour,Up to 20 held hostage in Sydney Lindt Cafe siege,10
"Stop saying #CharlieHebdo was ""known for mocking Muslims."" They mocked EVERYONE.",0,Gavin_McInnes,charliehebdo,not_rumour,"Stop saying CharlieHebdo was ""known for mocking Muslims."" They mocked EVERYONE.",11
Six explosions heard at kosher supermarket where a number of hostages were taken #ParisAttacks http://t.co/0jxoozr8mN http://t.co/BFuLAaMba6,0,SkyNews,charliehebdo,not_rumour,Six explosions heard at kosher supermarket where a number of hostages were taken ParisAttacks,14
"Latest on #Germanwings crash: Pilots signaled 911 before dropping out of midair; airline CEO calls this a ""dark day."" http://t.co/S5CZoWnn2T",1,mashable,germanwings-crash,rumour,"Latest on Germanwings crash Pilots signaled 911 before dropping out of midair airline CEO calls this a ""dark day.""",19
Natl bar :if #Ferguson officers name isn't released by Monday they will seek court order forcing the release. #MikeBrown @ksdknews,0,leisazigman,ferguson,not_rumour,Natl bar if Ferguson officers name isn't released by Monday they will seek court order forcing the release. MikeBrown,19
A picture says more than a thousand words. #CharlieHebdo http://t.co/f4HSXz0qIj,0,LeahVdc,charliehebdo,not_rumour,A picture says more than a thousand words. CharlieHebdo,9
"These four pillars of press freedom gone...
#CharlieHebdo http://t.co/eLaGHYVrHN",0,ElBeardsley,charliehebdo,not_rumour,These four pillars of press freedom gone... CharlieHebdo,8
"Condolences pour in for family of Cpl. Nathan Cirillo, killed in #OttawaShooting http://t.co/EwHwozM3TU http://t.co/KWWGZLJT0b",1,chronicleherald,ottawashooting,rumour,"Condolences pour in for family of Cpl. Nathan Cirillo, killed in OttawaShooting",12
Strongly condemn the terrorist attack on media office in Paris; terror &amp; violence have no place in any corner of world #PresidentMukherjee,0,RashtrapatiBhvn,charliehebdo,not_rumour,Strongly condemn the terrorist attack on media office in Paris terror amp violence have no place in any corner of world PresidentMukherjee,22
.@mrjamesob gave a masterclass in dealing with people who demand an apology from Muslims for #CharlieHebdo attack http://t.co/4y9oBXtwvf,0,LBC,charliehebdo,not_rumour,. gave a masterclass in dealing with people who demand an apology from Muslims for CharlieHebdo attack,17
Putin juggling enough instability. He would make a live appearance by now to squash death/coup jitters.,0,AndreaChalupa,putinmissing,not_rumour,Putin juggling enough instability. He would make a live appearance by now to squash death coup jitters.,17
"Muslims butchering Muslims no biggie 'til an Israeli kills 1. U.S. blacks killing other blacks=non event 'til a cop kills 1
#ferguson
#tcot",0,larryelder,ferguson,not_rumour,Muslims butchering Muslims no biggie 'til an Israeli kills 1. U.S. blacks killing other blacks non event 'til a cop kills 1 ferguson tcot,24
"Cartoon from The New Yorker, September 2012 #CharlieHebdo http://t.co/CeU2nZutSr",0,AndrewBloch,charliehebdo,not_rumour,"Cartoon from The New Yorker, September 2012 CharlieHebdo",8
Who are the two brothers suspected of launching #CharlieHebdo attack? We explain: http://t.co/WqmrAaIfCU (Pic: AFP) http://t.co/3mzxBh5gkH,1,Telegraph,charliehebdo,rumour,Who are the two brothers suspected of launching CharlieHebdo attack? We explain Pic AFP,14
"“Which cop killed #MikeBrown?”

“Sorry. Can’t tell you that.”

“Why’d you release the video?”

“Because you asked.”

#MikeBrown #Ferguson",0,Eric_Haywood,ferguson,not_rumour,Which cop killed MikeBrown? Sorry. Cant tell you that. Whyd you release the video? Because you asked. MikeBrown Ferguson,19
Absolutely heartbreaking what has happened! Twitter users show solidarity to #CharlyHebdo by using #JeSuisCharlie http://t.co/Z7Bo5hYB6G,0,isasun,charliehebdo,not_rumour,Absolutely heartbreaking what has happened! Twitter users show solidarity to CharlyHebdo by using JeSuisCharlie,14
"Michael Brown was suspected of robbing store in #Ferguson before being shot, say police http://t.co/KUZQGasFgA http://t.co/TjuEVB8z5m",1,BBCNewsUS,ferguson,rumour,"Michael Brown was suspected of robbing store in Ferguson before being shot, say police",14
Swiss museum to accept hundreds of works of art bequeathed by German Nazi-era art hoarder Cornelius Gurlitt http://t.co/7DHYBAL0QK,1,BBCBreaking,gurlitt,rumour,Swiss museum to accept hundreds of works of art bequeathed by German Nazi-era art hoarder Cornelius Gurlitt,17
Strongly condemn the attack on #CharlieHebdo. There is no justification for this brutal act. My thoughts are with the families of victims.,0,ashrafghani,charliehebdo,not_rumour,Strongly condemn the attack on CharlieHebdo. There is no justification for this brutal act. My thoughts are with the families of victims.,22
"BREAKING: Performance art piece ""Soon To Be Disappointed Lined-Up Torontonians"" by Prince concludes after short run at Massey Hall #Toronto",1,RoFoNoMo,prince-toronto,rumour,"BREAKING Performance art piece ""Soon To Be Disappointed Lined-Up Torontonians"" by Prince concludes after short run at Massey Hall Toronto",20
BREAKING: #SydneySiege gunman identified as local resident Man Monis - reports http://t.co/m51P8dUPhB,1,RT_com,sydneysiege,rumour,BREAKING SydneySiege gunman identified as local resident Man Monis - reports,11
"MT @davpope Can't sleep, thoughts with my French cartooning colleagues, their families &amp; loved ones #CharlieHebdo http://t.co/qim5rAa9Et",0,Trushar,charliehebdo,not_rumour,"MT Can't sleep, thoughts with my French cartooning colleagues, their families amp loved ones CharlieHebdo",15
WATCH: 2 women escape through front door of Sydney cafe http://t.co/7sVO5tf31q - @channeltennews http://t.co/L0HWVtNTzy,1,CBSNews,sydneysiege,rumour,WATCH 2 women escape through front door of Sydney cafe -,11
NHL says date of rescheduled game TBD. NHL  ``wishes to express its sympathy and prayers to all affected by the tragic events in Ottawa'',1,Real_ESPNLeBrun,ottawashooting,rumour,NHL says date of rescheduled game TBD. NHL wishes to express its sympathy and prayers to all affected by the tragic events in Ottawa'',24
"#BREAKING: Reports that the dead shooting suspect is Michael Zehaf-Bibeau, born 1982. He is reportedly Canadian-born. #OttawaShooting",1,SunNewsNetwork,ottawashooting,rumour,"BREAKING Reports that the dead shooting suspect is Michael Zehaf-Bibeau, born 1982. He is reportedly Canadian-born. OttawaShooting",17
I'm so disgusted. #Ferguson RT @ZandarVTS: This has now devolved into the worst police shooting cover-up attempt in US history.,1,elonjames,ferguson,rumour,I'm so disgusted. Ferguson RT This has now devolved into the worst police shooting cover-up attempt in US history.,19
Paris alert status raised to the highest level with #CharlieHebdo gunmen reportedly on the run http://t.co/xcK8lY9IeR http://t.co/tQuxQ06Q7f,0,SkyNews,charliehebdo,not_rumour,Paris alert status raised to the highest level with CharlieHebdo gunmen reportedly on the run,15
4 cartoonists in Paris had more convictions than the whole of Indian mainstream media put together. #CharlieHebdo,0,IndiaSpeaksPR,charliehebdo,not_rumour,4 cartoonists in Paris had more convictions than the whole of Indian mainstream media put together. CharlieHebdo,17
Surviving #CharlieHebdo journalists are to publish the magazine's new edition for next week http://t.co/zaGrk24DhJ http://t.co/099l0NuRfH,0,Independent,charliehebdo,not_rumour,Surviving CharlieHebdo journalists are to publish the magazine's new edition for next week,13
Ottawa Hospital confirms it has received 3 patients. 2 are in stable condition. Live blog: http://t.co/q98AMohu7T,1,cnnbrk,ottawashooting,rumour,Ottawa Hospital confirms it has received 3 patients. 2 are in stable condition. Live blog,15
EXTENDED: Dramatic video of gunfire inside hallways of Parliament Hill. (The Globe and Mail) http://t.co/SbOu4rAp96 http://t.co/71rNixs3Eb,1,ctvottawa,ottawashooting,rumour,EXTENDED Dramatic video of gunfire inside hallways of Parliament Hill. The Globe and Mail,14
Expert: #Vladimir #Putin’s #Disappearance Could Mean #Russia’s Undergoing a #Coup http://t.co/rzLhZFdnwy,1,BizzMacc,putinmissing,rumour,Expert Vladimir Putins Disappearance Could Mean Russias Undergoing a Coup,10
#BreakingNews #ferguson chief says the name of the officer that shot #MichaelBrown will be released this morning http://t.co/roXlFQ6EYA,1,RyanDeanKSDK,ferguson,rumour,BreakingNews ferguson chief says the name of the officer that shot MichaelBrown will be released this morning,17
Police confirm three safe #SydneySiege: “Our number one aim is to resolve incident peacefully” http://t.co/jiJRlQJdeU,1,BuzzFeedOz,sydneysiege,rumour,Police confirm three safe SydneySiege Our number one aim is to resolve incident peacefully,14
historic moment as the #EiffelTower goes dark to unify the world around #CharlieHebdo . #JeSuisCharlie #ParisShooting http://t.co/c5iwqgw6aA,0,ozchrisrock,charliehebdo,not_rumour,historic moment as the EiffelTower goes dark to unify the world around CharlieHebdo . JeSuisCharlie ParisShooting,16
The US Consulate in #Sydney has been evacuated - Statement via @PaulNBlake http://t.co/jYIp6E1Qp7,1,BBCBreaking,sydneysiege,rumour,The US Consulate in Sydney has been evacuated - Statement via,11
"Again, we are seeing why we need a federal government. #Ferguson",0,CapehartJ,ferguson,not_rumour,"Again, we are seeing why we need a federal government. Ferguson",11
"Counter terrorism expert Colonel Mike Dewar says Paris will have been put on ""virtual shutdown"" #CharlieHebdo http://t.co/qDOohI456v",0,bbc5live,charliehebdo,not_rumour,"Counter terrorism expert Colonel Mike Dewar says Paris will have been put on ""virtual shutdown"" CharlieHebdo",16
"Vision shows three hostage escaping from the Lindt in #MartinPlace #SydneySiege
https://t.co/d5EonYzhDG",1,theprojecttv,sydneysiege,rumour,Vision shows three hostage escaping from the Lindt in MartinPlace SydneySiege,11
UPDATED | Attacker shot dead in Parliament after soldier shot at National War Memorial: http://t.co/4kP3Lib1dS #cbcOTT #OTTnews,1,CBCOttawa,ottawashooting,rumour,UPDATED Attacker shot dead in Parliament after soldier shot at National War Memorial cbcOTT OTTnews,15
For those confused: gunmen have taken hostages in a Sydney cafe holding a Shahada flag (NOT THE SAME AS ISIS) http://t.co/i9VVwyqN1G,1,ruckuslike,sydneysiege,rumour,For those confused gunmen have taken hostages in a Sydney cafe holding a Shahada flag NOT THE SAME AS ISIS,20
A 60-second tribute to the victims of the #CharlieHebdo attack http://t.co/SNQBRuh48T http://t.co/WFYN11sijj,0,BBCWorld,charliehebdo,not_rumour,A 60-second tribute to the victims of the CharlieHebdo attack,10
Kremlin 'coup' rumours after Russia's President Vladimir Putin's week-long absence | World | News | Daily Express http://t.co/wwt00TUrpF,1,Malcolmite,putinmissing,rumour,Kremlin 'coup' rumours after Russia's President Vladimir Putin's week-long absence World News Daily Express,14
The gunman is also holding 1.6 billion Muslims hostage. Islam is free from the crimes he's committing against innocents. #SydneySiege,0,BonsaiSky,sydneysiege,not_rumour,The gunman is also holding 1.6 billion Muslims hostage. Islam is free from the crimes he's committing against innocents. SydneySiege,20
Students at Howard University show solidarity w Michael Brown and protestors in #Ferguson http://t.co/m2unGRcFXI,0,MiaFarrow,ferguson,not_rumour,Students at Howard University show solidarity w Michael Brown and protestors in Ferguson,13
#BREAKING: Reports hostage situation underway north-east of Paris http://t.co/COe8YbNp2M #CharlieHebdo http://t.co/GpbstHfKEc,1,abcnews,charliehebdo,rumour,BREAKING Reports hostage situation underway north-east of Paris CharlieHebdo,9
Swiss museum will accept Gurlitt art trove http://t.co/LrYvxq4KfS,1,Berlaymont,gurlitt,rumour,Swiss museum will accept Gurlitt art trove,7
BREAKING: @ctvottawa CONFIRMS: One shooter dead.  Police working under assumption more than one shooter.  3 shooting incidents #ottnews,1,CatherineCTV,ottawashooting,rumour,BREAKING CONFIRMS One shooter dead. Police working under assumption more than one shooter. 3 shooting incidents ottnews,17
Ten dead in shooting at Paris offices of satirical magazine Charlie Hebdo – live updates http://t.co/JXujfbiZGu,1,guardian,charliehebdo,rumour,Ten dead in shooting at Paris offices of satirical magazine Charlie Hebdo live updates,14
"Police in #Ferguson, Missouri, shot and killed a 17-year-old boy. http://t.co/TbVlOFxEus
#FergusonShooting",0,YourAnonNews,ferguson,not_rumour,"Police in Ferguson, Missouri, shot and killed a 17-year-old boy. FergusonShooting",11
"The police chief is a 5 star general in projection, imagination and deflection...took a week to hatch this theory #Ferguson",1,jamalhbryant,ferguson,rumour,"The police chief is a 5 star general in projection, imagination and deflection...took a week to hatch this theory Ferguson",20
Today the world is a world of tyranny and lies. The flag of #HumanRights is borne by enemies of human rights w/US leading them! #Ferguson,0,khamenei_ir,ferguson,not_rumour,Today the world is a world of tyranny and lies. The flag of HumanRights is borne by enemies of human rights w US leading them! Ferguson,26
"BREAKING UPDATE: 11 dead, 10 wounded in Charlie Hebdo HQ shooting - Paris police  http://t.co/Q27XnP3AS3",1,RT_com,charliehebdo,rumour,"BREAKING UPDATE 11 dead, 10 wounded in Charlie Hebdo HQ shooting - Paris police",14
50 charges of sexual assault against Sydney hostage-taker http://t.co/gc9HbB5ZGa http://t.co/szVzntt8Mg,0,thedailybeast,sydneysiege,not_rumour,50 charges of sexual assault against Sydney hostage-taker,8
There are many ways to honor #CharlieHebdo. One is to abolish all blasphemy laws in Europe #JeSuisCharlie,0,PAPerrouty,charliehebdo,not_rumour,There are many ways to honor CharlieHebdo. One is to abolish all blasphemy laws in Europe JeSuisCharlie,17
"For some people, comic is  weapons.#JeSuisCharlie http://t.co/3m0Y4WBT3p",0,remonwangxt,charliehebdo,not_rumour,"For some people, comic is weapons.JeSuisCharlie",6
"Took a week, but we finally at the moment where Mike Brown Is officially a suspect in his own murder. #Ferguson",1,theonlyadult,ferguson,rumour,"Took a week, but we finally at the moment where Mike Brown Is officially a suspect in his own murder. Ferguson",21
"""The pilot did send an SOS message saying the plane was in distress."" -@BillNeelyNBC reporting on #germanwings plane crash.",1,TODAYshow,germanwings-crash,rumour,"""The pilot did send an SOS message saying the plane was in distress."" - reporting on germanwings plane crash.",19
"Reports of ""moving body"" amidst #Germanwings wreckage #A320 http://t.co/GLMUsaPbGo http://t.co/WS2M4YCly3",1,DailyMirror,germanwings-crash,rumour,"Reports of ""moving body"" amidst Germanwings wreckage A320",8
Last position of the #GermanWings Airbus A320 passenger jet that crashed in the French Alps http://t.co/8UPMsinQkX http://t.co/K3etnEPmxk,0,SkyNews,germanwings-crash,not_rumour,Last position of the GermanWings Airbus A320 passenger jet that crashed in the French Alps,15
"#SYDNEYSIEGE: Loud bang heard, five more hostages run from #Lindt cafe - WATCH LIVE: http://t.co/iuaLgRi7jj http://t.co/kKbTIHfQBi",1,RT_com,sydneysiege,rumour,"SYDNEYSIEGE Loud bang heard, five more hostages run from Lindt cafe - WATCH LIVE",14
"Hostages Held In Downtown Sydney Cafe — Live updates from @BuzzFeedNews, @BuzzFeedOz http://t.co/HFOY0ctLNV http://t.co/MwoqhXPj3F",1,BuzzFeedNews,sydneysiege,rumour,"Hostages Held In Downtown Sydney Cafe Live updates from ,",10
Shooting south of Paris with one police officer injured. Police say no known link to #CharlieHebdo attack http://t.co/UZlFI7Bb5s,1,BBCBreaking,charliehebdo,rumour,Shooting south of Paris with one police officer injured. Police say no known link to CharlieHebdo attack,17
UPDATE: Police officer shot outside Paris this morning dies http://t.co/OoALEHIyC4 #Montrouge http://t.co/OgAwuVq0rM,1,RT_com,charliehebdo,rumour,UPDATE Police officer shot outside Paris this morning dies Montrouge,10
BREAKING: Ottawa police say they believe there is more than one shooter.,1,AP,ottawashooting,rumour,BREAKING Ottawa police say they believe there is more than one shooter.,12
Appalled to hear news of apparent terrorist attack in Paris. My thoughts are with the family and friends of those killed.,0,PHammondMP,charliehebdo,not_rumour,Appalled to hear news of apparent terrorist attack in Paris. My thoughts are with the family and friends of those killed.,21
Police shootout ends 16-hour siege in Martin Place. #sydneysiege http://t.co/OoutIlaTo6,1,smh,sydneysiege,rumour,Police shootout ends 16-hour siege in Martin Place. sydneysiege,9
Stills from eyewitness video show two #CharlieHebdo attackers wearing hoods &amp; black clothing shoot a wounded man http://t.co/IX8Wys3p5M,1,MashableNews,charliehebdo,rumour,Stills from eyewitness video show two CharlieHebdo attackers wearing hoods amp black clothing shoot a wounded man,17
"I guess when police told the media not to name the gunman they actually meant ""please put his name and face on the front page""? #sydneysiege",0,MattTarrant,sydneysiege,not_rumour,"I guess when police told the media not to name the gunman they actually meant ""please put his name and face on the front page""? sydneysiege",26
"Hard to believe this guy assaulted a cop. 😂😂😂 

#Ferguson http://t.co/J86VLXnZF6",1,Bidenshairplugs,ferguson,rumour,Hard to believe this guy assaulted a cop. Ferguson,9
"Reports: Armed man takes multiple hostages in Paris kosher grocery store, SWAT teams on scene http://t.co/dU9efPMFeV",0,HuffingtonPost,charliehebdo,not_rumour,"Reports Armed man takes multiple hostages in Paris kosher grocery store, SWAT teams on scene",15
BREAKING UPDATE: The latest footage from Sydney siege shows a man holding a female hostage as a human shield. #9News http://t.co/pJ5gsqgjQL,1,PzFeed,sydneysiege,rumour,BREAKING UPDATE The latest footage from Sydney siege shows a man holding a female hostage as a human shield. 9News,20
[NYTimes:  Judaism] Swiss Museum Accepts Bequest of Nazi-Era Art http://t.co/bxli70bsrj,1,TheWonderngJew,gurlitt,rumour,NYTimes Judaism Swiss Museum Accepts Bequest of Nazi-Era Art,9
Vladimir Putin’s Disappearance Could Mean Russia’s Undergoing a Coup http://t.co/YmYo7LxU5w | #tcot,1,CO2HOG,putinmissing,rumour,Vladimir Putins Disappearance Could Mean Russias Undergoing a Coup tcot,10
". 
                 Take a stand and RT:

                  I am #CharlieHebdo
                  I am #CharlieHebdo http://t.co/OpdN8c5VQo",0,TarekFatah,charliehebdo,not_rumour,. Take a stand and RT I am CharlieHebdo I am CharlieHebdo,12
"The #Germanwings co-pilot was not a Muslim, so he could not have been a terrorist. He was depressed. 😒 http://t.co/ySZzpYHuWB",1,phyzal25,germanwings-crash,rumour,"The Germanwings co-pilot was not a Muslim, so he could not have been a terrorist. He was depressed.",18
BREAKING: Police say Sydney cafe hostage situation is over after more than 16 hours.,0,AP,sydneysiege,not_rumour,BREAKING Police say Sydney cafe hostage situation is over after more than 16 hours.,14
Banksy's response to the Charlie Hebdo attack is striking. But it isn't by Banksy http://t.co/LQNdK2Qkge http://t.co/cWhJZOLLhr,1,Independent,charliehebdo,rumour,Banksy's response to the Charlie Hebdo attack is striking. But it isn't by Banksy,14
"Savagely murdering innocent people brings only shame, not honor. Monsters. #CharlieHebdo",0,DLoesch,charliehebdo,not_rumour,"Savagely murdering innocent people brings only shame, not honor. Monsters. CharlieHebdo",11
A Canadian soldier has been shot at the country's National War Memorial near Parliament. http://t.co/5UE8YlRluE http://t.co/wZRSqS5X26,1,CBSNews,ottawashooting,rumour,A Canadian soldier has been shot at the country's National War Memorial near Parliament.,14
"A hostage situation at a Sydney cafe has come to an end, after police stormed the scene. Live updates: http://t.co/Z6JPQTstYO #Sydneysiege",0,WSJ,sydneysiege,not_rumour,"A hostage situation at a Sydney cafe has come to an end, after police stormed the scene. Live updates Sydneysiege",20
"150 people were on board plane that crashed in France today, #Germanwings CEO says. http://t.co/HAhU3MmiMf http://t.co/QFCbhPWSJI",1,cnnbrk,germanwings-crash,rumour,"150 people were on board plane that crashed in France today, Germanwings CEO says.",14
Charlie Hebdo shooting latest: 12 dead and gunmen still at large http://t.co/6jRqXgPogM http://t.co/hO7lvftma5,1,thei100,charliehebdo,rumour,Charlie Hebdo shooting latest 12 dead and gunmen still at large,11
"Map of areas where Ottawa shootings were reported: National War Memorial, near the Rideau Centre and Parliament Hill. http://t.co/NcfNCR5VCV",1,cnnbrk,ottawashooting,rumour,"Map of areas where Ottawa shootings were reported National War Memorial, near the Rideau Centre and Parliament Hill.",18
"Police say 11 now dead in ""carnage"" at #CharlieHebdo HQ in Paris - follow our coverage: http://t.co/IClDjevRnB http://t.co/aQkN3PMfkt",1,BBCBreaking,charliehebdo,rumour,"Police say 11 now dead in ""carnage"" at CharlieHebdo HQ in Paris - follow our coverage",16
The first official statement from @nswpolice regarding the #SydneySiege. http://t.co/syPmr0LPcZ,1,australian,sydneysiege,rumour,The first official statement from regarding the SydneySiege.,8
UKIP's Culture Spokesman @prwhittle: Freedom is the very bedrock of Western democracy. It is non-negotiable. #CharlieHebdo,0,Michael_Heaver,charliehebdo,not_rumour,UKIP's Culture Spokesman Freedom is the very bedrock of Western democracy. It is non-negotiable. CharlieHebdo,15
"So police narrative in #Ferguson is unarmed teen suspected in unarmed robbery was shot to death. We've still got a problem, Chief.",1,jsguntzel,ferguson,rumour,"So police narrative in Ferguson is unarmed teen suspected in unarmed robbery was shot to death. We've still got a problem, Chief.",22
Sydney in lockdown as at least one gunman holds several people hostage in a café http://t.co/qgq2xmaVUt #sydneysiege http://t.co/qTYpQM9snG,1,BBCBreakfast,sydneysiege,rumour,Sydney in lockdown as at least one gunman holds several people hostage in a caf sydneysiege,16
Statement from Prime Minister Tony Abbott on Sydney hostage situation. http://t.co/MHkNRZFQWB,1,Simon_Cullen,sydneysiege,rumour,Statement from Prime Minister Tony Abbott on Sydney hostage situation.,10
Lets play a game. This will be blamed on (a) Racism of Charlie Hebdo (b) Poverty (c) Colonial France (d) Evil of Free Speech,0,CEMB_forum,charliehebdo,not_rumour,Lets play a game. This will be blamed on a Racism of Charlie Hebdo b Poverty c Colonial France d Evil of Free Speech,24
"#CharlieHebdo attacker: ""We don’t kill women but you have to convert to Islam, read the Qu’ran and wear a veil."" http://t.co/rpZHDQZddO",0,dhume,charliehebdo,not_rumour,"CharlieHebdo attacker ""We dont kill women but you have to convert to Islam, read the Quran and wear a veil.""",20
Who is scared? Sify cartoon. #CharlieHebdo http://t.co/qN6WizQg2l,0,satishacharya,charliehebdo,not_rumour,Who is scared? Sify cartoon. CharlieHebdo,6
Calling all journalists covering #MikeBrown #Ferguson FREE coffee/Wifi if you need a place to work! @AntonioFrench http://t.co/mn8W44Ov7z,0,RiseCoffeeSTL,ferguson,not_rumour,Calling all journalists covering MikeBrown Ferguson FREE coffee Wifi if you need a place to work!,16
"Emergency Svcs continue to line the streets of central Sydney. No specific threat, but they're poised. #sydneysiege http://t.co/M65dQVTwHL",0,JezNews,sydneysiege,not_rumour,"Emergency Svcs continue to line the streets of central Sydney. No specific threat, but they're poised. sydneysiege",17
14 Dec: Australian Muslim youth handed out 2000 flowers and 3600 water bottles to ppl in sydney #illridewithyou http://t.co/22ikQczgnX,0,mina_ysf,sydneysiege,not_rumour,14 Dec Australian Muslim youth handed out 2000 flowers and 3600 water bottles to ppl in sydney illridewithyou,18
Officer ran up and I told him I was lost...didn't care. He cursed me out and called me a bitch. Pulled his gun out... #MikeBrown #Ferguson,0,princebraden,ferguson,not_rumour,Officer ran up and I told him I was lost...didn't care. He cursed me out and called me a bitch. Pulled his gun out... MikeBrown Ferguson,26
"Narendra Modi tweets about Sydney Siege! Not a word about Manipur Blast! If only Manipur was not in India, he would have showed concern",0,Joydas,sydneysiege,not_rumour,"Narendra Modi tweets about Sydney Siege! Not a word about Manipur Blast! If only Manipur was not in India, he would have showed concern",24
"""Putin's continued absence suggests a palace coup."" Shooting Nemtsov may have been a bridge too far. 
http://t.co/bhvOjHDmFF",1,StephenFleming,putinmissing,rumour,"""Putin's continued absence suggests a palace coup."" Shooting Nemtsov may have been a bridge too far.",16
Flag in window of Sydney Lindt cafe not an ISIS flag. Reads: ‘There is no God but Allah and Muhammad is the messenger of God’ @SkyNewsAust,1,liztilley84,sydneysiege,rumour,Flag in window of Sydney Lindt cafe not an ISIS flag. Reads There is no God but Allah and Muhammad is the messenger of God,25
Thoughts &amp; Prayers to the family of Cpl. Nathan Frank Cirillo. killed today in Ottawa RIP @HONOUROURFORCES Pls RT http://t.co/D6L17wwfTw,1,HONOUROURFORCES,ottawashooting,rumour,Thoughts amp Prayers to the family of Cpl. Nathan Frank Cirillo. killed today in Ottawa RIP Pls RT,18
I might just be crazy! But I am in line for #Prince surprise show in Toronto!  #MasseyHall @3rdeyegirl,1,csimundson,prince-toronto,rumour,I might just be crazy! But I am in line for Prince surprise show in Toronto! MasseyHall,17
"Mother gets heartbreaking text from son: ‘'Mum, I'm in the cafe. I'm OK, can't talk' http://t.co/Zc5a87cejI #SydneySiege",0,DailyMailAU,sydneysiege,not_rumour,"Mother gets heartbreaking text from son 'Mum, I'm in the cafe. I'm OK, can't talk' SydneySiege",16
"BBC's Frank Gardner on #SydneySiege: ""This is not a sophisticated siege...the gunman has got the wrong [Islamic] flag"" #r4today",0,BBCr4today,sydneysiege,not_rumour,"BBC's Frank Gardner on SydneySiege ""This is not a sophisticated siege...the gunman has got the wrong Islamic flag"" r4today",19
"JUST IN: Officials report suspects in Charlie Hebdo massacre are dead, hostages freed http://t.co/2PckWLdDMv",0,GlobalGrindNews,charliehebdo,not_rumour,"JUST IN Officials report suspects in Charlie Hebdo massacre are dead, hostages freed",13
Hostages taken at Paris kosher supermarket. LIVE coverage: http://t.co/pPdZtg397o http://t.co/sfTrtKY2wr,0,ReutersLive,charliehebdo,not_rumour,Hostages taken at Paris kosher supermarket. LIVE coverage,8
"Photo of the 2 cartoonists killed in the attack on #CharlieHebdo in #Paris today. RIP.

via @LePoint. http://t.co/mms8xWU1Ze",1,rConflictNews,charliehebdo,rumour,Photo of the 2 cartoonists killed in the attack on CharlieHebdo in Paris today. RIP. via .,17
"Captain Johnson: ""This is our opportunity to show that you can trust (police)."" #Ferguson",0,AntonioFrench,ferguson,not_rumour,"Captain Johnson ""This is our opportunity to show that you can trust police ."" Ferguson",15
42) Is the #Ferguson investigation trying to get all of the facts to find the truth or trying to cover their behinds?,1,edeweysmith,ferguson,rumour,42 Is the Ferguson investigation trying to get all of the facts to find the truth or trying to cover their behinds?,22
9 Powerful Photos That Show #Ferguson Is Pretty Much Being Treated Like A War Zone http://t.co/LXKipJ2I6Q,0,Alyssa_Milano,ferguson,not_rumour,9 Powerful Photos That Show Ferguson Is Pretty Much Being Treated Like A War Zone,15
R.I.P to the passengers aboard the @germanwings flight over France today &amp; Love to their families &amp; friends,0,OneRepublic,germanwings-crash,not_rumour,R.I.P to the passengers aboard the flight over France today amp Love to their families amp friends,17
BREAKING: Heavily armed police storm Sydney cafe where gunman has been holding hostages.,1,AP,sydneysiege,rumour,BREAKING Heavily armed police storm Sydney cafe where gunman has been holding hostages.,13
"A terrorist attack in Sydney.
A major police operation is under way in Sydney, Australia.
http://t.co/XpJSqGJzn8 http://t.co/rdMiU10SNI",0,nilessh_desai,sydneysiege,not_rumour,"A terrorist attack in Sydney. A major police operation is under way in Sydney, Australia.",15
Mumbai lawyer Vijay Gaekwad in jail for blaspheming the prophet.No mention in msm as far as I'm aware. #CharlieHebdo https://t.co/1O5qtJPEJJ,0,rupasubramanya,charliehebdo,not_rumour,Mumbai lawyer Vijay Gaekwad in jail for blaspheming the prophet.No mention in msm as far as I'm aware. CharlieHebdo,19
Sickening. Stay Safe Sydney. Praying hard for all the hostages inside x,1,1PhoebeJTonkin,sydneysiege,rumour,Sickening. Stay Safe Sydney. Praying hard for all the hostages inside x,12
"Because, of course, when someone commits a robbery they stroll down the middle of the street where everyone can see them. #Ferguson",1,keithboykin,ferguson,rumour,"Because, of course, when someone commits a robbery they stroll down the middle of the street where everyone can see them. Ferguson",22
"#CharlieHebdo terrorists were on no fly list, known records. Mr. President, can we now revoke the passports of American ISIS fighters?",0,DLoesch,charliehebdo,not_rumour,"CharlieHebdo terrorists were on no fly list, known records. Mr. President, can we now revoke the passports of American ISIS fighters?",21
#illridewithyou and #respectformuslims and #jesuischarlie all trended worldwide. Not so much on #jesuisjuif. Jewish blood is cheap.,0,benshapiro,charliehebdo,not_rumour,illridewithyou and respectformuslims and jesuischarlie all trended worldwide. Not so much on jesuisjuif. Jewish blood is cheap.,17
BREAKING: Hostage taken after Charlie Hebdo suspects sighted north of Paris http://t.co/nXWWIfklMi,1,HuffingtonPost,charliehebdo,rumour,BREAKING Hostage taken after Charlie Hebdo suspects sighted north of Paris,11
Sydney Opera House has been completely evacuated and Sydney airspace closed. #siege,1,Sandra_Sully,sydneysiege,rumour,Sydney Opera House has been completely evacuated and Sydney airspace closed. siege,12
Disgusting: MO chapter of Klan raising money as “reward” for the officer killing #MikeBrown. #Ferguson #UniteBlue http://t.co/xRCCazRSFs,1,UniteBlueTX,ferguson,rumour,Disgusting MO chapter of Klan raising money as reward for the officer killing MikeBrown. Ferguson UniteBlue,16
VIDEO: Prince to perform a surprise show in Toronto http://t.co/nBkcvGZeg3 http://t.co/NTsPuCpKUa,1,BTtoronto,prince-toronto,rumour,VIDEO Prince to perform a surprise show in Toronto,9
"US police needs to learn from Aussie police in dealing with crisis. Patience and negotiations, not shoot first think later #sydneysiege",0,ArfaShahid,sydneysiege,not_rumour,"US police needs to learn from Aussie police in dealing with crisis. Patience and negotiations, not shoot first think later sydneysiege",21
Will Bern's Museum of Fine Arts accept the controversial #Gurlitt collection? http://t.co/2g9lQgnUwG #art #stolen @KunstmuseumBern,0,swissinfo_en,gurlitt,not_rumour,Will Bern's Museum of Fine Arts accept the controversial Gurlitt collection? art stolen,13
Swiss Museum Debates Expensive and Unsought Responsibility of Gurlitt Hoard http://t.co/DWgVRwOZ7o,1,artmarket,gurlitt,rumour,Swiss Museum Debates Expensive and Unsought Responsibility of GurlittHoard,9
A Great Grandmother in #Ferguson came out &amp; stood with the young for #MikeBrown.  This is our city. http://t.co/liKmCfhQ9b,0,PresReed,ferguson,not_rumour,A Great Grandmother in Ferguson came out amp stood with the young for MikeBrown. This is our city.,18
#Swiss Museum to Accept Gurlitt 'Nazi Art': The rightful owners will be identified first and great art will unhoarded.A win-win situation.,1,OntarioCanuck,gurlitt,rumour,Swiss Museum to Accept Gurlitt 'Nazi Art' The rightful owners will be identified first and great art will unhoarded.A win-win situation.,21
"Strange flag in #Sydney, not the one affiliated with #ISIS. http://t.co/36m6A3AKSb",1,zaidbenjamin,sydneysiege,rumour,"Strange flag in Sydney, not the one affiliated with ISIS.",10
"Man Haron Monis, named as the #sydneysiege gunman, may have a ""fetish for self-publicity"". http://t.co/UdkysqURCT http://t.co/vNDbnOkdt8",0,SkyNews,sydneysiege,not_rumour,"Man Haron Monis, named as the sydneysiege gunman, may have a ""fetish for self-publicity"".",14
Freedom of speech is a right as much as a cause worth fighting for. Obscurantism is a danger made real today #CharlieHebdo,0,jean_jullien,charliehebdo,not_rumour,Freedom of speech is a right as much as a cause worth fighting for. Obscurantism is a danger made real today CharlieHebdo,22
"And I'm now officially done with @Uber, which is price gouging during AU hostage crisis. What sad sorry clowns. http://t.co/OTwTz3E8UM",1,sethmnookin,sydneysiege,rumour,"And I'm now officially done with , which is price gouging during AU hostage crisis. What sad sorry clowns.",19
Ottawa police: Actively looking for one or more suspects in Canadian parliament shooting. http://t.co/UQ4xo5jvhF,1,Reuters,ottawashooting,rumour,Ottawa police Actively looking for one or more suspects in Canadian parliament shooting.,13
"#CharlieHebdo suspects, the #KouachiBrothers, both killed, local mayor tells CNN. http://t.co/7Bxdhozq4H http://t.co/l1f32IA2yK",0,cnnbrk,charliehebdo,not_rumour,"CharlieHebdo suspects, the KouachiBrothers, both killed, local mayor tells CNN.",10
The flag held in #Sydney cafe window is a Shahadah flag (left) not an ISIS flag (right) #MartinPlace #sydneysiege http://t.co/lwbbGBRUW1,1,StefSimanowitz,sydneysiege,rumour,The flag held in Sydney cafe window is a Shahadah flag left not an ISIS flag right MartinPlace sydneysiege,19
The suspect in a Paris kosher supermarket siege killed two people and is holding hostages http://t.co/5SVEWDrw1F,1,nytimes,charliehebdo,rumour,The suspect in a Paris kosher supermarket siege killed two people and is holding hostages,15
"""I am Charlie"": Huge vigils held around France, condemning attacks in Paris http://t.co/jO1tFdthfG #CharlieHebdo http://t.co/M6Hr0Md7Fj",0,WSJ,charliehebdo,not_rumour,"""I am Charlie"" Huge vigils held around France, condemning attacks in Paris CharlieHebdo",13
Recovered black box shows a pilot was locked out of the Germanwings cockpit before the crash http://t.co/ac6AdA5NKL http://t.co/bxgMNjEGeW,1,WIRED,germanwings-crash,rumour,Recovered black box shows a pilot was locked out of the Germanwings cockpit before the crash,16
"Today, we are all #Charlie. #CondeNastFrance supports #CharlieHebdo http://t.co/CU0eFNk7tL #JeSuisCharlie http://t.co/b2wPIasbxa",0,VogueParis,charliehebdo,not_rumour,"Today, we are all Charlie. CondeNastFrance supports CharlieHebdo JeSuisCharlie",9
"Charlie Hebdo will publish this week with a print run of 1 million, up from the usual 60,000 http://t.co/Xy5jyLxGZt http://t.co/5P7HpPUAT2",0,VanityFair,charliehebdo,not_rumour,"Charlie Hebdo will publish this week with a print run of 1 million, up from the usual 60,000",18
MUSLIMS around the world celebrate terrorist attack killing 12 in Paris http://t.co/LdWu6Ie24y,0,TRobinsonNewEra,charliehebdo,not_rumour,MUSLIMS around the world celebrate terrorist attack killing 12 in Paris,11
Germanwings Airbus A320 en route from Barcleona to Dusseldorf crashes in southern French Alps - 148 people on board http://t.co/dqXZQFlg9U,1,rtenews,germanwings-crash,rumour,Germanwings Airbus A320 en route from Barcleona to Dusseldorf crashes in southern French Alps - 148 people on board,19
Prince will NOT be performing a secret show in Toronto tonight despite fans waiting in the (purple) rain all day http://t.co/DSxU8mODEE,1,HuffPostCaMusic,prince-toronto,rumour,Prince will NOT be performing a secret show in Toronto tonight despite fans waiting in the purple rain all day,20
"Update - The editor-in-chief of #CharlieHebdo Gerard Biard says a ""newspaper is not a weapon of war"" #Paris",0,SkyNewsBreak,charliehebdo,not_rumour,"Update - The editor-in-chief of CharlieHebdo Gerard Biard says a ""newspaper is not a weapon of war"" Paris",18
Look at the best of Charlie Hebdo's covers right here http://t.co/7SHjMeJ0iD http://t.co/H3nWH6q0Cy,0,justinjm1,charliehebdo,not_rumour,Look at the best of Charlie Hebdo's covers right here,10
"I asked PD about charges that ppl were tear gassed on their porches. Said ""we were too. Depends on how wind is blowing."" #ferguson",0,jelani9,ferguson,not_rumour,"I asked PD about charges that ppl were tear gassed on their porches. Said ""we were too. Depends on how wind is blowing."" ferguson",24
"Prince not playing Massey Hall tonight, promoter says http://t.co/clVHvM07kx http://t.co/IADirsFOOC",1,CBCNews,prince-toronto,rumour,"Prince not playing Massey Hall tonight, promoter says",8
All these people offering a ride with Muslims. Know that whats done was by idiots not Muslims. #sydneysiege http://t.co/24vGN7VE96,0,akh_fuaadh,sydneysiege,not_rumour,All these people offering a ride with Muslims. Know that whats done was by idiots not Muslims. sydneysiege,18
Prince fans still holding out hope outside Massey Hall even after being told there will be no show tonight. http://t.co/JjjAImOgKr,1,Misener680News,prince-toronto,rumour,Prince fans still holding out hope outside Massey Hall even after being told there will be no show tonight.,19
Charlie Hebdo Suspects and Police Are Said to Exchange Fire Northeast of Paris http://t.co/PAeylkumvD,1,nytimes,charliehebdo,rumour,Charlie Hebdo Suspects and Police Are Said to Exchange Fire Northeast of Paris,13
The Sydney attack gunman identified as Sheikh Man Haron Monis #SydneyCafeSiege #SydneySiege http://t.co/WUpPliupbK,0,timesnow,sydneysiege,not_rumour,The Sydney attack gunman identified as Sheikh Man Haron Monis SydneyCafeSiege SydneySiege,12
Look at how US govt treats black community! It's not about 50-100 years ago but it's about today! #Ferguson,0,khamenei_ir,ferguson,not_rumour,Look at how US govt treats black community! It's not about 50-100 years ago but it's about today! Ferguson,19
At least 2 injured in new shootout in Eastern Paris / 5 hostages held in Kosher supermarket http://t.co/LdSF5QeCiv http://t.co/cmqBNfDpwd,1,FRANCE24,charliehebdo,rumour,At least 2 injured in new shootout in Eastern Paris 5 hostages held in Kosher supermarket,16
"In case YouTube vid disappears, here's childhood friend on tonight's #Ferguson ""drive by"" #Bullshit #OpFerguson http://t.co/tkc6oIniUY",1,occbaystreet,ferguson,rumour,"In case YouTube vid disappears, here's childhood friend on tonight's Ferguson ""drive by"" Bullshit OpFerguson",15
"Kouachi brothers, suspects in #CharlieHebdo massacre, killed as police storm building outside Paris - reports http://t.co/utGjvxPhOi",0,BBCBreaking,charliehebdo,not_rumour,"Kouachi brothers, suspects in CharlieHebdo massacre, killed as police storm building outside Paris - reports",15
"This made me tear up, I am SO proud to be Australian. #NOWLETOURMATESGO #sydneysiege http://t.co/hFoTQs4Itl",0,pisceshes,sydneysiege,not_rumour,"This made me tear up, I am SO proud to be Australian. NOWLETOURMATESGO sydneysiege",14
"Toronto, we just got Rick Rolled by Prince. We can either riot or we can go home and cry together. I'm down for whatever, really.",1,loudmouthjulia,prince-toronto,rumour,"Toronto, we just got Rick Rolled by Prince. We can either riot or we can go home and cry together. I'm down for whatever, really.",25
"Prince is insulted by Massey Hall's reservation costs, books a show at Izakaya Sushi House #princeTOrumours",1,excitement,prince-toronto,rumour,"Prince is insulted by Massey Hall's reservation costs, books a show at Izakaya Sushi House princeTOrumours",16
All passengers and crew feared dead after A320 plane crashes in southern France  http://t.co/H3YACXHTjK #4U9525 More to follow.,1,WSJ,germanwings-crash,rumour,All passengers and crew feared dead after A320 plane crashes in southern France 4U9525 More to follow.,17
"MUSLIM CONVERT? A German news website, http://t.co/sZQQ0pKwM1 claims Andreas Lubitz was a Muslim convert http://t.co/nX2CXzgiJr",1,slone,germanwings-crash,rumour,"MUSLIM CONVERT? A German news website, claims Andreas Lubitz was a Muslim convert",13
VIDEO: Flashes seen in shop as explosions are heard at site of hostage-taking in central Paris http://t.co/zi2ajm8OLz,0,SkyNews,charliehebdo,not_rumour,VIDEO Flashes seen in shop as explosions are heard at site of hostage-taking in central Paris,16
"Gathering in support of #CharlieHebdo at 6pm in Trafalgar Square, London. Please share widely https://t.co/4a2f2NONyR http://t.co/4dbswcQsKS",0,becksunyer,charliehebdo,not_rumour,"Gathering in support of CharlieHebdo at 6pm in Trafalgar Square, London. Please share widely",14
"Seeing reports that soldier shot at War Memorial is still alive. Hang in there, brother. All of Canada is with you.",1,joshuahind,ottawashooting,rumour,"Seeing reports that soldier shot at War Memorial is still alive. Hang in there, brother. All of Canada is with you.",21
"The #sydneysiege is over! Confirmed by Sydney Police on twitter!
Thank god! I hope everyone are and stays safe!",0,1DAlert,sydneysiege,not_rumour,The sydneysiege is over! Confirmed by Sydney Police on twitter! Thank god! I hope everyone are and stays safe!,19
"Police warn people in Ottawa to ""stay away from windows &amp; off roofs"" after Parliament shooting - follow our coverage: http://t.co/Nud36Yki9P",0,BBCBreaking,ottawashooting,not_rumour,"Police warn people in Ottawa to ""stay away from windows amp off roofs"" after Parliament shooting - follow our coverage",20
"""@smokey: ""You can't jump over a murder &amp; talk to me about some cigars…""  @thereval @newsone #Ferguson"" #KeepingItRealRadio",1,TheRevAl,ferguson,rumour,""" ""You can't jump over a murder amp talk to me about some cigars"" Ferguson"" KeepingItRealRadio",16
"Right now in #Ferguson, MO following the killing of 17-year-old #MikeBrown http://t.co/caqdthrkq0",0,AntonioFrench,ferguson,not_rumour,"Right now in Ferguson, MO following the killing of 17-year-old MikeBrown",11
"BREAKING: French President Francois Hollande says “apparently no survivors"" in Germanwings crash, at least 148 passengers on the plane",1,ABC,germanwings-crash,rumour,"BREAKING French President Francois Hollande says apparently no survivors"" in Germanwings crash, at least 148 passengers on the plane",19
Rev Jesse Jackson leading procession to shooting site. #Ferguson #MichaelBrown @stltoday http://t.co/ElWD9jGEFA,0,stevegiegerich,ferguson,not_rumour,Rev Jesse Jackson leading procession to shooting site. Ferguson MichaelBrown,10
Soldier killed at war memorial identified as Cpl. Nathan Cirillo #ottawashooting http://t.co/jlUKClnuNi http://t.co/GpU2jH26YP,1,globeandmail,ottawashooting,rumour,Soldier killed at war memorial identified as Cpl. Nathan Cirillo ottawashooting,11
Grand Mufti of Australia statement condemning #SydneySiege http://t.co/8juQ032EdP,1,_AdamTodd,sydneysiege,rumour,Grand Mufti of Australia statement condemning SydneySiege,7
Sarkozy on #CharlieHebdo in 2011: prefer “an excess of caricature to an excess of censorship” http://t.co/aQZBlwbwjJ http://t.co/JDSRgnFoft,0,TheEconomist,charliehebdo,not_rumour,Sarkozy on CharlieHebdo in 2011 prefer an excess of caricature to an excess of censorship,15
#BREAKING HOSTAGES TAKEN AT A BUSINESS IN DAMMARTIN-EN-GOELE - RTL REPORTS #France http://t.co/aa3FJVho8K,1,russian_market,charliehebdo,rumour,BREAKING HOSTAGES TAKEN AT A BUSINESS IN DAMMARTIN-EN-GOELE - RTL REPORTS France,12
This is not going to end well in Sydney . Wake up Britain it's coming here.,0,TRobinsonNewEra,sydneysiege,not_rumour,This is not going to end well in Sydney . Wake up Britain it's coming here.,16
"France's most talented cartoonists:Cabu, Wolinski, Charb, Tignous died in #CharlieHebdo attack http://t.co/HrNScpSyMj http://t.co/GSG45GlgIt",1,AgnesCPoirier,charliehebdo,rumour,"France's most talented cartoonists Cabu, Wolinski, Charb, Tignous died in CharlieHebdo attack",12
"Ukrainian journalists in front of embassy of #France today, via @HromadskeTV #JeSuisCharlie #CharlieHebdo http://t.co/UDymk4KC0K",0,Kateryna_Kruk,charliehebdo,not_rumour,"Ukrainian journalists in front of embassy of France today, via JeSuisCharlie CharlieHebdo",12
"Dear confused right-wing friends: my article was about Monday's car incident, not the Ottawa shooting this morning https://t.co/dPCtNJW3mv",0,ggreenwald,ottawashooting,not_rumour,"Dear confused right-wing friends my article was about Monday's car incident, not the Ottawa shooting this morning",17
"Surviving Charlie Hebdo staff say they'll publish next week, with 1m print run http://t.co/I5j0QKEZHX",0,arusbridger,charliehebdo,not_rumour,"Surviving Charlie Hebdo staff say they'll publish next week, with 1m print run",13
"Terrorist Attack #footage today, 11 dead in Paris @Charlie_Hebdo_  newspaper http://t.co/5sIQslHCeh",1,PriceSlicerUK,charliehebdo,rumour,"Terrorist Attack footage today, 11 dead in Paris newspaper",9
A loud bang was reportedly heard moments before a group of hostages fled the cafe http://t.co/IxPuyIrNy2 #sydneysiege http://t.co/PjH3lFYdNW,1,SkyNews,sydneysiege,rumour,A loud bang was reportedly heard moments before a group of hostages fled the cafe sydneysiege,16
"TORONTO 2NITE: This is a page from @Ticketmaster which states Prince is playing @masseyhall 

 http://t.co/pjsH9JAnnq http://t.co/72ioWI7EfN",1,PrinceMuseum,prince-toronto,rumour,TORONTO 2NITE This is a page from which states Prince is playing,12
"Thoughts with those affected by #CharlieHebdo attack, particularly those brave #police colleagues killed in the line of duty. #policefamily",0,PoliceChiefs,charliehebdo,not_rumour,"Thoughts with those affected by CharlieHebdo attack, particularly those brave police colleagues killed in the line of duty. policefamily",19
Hostages taken in Sydney cafe as Islamic flag is reportedly flown http://t.co/OD9gOTGh2w,1,business,sydneysiege,rumour,Hostages taken in Sydney cafe as Islamic flag is reportedly flown,11
"Paris-based journalist says the attack on Charlie Hebdo's HQ involved men armed with ""rocket propelled grenades"" http://t.co/1PJH17mcLz",1,SkyNews,charliehebdo,rumour,"Paris-based journalist says the attack on Charlie Hebdo's HQ involved men armed with ""rocket propelled grenades""",16
#DEVELOPING story here: Soldier shot in Ottawa at War Memorial http://t.co/jjL9ezaDjt,1,CTVNews,ottawashooting,rumour,DEVELOPING story here Soldier shot in Ottawa at War Memorial,10
"This is not a ""black"" loss. This is a loss for America, and everyone should be concerned, outraged &amp; involved. #Ferguson",0,QuiltingMuriel,ferguson,not_rumour,"This is not a ""black"" loss. This is a loss for America, and everyone should be concerned, outraged amp involved. Ferguson",21
Swiss museum accepts art from Gurlitt http://t.co/DFak0YrOry via @WSJ,1,WSJ,gurlitt,rumour,Swiss museum accepts art from Gurlitt via,7
Hostages have reportedly been taken as police pursue gunmen responsible for the #ParisAttack http://t.co/RkQMx9cijy http://t.co/CilbwL4ewF,1,SkyNews,charliehebdo,rumour,Hostages have reportedly been taken as police pursue gunmen responsible for the ParisAttack,13
"Latest update from @germanwings - now saying 144 passengers and six crew, so 150 people on board A320 that crashed http://t.co/uj1VdJyW5s",1,tomsteinfort,germanwings-crash,rumour,"Latest update from - now saying 144 passengers and six crew, so 150 people on board A320 that crashed",19
Just went past 12 hours since this #sydneysiege started. We ALL just want to see everyone out safely. #7News,0,melissadoyle,sydneysiege,not_rumour,Just went past 12 hours since this sydneysiege started. We ALL just want to see everyone out safely. 7News,19
#Banksy's response to today's incident in Paris via his official #Instagram acct http://t.co/LtJ7vgGLau #CharlieHebdo http://t.co/mxbP6olZQD,1,MattNavarra,charliehebdo,rumour,Banksy's response to today's incident in Paris via his official Instagram acct CharlieHebdo,13
PRINCE in Toronto details. Just a production rehearsal...? http://t.co/c8wGBIFnR8,1,TheStromboShow,prince-toronto,rumour,PRINCE in Toronto details. Just a production rehearsal...?,8
Charlie Hebdo: this map pinpoints the four key locations in the dual sieges – live updates http://t.co/CbQCu50ckl http://t.co/6Cpy1BmKQO,0,guardian,charliehebdo,not_rumour,Charlie Hebdo this map pinpoints the four key locations in the dual sieges live updates,15
"BREAKING: Germanwings CEO: Plane victims included 72 German citizens, 35 Spaniards, 2 Americans.",1,AP,germanwings-crash,rumour,"BREAKING Germanwings CEO Plane victims included 72 German citizens, 35 Spaniards, 2 Americans.",13
Canadian authorities have given name of suspect in Ottawa attacks to U.S. feds; ask for FBI assistance: Sr U.S. law enforcement official,1,RamCNN,ottawashooting,rumour,Canadian authorities have given name of suspect in Ottawa attacks to U.S. feds ask for FBI assistance Sr U.S. law enforcement official,22
"Say a prayer for those being held hostage in the Lindt cafe in Martin Place, Sydney. #sydneysiege",1,BenFordham,sydneysiege,rumour,"Say a prayer for those being held hostage in the Lindt cafe in Martin Place, Sydney. sydneysiege",17
"UPDATE: There are reports police have discovered the identity of the lone gunman, with the #SydneySiege in its sixth hour. #9News",1,9NewsSyd,sydneysiege,rumour,"UPDATE There are reports police have discovered the identity of the lone gunman, with the SydneySiege in its sixth hour. 9News",21
"ALERT France's transport minister says distress signal was sent from Germanwings plane - @patthomas, @europe1 http://t.co/Ni7bJyJ52i",1,airlivenet,germanwings-crash,rumour,"ALERT France's transport minister says distress signal was sent from Germanwings plane - ,",14
Event promoter says no surprise Prince show at Massey Hall Tuesday http://t.co/BArev1GALQ,1,globalnewsto,prince-toronto,rumour,Event promoter says no surprise Prince show at Massey Hall Tuesday,11
"#CharlieHebdo editor, assassinated today, said in 2012: ""I prefer to die standing than to live on my knees."" http://t.co/B3tWnIyYN9",0,grasswire,charliehebdo,not_rumour,"CharlieHebdo editor, assassinated today, said in 2012 ""I prefer to die standing than to live on my knees.""",18
Hoppla! @L0gg0l: Swiss Rumors: Putin absence due to girlfriend Alina giving birth in Ticino http://t.co/vZnGDH1Qys http://t.co/5TvXSdvd1H,1,russian_market,putinmissing,rumour,Hoppla! Swiss Rumors Putin absence due to girlfriend Alina giving birth in Ticino,13
Hostage-taker at Paris grocery is suspect in fatal shooting of officer; official confirms that shooting linked to newspaper attack - @AP,1,BreakingNews,charliehebdo,rumour,Hostage-taker at Paris grocery is suspect in fatal shooting of officer official confirms that shooting linked to newspaper attack -,20
RT @guardian: Sydney siege: hostages in Australian cafe forced to hold black and white Islamic flag to windows http://t.co/i2sx7hWU4K #sydn…,1,humor9640,sydneysiege,rumour,Sydney siege hostages in Australian cafe forced to hold black and white Islamic flag to windows sydn,17
"Murder math, #Ferguson edition.

Via @KattPackAllDay... I think. http://t.co/XrF2Vm8GRV",0,Marmel,ferguson,not_rumour,"Murder math, Ferguson edition. Via ... I think.",8
UPDATE: One shooter possibly on the loose in #Ottawa amid reports of shootings in the city: http://t.co/tjycT5YQcv,1,FoxNews,ottawashooting,rumour,UPDATE One shooter possibly on the loose in Ottawa amid reports of shootings in the city,16
"Ottawa Police confirms 1 gunman dead, 1 soldier killed in #OttawaShooting  http://t.co/pI1qVrCQBe http://t.co/wDK64hpO7H",1,BBCBreaking,ottawashooting,rumour,"Ottawa Police confirms 1 gunman dead, 1 soldier killed in OttawaShooting",11
VIDEO -  BREAKING NEWS - Germanwings plane crashes en route from Barcelona to Dusseldorf http://t.co/0LdGZfSU5w http://t.co/e7tB0eENhi,0,France24_en,germanwings-crash,not_rumour,VIDEO - BREAKING NEWS - Germanwings plane crashes en route from Barcelona to Dusseldorf,14
"DEVELOPING: Police pursuing #CharlieHebdo shooting suspects, helicopters deployed - LIVE FEED: http://t.co/GRxHibEau2 http://t.co/pDlmmCax1B",1,RT_com,charliehebdo,rumour,"DEVELOPING Police pursuing CharlieHebdo shooting suspects, helicopters deployed - LIVE FEED",11
"Sydney police and gov't officials asking public on site not to tweet info about #MartinPlaceSiege because could be ""tactically important""",0,PhilipIglauer,sydneysiege,not_rumour,"Sydney police and gov't officials asking public on site not to tweet info about MartinPlaceSiege because could be ""tactically important""",20
BREAKING: Police forces storm Paris kosher grocery where gunman holds 5 hostages; woman seen leaving.,0,AP,charliehebdo,not_rumour,BREAKING Police forces storm Paris kosher grocery where gunman holds 5 hostages woman seen leaving.,15
"Police have clarified that there were two shootings in Ottawa today, not three: at the War Memorial and Parliament Hill.",1,CTVNews,ottawashooting,rumour,"Police have clarified that there were two shootings in Ottawa today, not three at the War Memorial and Parliament Hill.",20
"""How can you just leave me standing, alone in a world that's so cold?""
― Prince fans in line outside Massey Hall since 7am",1,LaurenPelley,prince-toronto,rumour,"""How can you just leave me standing, alone in a world that's so cold?"" Prince fans in line outside Massey Hall since 7am",23
BREAKING NEWS: GUNMAN DEMANDING TO SPEAK TO AUSTRALIAN PRIME MINISTER AND ALSO ASKING FOR AN ISLAMIC STATE FLAG TO BE BROUGHT TO LINDT CAFE.,1,PzFeed,sydneysiege,rumour,BREAKING NEWS GUNMAN DEMANDING TO SPEAK TO AUSTRALIAN PRIME MINISTER AND ALSO ASKING FOR AN ISLAMIC STATE FLAG TO BE BROUGHT TO LINDT CAFE.,24
I'm horrified at the anti-Catalan and anti-German tweets coming from Spanish trolls on Twitter. I will not RT them. #Shame #GermanWings,0,lizcastro,germanwings-crash,not_rumour,I'm horrified at the anti-Catalan and anti-German tweets coming from Spanish trolls on Twitter. I will not RT them. Shame GermanWings,21
"I do not agree with what you have to say, but I'll defend to the death your right to say it - Voltaire #CharlieHebdo http://t.co/Mbn5SiWA7Z",0,steveclarkuk,charliehebdo,not_rumour,"I do not agree with what you have to say, but I'll defend to the death your right to say it - Voltaire CharlieHebdo",24
"“There are causes worth dying for, but none worth killing for.” ~ Albert Camus
#CharlieHebdo",0,craigstone_,charliehebdo,not_rumour,"There are causes worth dying for, but none worth killing for. Albert Camus CharlieHebdo",14
"UPDATE: Aerials are coming in from Sydney Opera House, with reports it has also been evacuated. #9News http://t.co/3TZuXoY2fI",1,9NewsSyd,sydneysiege,rumour,"UPDATE Aerials are coming in from Sydney Opera House, with reports it has also been evacuated. 9News",17
#Ferguson Chief confirmed name of officer who shot #MichaelBrown is Darren Wilson. @ksdknews,1,YourAnonNews,ferguson,rumour,Ferguson Chief confirmed name of officer who shot MichaelBrown is Darren Wilson.,12
"#BREAKING
#OTTAWA police are asking Facebook and twitter users to stop reporting police locations 
#ParliamentHill",0,1310NewsDay,ottawashooting,not_rumour,BREAKING OTTAWA police are asking Facebook and twitter users to stop reporting police locations ParliamentHill,15
Suspects in Thursday slaying of policewoman and current hostage situation in the East of Paris. AFP http://t.co/sDwgb6GEDw,1,PzFeed,charliehebdo,rumour,Suspects in Thursday slaying of policewoman and current hostage situation in the East of Paris. AFP,16
Police say two #charlieHebdo killers have been killed north of Paris. Hostages also released in super market. Coordinated police response,1,mattfrei,charliehebdo,rumour,Police say two charlieHebdo killers have been killed north of Paris. Hostages also released in super market. Coordinated police response,20
"Call out to STL Co police: only can confirm a person shot on Chambers, and is down. No word on alive or dead, or why. #Ferguson",1,AllisonBlood,ferguson,rumour,"Call out to STL Co police only can confirm a person shot on Chambers, and is down. No word on alive or dead, or why. Ferguson",26
"Wow. Turkish pro-gov newspaper claims US media totally ignored #Ferguson, news blackout etc.. http://t.co/tCQs13M0sR http://t.co/siuPC0MtZK",0,zeynep,ferguson,not_rumour,"Wow. Turkish pro-gov newspaper claims US media totally ignored Ferguson, news blackout etc..",13
My thoughts and prayers are with injured soldier. And such deep thanks to the security and RCMP on the Hill. #shooting #parliament,1,ElizabethMay,ottawashooting,rumour,My thoughts and prayers are with injured soldier. And such deep thanks to the security and RCMP on the Hill. shooting parliament,22
"Now we are confirming 10 dead in #Paris #CharlieHebdo shooting, via prosecutors office @AFP",1,EricWRandolph,charliehebdo,rumour,"Now we are confirming 10 dead in Paris CharlieHebdo shooting, via prosecutors office",13
"Andreas Lubitz, copilot who apparently deliberately crashed Germanwings 9525, was 24 yrs old. ""He had no reason to do it,"" prosecutor says.",1,TerryMoran,germanwings-crash,rumour,"Andreas Lubitz, copilot who apparently deliberately crashed Germanwings 9525, was 24 yrs old. ""He had no reason to do it,"" prosecutor says.",22
"The AFP have said the hostage taker is monitoring social media, according to Guardian Australia sources. #sydneysiege",0,bkjabour,sydneysiege,not_rumour,"The AFP have said the hostage taker is monitoring social media, according to Guardian Australia sources. sydneysiege",17
"So Americans think excessive police presence in #Ferguson was too much

How do you stop hooligans from looting? Ice Cream Truck and songs?",0,WayneDupreeShow,ferguson,not_rumour,So Americans think excessive police presence in Ferguson was too much How do you stop hooligans from looting? Ice Cream Truck and songs?,23
"Simply shocked at what's unfolding in Canada's capital. Thinking of you, Ottawa.",0,kevinolearytv,ottawashooting,not_rumour,"Simply shocked at what's unfolding in Canada's capital. Thinking of you, Ottawa.",12
AFP: an official says a Canadian soldier has died after being shot in #OttawaShooting,1,SkyNewsBreak,ottawashooting,rumour,AFP an official says a Canadian soldier has died after being shot in OttawaShooting,14
‘Banksy’ Instagram tribute to #CharlieHebdo victims not posted by artist http://t.co/EKlScFGWVu (Pic: Lucille Clerc) http://t.co/ZYEBaU8YUQ,1,Telegraph,charliehebdo,rumour,Banksy Instagram tribute to CharlieHebdo victims not posted by artist Pic Lucille Clerc,13
UPDATE: Gunman in kosher grocery store is demanding the release of the suspects in #CharlieHebdo shooting - Reports http://t.co/1Y123fisl2,1,RT_com,charliehebdo,rumour,UPDATE Gunman in kosher grocery store is demanding the release of the suspects in CharlieHebdo shooting - Reports,18
Фейк?! или #Путина #убили! According to reports in Russia there was a military coup. President Vladimir #Putin killed http://t.co/tuXds42w94,1,mikolakogyt,putinmissing,rumour,?! ! According to reports in Russia there was a military coup. President Vladimir Putin killed,16
"An Airbus A320 plane operated by Germanwings crashed in France near Digne les Bains, French Prime Minister says. http://t.co/iWeLBpmiHS",0,cnnbrk,germanwings-crash,not_rumour,"An Airbus A320 plane operated by Germanwings crashed in France near Digne les Bains, French Prime Minister says.",18
"NORAD increases number of planes on higher alert status ready to respond if necessary, official says. http://t.co/qsAnGNqBEw #OttawaShooting",1,cnni,ottawashooting,rumour,"NORAD increases number of planes on higher alert status ready to respond if necessary, official says. OttawaShooting",17
Australians tweet #illridewithyou to support Muslims fearing an anti-Islam backlash from the Sydney hostage siege http://t.co/sIu9ovm0l8,0,AFP,sydneysiege,not_rumour,Australians tweet illridewithyou to support Muslims fearing an anti-Islam backlash from the Sydney hostage siege,15
#RIGHTNOW all bridges from #Ottawa #Gatineau are NOW CLOSED! Active search still underway (11:37est) #ParliamentHill http://t.co/FMpAcCAI2b,1,1310NewsDay,ottawashooting,rumour,RIGHTNOW all bridges from Ottawa Gatineau are NOW CLOSED! Active search still underway 11 37est ParliamentHill,16
No Russian leader as charismatic as Putin except Nemtsov. Coup scenario: Whoever broke cardinal rule &amp;ordered Nemtsov hit needed him gone.,1,AndreaChalupa,putinmissing,rumour,No Russian leader as charismatic as Putin except Nemtsov. Coup scenario Whoever broke cardinal rule amp ordered Nemtsov hit needed him gone.,22
Gendarmerie arrive at the hostage taking in Dammartin-en-Goele. Latest: http://t.co/7N7uvClhWY (Pic:Martmann/Reuters) http://t.co/kntlzzmvHm,1,Telegraph,charliehebdo,rumour,Gendarmerie arrive at the hostage taking in Dammartin-en-Goele. Latest Pic Martmann Reuters,12
Twelve people confirmed dead in shooting at French satirical magazine Charlie Hebdo in Paris http://t.co/X6UWH7PFP1 http://t.co/TCWtE8nkpm,1,Channel4News,charliehebdo,rumour,Twelve people confirmed dead in shooting at French satirical magazine Charlie Hebdo in Paris,14
So @prince Concert @masseyhall  4 tickets/person &amp; max seating is 3300 Still a chance if you want to brave it! #Prince#Toronto,1,EventsMode,prince-toronto,rumour,So Concert 4 tickets person amp max seating is 3300 Still a chance if you want to brave it! PrinceToronto,20
Watch @CBCNews coverage of the Ottawa shootings put American cable news to shame. My summary: http://t.co/fOhss2d2u9 via @motherjones,0,jameswest2010,ottawashooting,not_rumour,Watch coverage of the Ottawa shootings put American cable news to shame. My summary via,15
Islam is NOT religion of peace✌️it's theory of conquest that seeks domination by any means-Ali http://t.co/qLfQjIivyH  #CharlieHebdo,0,peddoc63,charliehebdo,not_rumour,Islam is NOT religion of peaceit's theory of conquest that seeks domination by any means-Ali CharlieHebdo,16
Makes me sad what's going on in Ottawa right now. Thoughts and prays to everyone involved. Everybody stay safe,0,ErikKarlsson65,ottawashooting,not_rumour,Makes me sad what's going on in Ottawa right now. Thoughts and prays to everyone involved. Everybody stay safe,19
Wow! What was the point of bring out the robbery footage today if it had nothing to do with Michael Brown being stopped? #Ferguson,1,MrJamesFortune,ferguson,rumour,Wow! What was the point of bring out the robbery footage today if it had nothing to do with Michael Brown being stopped? Ferguson,24
"Just landed, Barcelona to Kaunas. Found out about the Germanwings airplane tragedy. Our thoughts are with the passengers and their families.",0,BokiNachbar,germanwings-crash,not_rumour,"Just landed, Barcelona to Kaunas. Found out about the Germanwings airplane tragedy. Our thoughts are with the passengers and their families.",21
#HamOnt reservist Nathan Cirillo was on duty in Ottawa today when he was fatally shot. http://t.co/ChPobw7w2x,1,EmmaatTheSpec,ottawashooting,rumour,HamOnt reservist Nathan Cirillo was on duty in Ottawa today when he was fatally shot.,15
"BREAKING: French police convoy, helicopters rush to scene of operation to detain #CharlieHebdo shooting suspects, AP says",1,FoxNews,charliehebdo,rumour,"BREAKING French police convoy, helicopters rush to scene of operation to detain CharlieHebdo shooting suspects, AP says",17
"#MaryamrajaviI offer my condolences to families of the victims, French Government and people in this tragic attack #CharlieHebdo #Paris",0,Maryam_Rajavi,charliehebdo,not_rumour,"MaryamrajaviI offer my condolences to families of the victims, French Government and people in this tragic attack CharlieHebdo Paris",19
Huge crowd gathered in Union Square to show solidarity with France. #JeSuisCharlie Via http://t.co/7vXG6qtZRQ http://t.co/bdDjJUyXsZ,0,NYCityAlerts,charliehebdo,not_rumour,Huge crowd gathered in Union Square to show solidarity with France. JeSuisCharlie Via,13
These are not timid colours; soldiers back guarding Tomb of Unknown Soldier after today's shooting #StandforCanada http://t.co/7KoW2xATKG,1,SeanOsmar,ottawashooting,rumour,These are not timid colours soldiers back guarding Tomb of Unknown Soldier after today's shooting StandforCanada,16
"""Activists"" call #Ferguson PD ""pigs,"" ""racist,"" ""apartheid,"" and ""occupiers'--then ask why so few young blacks apply to become cops.
#tcot",0,larryelder,ferguson,not_rumour,"""Activists"" call Ferguson PD ""pigs,"" ""racist,"" ""apartheid,"" and ""occupiers'--then ask why so few young blacks apply to become cops. tcot",20
"Police started arresting ppl, ordering everyone to disperse. I saw no violence from protesters. @vicenews #Ferguson http://t.co/EwaQF0qlLV",0,alicesperi,ferguson,not_rumour,"Police started arresting ppl, ordering everyone to disperse. I saw no violence from protesters. Ferguson",15
There's a serious Prince fan on @Kijiji who'll pay someone to line up at Massey Hall for them: http://t.co/DosNZhur00 (h/t @ceciliacooper),1,JillKrajewski,prince-toronto,rumour,There's a serious Prince fan on who'll pay someone to line up at Massey Hall for them h t,19
BREAKING: Now free to confirm that radical cleric Sheikh Man Monis has been named as gunman behind #SydneySiege. http://t.co/siHXBFN6RS,1,JFXM,sydneysiege,rumour,BREAKING Now free to confirm that radical cleric Sheikh Man Monis has been named as gunman behind SydneySiege.,18
"At least 11 dead in shooting at HQ of #CharlieHebdo in #Paris (police source)
https://t.co/e4dBcNVbvD",1,FRANCE24,charliehebdo,rumour,At least 11 dead in shooting at HQ of CharlieHebdo in Paris police source,14
"A photo of Cpl. Nathan Cirillo, killed in #Ottawa today. #RIP http://t.co/mh07ZMi9J5",1,News1130radio,ottawashooting,rumour,"A photo of Cpl. Nathan Cirillo, killed in Ottawa today. RIP",11
Ongoing hostage situation in Sydney café. #sydneysiege Major landmarks like the Sydney Opera House evacuated  http://t.co/fmvq54QmTO,1,BBCWorld,sydneysiege,rumour,Ongoing hostage situation in Sydney caf. sydneysiege Major landmarks like the Sydney Opera House evacuated,15
My Thoughts and Prayers go out to everyone involved in #sydneysiege may there be a peaceful outcome.,0,mamamellet,sydneysiege,not_rumour,My Thoughts and Prayers go out to everyone involved in sydneysiege may there be a peaceful outcome.,17
Live Nation has confirmed that Prince will NOT be performing in Toronto tonight :(,1,BestFan,prince-toronto,rumour,Live Nation has confirmed that Prince will NOT be performing in Toronto tonight,13
An updated map of the Sydney exclusion zone around the hostage site at Martin Pl. #sydneysiege http://t.co/aOuG4dmrHb http://t.co/NhxD3CXt73,0,abcnews,sydneysiege,not_rumour,An updated map of the Sydney exclusion zone around the hostage site at Martin Pl. sydneysiege,16
#Ferguson: Towns Don't Need Tanks http://t.co/304W7l7neh,0,AnonyOps,ferguson,not_rumour,Ferguson Towns Don't Need Tanks,5
Fact: Most every journalist in India will stand with #CharlieHebdo. But not one publication will reprint their most controversial work.,0,dhume,charliehebdo,not_rumour,Fact Most every journalist in India will stand with CharlieHebdo. But not one publication will reprint their most controversial work.,20
"http://t.co/Qwgr0uMaX4 Ferguson, Missouri, Police to Release Name of Officer in Fatal Shooting #Ferguson #FergusonShooting #FergusonRiot",1,sophiajanmoore,ferguson,rumour,"Ferguson, Missouri, Police to Release Name of Officer in Fatal Shooting Ferguson FergusonShooting FergusonRiot",14
Zuckerberg on #CharlieHebdo: Facebook will protect free speech http://t.co/xHhVh8IXbX http://t.co/t10RSN5I2s,0,mashable,charliehebdo,not_rumour,Zuckerberg on CharlieHebdo Facebook will protect free speech,8
French police publishes photos of suspect in yesterday's Montrouge shooting. Maybe the same persons in Kosher market http://t.co/j5nQIl4Ytu,1,JulienPain,charliehebdo,rumour,French police publishes photos of suspect in yesterday's Montrouge shooting. Maybe the same persons in Kosher market,17
"This is a time to stand with the victims, condemn terror, and remind people of Breivik, Mcveigh and others. #perspective #CharlieHebdo",0,Aboujahjah,charliehebdo,not_rumour,"This is a time to stand with the victims, condemn terror, and remind people of Breivik, Mcveigh and others. perspective CharlieHebdo",21
"My heart goes out to the victims of GermanWings crashed near Marseille, France. 142 passengers, 6crew all feared dead http://t.co/8HbQacJ3id",1,Baekyeoliee,germanwings-crash,rumour,"My heart goes out to the victims of GermanWings crashed near Marseille, France. 142 passengers, 6crew all feared dead",19
The only way Global Media can pay respect to #CharlieHebdo martyrs is by reprinting and republishing them. Again &amp; again &amp; again &amp; again....,0,cvoter,charliehebdo,not_rumour,The only way Global Media can pay respect to CharlieHebdo martyrs is by reprinting and republishing them. Again amp again amp again amp again....,24
"#BREAKING: @LiveNationON has tweeted ""Prince will not be performing at @masseyhall tonight."" #PrinceTO #Toronto",1,CityNews,prince-toronto,rumour,"BREAKING has tweeted ""Prince will not be performing at tonight."" PrinceTO Toronto",12
"As tribute to the victims &amp; statement to the world.
 
#JeSuisCharlie http://t.co/TJLbOGPTT4",0,marcelkittel,charliehebdo,not_rumour,As tribute to the victims amp statement to the world. JeSuisCharlie,11
A look at the irreverent covers of #CharlieHebdo: http://t.co/qf1IrCuONy http://t.co/WEDybNqLub,0,WSJ,charliehebdo,not_rumour,A look at the irreverent covers of CharlieHebdo,8
#Ferguson Police’s PR Stunt Poisons Independent and Impartial Investigation https://t.co/5pNJE6s0nE,0,ACLU,ferguson,not_rumour,Ferguson Polices PR Stunt Poisons Independent and Impartial Investigation,9
Breaking: Swiss museum to accept hundreds of artworks bequeathed by German Nazi-era art hoarder Cornelius Gurlitt. http://t.co/UKEDqQAvOY,1,BBCNewsEnts,gurlitt,rumour,Breaking Swiss museum to accept hundreds of artworks bequeathed by German Nazi-era art hoarder Cornelius Gurlitt.,16
#Ferguson chief says officer Darren Wilson devastated. Mike Brown unavailable for comment about his feelings because dead.,0,TUSK81,ferguson,not_rumour,Ferguson chief says officer Darren Wilson devastated. Mike Brown unavailable for comment about his feelings because dead.,17
"If you tweeted #JeSuisCharlie, now we need you to tweet #JeSuisJuif",0,simoncobbs1,charliehebdo,not_rumour,"If you tweeted JeSuisCharlie, now we need you to tweet JeSuisJuif",11
"HAPPENING NOW: More shots heard near parliament in #Ottawa, suspect still at large - police http://t.co/Zp9AKplH9p http://t.co/pWVxhqPKez",1,RT_com,ottawashooting,rumour,"HAPPENING NOW More shots heard near parliament in Ottawa, suspect still at large - police",15
"Notice it's ""involved in the shooting"" not ""killed a child."" 
Notice it's ""paid administrative leave"" not ""has been arrested""
#Ferguson",0,_peech,ferguson,not_rumour,"Notice it's ""involved in the shooting"" not ""killed a child."" Notice it's ""paid administrative leave"" not ""has been arrested"" Ferguson",20
Thoughts and prayers this morning with those affected by what is happening in #Sydney,0,Nigel_Farage,sydneysiege,not_rumour,Thoughts and prayers this morning with those affected by what is happening in Sydney,14
"If (like me) you teased #KirbyDelauter, step up your free-speech game and print a #CharlieHebdo image unblurred. http://t.co/t2dbSOZpyn",0,walterolson,charliehebdo,not_rumour,"If like me you teased KirbyDelauter, step up your free-speech game and print a CharlieHebdo image unblurred.",17
The gunman in Ottawa has been shot and killed. I'm at a loss for words this morning. That isn't my Canada.,1,kellyoxford,ottawashooting,rumour,The gunman in Ottawa has been shot and killed. I'm at a loss for words this morning. That isn't my Canada.,21
COUNTDOWN: One hour until #Ferguson police release the name of the officer that shot #MichaelBrown.,1,michaelcalhoun,ferguson,rumour,COUNTDOWN One hour until Ferguson police release the name of the officer that shot MichaelBrown.,15
"Ottawa police confirm 3 separate shooting incidents today; 1 on Parliament Hill, 1 at War Memorial and 1 near area mall - @CP24, @CBCNews",1,BreakingNews,ottawashooting,rumour,"Ottawa police confirm 3 separate shooting incidents today 1 on Parliament Hill, 1 at War Memorial and 1 near area mall - ,",23
Building in Dammartin-en-Goele where #CharlieHebdo suspects believed to be holed up http://t.co/BXIQYIqT0R http://t.co/HSzL3gK9eT,1,BBCBreaking,charliehebdo,rumour,Building in Dammartin-en-Goele where CharlieHebdo suspects believed to be holed up,11
"There are reportedly 13 hostages in the siege at Martin Place, Sydney CBD - watch us live for continuous updates",1,ABCNews24,sydneysiege,rumour,"There are reportedly 13 hostages in the siege at Martin Place, Sydney CBD - watch us live for continuous updates",20
"BREAKING: Michael Zehaf-Bebeau had been designated ""high-risk traveller"" by CDN govt, which confiscated his passport http://t.co/dPeMQ78jzm",1,20committee,ottawashooting,rumour,"BREAKING Michael Zehaf-Bebeau had been designated ""high-risk traveller"" by CDN govt, which confiscated his passport",15
You can twist and turn it as you like: Publishing cartoons is not a crime. Using them as an excuse for religious fascism is. #CharlieHebdo,0,MsIntervention,charliehebdo,not_rumour,You can twist and turn it as you like Publishing cartoons is not a crime. Using them as an excuse for religious fascism is. CharlieHebdo,25
"#CharlieHebdo editor wasn't afraid: ""If [extremists] are not amused by our cartoons, they don't need to buy"" them. http://t.co/SOlqU6kJ7b",0,thedailybeast,charliehebdo,not_rumour,"CharlieHebdo editor wasn't afraid ""If extremists are not amused by our cartoons, they don't need to buy"" them.",18
SWAT overlooks protestors in #Ferguson. They've all moved to sidewalk. http://t.co/peY5cOVBZl,0,ryanjreilly,ferguson,not_rumour,SWAT overlooks protestors in Ferguson. They've all moved to sidewalk.,10
'No survivors' in #Germanwings crash says French transport minister adding it crashed after pilot issued distress signal in good weather,1,501Awani,germanwings-crash,rumour,'No survivors' in Germanwings crash says French transport minister adding it crashed after pilot issued distress signal in good weather,20
I applaud @CBCNews for not speculating and only reporting what is known. American media could use some of this restraint. #OttawaShooting,0,ianp89,ottawashooting,not_rumour,I applaud for not speculating and only reporting what is known. American media could use some of this restraint. OttawaShooting,20
#4U9525 UPDATE: 150 people were on board: 142 passengers and 8 crew members http://t.co/ccQWJzwpYZ,1,RT_com,germanwings-crash,rumour,4U9525 UPDATE 150 people were on board 142 passengers and 8 crew members,13
"As a Muslim, I strongly condemn this brutal terrorist attack. 
#ATerroristCannotBeARealMuslim
#ARealMuslimCannotBeATerrorist
#CharlieHebdo",0,SonVesayet,charliehebdo,not_rumour,"As a Muslim, I strongly condemn this brutal terrorist attack. ATerroristCannotBeARealMuslim ARealMuslimCannotBeATerrorist CharlieHebdo",13
Australia has a long history of terrorism (the use of violence in the pursuit of political aims).... #SydneySiege http://t.co/dmDZizdeTD,0,taygogo,sydneysiege,not_rumour,Australia has a long history of terrorism the use of violence in the pursuit of political aims .... SydneySiege,19
"Tell me again how this guy points loaded rifle at cops w impunity &amp; unarmd black men get killed #Ferguson

#UniteBlue http://t.co/QBldRbRKBO",0,NatureGuy101,ferguson,not_rumour,Tell me again how this guy points loaded rifle at cops w impunity amp unarmd black men get killed Ferguson UniteBlue,21
#sydneysiege: A series of loud blasts and bursts of ammunition have been heard at the cafe. http://t.co/IxPuyIrNy2 http://t.co/olteaN8zjH,1,SkyNews,sydneysiege,rumour,sydneysiege A series of loud blasts and bursts of ammunition have been heard at the cafe.,16
"#putindead 
friend met #Alina Kabaeva  Jan 19 &amp; took this pic she clearly NOT pregnant.
strike baby theory off list http://t.co/uFxhJhLYue",1,bneeditor,putinmissing,rumour,putindead friend met Alina Kabaeva Jan 19 amp took this pic she clearly NOT pregnant. strike baby theory off list,20
BREAKING - #Ferguson's police chief has announced Darren Wilson as the cop who shot and killed #MikeBrown. (not the guy named by Anonymous),1,tariqnasheed,ferguson,rumour,BREAKING - Ferguson's police chief has announced Darren Wilson as the cop who shot and killed MikeBrown. not the guy named by Anonymous,23
"Please forward any tips, photos or videos to NatDiv_Media_DivNat@rcmp-grc.gc.ca #OttawaShooting c: @RCMP_Nat_Div ^JT",0,RCMPONT,ottawashooting,not_rumour,"Please forward any tips, photos or videos to NatDiv Media DivNat-grc.gc.ca OttawaShooting c JT",14
"Rapper J. Cole releases ‘Be Free,’ inspired by Michael Brown in #Ferguson http://t.co/IOhCDqcPkS",0,WSJspeakeasy,ferguson,not_rumour,"Rapper J. Cole releases Be Free, inspired by Michael Brown in Ferguson",12
BREAKING: Gunshots and several explosions heard at Dammartin-en-Goele site in France: Reuters reporter,0,Reuters,charliehebdo,not_rumour,BREAKING Gunshots and several explosions heard at Dammartin-en-Goele site in France Reuters reporter,13
BREAKING: Darren Wilson named as officer who fatally shot #MichaelBrown in #Ferguson,1,blackvoices,ferguson,rumour,BREAKING Darren Wilson named as officer who fatally shot MichaelBrown in Ferguson,12
"BREAKING: Hospital says it has received 3 victims from Ottawa shootings, 2 are in stable condition.",1,AP,ottawashooting,rumour,"BREAKING Hospital says it has received 3 victims from Ottawa shootings, 2 are in stable condition.",16
My heart aches for the family of the Canadian Soldier murdered this morning in Ottawa. RIP ❤️,1,dallassmith,ottawashooting,rumour,My heart aches for the family of the Canadian Soldier murdered this morning in Ottawa. RIP,16
Satire is a symptom of a healthy society and always a prime target for fundamentalism. There is no 'right not to be offended' #CharlieHebdo,0,MatthewdAncona,charliehebdo,not_rumour,Satire is a symptom of a healthy society and always a prime target for fundamentalism. There is no 'right not to be offended' CharlieHebdo,24
"2 hostages in Sydney café confirm to @channeltennews gunman's demands 
1) He wants ISIS flag delivered
2) He wants to speak to Prime Minster",1,CBSNLive,sydneysiege,rumour,2 hostages in Sydney caf confirm to gunman's demands 1 He wants ISIS flag delivered 2 He wants to speak to Prime Minster,23
"The copilot of the Germanwings plans, Andreas Guenter Lubitz, appeared to want to ""destroy the plane,"" French prosecutor says.",1,TerryMoran,germanwings-crash,rumour,"The copilot of the Germanwings plans, Andreas Guenter Lubitz, appeared to want to ""destroy the plane,"" French prosecutor says.",19
"""To protect and serve"" has become ""To harass and shoot""
#Ferguson",0,TheGoodGodAbove,ferguson,not_rumour,"""To protect and serve"" has become ""To harass and shoot"" Ferguson",11
AFP map of the region northeast of Paris where Wednesday's massacre suspects are cornered with hostage http://t.co/H9SwsdTFRf,1,AFP,charliehebdo,rumour,AFP map of the region northeast of Paris where Wednesday's massacre suspects are cornered with hostage,16
The other day I asked a manager at the #Ferguson Market if police had requested surveillance video. She said no.,1,JustinGlawe,ferguson,rumour,The other day I asked a manager at the Ferguson Market if police had requested surveillance video. She said no.,20
Awful. RT @AntonioFrench #Ferguson Police have dogs and shotguns. The unarmed crowd is raising their hands. https://t.co/OFXxJLuDtj,0,sarahkendzior,ferguson,not_rumour,Awful. RT Ferguson Police have dogs and shotguns. The unarmed crowd is raising their hands.,15
"DEVELOPING story: Shots fired on Parliament Hill, soldier shot at War Memorial http://t.co/5fZ7wO6Gm4 #Ottawa http://t.co/Jb1pi3IysA",1,CTVNews,ottawashooting,rumour,"DEVELOPING story Shots fired on Parliament Hill, soldier shot at War Memorial Ottawa",13
Do you understand what I'm saying? How had they already determined #MikeBrown was the suspect when the #Ferguson report was written?,1,ReignOfApril,ferguson,rumour,Do you understand what I'm saying? How had they already determined MikeBrown was the suspect when the Ferguson report was written?,21
"Dear #ISIS, If you can't handle being lampooned then you are not ready to be politically relevant. #CharlieHebdo http://t.co/zLmUQr0uh1",0,sparrowmedia,charliehebdo,not_rumour,"Dear ISIS, If you can't handle being lampooned then you are not ready to be politically relevant. CharlieHebdo",18
These pro-Israel protesters with rifles in ATL werent ever approached by cops. It helps to be white #Ferguson http://t.co/0sDqDmJz8q,0,ZaidJilani,ferguson,not_rumour,These pro-Israel protesters with rifles in ATL werent ever approached by cops. It helps to be white Ferguson,18
Seven great cartoon responses to the #CharlieHebdo killings: http://t.co/HY4RHFKiib http://t.co/il4P5MANAC,0,ThisIsFusion,charliehebdo,not_rumour,Seven great cartoon responses to the CharlieHebdo killings,8
"Never forget the original relationship between the police and blacks...
#wearetargets
#Ferguson http://t.co/Y0dOOu4LbE",0,_westwest_yall,ferguson,not_rumour,Never forget the original relationship between the police and blacks... wearetargets Ferguson,12
#illridewithyou trends globally amid fears of reprisal atacks over Sydney hostage standoff http://t.co/Up1pCWLqSo http://t.co/0XMGuycC8R,0,AJENews,sydneysiege,not_rumour,illridewithyou trends globally amid fears of reprisal atacks over Sydney hostage standoff,12
France's interior minister says operation to detain Charlie Hebdo suspects is now underway northeast of Paris - @AP http://t.co/ZFJYh80uxy,1,BreakingNews,charliehebdo,rumour,France's interior minister says operation to detain Charlie Hebdo suspects is now underway northeast of Paris -,17
Rural region of northern France searched in hunt for #CharlieHebdo gunmen - latest updates http://t.co/7iVIN3nqCv http://t.co/YrdUIOjrZF,1,BBCWorld,charliehebdo,rumour,Rural region of northern France searched in hunt for CharlieHebdo gunmen - latest updates,14
"""I have never once in my life seen a fanatic with a sense of humor."" --Amos Oz #CharlieHebdo",0,warren_bass,charliehebdo,not_rumour,"""I have never once in my life seen a fanatic with a sense of humor."" --Amos Oz CharlieHebdo",18
"Police fire tear gas at protestors for the third night in a row in Ferguson, Mo. #Ferguson #MikeBrown http://t.co/BEoZT5yjkU",0,kodacohen,ferguson,not_rumour,"Police fire tear gas at protestors for the third night in a row in Ferguson, Mo. Ferguson MikeBrown",18
Flag in Sydney cafe where hostages are being held 'is not linked with IS' http://t.co/kBSIaYKHtt http://t.co/KuneM4q1km,1,itvnews,sydneysiege,rumour,Flag in Sydney cafe where hostages are being held 'is not linked with IS',14
#BREAKING: Police believe the man behind the Sydney siege is Iraninan cleric Man Haron Monis  #sydneysiege,1,abcnews,sydneysiege,rumour,BREAKING Police believe the man behind the Sydney siege is Iraninan cleric Man Haron Monis sydneysiege,16
RIP Cpl Nathan Cirillo... Canada will always remember you. #OttawaShooting http://t.co/XPXQRCIH4w,1,ChakerKhazaal,ottawashooting,rumour,RIP Cpl Nathan Cirillo... Canada will always remember you. OttawaShooting,10
Route map now being shared by http://t.co/LZkOXadHKa. #4U9525 https://t.co/Hq8KbP2aus,0,BBCRosAtkins,germanwings-crash,not_rumour,Route map now being shared by 4U9525,7
Surprise Prince show at Massey Hall tonight? http://t.co/Ia8Mmiq7n6 http://t.co/D8yShNMXox,1,TheTorontoSun,prince-toronto,rumour,Surprise Prince show at Massey Hall tonight?,7
"“If liberty means anything at all, it means the right to tell people what they do not want to hear."" #CharlieHebdo http://t.co/GM9Qn6dUWc",0,LibertarianGeo,charliehebdo,not_rumour,"If liberty means anything at all, it means the right to tell people what they do not want to hear."" CharlieHebdo",21
"A crazy world we live in. A hostage crisis metres away &amp; peoples' 1st thought is ""let's take a selfie"" #sydneysiege http://t.co/leViTv30En",0,PhysicsHenry,sydneysiege,not_rumour,"A crazy world we live in. A hostage crisis metres away amp peoples' 1st thought is ""let's take a selfie"" sydneysiege",21
WATCH: The dramatic moment tactical teams stormed the Sydney cafe https://t.co/v8UYPgnyog,0,PzFeed,sydneysiege,not_rumour,WATCH The dramatic moment tactical teams stormed the Sydney cafe,10
"To those who believe terror works - the Charlie Hebdo print run for next week's issue increased from its usual 60,000 copies to one million.",0,TonyParsonsUK,charliehebdo,not_rumour,"To those who believe terror works - the Charlie Hebdo print run for next week's issue increased from its usual 60,000 copies to one million.",25
Police chief said officer who shot Brown didn't know about any robbery #ferguson,1,gabegutierrez,ferguson,rumour,Police chief said officer who shot Brown didn't know about any robbery ferguson,13
"President Obama condemns Paris attack, calls it 'terrorist attack' &amp; pledges U.S. assistance: http://t.co/MY0hCwAzu8 http://t.co/ZtcYlciEBA",0,YahooNews,charliehebdo,not_rumour,"President Obama condemns Paris attack, calls it 'terrorist attack' amp pledges U.S. assistance",13
Canada investigating Michael Zehaf-Bibeau as possible suspect in Ottawa shooting: source. http://t.co/wDoVC3ro2V http://t.co/Futx84hFmU,1,Reuters,ottawashooting,rumour,Canada investigating Michael Zehaf-Bibeau as possible suspect in Ottawa shooting source.,11
"'Attack on media...World community can't allow extremists to silence free flow of opinions, ideas' Irina Bokova of @UNESCO #JeSuisCharlie",0,EmmaDaly,charliehebdo,not_rumour,"'Attack on media...World community can't allow extremists to silence free flow of opinions, ideas' Irina Bokova of JeSuisCharlie",18
Prince loves this city. He fell for the Toronto woman trap. Happens to the best of them.,0,ellhah,prince-toronto,not_rumour,Prince loves this city. He fell for the Toronto woman trap. Happens to the best of them.,17
Pilots of crashed Germanwings flight declared emergency at 10:47 a.m. as plane fell rapidly. http://t.co/9YonrFRes3,1,magiorNYT,germanwings-crash,rumour,Pilots of crashed Germanwings flight declared emergency at 10 47 a.m. as plane fell rapidly.,15
UPDATE | Shots were fired inside Parliament Hill and gun fire was exchanged with hill security. #cbcOTT #OTTnews,1,CBCOttawa,ottawashooting,rumour,UPDATE Shots were fired inside Parliament Hill and gun fire was exchanged with hill security. cbcOTT OTTnews,17
Prince to perform surprise show in Toronto: http://t.co/y57XENHQlb #Prince http://t.co/sOFt4XlNUG,1,GlobalCalgary,prince-toronto,rumour,Prince to perform surprise show in Toronto Prince,8
"Charlie Hebdo attack suspects told police by phone they wanted to die as martyrs, French lawmaker tells TV station. http://t.co/7Bxdhozq4H",1,cnnbrk,charliehebdo,rumour,"Charlie Hebdo attack suspects told police by phone they wanted to die as martyrs, French lawmaker tells TV station.",19
"BREAKING: #CharlieHebdo suspects “almost certainly behind hostage taking,"" say officials: http://t.co/qB4b5cKvPg http://t.co/iGJNu386dQ",1,cnni,charliehebdo,rumour,"BREAKING CharlieHebdo suspects almost certainly behind hostage taking,"" say officials",10
No arrests last night in #Ferguson (per @BreakingNews),0,MichaelSkolnik,ferguson,not_rumour,No arrests last night in Ferguson per,7
"Cartoonists are on the frontline defending freedom of expression. My thoughts are w the #CharlieHebdo vitims, their loved ones &amp; colleagues",0,LotteLeicht1,charliehebdo,not_rumour,"Cartoonists are on the frontline defending freedom of expression. My thoughts are w the CharlieHebdo vitims, their loved ones amp colleagues",21
"If the black flag seems familiar,it's because it was also flying during Gaza protests in Sydney that went unnoticed. http://t.co/DE8zWJ9mHX",0,martydownunder,sydneysiege,not_rumour,"If the black flag seems familiar,it's because it was also flying during Gaza protests in Sydney that went unnoticed.",19
Is that a bag of chips?! #REAL RT @GinoTheGhost: May be the dopest photo of the year #Ferguson http://t.co/ZxF3zhbjHb,0,NIGNORAMUS,ferguson,not_rumour,Is that a bag of chips?! REAL RT May be the dopest photo of the year Ferguson,17
"The two suspects in the #CharlieHebdo #ParisShooting have been located, reports say. http://t.co/CI1tEpiuFO http://t.co/MAk3reuOE8",1,SkyNews,charliehebdo,rumour,"The two suspects in the CharlieHebdo ParisShooting have been located, reports say.",12
"""This is not just a north side problem or a black problem, this is a St. Louis problem"" - Tom Naerper #Ferguson http://t.co/VYF5whVBRo",0,WesleyLowery,ferguson,not_rumour,"""This is not just a north side problem or a black problem, this is a St. Louis problem"" - Tom Naerper Ferguson",22
Where are you #Putin? Are you dead❓😐 *awkward silence* 😅 #PutinMissing #PutinDead,0,Villazim,putinmissing,not_rumour,Where are you Putin? Are you dead awkward silence PutinMissing PutinDead,11
"This is a terrorist, this is a Muslim: French envoy’s #CharlieHebdo @twitter photo goes viral
http://t.co/Eq0zDMEHEA http://t.co/NWS09tFi8k",0,IndiaToday,charliehebdo,not_rumour,"This is a terrorist, this is a Muslim French envoys CharlieHebdo photo goes viral",14
"#BREAKING : NHL : The game between the Toronto Maple Leafs and Ottawa Senators, scheduled for tonight in Ottawa, has been postponed",1,cbcsaltzman,ottawashooting,rumour,"BREAKING NHL The game between the Toronto Maple Leafs and Ottawa Senators, scheduled for tonight in Ottawa, has been postponed",20
13 hostages are being held in a Sydney store by apparent jihadist supporters http://t.co/XqhQB8SeyN,1,Newsweek,sydneysiege,rumour,13 hostages are being held in a Sydney store by apparent jihadist supporters,13
#Ferguson heavily armed police in military gear arriving on armed personnel carriers now http://t.co/GbGdrhZBlM,0,sebwalker,ferguson,not_rumour,Ferguson heavily armed police in military gear arriving on armed personnel carriers now,13
"Sydney cafe in hostage crisis may hold up to 10 staff and perhaps 30 customers, Lindt says http://t.co/3KhviIgfR7 http://t.co/UmVzJ6cetn",1,business,sydneysiege,rumour,"Sydney cafe in hostage crisis may hold up to 10 staff and perhaps 30 customers, Lindt says",17
French officials say one of the alleged gunman left ID in getaway car after #CharlieHebdo attack http://t.co/9c5VpoFxJI,1,WSJ,charliehebdo,rumour,French officials say one of the alleged gunman left ID in getaway car after CharlieHebdo attack,16
Canada's parliament building in Ottawa is on lockdown after reports of an active shooter http://t.co/oKneosRl04 http://t.co/JIW3PIeeMj,1,mashable,ottawashooting,rumour,Canada's parliament building in Ottawa is on lockdown after reports of an active shooter,14
UPDATE: Germanwings says 144 passengers and 6 crew members were aboard the jet that crashed in France. http://t.co/QbF4sKLTCX,1,CNBCnow,germanwings-crash,rumour,UPDATE Germanwings says 144 passengers and 6 crew members were aboard the jet that crashed in France.,17
BREAKING: Hostage taker at Kosher supermarket siege in eastern Paris dead: Le Monde http://t.co/MK4AastvZD,1,Reuters,charliehebdo,rumour,BREAKING Hostage taker at Kosher supermarket siege in eastern Paris dead Le Monde,13
The media need to take a step back and realize this is people's lives not a Kardashian wedding. Facts not fabrications. #sydneysiege,0,HarryCook,sydneysiege,not_rumour,The media need to take a step back and realize this is people's lives not a Kardashian wedding. Facts not fabrications. sydneysiege,22
"So, @maddow is telling the story about how the #StLouis Police were harassing the whistleblower who detailed racism in the PD. #Ferguson",0,drgoddess,ferguson,not_rumour,"So, is telling the story about how the StLouis Police were harassing the whistleblower who detailed racism in the PD. Ferguson",21
Central Sydney shut down by police amid ongoing hostage situation: http://t.co/TvAlMmqFxP,1,WSJ,sydneysiege,rumour,Central Sydney shut down by police amid ongoing hostage situation,10
"Reports gunmen shouted ""Allahu Akbar"" &amp; ""the prophet was avenged"". If we don't share these, they win. #JeSuisCharlie http://t.co/0ykqcFmUJ7",1,Whoozley,charliehebdo,rumour,"Reports gunmen shouted ""Allahu Akbar"" amp ""the prophet was avenged"". If we don't share these, they win. JeSuisCharlie",18
Powerful series of images of one of the hostages escaping #sydneysiege http://t.co/8JoOsCMZKA,1,bevanshields85,sydneysiege,rumour,Powerful series of images of one of the hostages escaping sydneysiege,11
See how the world responded to the Paris terrorist attack http://t.co/pVh5tBSxIB #JeSuisCharlie #ParisShooting http://t.co/L8xD9XlDbd,0,business,charliehebdo,not_rumour,See how the world responded to the Paris terrorist attack JeSuisCharlie ParisShooting,12
"VIDEO: Police storm cafe in Sydney. #SydneySiege
https://t.co/doIVONO5wZ",0,FoxNews,sydneysiege,not_rumour,VIDEO Police storm cafe in Sydney. SydneySiege,7
"Police are demanding protesters disperse. ""this is not up for discussion. Return to your vehicles. Return to your homes."" #Ferguson",0,elonjames,ferguson,not_rumour,"Police are demanding protesters disperse. ""this is not up for discussion. Return to your vehicles. Return to your homes."" Ferguson",20
Officer in shooting death of MIchael Brown was unaware he was a suspect: #Ferguson police http://t.co/ZdxP58Ptqt http://t.co/ypfN4DmMZi,1,ReutersUS,ferguson,rumour,Officer in shooting death of MIchael Brown was unaware he was a suspect Ferguson police,15
Ok we can scratch #Putin pregnant mistress off the list https://t.co/L2AtSmhQNw via @galynar #Putindead #Russia http://t.co/Rreg3IYs8k,1,raging545,putinmissing,rumour,Ok we can scratch Putin pregnant mistress off the list via Putindead Russia,13
Ferguson PD now admits that Darren Wilson didn't know anything about the store robbery when he stopped Mike Brown! This is bad! #Ferguson,1,MrJamesFortune,ferguson,rumour,Ferguson PD now admits that Darren Wilson didn't know anything about the store robbery when he stopped Mike Brown! This is bad! Ferguson,23
"Question for #Ferguson police chief? If OFFICER DARREN WILSON was in pursuit of a robbery suspect, why tell kids to get out of the road? LIE",1,DanteB4u,ferguson,rumour,"Question for Ferguson police chief? If OFFICER DARREN WILSON was in pursuit of a robbery suspect, why tell kids to get out of the road? LIE",26
Ottawa police confirm 1 male shooting suspect died; no one in custody - @OttawaPolice http://t.co/9emMsGE1FZ,1,BreakingNews,ottawashooting,rumour,Ottawa police confirm 1 male shooting suspect died no one in custody -,13
"I'll be honest, the multi-faith prayer vigil is making me a little teary. #sydneysiege http://t.co/4eWj2PeTpn",0,keegs,sydneysiege,not_rumour,"I'll be honest, the multi-faith prayer vigil is making me a little teary. sydneysiege",14
"This is a man with a gun.
Not a religion.
This is a man with a gun.
Not a people.
He is no more powerful than we let him be.
#sydneysiege",0,ramblesofpower,sydneysiege,not_rumour,This is a man with a gun. Not a religion. This is a man with a gun. Not a people. He is no more powerful than we let him be. sydneysiege,31
Eleven dead in shooting at Paris offices of satirical magazine Charlie Hebdo – live updates http://t.co/gOtSqbwROc,1,guardian,charliehebdo,rumour,Eleven dead in shooting at Paris offices of satirical magazine Charlie Hebdo live updates,14
"Gunfire, explosions heard at print plant north of Paris where the 2 #CharlieHebdo suspects are holed up with hostage. http://t.co/pzmqjErpgQ",0,FoxNews,charliehebdo,not_rumour,"Gunfire, explosions heard at print plant north of Paris where the 2 CharlieHebdo suspects are holed up with hostage.",19
Bystanders taking selfies at scene of Sydney hostage siege. http://t.co/OgTn7iAO1W http://t.co/FkxZWo6dSs,1,nycjim,sydneysiege,rumour,Bystanders taking selfies at scene of Sydney hostage siege.,9
Police officers &amp; staff across Norfolk observe a 2 minute silence. #PoliceTributeToParis #JeSuisCharlie http://t.co/ievobVgUSy,0,NorfolkPolice,charliehebdo,not_rumour,Police officers amp staff across Norfolk observe a 2 minute silence. PoliceTributeToParis JeSuisCharlie,13
#Coquitlam crews are on Sydney Ave after a male was thrown off a 3 story balcony. PD say on arrival male is conscious &amp; smoking a cigarette,0,ScanBC,sydneysiege,not_rumour,Coquitlam crews are on Sydney Ave after a male was thrown off a 3 story balcony. PD say on arrival male is conscious amp smoking a cigarette,27
Amazing @AFP photo apparently of hostages at #Paris supermarket siege being carried away. All app alive #c4news http://t.co/u9eIZVG0xE,0,thompwalker,charliehebdo,not_rumour,Amazing photo apparently of hostages at Paris supermarket siege being carried away. All app alive c4news,16
"As a Muslim, killing 12 innocent people in the name of Islam is much, much more offensive to than any cartoon can ever be #CharlieHebdo",0,Sumi_hasan,charliehebdo,not_rumour,"As a Muslim, killing 12 innocent people in the name of Islam is much, much more offensive to than any cartoon can ever be CharlieHebdo",25
Our thoughts are with all the passengers and crew members on board @Germanwings flight #4U9525 and their loved ones.,0,TurkishAirlines,germanwings-crash,not_rumour,Our thoughts are with all the passengers and crew members on board flight 4U9525 and their loved ones.,18
"New evidence, including autopsy report, supports Darren Wilson's account of Ferguson shooting http://t.co/L6xQL0pN0Z",0,washingtonpost,ottawashooting,not_rumour,"New evidence, including autopsy report, supports Darren Wilson's account of Ferguson shooting",12
It’s horrible that Paris has to deal with all these violent attacks. What a way to start 2015. 😡,0,Rene,charliehebdo,not_rumour,Its horrible that Paris has to deal with all these violent attacks. What a way to start 2015.,18
"MORE Airbus A320 that crashed in southern France operated by Germanwings, carrying 142 passengers, 2 pilots, 4 crew http://t.co/XwKPmofTD9",1,YahooNews,germanwings-crash,rumour,"MORE Airbus A320 that crashed in southern France operated by Germanwings, carrying 142 passengers, 2 pilots, 4 crew",18
Is Prince playing a secret show in Toronto tonight? Lineup Already at Massey Hall RU going http://t.co/ONDwvsPtUT http://t.co/TlgzGeSE0c,1,slammin29,prince-toronto,rumour,Is Prince playing a secret show in Toronto tonight? Lineup Already at Massey Hall RU going,16
IN PICTURES: French cops close in on suspected #CharlieHebdo terrorists outside Paris http://t.co/YioY54CqRi http://t.co/IGPF43HRsy,0,NBCNews,charliehebdo,not_rumour,IN PICTURES French cops close in on suspected CharlieHebdo terrorists outside Paris,12
BREAKING: Four Blackwater guards convicted of voluntary manslaughter in 2007 Baghdad shooting http://t.co/hR7xe18RJ2,0,RT_America,ottawashooting,not_rumour,BREAKING Four Blackwater guards convicted of voluntary manslaughter in 2007 Baghdad shooting,12
jokes on you if you lined up for Prince at Massey Hall. #PrinceTrollKing,1,thisisgrump,prince-toronto,rumour,jokes on you if you lined up for Prince at Massey Hall. PrinceTrollKing,13
"NEWEST #Putin rumour, his girlfriend just gave birth to their child  http://t.co/Qsyra1pslL #cdnpoli #Russia",1,BradCabana,putinmissing,rumour,"NEWEST Putin rumour, his girlfriend just gave birth to their child cdnpoli Russia",13
"Paris on maximum alert after #CharlieHebdo attack, officials say as President Hollande arrives at scene http://t.co/MmxR2nmi5R",0,BBCBreaking,charliehebdo,not_rumour,"Paris on maximum alert after CharlieHebdo attack, officials say as President Hollande arrives at scene",15
Snipers now on top of Ottawa's National Art Gallery after gunfire at parliament http://t.co/bEFu7HisyW (@dmatthewmillar pic),1,PzFeed,ottawashooting,rumour,Snipers now on top of Ottawa's National Art Gallery after gunfire at parliament pic,14
Time for every Western Country 2 stand up &amp; say..... #JeSuisCharlie #IAmCharlieHebdo http://t.co/Okepxlhrl4,0,Boazziz,charliehebdo,not_rumour,Time for every Western Country 2 stand up amp say..... JeSuisCharlie IAmCharlieHebdo,12
#4U9525: #Hollande expresses his solidarity to families of #Germanwings crash victims http://t.co/XTMaa9mAV2 http://t.co/LwWifZXb5X,0,RT_com,germanwings-crash,not_rumour,4U9525 Hollande expresses his solidarity to families of Germanwings crash victims,11
British press publish horrifying photos of police officer being murdered - but not Charlie Hebdo cartoons. Strange values. #JeSuisCharlie,0,polblonde,charliehebdo,not_rumour,British press publish horrifying photos of police officer being murdered - but not Charlie Hebdo cartoons. Strange values. JeSuisCharlie,19
A tribute to the lives lost in #Germanwings crash set to music from #OlegBryjak &amp; #MariaRadner http://t.co/Uq0HXLcnSk http://t.co/LKWqgecgbX,0,AC360,germanwings-crash,not_rumour,A tribute to the lives lost in Germanwings crash set to music from OlegBryjak amp MariaRadner,16
Security at Massey Hall say there will be no Prince concert tonight #cbcto,1,trevorjdunn,prince-toronto,rumour,Security at Massey Hall say there will be no Prince concert tonight cbcto,13
Rumors in Switzerland: Putin absence due to his girlfriend Alina Kabaeva giving birth in Ticino https://t.co/lBNIFEmzrW cc @russian_market,1,L0gg0l,putinmissing,rumour,Rumors in Switzerland Putin absence due to his girlfriend Alina Kabaeva giving birth in Ticino cc,16
BREAKING: 148 passengers were on board #GermanWings Airbus A320 which has crashed in the southern French Alps http://t.co/VxxvrU9XmV,1,AlArabiya_Eng,germanwings-crash,rumour,BREAKING 148 passengers were on board GermanWings Airbus A320 which has crashed in the southern French Alps,17
"@eyeFLOODpanties RT @iFalasteen: The oppressed stands with the oppressed.

#Palestine stands with #Ferguson. http://t.co/vzR0xVk60Y",0,WallyBeamin,ferguson,not_rumour,RT The oppressed stands with the oppressed. Palestine stands with Ferguson.,11
The mother of the boy killed in #Ferguson speaking to media about the loss of her son. http://t.co/YlxEDKoebB,0,AntonioFrench,ferguson,not_rumour,The mother of the boy killed in Ferguson speaking to media about the loss of her son.,17
"Islamists are holding people hostage in a cafe in Sydney, Australia. Meanwhile, we wet our pants over pouring water on a terrorist’s face.",1,kesgardner,sydneysiege,rumour,"Islamists are holding people hostage in a cafe in Sydney, Australia. Meanwhile, we wet our pants over pouring water on a terrorists face.",23
Raptors hold a moment of silence to honour Cpl. Nathan Cirillo and all those affected by today's events in Ottawa. http://t.co/hqoIIvCRNj,1,Raptors,ottawashooting,rumour,Raptors hold a moment of silence to honour Cpl. Nathan Cirillo and all those affected by today's events in Ottawa.,20
The line for #Prince at Massey Hall extends to back of building. Smells strongly of incense &amp; breakfast sandwiches http://t.co/ovA3uIUdsB,1,siomo,prince-toronto,rumour,The line for Prince at Massey Hall extends to back of building. Smells strongly of incense amp breakfast sandwiches,19
"""@koshmarik: Can't stop checking Twitter for Putin's whereabouts.  #putindead"" &lt;&lt;&lt; Putin would not die. Its not profitable.",0,truejebus,putinmissing,not_rumour,""" Can't stop checking Twitter for Putin's whereabouts. putindead"" lt lt lt Putin would not die. Its not profitable.",19
"""Introduce ID cards and more surveillance to prevent #CharlieHebdo atrocities.""
- France has ID cards and surveillance
""Let's do it anyway.""",0,JackofKent,charliehebdo,not_rumour,"""Introduce ID cards and more surveillance to prevent CharlieHebdo atrocities."" - France has ID cards and surveillance ""Let's do it anyway.""",21
BREAKING: #Ferguson police have identified Darren Wilson as the cop who shot and killed Michael Brown. More details to come...,1,ComplexPop,ferguson,rumour,BREAKING Ferguson police have identified Darren Wilson as the cop who shot and killed Michael Brown. More details to come...,20
"No Skittles, Arizona Iced Tea, Cops On Scene. Another Black Teen Dead. Whats Their Excuse Now?. #Ferguson #MikeBrown http://t.co/d0CvLFAnQK",0,lordxmen2k,ferguson,not_rumour,"No Skittles, Arizona Iced Tea, Cops On Scene. Another Black Teen Dead. Whats Their Excuse Now?. Ferguson MikeBrown",18
"UPDATE: People in Sydney's CBD buildings surrounding Martin Place have reportedly been told to evacuate. #9News
https://t.co/A9hv53XqBS",1,9NewsAUS,sydneysiege,rumour,UPDATE People in Sydney's CBD buildings surrounding Martin Place have reportedly been told to evacuate. 9News,16
"Ahmed Merabet, a French #Muslim Cop, first victim of #CharlieHebdo attack, #JeSuisCharlie #IamCharlie #ParisShooting http://t.co/G8D3mixbjX",1,Ironyisfunny8,charliehebdo,rumour,"Ahmed Merabet, a French Muslim Cop, first victim of CharlieHebdo attack, JeSuisCharlie IamCharlie ParisShooting",14
"How can you not be moved by the people of #Ferguson

https://t.co/iQKZ13M3SQ",0,YourAnonNews,ferguson,not_rumour,How can you not be moved by the people of Ferguson,11
"#CharlieHebdo’s Charb who was massacred today: ""The Kurds defend us all"". Rest in peace brother. #TwitterKurds http://t.co/edIZbJEvja",0,gilgameshh,charliehebdo,not_rumour,"CharlieHebdos Charb who was massacred today ""The Kurds defend us all"". Rest in peace brother. TwitterKurds",16
"Three people spotted running out of #Lindt cafe, shielded by heavily armed police. #sydneysiege #martinplacesiege http://t.co/DCezDxucaj",1,7NewsSydney,sydneysiege,rumour,"Three people spotted running out of Lindt cafe, shielded by heavily armed police. sydneysiege martinplacesiege",15
The PM's office releases a statement about  #sydneysiege. http://t.co/7NdqPYhwcY http://t.co/jeYdlwywO7,1,abcnews,sydneysiege,rumour,The PM's office releases a statement about sydneysiege.,8
"Sydney's Daily Telegraph has printed a special 2pm edition - ""Death cult CBD attack"" #MartinPlaceSiege http://t.co/smU3gg3RSS",1,tomsteinfort,sydneysiege,rumour,"Sydney's Daily Telegraph has printed a special 2pm edition - ""Death cult CBD attack"" MartinPlaceSiege",15
#ChalieHebdo terrorists are held up in a warehouse with hostages. #JeSuisCharlie http://t.co/AJYsqfKMwa,1,timsullivan23,charliehebdo,rumour,ChalieHebdo terrorists are held up in a warehouse with hostages. JeSuisCharlie,11
"#RIPNathanCirillo

RT @globeandmail: Soldier killed at war memorial identified as Cpl. Nathan Cirillo #OttawaShooting http://t.co/uZZqmlctss",1,Cameron_Gray,ottawashooting,rumour,RIPNathanCirillo RT Soldier killed at war memorial identified as Cpl. Nathan Cirillo OttawaShooting,13
Thoughts and Prayers with everyone in Ottawa (our office is here in Capital) right now on Parliament Hill with shots fired #PrayForOttawa,1,GongshowGear,ottawashooting,rumour,Thoughts and Prayers with everyone in Ottawa our office is here in Capital right now on Parliament Hill with shots fired PrayForOttawa,22
"Accident aircraft looks to be Germanwings (Airline code 4U or GWI) flight 9525, Barcelona to Dusseldorf. #4U9525 http://t.co/TIZc1N1ZrK",1,NYCAviation,germanwings-crash,rumour,"Accident aircraft looks to be Germanwings Airline code 4U or GWI flight 9525, Barcelona to Dusseldorf. 4U9525",17
"The info given today seems to line up with this witness account, even the alleged theft: http://t.co/7hjBIrf1a3

#Ferguson #MikeBrown",1,AntonioFrench,ferguson,rumour,"The info given today seems to line up with this witness account, even the alleged theft Ferguson MikeBrown",18
BREAKING: #Germanwings co-pilot was recent Muslim convert http://t.co/aqvtsI7OcV http://t.co/BI5OLZJKJI,1,JohnGGalt,germanwings-crash,rumour,BREAKING Germanwings co-pilot was recent Muslim convert,7
Paris gunman vows to kill 5 hostages if France storms printing plant with brothers accused of attacking newspaper: http://t.co/d2WXdK4XLG,1,AP,charliehebdo,rumour,Paris gunman vows to kill 5 hostages if France storms printing plant with brothers accused of attacking newspaper,18
"If you r a Muslim on social media &amp; have not yet tweeted ""I am #CharlieHebdo,"" then you are an Islamist and our enemy http://t.co/7NtlBSwJU0",0,TarekFatah,charliehebdo,not_rumour,"If you r a Muslim on social media amp have not yet tweeted ""I am CharlieHebdo,"" then you are an Islamist and our enemy",24
Hostages held at kosher supermarket in eastern Paris seen leaving site following apparent police assault http://t.co/B6ZsJBjzEM,1,BBCBreaking,charliehebdo,rumour,Hostages held at kosher supermarket in eastern Paris seen leaving site following apparent police assault,15
Tell Congress to demilitarize local police departments! &gt; &gt; &gt; http://t.co/HhTrkPtXwx #Ferguson http://t.co/Mh3jjXO1sG,0,rhrealitycheck,ferguson,not_rumour,Tell Congress to demilitarize local police departments! gt gt gt Ferguson,11
Donald Trump blames #CharlieHebdo massacre on France's strict gun laws http://t.co/gqzhHqeZbA http://t.co/ZkMY42uw7D,0,DailyMail,charliehebdo,not_rumour,Donald Trump blames CharlieHebdo massacre on France's strict gun laws,10
"SYDNEY HOSTAGE-TAKER
- Man Monis, 49
- Originally from Iran
- Self-styled sheikh
- Accused of sexually assaulting 7 women
DEVELOPING..",1,PzFeed,sydneysiege,rumour,"SYDNEY HOSTAGE-TAKER - Man Monis, 49 - Originally from Iran - Self-styled sheikh - Accused of sexually assaulting 7 women DEVELOPING..",21
Military helicopters seen dropping special forces in fields around Dammartin-en-Goele - @SkyNews http://t.co/tap0ntW3Rg,1,NewsOnTheMin,charliehebdo,rumour,Military helicopters seen dropping special forces in fields around Dammartin-en-Goele -,11
"St. Louis County police tell me woman shot in the head and that a Lt. on scene said she's ""alert and gonna live."" #Ferguson",0,valeriehahn,ferguson,not_rumour,"St. Louis County police tell me woman shot in the head and that a Lt. on scene said she's ""alert and gonna live."" Ferguson",24
Charlie Hebdo became well known for publishing the Muhammed cartoons two years ago,0,BBCDanielS,charliehebdo,not_rumour,Charlie Hebdo became well known for publishing the Muhammed cartoons two years ago,13
#OttawaShooting @RCMP_Nat_Div press conference will be held at 2 pm today,1,ErinAnderssen,ottawashooting,rumour,OttawaShooting press conference will be held at 2 pm today,10
"#CharlieHebdo killers dead, confirmed by gendarmerie.",1,AgnesCPoirier,charliehebdo,rumour,"CharlieHebdo killers dead, confirmed by gendarmerie.",6
"#MorningReads: Terrifying result of police militarization on display in #Ferguson, MO http://t.co/hpJPTohzzi",0,BillMoyersHQ,ferguson,not_rumour,"MorningReads Terrifying result of police militarization on display in Ferguson, MO",11
"Gunman takes several hostages in Sydney cafe, parades Islamic militants' flag in window. Opera House also evacuated. http://t.co/uatZQpAsOS",1,Channel4News,sydneysiege,rumour,"Gunman takes several hostages in Sydney cafe, parades Islamic militants' flag in window. Opera House also evacuated.",17
#Germanwings passenger plane crashes in French Alps with 148 onboard http://t.co/JCDZtv8We0 http://t.co/yE0hUNdiTr,1,NBCNews,germanwings-crash,rumour,Germanwings passenger plane crashes in French Alps with 148 onboard,10
#MikeBrown deserves to have these pictures circulating. Contribute to the movement #Ferguson #IfTheyGunnedMeDown http://t.co/Y5SvBwnAqD,0,Ladyy_Rhe,ferguson,not_rumour,MikeBrown deserves to have these pictures circulating. Contribute to the movement Ferguson IfTheyGunnedMeDown,13
Prince fans lined up outside Massey Hall say they are VERY disappointed after security says NO PRINCE SHOW tonight #prince #purplerain,1,stephaniesmyth,prince-toronto,rumour,Prince fans lined up outside Massey Hall say they are VERY disappointed after security says NO PRINCE SHOW tonight prince purplerain,21
UPDATE - Shooter #DarrenWilson didn't know #MikeBrown was a robbery suspect: #Ferguson http://t.co/p05krSfaXL http://t.co/R8CJVoTvex,1,TheRoot,ferguson,rumour,UPDATE - Shooter DarrenWilson didn't know MikeBrown was a robbery suspect Ferguson,12
"Officials say 3 gunmen carried out Charlie Hebdo shootings, France’s bloodiest terrorist attack in nearly 2 decades. http://t.co/03Tiwniedk",1,washingtonpost,charliehebdo,rumour,"Officials say 3 gunmen carried out Charlie Hebdo shootings, Frances bloodiest terrorist attack in nearly 2 decades.",17
And you thought it was Putin's back? Alina Kabaeva allegedly gave birth to a child in Switzerland. http://t.co/HlE4XxoI4S,1,sanwaldinjo,putinmissing,rumour,And you thought it was Putin's back? Alina Kabaeva allegedly gave birth to a child in Switzerland.,17
BREAKING: Paris police say shots fired at satirical newspaper Charlie Hebdo; witness says multiple gunmen involved.,1,FoxNews,charliehebdo,rumour,BREAKING Paris police say shots fired at satirical newspaper Charlie Hebdo witness says multiple gunmen involved.,16
Police hold news conference on #OttawaShooting - follow our coverage here: http://t.co/0YmuK6kMQM,1,BBCBreaking,ottawashooting,rumour,Police hold news conference on OttawaShooting - follow our coverage here,11
"The courage it takes to to write these words down, much less display them to the world #Ferguson #MikeBrown http://t.co/6lt6JlBKCC",0,caulkthewagon,ferguson,not_rumour,"The courage it takes to to write these words down, much less display them to the world Ferguson MikeBrown",19
Soldier killed at war memorial identified as Nathan Cirillo #HamOnt #OttawaShooting #cndpoli http://t.co/BjEM0my6iT http://t.co/7BFFBm2afL,1,CBCHamilton,ottawashooting,rumour,Soldier killed at war memorial identified as Nathan Cirillo HamOnt OttawaShooting cndpoli,12
The Eiffel Tower will go dark at 8 p.m. local time in Paris in remembrance of the Charlie Hebdo victims http://t.co/cfEJFkxnM8,0,nytimes,charliehebdo,not_rumour,The Eiffel Tower will go dark at 8 p.m. local time in Paris in remembrance of the Charlie Hebdo victims,20
BREAKING: 10 people shot dead at headquarters of French satirical weekly publication Charlie Hebdo in #Paris after gunmen stormed office.,1,JFXM,charliehebdo,rumour,BREAKING 10 people shot dead at headquarters of French satirical weekly publication Charlie Hebdo in Paris after gunmen stormed office.,20
"Texted a friend who works on Parliament Hill, &amp; got the perfect response [redacted for obvs reasons] #OttawaShooting http://t.co/B6xDzOuWmE",0,tailormann,ottawashooting,not_rumour,"Texted a friend who works on Parliament Hill, amp got the perfect response redacted for obvs reasons OttawaShooting",18
So #sydneysiege is just the beginning. Terrorist sympathetic group is running campaign in support of Mehdi Masroor. http://t.co/BYCVm2DYzC,0,ivivekbansal,sydneysiege,not_rumour,So sydneysiege is just the beginning. Terrorist sympathetic group is running campaign in support of Mehdi Masroor.,17
Here's the footage shot by Globe reporter @josh_wingrove of gun fire in Parliament Hill building https://t.co/FOu4PbNCDq,1,globeandmail,ottawashooting,rumour,Here's the footage shot by Globe reporter of gun fire in Parliament Hill building,14
UPDATE Yesterday #4U9525 took exactly the same route /@planefinder http://t.co/wFg8KTSve2 http://t.co/UyLWPJArJ5,0,airlivenet,germanwings-crash,not_rumour,UPDATE Yesterday 4U9525 took exactly the same route,8
The moment a female Lindt worker escapes the #SydneySiege: http://t.co/isvMtY4oUQ #hostage #MartinPlace http://t.co/iAlARm6GRf,1,theheraldsun,sydneysiege,rumour,The moment a female Lindt worker escapes the SydneySiege hostage MartinPlace,11
what's happening at the moment is really bad! I respect every religion! but this is just terror!!!🌍 #StopViolence #JeSuisCharlie,0,ThePhilCoenen,charliehebdo,not_rumour,what's happening at the moment is really bad! I respect every religion! but this is just terror!!! StopViolence JeSuisCharlie,19
Canada's Minister of Employment Jason Kenney says the soldier shot in Ottawa has died - @TorontoStar http://t.co/YXHpFMqGic,1,BreakingNews,ottawashooting,rumour,Canada's Minister of Employment Jason Kenney says the soldier shot in Ottawa has died -,15
The Kunstmuseum Bern has officially accepted the #Gurlitt art trove. More on @artnet News shortly.,1,AlexanderForbes,gurlitt,rumour,The Kunstmuseum Bern has officially accepted the Gurlitt art trove. More on News shortly.,14
Police take down suspect in #MartinPlace. Unclear whether related to siege http://t.co/mHXj4Hbmr9 #Sydney http://t.co/udwnmov1Lb,1,theheraldsun,sydneysiege,rumour,Police take down suspect in MartinPlace. Unclear whether related to siege Sydney,12
Heartfelt thoughts with the hostages of the #SydneySiege &amp; their families.,0,ChakerKhazaal,sydneysiege,not_rumour,Heartfelt thoughts with the hostages of the SydneySiege amp their families.,11
"At our last position report of 10,275ft we had the ground level at 3,300ft #4U9525",0,planefinder,germanwings-crash,not_rumour,"At our last position report of 10,275ft we had the ground level at 3,300ft 4U9525",15
Swiss museum accepts looted Nazi art http://t.co/gxqAmjNSoV  #historical painful memories 70 years later. #NeverForget,1,WhyNowProject,gurlitt,rumour,Swiss museum accepts looted Nazi art historical painful memories 70 years later. NeverForget,13
"To Hell, Yankees slaves, warmongers! #putindead http://t.co/WfTRcOkOOl",0,lucma66,putinmissing,not_rumour,"To Hell, Yankees slaves, warmongers! putindead",6
"""this is not a religion""  #IamCharlie #CharlieHebdo http://t.co/d2cWyrDPSC",0,stephen_strydom,charliehebdo,not_rumour,"""this is not a religion"" IamCharlie CharlieHebdo",7
#CharlieHebdo attack suspects take 1 person hostage North-East of Paris (police source) http://t.co/LdSF5QeCiv http://t.co/2y5fPwHXA7,1,FRANCE24,charliehebdo,rumour,CharlieHebdo attack suspects take 1 person hostage North-East of Paris police source,12
Expert: Vladimir Putin’s disappearance could mean Russia’s undergoing a coup:  http://t.co/7HQsmOJqhw http://t.co/xwqDNUlZFR,1,theblaze,putinmissing,rumour,Expert Vladimir Putins disappearance could mean Russias undergoing a coup,10
"Odds are if your hating on #Muslims b/c of #MartinPlace #sydneysiege you were already bigoted douchebag.  

Now just add ""opportunistic"" one",0,Kon__K,sydneysiege,not_rumour,"Odds are if your hating on Muslims b c of MartinPlace sydneysiege you were already bigoted douchebag. Now just add ""opportunistic"" one",22
"BREAKING: Police have entered Sydney cafe as loud bangs, flashes seen on live stream. #sydneysiege",1,MashableNews,sydneysiege,rumour,"BREAKING Police have entered Sydney cafe as loud bangs, flashes seen on live stream. sydneysiege",15
Breaking news: Kunstmuseum Bern accepts Cornelius Gurlitt estate.,1,ARCA_artcrime,gurlitt,rumour,Breaking news Kunstmuseum Bern accepts Cornelius Gurlitt estate.,8
"Ok, America,this is when we are tested.Can you sustain yr interest in the killing of an unarmed black teen if he wasn't an angel? #Ferguson",0,Sifill_LDF,ferguson,not_rumour,"Ok, America,this is when we are tested.Can you sustain yr interest in the killing of an unarmed black teen if he wasn't an angel? Ferguson",25
URGENT: Both #CharlieHebdo suspects killed - reports http://t.co/QZbkbOTJNg http://t.co/PB05L1pWmZ,1,RT_com,charliehebdo,rumour,URGENT Both CharlieHebdo suspects killed - reports,7
BREAKING NEWS: PARIS SHOOTERS ARE IN CONFRONTATION WITH POLICE. HOSTAGES INVOLVED. #ParisShooting,1,TheAnonMessage,charliehebdo,rumour,BREAKING NEWS PARIS SHOOTERS ARE IN CONFRONTATION WITH POLICE. HOSTAGES INVOLVED. ParisShooting,12
"Gunmen at #CharlieHebdo's Paris HQ shouted they had ""avenged the prophet"", reports say http://t.co/1z7NtGWe5i http://t.co/IEWCMH7oUV",1,SkyNews,charliehebdo,rumour,"Gunmen at CharlieHebdo's Paris HQ shouted they had ""avenged the prophet"", reports say",13
"The Ottawa Hospital now says ""all three patients involved in today's incident have been discharged"" http://t.co/24l1f58UPx #OttawaShootings",1,BBCBreaking,ottawashooting,rumour,"The Ottawa Hospital now says ""all three patients involved in today's incident have been discharged"" OttawaShootings",16
"If Mike Brown was engaged in a robbery before being shot, why isn't his alleged accomplice under arrest? #Ferguson http://t.co/upMLU4bbK4",1,stevesilberman,ferguson,rumour,"If Mike Brown was engaged in a robbery before being shot, why isn't his alleged accomplice under arrest? Ferguson",19
"#CharlieHebdo suspects killed, according to @AP. http://t.co/BDmxXKlbZG",0,mashable,charliehebdo,not_rumour,"CharlieHebdo suspects killed, according to .",6
"Real Muslims have never seen, and cannot see #terrorism as a way for solving their problems.*** #CharlieHebdo http://t.co/sdJvdNxAGM",0,israfilaydemir,charliehebdo,not_rumour,"Real Muslims have never seen, and cannot see terrorism as a way for solving their problems. CharlieHebdo",17
FACT. We know more about how #MikeBrown allegedly stole cheap cigars than how and why a #Ferguson police officer shot and killed him.,1,CheathamKMOV,ferguson,rumour,FACT. We know more about how MikeBrown allegedly stole cheap cigars than how and why a Ferguson police officer shot and killed him.,23
"#CharlieHebdo Shooting Video Uncensored: http://t.co/6m6DuFb8i3
#ParisShooting #parisattack #franceattack #FranceShooting",0,SmartestConman,charliehebdo,not_rumour,CharlieHebdo Shooting Video Uncensored ParisShooting parisattack franceattack FranceShooting,8
Two Tory MPs say gunman at Parliament Hill has been 'shot and killed' http://t.co/r2qnyftxXF http://t.co/mksfPjJ73r,1,nationalpost,ottawashooting,rumour,Two Tory MPs say gunman at Parliament Hill has been 'shot and killed',13
Full statement from PM Abbott on #Sydneysiege #MartinPlace #Lindt. http://t.co/7ilKZGNBDz,1,latikambourke,sydneysiege,rumour,Full statement from PM Abbott on Sydneysiege MartinPlace Lindt.,9
#Ferguson PD releases robbery incident report smearing #MikeBrown but not shooting incident report. Did they think we wouldn’t notice?,1,LisaBloom,ferguson,rumour,Ferguson PD releases robbery incident report smearing MikeBrown but not shooting incident report. Did they think we wouldnt notice?,19
Statement from Hamilton Mayor Bob Bratina on death of soldier in #OttawaShooting http://t.co/p4DlyV3NG4,1,cbcsteve,ottawashooting,rumour,Statement from Hamilton Mayor Bob Bratina on death of soldier in OttawaShooting,12
#CharlieHebdo cartoonist was on al Qaeda's wanted list: http://t.co/nEojRxbetR (Pic: EPA) http://t.co/m8oO7gnXJf,0,Telegraph,charliehebdo,not_rumour,CharlieHebdo cartoonist was on al Qaeda's wanted list Pic EPA,10
"OTTAWA SHOOTING
- Soldier shot at memorial has died: Globe, CTV
- Harper to speak later today
http://t.co/DkNJOduorR",1,HuffPostCanada,ottawashooting,rumour,"OTTAWA SHOOTING - Soldier shot at memorial has died Globe, CTV - Harper to speak later today",17
Everyone take a moment to honour Cpl. Nathan Cirillo the fine solider that was killed in Ottawa today #Hero http://t.co/UXb3CxWGZ2,1,EtobicokeErnie,ottawashooting,rumour,Everyone take a moment to honour Cpl. Nathan Cirillo the fine solider that was killed in Ottawa today Hero,19
BREAKING: 10 reported dead in Charlie Hebdo HQ shooting - local media http://t.co/Q27XnP3AS3,1,RT_com,charliehebdo,rumour,BREAKING 10 reported dead in Charlie Hebdo HQ shooting - local media,12
Update - French media: identified suspect in #Paris policewoman killing is known associate of suspected #CharlieHebdo gunman Cherif Kouachi,1,SkyNewsBreak,charliehebdo,rumour,Update - French media identified suspect in Paris policewoman killing is known associate of suspected CharlieHebdo gunman Cherif Kouachi,19
Follow all of the latest updates on #sydneysiege on our #live blog http://t.co/7NdqPYhwcY http://t.co/hUbJsVwJOn,0,abcnews,sydneysiege,not_rumour,Follow all of the latest updates on sydneysiege on our live blog,12
Minute of silence for #CharlieHebdo. My heart is with France. Together we will protect our values http://t.co/MEB1mSZIm6,0,eucopresident,charliehebdo,not_rumour,Minute of silence for CharlieHebdo. My heart is with France. Together we will protect our values,16
"Police: Four of France's most celebrated cartoonists killed: Charb, Cabu, Wolinski, &amp; Tignous http://t.co/g0dRKU3qCV #CharlieHebdo",1,thedailybeast,charliehebdo,rumour,"Police Four of France's most celebrated cartoonists killed Charb, Cabu, Wolinski, amp Tignous CharlieHebdo",14
KKK already raising money for the police officer who shot and killed #MikeBrown - #Ferguson http://t.co/VWkZXjHF7V,1,TheAnonMessage2,ferguson,rumour,KKK already raising money for the police officer who shot and killed MikeBrown - Ferguson,15
"There is fear and uncertainty about what has happened in #Ottawa, but democracy will not be silenced. Stay safe, Ottawa. #cdnpoli",0,Kathleen_Wynne,ottawashooting,not_rumour,"There is fear and uncertainty about what has happened in Ottawa, but democracy will not be silenced. Stay safe, Ottawa. cdnpoli",21
"Updated: Full story on Nathan Cirillo, the soldier killed in #Ottawashooting http://t.co/znQSFJeNQf http://t.co/qM9gunIiJE",1,TorontoStar,ottawashooting,rumour,"Updated Full story on Nathan Cirillo, the soldier killed in Ottawashooting",11
"Incidents occurred at National War Memorial, near the Rideau Centre and Parliament Hill this morning. #ottnews",1,OttawaPolice,ottawashooting,rumour,"Incidents occurred at National War Memorial, near the Rideau Centre and Parliament Hill this morning. ottnews",16
Raw footage and live coverage of shooting at Parliament: http://t.co/BXR3thpsV0 http://t.co/mAWprVUaLC,0,globeandmail,ottawashooting,not_rumour,Raw footage and live coverage of shooting at Parliament,9
Updated: The shooting incident in Ottawa had the appearance of a coordinated attack http://t.co/brn047wYz8 http://t.co/rfCQHTUPft,1,nytimes,ottawashooting,rumour,Updated The shooting incident in Ottawa had the appearance of a coordinated attack,13
Asterix and Obelix pay tribute to #CharlieHebdo victims (via @asterixofficiel) http://t.co/ssgYsoKoIC,0,elenacresci,charliehebdo,not_rumour,Asterix and Obelix pay tribute to CharlieHebdo victims via,9
NO VIOLENCE! JUST JUSTICE! #ferguson https://t.co/3R6rTtmvzW,0,AntonioFrench,ferguson,not_rumour,NO VIOLENCE! JUST JUSTICE! ferguson,5
"“If our fears are confirmed, this is a dark day for Lufthansa,” says CEO of Germanwings' parent company after crash http://t.co/tJVCCJSY4G",0,WSJ,germanwings-crash,not_rumour,"If our fears are confirmed, this is a dark day for Lufthansa, says CEO of Germanwings' parent company after crash",20
"Breaking News: Reports of Gunfire and Hostage in Search for Suspects in Paris Attack
http://t.co/U8BE162qls",1,nytimes,charliehebdo,rumour,Breaking News Reports of Gunfire and Hostage in Search for Suspects in Paris Attack,14
"If you have pictures or video of the suspect, email them NatDiv_Media_DivNat@rcmp-grc.gc.ca #ottawa #ottcity #ottnews",0,OttawaPolice,ottawashooting,not_rumour,"If you have pictures or video of the suspect, email them NatDiv Media DivNat-grc.gc.ca ottawa ottcity ottnews",17
#Ferguson police ID officer who shot and killed #MikeBrown as Darren Wilson.,0,stltoday,ferguson,not_rumour,Ferguson police ID officer who shot and killed MikeBrown as Darren Wilson.,12
Gunman Takes Hostage In Paris Shop - Report http://t.co/BbPuxPz8Fk,1,SkyNews,charliehebdo,rumour,Gunman Takes Hostage In Paris Shop - Report,8
"True north STONG and free
RIP to the solider shot in the Ottawa shooting #CanadaStrong #OttawaShooting http://t.co/dQNXO4WXyj",0,TumblrHockey_,ottawashooting,not_rumour,True north STONG and free RIP to the solider shot in the Ottawa shooting CanadaStrong OttawaShooting,16
AFTER 16 HOURS SYDNEY SIEGE IS FINALLY OVER.,1,PzFeed,sydneysiege,rumour,AFTER 16 HOURS SYDNEY SIEGE IS FINALLY OVER.,8
"Hostage-taker at Paris store demands release of #KouachiBrothers, police union spokesman says. http://t.co/7Bxdhozq4H http://t.co/0SmxqdDLrX",1,cnnbrk,charliehebdo,rumour,"Hostage-taker at Paris store demands release of KouachiBrothers, police union spokesman says.",12
Reuters: One gunman has been shot dead inside Canadian parliament building #OttawaShooting,1,SkyNewsBreak,ottawashooting,rumour,Reuters One gunman has been shot dead inside Canadian parliament building OttawaShooting,12
"Once again the West refuses to call it what it is… #Terrorism, pure and simple! #sydneysiege  http://t.co/NukDTyCbkm http://t.co/lZ2iR1pMWn",0,Jarjarbug,sydneysiege,not_rumour,"Once again the West refuses to call it what it is Terrorism, pure and simple! sydneysiege",16
"If you're following the situation in Sydney, I beg that you read this article. Skim it, even. So long as you see it. http://t.co/jy0xmKaRST",0,CaitiWard_,sydneysiege,not_rumour,"If you're following the situation in Sydney, I beg that you read this article. Skim it, even. So long as you see it.",23
#AirbusCrash According to @flightradar24 this is the actual #Germanwings plane that has crashed. http://t.co/pkDHz6248P,0,eNCAnews,germanwings-crash,not_rumour,AirbusCrash According to this is the actual Germanwings plane that has crashed.,12
Breaking: Gunman linked to 'Charlie Hebdo' shooters takes hostages at kosher grocery store http://t.co/OPZgxUhYlv,1,TIME,charliehebdo,rumour,Breaking Gunman linked to 'Charlie Hebdo' shooters takes hostages at kosher grocery store,13
48 media organizations sign  protest letter objecting to the treatment of reporters in #Ferguson http://t.co/GG8ERIh9wT #butnotpolitico,0,the_intercept,ferguson,not_rumour,48 media organizations sign protest letter objecting to the treatment of reporters in Ferguson butnotpolitico,15
"Maybe hard hitting @foxnews should be covering what's going on in #Ferguson, Mo. instead of fat shaming the First Lady??",1,Alyssa_Milano,ferguson,rumour,"Maybe hard hitting should be covering what's going on in Ferguson, Mo. instead of fat shaming the First Lady??",19
#Germanwings co-pilot suffered serious depression 6 years ago: German newspaper http://t.co/LXDzBdNdMB http://t.co/yTUNdHyEJY,1,ChannelNewsAsia,germanwings-crash,rumour,Germanwings co-pilot suffered serious depression 6 years ago German newspaper,10
if #putin is dead here is what happens next http://t.co/arGei7fSC0 #putindead http://t.co/N96BW9F53V,1,ymtreb,putinmissing,rumour,if putin is dead here is what happens next putindead,10
"Jon Stewart on Charlie Hebdo: Comedy ""shouldn’t be an act of courage"" http://t.co/5aQp9trsy8",0,washingtonpost,charliehebdo,not_rumour,"Jon Stewart on Charlie Hebdo Comedy ""shouldnt be an act of courage""",12
Two people reportedly seriously hurt in a shootout in the hunt for the #ParisAttack gunmen http://t.co/CVcFrESdld http://t.co/8EmDi6eZL3,1,SkyNews,charliehebdo,rumour,Two people reportedly seriously hurt in a shootout in the hunt for the ParisAttack gunmen,15
"""No contact with #SydneySiege armed offender at this stage"": @nswpolice http://t.co/z9JrtJ2IN3 http://t.co/v0ipmuacMP",0,BBCBreaking,sydneysiege,not_rumour,"""No contact with SydneySiege armed offender at this stage""",9
#Ottpolice and @rcmpgrcpolice are asking the public to stay away from the downtown Ottawa area. Ongoing investigation.,0,OttawaPolice,ottawashooting,not_rumour,Ottpolice and are asking the public to stay away from the downtown Ottawa area. Ongoing investigation.,16
Charlie Hebdo: We must not stop laughing at these murderous clowns http://t.co/1tllLxRHMk @martinrowson,0,guardian,charliehebdo,not_rumour,Charlie Hebdo We must not stop laughing at these murderous clowns,11
BREAKING: Germanwings Airbus A320 crashes in French Alps | via @BBCBreaking,1,ANCALERTS,germanwings-crash,rumour,BREAKING Germanwings Airbus A320 crashes in French Alps via,9
"BREAKING: Soldier shot at War Memorial in Ottawa, Hill on lockdown, shooter at large http://t.co/64V216TLzO #ottnews",1,OttawaCitizen,ottawashooting,rumour,"BREAKING Soldier shot at War Memorial in Ottawa, Hill on lockdown, shooter at large ottnews",15
"Stunning photo inside caucus room during shooting http://t.co/wgGCPeYZ67
http://t.co/OpERH3GiMu",0,HuffPostCanada,ottawashooting,not_rumour,Stunning photo inside caucus room during shooting,7
"“When you dress police up like soldiers, they start thinking like soldiers. And soldiers engage an enemy.” http://t.co/PtrZIIiIHb #Ferguson",0,thenation,ferguson,not_rumour,"When you dress police up like soldiers, they start thinking like soldiers. And soldiers engage an enemy. Ferguson",18
"You can take offence, disapprove, demonstrate; but not silence or kill. We will not be intimidated. #JeSuisCharlie http://t.co/uil7iv8zaF",0,sturdyAlex,charliehebdo,not_rumour,"You can take offence, disapprove, demonstrate but not silence or kill. We will not be intimidated. JeSuisCharlie",17
UPDATE: Black box recorder reveals one of #4U9525's pilots was banging on the door to get into the cockpit: http://t.co/EmSy5qU1ud #9News,1,9NewsAUS,germanwings-crash,rumour,UPDATE Black box recorder reveals one of 4U9525's pilots was banging on the door to get into the cockpit 9News,20
Police blocking cars from entering #Ferguson right now http://t.co/e6DQpD0vmE,0,AntonioFrench,ferguson,not_rumour,Police blocking cars from entering Ferguson right now,8
"#Ferguson PD beat, &amp; charged innocent man with ""Property Damage"" for bleeding on officer's clothes @YourAnonNews  http://t.co/cdyvEIzZRw",1,Ras_Al_Ghuuch,ferguson,rumour,"Ferguson PD beat, amp charged innocent man with ""Property Damage"" for bleeding on officer's clothes",15
Twin hostage situations Erupt in Paris. Two victims have been killed. Our updated story: http://t.co/Z5xnRNhRhN,1,DanBilefsky,charliehebdo,rumour,Twin hostage situations Erupt in Paris. Two victims have been killed. Our updated story,14
The police presence in #Ferguson following the shooting of Michael Brown was mind blowing. http://t.co/UGdNcWtpbH,0,TammieHolland,ferguson,not_rumour,The police presence in Ferguson following the shooting of Michael Brown was mind blowing.,14
BREAKING NEWS: Hostage situation at supermarket in eastern Paris after shots ring out - AFP,1,PzFeed,charliehebdo,rumour,BREAKING NEWS Hostage situation at supermarket in eastern Paris after shots ring out - AFP,15
"The University of Ottawa, just a five minute walk from the Hill, is now on lockdown.",1,ldobsonhughes,ottawashooting,rumour,"The University of Ottawa, just a five minute walk from the Hill, is now on lockdown.",16
Policeman seriously injured in new #Paris shooting as seven arrests made - live updates http://t.co/cCc9GdG3HV http://t.co/JqhZChVPCw,1,TelegraphNews,charliehebdo,rumour,Policeman seriously injured in new Paris shooting as seven arrests made - live updates,14
#BREAKING: ONE assailant shot and killed in Parliament Hill - but still active shooting situation &amp; shots being fired. #ottnews,1,CFRAOttawa,ottawashooting,rumour,BREAKING ONE assailant shot and killed in Parliament Hill - but still active shooting situation amp shots being fired. ottnews,20
Soldier shot at National War Memorial in Ottawa http://t.co/WABNVkk7wA http://t.co/SRMYiIoOY9,1,CBCNews,ottawashooting,rumour,Soldier shot at National War Memorial in Ottawa,8
Shots fired on parliament hill after a man walked up with a gun. I'm locked in a security office on parliament hill,1,cmaconthehill,ottawashooting,rumour,Shots fired on parliament hill after a man walked up with a gun. I'm locked in a security office on parliament hill,22
"Fuck Islam and fuck their pedophile prophet. That's all.

#CharlieHebdo http://t.co/LlVvy35DUg",0,Bidenshairplugs,charliehebdo,not_rumour,Fuck Islam and fuck their pedophile prophet. That's all. CharlieHebdo,10
Here’s the grocery store in eastern Paris where hostage crisis is unfolding http://t.co/r4rG2j2Maq http://t.co/KVzJB8m9rH,0,MailOnline,charliehebdo,not_rumour,Heres the grocery store in eastern Paris where hostage crisis is unfolding,12
"Soldier shot, Parliament locked down after gunfire erupts at war memorial. Developing story: http://t.co/ULAKX3dYO1 http://t.co/o5P3RDYb8C",1,globeandmail,ottawashooting,rumour,"Soldier shot, Parliament locked down after gunfire erupts at war memorial. Developing story",13
Map: Exclusion zone remains around #MartinPlace as the #Sydneysiege continues  http://t.co/aOuG4dmrHb http://t.co/ZP0U1xNQzA,1,abcnews,sydneysiege,rumour,Map Exclusion zone remains around MartinPlace as the Sydneysiege continues,10
The whistleblower was putting his Lieutenant on blast. Nine other officers corroborated the rampant racism in the #StLouis PD. #Ferguson,0,drgoddess,ferguson,not_rumour,The whistleblower was putting his Lieutenant on blast. Nine other officers corroborated the rampant racism in the StLouis PD. Ferguson,20
Some hostages seen leaving Paris kosher market after police raid http://t.co/mavZxj17F7 http://t.co/arlafQgjK0,0,mashable,charliehebdo,not_rumour,Some hostages seen leaving Paris kosher market after police raid,10
"PARIS HOSTAGE SITUATIONS:
-At printing house
-Holding 1 hostage
-At kosher supermarket
-Holding 6 hostages

Stay with @PzFeed for the latest",0,PzFeed,charliehebdo,not_rumour,PARIS HOSTAGE SITUATIONS -At printing house -Holding 1 hostage -At kosher supermarket -Holding 6 hostages Stay with for the latest,20
"Parliament Hill Security: ""the situation is evolving"" - lockdown reinstated in offices around the Hill #OttawaShooting",0,RichardMadan,ottawashooting,not_rumour,"Parliament Hill Security ""the situation is evolving"" - lockdown reinstated in offices around the Hill OttawaShooting",16
UPDATE: No survivors are expected among the 150 people aboard #Germanwings plane. http://t.co/hd7zdUJtH4 http://t.co/iibVTBuIqz,1,FoxNews,germanwings-crash,rumour,UPDATE No survivors are expected among the 150 people aboard Germanwings plane.,12
"A satire on Mohammed can get you killed. A satire on Hindu God can get You 300 Crs!
 And still Hindus should learn tolerance?
#CharlieHebdo",0,rishibagree,charliehebdo,not_rumour,A satire on Mohammed can get you killed. A satire on Hindu God can get You 300 Crs! And still Hindus should learn tolerance? CharlieHebdo,25
"#sydneysiege is over. 2 confirmed dead, #PrayForSydney #PrayForSydneyHostages #Sydney #hostages",1,timsullivan23,sydneysiege,rumour,"sydneysiege is over. 2 confirmed dead, PrayForSydney PrayForSydneyHostages Sydney hostages",10
"Remarkably, despite the military-style police presence in #Ferguson, a known killer was able to skip town http://t.co/lDGjp6Wt1j",1,TheDailyEdge,ferguson,rumour,"Remarkably, despite the military-style police presence in Ferguson, a known killer was able to skip town",16
"MT @grasswire: #CharlieHebdo editor, assassinated today, in 2012:""I prefer to die standing than to live on my knees."" http://t.co/nUceGIaD03",0,JackieBodnar,charliehebdo,not_rumour,"MT CharlieHebdo editor, assassinated today, in 2012 ""I prefer to die standing than to live on my knees.""",18
Fire door is still open. SWAT police at its opening. Three people freed. #sydneysiege,1,lucethoughts,sydneysiege,rumour,Fire door is still open. SWAT police at its opening. Three people freed. sydneysiege,14
Gut-wrenching to hear the soldier guarding our national war memorial has died. Rest in peace Cpl Nathan Cirillo #OttawaShooting #NeverForget,1,HonJohnBaird,ottawashooting,rumour,Gut-wrenching to hear the soldier guarding our national war memorial has died. Rest in peace Cpl Nathan CirilloOttawaShootingNeverForget,18
BREAKING NEWS: An armed gunman is holding up to 13 people hostage inside a cafe in one of Sydney's main business areas [Sky News Australia],1,greta,sydneysiege,rumour,BREAKING NEWS An armed gunman is holding up to 13 people hostage inside a cafe in one of Sydney's main business areas Sky News Australia,25
Easily 50+ officers asking protesters to leave in #Ferguson over #MikeBrown rally #kmov http://t.co/RBkfloalhF,0,JJohnsonKMOV,ferguson,not_rumour,Easily 50 officers asking protesters to leave in Ferguson over MikeBrown rally kmov,13
"#Ferguson is 60% black, but virtually all its cops are white. http://t.co/U7Yk4s4nyE http://t.co/gHlnoPH4dK",0,MotherJones,ferguson,not_rumour,"Ferguson is 60 black, but virtually all its cops are white.",11
Freedom of Expression in France not consistent. So how can they claim #IAmCharlieHebdo? Or #JeSuisAhmed? #IamAhmed #IamCharlie #CharlieHebdo,0,ShujaRabbani,charliehebdo,not_rumour,Freedom of Expression in France not consistent. So how can they claim IAmCharlieHebdo? Or JeSuisAhmed? IamAhmed IamCharlie CharlieHebdo,18
"One pilot was locked out of cockpit before #Germanwings flight #4U9525 crashed, killing 150: http://t.co/A7THsq3ea8",1,Newsweek,germanwings-crash,rumour,"One pilot was locked out of cockpit before Germanwings flight 4U9525 crashed, killing 150",14
This is the soldier who died today at the #Ottawa War Memorial. His name is Cpl. Nathan Cirillo. #RIP #OttawaStrong http://t.co/vhPBPq5yYk,1,MaulerMauler,ottawashooting,rumour,This is the soldier who died today at the Ottawa War Memorial. His name is Cpl. Nathan Cirillo. RIP OttawaStrong,20
so #MikeBrown's hat disappeared and he changed into shoes right? #Ferguson http://t.co/2zu5sUH84S,1,afroazn,ferguson,rumour,so MikeBrown's hat disappeared and he changed into shoes right? Ferguson,11
"RETWEET!!! Before any cops were called, before anyone knew he was killed! One of them is his killer #ferguson http://t.co/MGqiSoj1Ab",0,nicklito_,ferguson,not_rumour,"RETWEET!!! Before any cops were called, before anyone knew he was killed! One of them is his killer ferguson",19
#BREAKING - One person has been injured in the shootout at kosher grocery store in Porte de #Vincennes http://t.co/uel0jveeWP,1,FRANCE24,charliehebdo,rumour,BREAKING - One person has been injured in the shootout at kosher grocery store in Porte de Vincennes,18
The protest is turning into a memorial and moving from the #Ferguson Police HQ to the street where #MikeBrown was killed.,0,AntonioFrench,ferguson,not_rumour,The protest is turning into a memorial and moving from the Ferguson Police HQ to the street where MikeBrown was killed.,21
Is #Prince planning a secret show in #Toronto tonight? http://t.co/7btRBeRkqN http://t.co/yWLpPBSjMc,1,YahooMusicCA,prince-toronto,rumour,Is Prince planning a secret show in Toronto tonight?,9
Are we supposed to be cool &amp; remain calm when the police after MURDERING a teenager SLANDER him to hide the killing behind racism? #Ferguson,1,elonjames,ferguson,rumour,Are we supposed to be cool amp remain calm when the police after MURDERING a teenager SLANDER him to hide the killing behind racism? Ferguson,25
Rumours that Prince is playing Massey Hall tonight - listen for details in 5 mins: http://t.co/IByVwVORFh #MusicNerd,1,Indie88Toronto,prince-toronto,rumour,Rumours that Prince is playing Massey Hall tonight - listen for details in 5 mins MusicNerd,16
"North East doesn't get reported because it's far off from main cities, editors argue. Guess Sydney is closer to India than Imphal.",0,shubHASHISH,sydneysiege,not_rumour,"North East doesn't get reported because it's far off from main cities, editors argue. Guess Sydney is closer to India than Imphal.",22
"BREAKING: Gunman in #SydneySiege says he has ""devices all over the city,"" demands to speak with Prime Minister -@JFXM http://t.co/wTO5RzOWe0",1,Breaking911,sydneysiege,rumour,"BREAKING Gunman in SydneySiege says he has ""devices all over the city,"" demands to speak with Prime Minister -",19
BREAKING a hostage siege in Sydney with a man with an IS flag or similar - live reports from @bkjabour http://t.co/VWugbceCAR,1,bendepear,sydneysiege,rumour,BREAKING a hostage siege in Sydney with a man with an IS flag or similar - live reports from,19
#Charlie Hebdo. It was press day at the magazine so all important staff were there. Now 10 assassinated along with 2 police officers.,1,kimwillsher1,charliehebdo,rumour,Charlie Hebdo. It was press day at the magazine so all important staff were there. Now 10 assassinated along with 2 police officers.,23
"Freedom of expression is non-negotiable - http://t.co/c8Fm7F6c1k via @IndexCensorship
#jesuischarlie",0,IndexCensorship,charliehebdo,not_rumour,Freedom of expression is non-negotiable - via jesuischarlie,8
"Prince fans already lining up @ Massey Hall. Wristbands reportedly on sale at 6pm
http://t.co/WpiPU0aYwK #Toronto http://t.co/G9IEqv1GLe",1,680News,prince-toronto,rumour,Prince fans already lining up Massey Hall. Wristbands reportedly on sale at 6pm Toronto,14
"The surveillance photos, the police report, and this witness account. #Ferguson http://t.co/Sbx9tfA5FA http://t.co/JGgtaXYOxz",1,AntonioFrench,ferguson,rumour,"The surveillance photos, the police report, and this witness account. Ferguson",11
Laying on of hands for Capt. Ron Johnson before #Ferguson begins another night of protests. http://t.co/AMViKykZ5l,0,bkesling,ferguson,not_rumour,Laying on of hands for Capt. Ron Johnson before Ferguson begins another night of protests.,15
#SydneySiege no real time operational footage or on the ground movements will be shared by the media to ensure terrorists are not aided.,0,RealAliciaMayer,sydneysiege,not_rumour,SydneySiege no real time operational footage or on the ground movements will be shared by the media to ensure terrorists are not aided.,23
Outrage as bystanders take selfies at Sydney siege http://t.co/SrLF9lRln7 http://t.co/C6dWNCuPJp,0,BuzzFeedNews,sydneysiege,not_rumour,Outrage as bystanders take selfies at Sydney siege,8
NSW Police confirm three people have emerged from the Lindt cafe in Martin Place #sydneysiege http://t.co/4MUc9ivwbK http://t.co/ZoZyJnkANL,1,abcnews,sydneysiege,rumour,NSW Police confirm three people have emerged from the Lindt cafe in Martin Place sydneysiege,15
"This is not Kiev, Ukraine. This is #Ferguson, Missouri right now. http://t.co/RXZ0xkaBrP",0,YourAnonGlobal,ferguson,not_rumour,"This is not Kiev, Ukraine. This is Ferguson, Missouri right now.",11
"PRINCE IN TORONTO TONIGHT:
@3RDEYEGIRL tweeted this morning to say OTNOROT CALLING, which is Toronto backwards, obviously.... Seems it's on!",1,PrinceMuseum,prince-toronto,rumour,"PRINCE IN TORONTO TONIGHT tweeted this morning to say OTNOROT CALLING, which is Toronto backwards, obviously.... Seems it's on!",19
"Police say shots fired at 3 #Ottawa sites -  National War Memorial, Parliament Hill, and now Rideau shopping centre http://t.co/rOnqpUbuqc",1,BBCBreaking,ottawashooting,rumour,"Police say shots fired at 3 Ottawa sites - National War Memorial, Parliament Hill, and now Rideau shopping centre",19
Satirical French magazine #CharlieHebdo attacked by gunmen: latest news report http://t.co/gjTbTOQIMo http://t.co/IIKBOs2Puk,0,guardian,charliehebdo,not_rumour,Satirical French magazine CharlieHebdo attacked by gunmen latest news report,10
"AFP reports there are 2 dead, and 5 hostages being held in the Kosher store in Eastern Paris; separate incident to charlie hebdo shooters.",1,ShirazMaher,charliehebdo,rumour,"AFP reports there are 2 dead, and 5 hostages being held in the Kosher store in Eastern Paris separate incident to charlie hebdo shooters.",24
Very tense situation in Ottawa this morning.  Multiple gun shots fired outside of our caucus room.  I am safe and in lockdown. Unbelievable.,1,markstrahl,ottawashooting,rumour,Very tense situation in Ottawa this morning. Multiple gun shots fired outside of our caucus room. I am safe and in lockdown. Unbelievable.,23
Tanks. Military police. Occupation. Media blackout. No fly zone. In...a suburb. This is America in 2014. #Ferguson,0,umairh,ferguson,not_rumour,Tanks. Military police. Occupation. Media blackout. No fly zone. In...a suburb. This is America in 2014. Ferguson,17
BREAKING: Paris police: Market gunman threatens to kill hostages if police storm terrorist brothers.,1,AP,charliehebdo,rumour,BREAKING Paris police Market gunman threatens to kill hostages if police storm terrorist brothers.,14
"French Parliament president declares current anti-terrorism legislat° is sufficient,opposed to new laws reacting to #CharlieHebdo emotion",0,MaliciaRogue,charliehebdo,not_rumour,"French Parliament president declares current anti-terrorism legislat is sufficient,opposed to new laws reacting to CharlieHebdo emotion",16
Update: Is it a girl? #Putin  cc: @russian_market http://t.co/Txbcd81G1C http://t.co/P1epNNz2Yn,1,Blickch,putinmissing,rumour,Update Is it a girl? Putin cc,7
→ http://t.co/qmWa9qgRrg Charlie Hebdo attack: Hunt for killers focuses on northern France #CharlieHebdo 485 http://t.co/akSz683KbY,1,brownjenjen,charliehebdo,rumour,Charlie Hebdo attack Hunt for killers focuses on northern France CharlieHebdo 485,12
Good news is Canadian gov't successfully prevented Zehaf-Bebeau from joining #ISIS abroad. Bad news is he waged jihad in #Ottawa today.,1,20committee,ottawashooting,rumour,Good news is Canadian gov't successfully prevented Zehaf-Bebeau from joining ISIS abroad. Bad news is he waged jihad in Ottawa today.,21
Killed Charlie Hebdo suspects came out firing on security forces: source (AFP) http://t.co/f1Z7cBsBhu,1,FRANCE24,charliehebdo,rumour,Killed Charlie Hebdo suspects came out firing on security forces source AFP,12
Thoughts and prayers for a peaceful resolution to the current situation in Sydney. #sydneysiege,0,PzFeed,sydneysiege,not_rumour,Thoughts and prayers for a peaceful resolution to the current situation in Sydney. sydneysiege,14
GERMAN NEWS: Co-Pilot of Germanwings Airbus Was MUSLIM CONVERT …’Hero of Islamic State’?  http://t.co/VMXFNVRJEb http://t.co/CiXotBOh74,1,ThePatriot143,germanwings-crash,rumour,GERMAN NEWS Co-Pilot of Germanwings Airbus Was MUSLIM CONVERT Hero of Islamic State?,13
"Violence, brutality, suppression of free speech. Attacks on journalists. 

Yeah. Let's believe everything the Police say. #Ferguson",1,elonjames,ferguson,rumour,"Violence, brutality, suppression of free speech. Attacks on journalists. Yeah. Let's believe everything the Police say. Ferguson",17
"I covered Polytechnique, Concordia and Dawson shootings. Remember, at least half of what you hear about Ottawa shootings will prove untrue.",0,picardonhealth,ottawashooting,not_rumour,"I covered Polytechnique, Concordia and Dawson shootings. Remember, at least half of what you hear about Ottawa shootings will prove untrue.",21
Attack on Parliament: Soldier shot; gunman on the loose. Follow our developing story: http://t.co/bo99C9HqJE http://t.co/2FXEYtTl8w,1,globeandmail,ottawashooting,rumour,Attack on Parliament Soldier shot gunman on the loose. Follow our developing story,13
"We stand with #CharlieHebdo, the only French newspaper that dedicates a weekly column 2 #AnimalRights: http://t.co/o44i7F5wsM #JeSuisCharlie",0,peta,charliehebdo,not_rumour,"We stand with CharlieHebdo, the only French newspaper that dedicates a weekly column 2 AnimalRights JeSuisCharlie",16
"Map shows industrial estate where 2 #CharlieHebdo suspects are holed up, surrounded by police http://t.co/hi9g8dxpiR http://t.co/Vw2L6SQcMH",1,BBCBreaking,charliehebdo,rumour,"Map shows industrial estate where 2 CharlieHebdo suspects are holed up, surrounded by police",14
"Just as French society rose up and nobly said #JeSuisCharlie, it must now stand with its Jewish community and say #JeSuisJuif – I Am a Jew.",0,AviMayer,charliehebdo,not_rumour,"Just as French society rose up and nobly said JeSuisCharlie, it must now stand with its Jewish community and say JeSuisJuif I Am a Jew.",25
Prince rumoured to play secret Toronto show today http://t.co/ODT5L7b8Pi,1,metrotoronto,prince-toronto,rumour,Prince rumoured to play secret Toronto show today,8
Indian artist Sudarsan Pattnaik and his tribute to those killed in the attack on Charlie Hebdo http://t.co/36rBaLxCJ6,0,AFP,charliehebdo,not_rumour,Indian artist Sudarsan Pattnaik and his tribute to those killed in the attack on Charlie Hebdo,16
Social media users show solidarity for #CharlieHebdo with #JeSuisCharlie hashtag http://t.co/v0m1buPOMy http://t.co/mci5nwDlDQ,0,SkyNews,charliehebdo,not_rumour,Social media users show solidarity for CharlieHebdo with JeSuisCharlie hashtag,10
"Airbus plane operated by Lufthansa's Germanwings airline crashes in southern France, officials say - @Reuters http://t.co/by471NAzFg",1,BreakingNews,germanwings-crash,rumour,"Airbus plane operated by Lufthansa's Germanwings airline crashes in southern France, officials say -",14
"Eyewitness: terrorists said, “Tell the media that this is al Qaeda in the Yemen” before attacking #CharlieHebdo http://t.co/dTaPFkFr5F",1,thedailybeast,charliehebdo,rumour,"Eyewitness terrorists said, Tell the media that this is al Qaeda in the Yemen before attacking CharlieHebdo",17
SHOTS FIRED AT SYDNEY CAFE - 7NEWS,1,PzFeed,sydneysiege,rumour,SHOTS FIRED AT SYDNEY CAFE - 7NEWS,7
The plot thickens: #Gurlitt's cousin claims Munich #art trove as inheritance http://t.co/Z8k55lzPLp via @YahooNews,0,theladyingold,gurlitt,not_rumour,The plot thickens Gurlitt's cousin claims Munich art trove as inheritance via,12
"AG Eric Holder called Ron Johnson this afternoon, called approach a “model of community-based policing.” #ferguson",0,ryanjreilly,ferguson,not_rumour,"AG Eric Holder called Ron Johnson this afternoon, called approach a model of community-based policing. ferguson",16
#Breaking: Hostage situation reportedly unfolding in #Sydney chocolate shop http://t.co/n4D3yGjso9,1,FoxNews,sydneysiege,rumour,Breaking Hostage situation reportedly unfolding in Sydney chocolate shop,9
BREAKING: Canadian official identifies dead Ottawa gunman as Michael Zehaf-Bibeau.,1,AP,ottawashooting,rumour,BREAKING Canadian official identifies dead Ottawa gunman as Michael Zehaf-Bibeau.,10
"This is what they call ""justice"" in #Ferguson http://t.co/mKnPV1LU4J",0,AnonyOps,ferguson,not_rumour,"This is what they call ""justice"" in Ferguson",8
"“This is obviously a deeply concerning incident,” Australian Prime Minister says on unfolding situation in Sydney. http://t.co/02SVSxOrFt",0,cnnbrk,sydneysiege,not_rumour,"This is obviously a deeply concerning incident, Australian Prime Minister says on unfolding situation in Sydney.",16
"ALERT: @ABC News Special Report:

Tactical units storm Sydney cafe - LIVE on @ABC TV and http://t.co/JRybQXm28D http://t.co/wnTY37HjxP",0,ABC,sydneysiege,not_rumour,ALERT News Special Report Tactical units storm Sydney cafe - LIVE on TV and,14
The latest: Airline Germanwings now says there were 144 passengers and six crew aboard  plane that crashed: http://t.co/IwITH21l6h,1,AP,germanwings-crash,rumour,The latest Airline Germanwings now says there were 144 passengers and six crew aboard plane that crashed,17
Everyone was out to support. #MikeBrown #Ferguson #UnionSquare #nyc4stl http://t.co/z3VT5Sf51v,0,AllysonxGill,ferguson,not_rumour,Everyone was out to support. MikeBrown Ferguson UnionSquare nyc4stl,9
Anybody else thinks the #Ferguson police chief is just making this up as he goes along? This is beyond embarrassing. It's shameful!,1,rolandsmartin,ferguson,rumour,Anybody else thinks the Ferguson police chief is just making this up as he goes along? This is beyond embarrassing. It's shameful!,22
Post the caricatures in solidarity and respect for the heroes from the satiric magazine #CharlieHebdo http://t.co/Ts1qzQKGtV,0,nein6,charliehebdo,not_rumour,Post the caricatures in solidarity and respect for the heroes from the satiric magazine CharlieHebdo,15
"This doesn't represent all Muslims, but, sorry, it does represent the official Islamic school of a certain key Arab state. #CharlieHebdo",0,iyad_elbaghdadi,charliehebdo,not_rumour,"This doesn't represent all Muslims, but, sorry, it does represent the official Islamic school of a certain key Arab state. CharlieHebdo",21
I asked Ron Johnson why #Ferguson cops aren't wearing name tags: http://t.co/ghiG5XM8Rd,0,ryanjreilly,ferguson,not_rumour,I asked Ron Johnson why Ferguson cops aren't wearing name tags,11
Especially poignant this week: Bill Hicks on what free speech really means http://t.co/lvK3nQAzDn #CharlieHebdo http://t.co/5s808jTmxT,0,brainpicker,charliehebdo,not_rumour,Especially poignant this week Bill Hicks on what free speech really means CharlieHebdo,13
PHOTO: Arrivals board in Dusseldorf Airport shows information for Germanwings plane that crashed in French Alps http://t.co/dymPQUJEHx,0,ABC,germanwings-crash,not_rumour,PHOTO Arrivals board in Dusseldorf Airport shows information for Germanwings plane that crashed in French Alps,16
"Nearly 7k blacks were murdered last yr--almost all by other blacks. A tiny % were unarmed-killed-by-cop.
Where's Al, Jesse?
#tcot #ferguson",1,larryelder,ferguson,rumour,"Nearly 7k blacks were murdered last yr--almost all by other blacks. A tiny were unarmed-killed-by-cop. Where's Al, Jesse? tcot ferguson",20
BREAKING  @SkyBusiness: freed hostage borne high from #sydneysiege w/c.4 paramedic teams on the scene http://t.co/DKBQI5tx4B ( carsonscottLI,1,SkyNewsAust,sydneysiege,rumour,BREAKING freed hostage borne high from sydneysiege w c.4 paramedic teams on the scene carsonscottLI,15
Playback of flight #4U9525 with speed and altitude graph is available on http://t.co/MOQyH9KUrL http://t.co/J084cUaebe (via @flightradar24),0,MikeP1L0T,germanwings-crash,not_rumour,Playback of flight 4U9525 with speed and altitude graph is available on via,13
"Everybody was orgasming about a white cop killing an ""innocent"" black kid. Reality kicked them in the nuts. #Ferguson http://t.co/hUx29W6P10",1,Bidenshairplugs,ferguson,rumour,"Everybody was orgasming about a white cop killing an ""innocent"" black kid. Reality kicked them in the nuts. Ferguson",19
Patrol cars still flood the streets in #ferguson more than 6 hours after police officer shot teenager @ksdknews http://t.co/fCCGAfIRbG,0,ElizabethKSDK,ferguson,not_rumour,Patrol cars still flood the streets in ferguson more than 6 hours after police officer shot teenager,17
There he is!! #Putin #putinmissing http://t.co/EuXDTQxoyy,0,ChristAlexander,putinmissing,not_rumour,There he is!! Putin putinmissing,5
Are you in #Sydney? Have you witnessed the #MartinPlaceSiege? Tweet us NOW at @BBC_HaveYourSay #sydneysiege http://t.co/NBveZGlDni,0,BBCNewsAus,sydneysiege,not_rumour,Are you in Sydney? Have you witnessed the MartinPlaceSiege? Tweet us NOW at sydneysiege,14
"Trayvon Martin. Jordan Davis. Renisha McBride. Mike Brown. Our streets are stained with the blood of unarmed, black teens. #Ferguson",0,capetownbrown,ferguson,not_rumour,"Trayvon Martin. Jordan Davis. Renisha McBride. Mike Brown. Our streets are stained with the blood of unarmed, black teens. Ferguson",20
"Ahmed Merabet, a French Police officer, the first victim of #CharlieHebdo attack .. He was a Musilm #RIP http://t.co/Z5Qx2gGMNp",1,iBinThaleth,charliehebdo,rumour,"Ahmed Merabet, a French Police officer, the first victim of CharlieHebdo attack .. He was a Musilm RIP",18
#WATCH: An aviation expert says the #4U9525 distress call was circulated on Twitter within three minutes. http://t.co/ywO1t8O4XI,1,SkyNewsAust,germanwings-crash,rumour,WATCH An aviation expert says the 4U9525 distress call was circulated on Twitter within three minutes.,16
BREAKING: One pilot was 'locked out' of cockpit before Germanwings crash http://t.co/3ZrouZedhX http://t.co/CSUYBYHuAF,1,thejournal_ie,germanwings-crash,rumour,BREAKING One pilot was 'locked out' of cockpit before Germanwings crash,11
"""Love is stronger than hate"" #Peace is stronger than racism/ultranationalism/fundamentalism. And Art is stronger than bigotry #CharlieHebdo",0,Elif_Safak,charliehebdo,not_rumour,"""Love is stronger than hate"" Peace is stronger than racism ultranationalism fundamentalism. And Art is stronger than bigotry CharlieHebdo",19
"MORE: Police say shots fired at 3 places: The National War Memorial, on Parliament Hill and near Rideau Centre Mall: http://t.co/ZUIqFDn4nl",1,AP,ottawashooting,rumour,"MORE Police say shots fired at 3 places The National War Memorial, on Parliament Hill and near Rideau Centre Mall",20
BREAKING: Police order all shops closed in famed Jewish neighborhood in central Paris far from attacks.,1,AP,charliehebdo,rumour,BREAKING Police order all shops closed in famed Jewish neighborhood in central Paris far from attacks.,16
Update: Several people have emerged from the building where hostages in Sydney are being held http://t.co/tguHAkbs5T http://t.co/EBf9WkJIEl,1,mashable,sydneysiege,rumour,Update Several people have emerged from the building where hostages in Sydney are being held,15
"If #MikeBrown is indeed the robber, where’s the red ball cap? Sandals? Stolen cigars? #ferguson",1,LisaBloom,ferguson,rumour,"If MikeBrown is indeed the robber, wheres the red ball cap? Sandals? Stolen cigars? ferguson",15
Charlie Hebdo mocked Jews. Number of people killed = 0 http://t.co/7fjbx0NImn,0,TRobinsonNewEra,charliehebdo,not_rumour,Charlie Hebdo mocked Jews. Number of people killed 0,9
4 cartoonists who died in the attack on #CharlieHebdo - AFP http://t.co/UmyMvBKAa8,0,timesofindia,charliehebdo,not_rumour,4 cartoonists who died in the attack on CharlieHebdo - AFP,11
"BREAKING: Prince cancels Massey Hall gig tonight, rumoured to be headlining @Newzapalooza on Friday -- in holographic form.",1,SeanDFitzgerald,prince-toronto,rumour,"BREAKING Prince cancels Massey Hall gig tonight, rumoured to be headlining on Friday -- in holographic form.",17
Unfortunately this is where Twitter is at it's best and worst. Please don't tweet about #sydneysiege with police intel or misinformed rants,0,seancallanan,sydneysiege,not_rumour,Unfortunately this is where Twitter is at it's best and worst. Please don't tweet about sydneysiege with police intel or misinformed rants,22
#JeSuisCharlie used across the world to show solidarity with #CharlieHebdo shooting victims http://t.co/kp922GIn7c http://t.co/tiL6mF3MDf,0,Independent,charliehebdo,not_rumour,JeSuisCharlie used across the world to show solidarity with CharlieHebdo shooting victims,12
Police in #Ferguson plan to release name of officer who shot unarmed teen Michael Brown: http://t.co/oqns3yVfTx http://t.co/9fb09WUtdN,1,ReutersUS,ferguson,rumour,Police in Ferguson plan to release name of officer who shot unarmed teen Michael Brown,15
"VIDEO #Russia(n) Armored Vehicles,Tanks in #Donetsk #Ukraine https://t.co/wvwVYUjm3V #Luhansk #Mariupol #Putindead http://t.co/jU5RD8a1Sr",0,raging545,putinmissing,not_rumour,"VIDEO Russia n Armored Vehicles,Tanks in Donetsk Ukraine Luhansk Mariupol Putindead",11
Update - AFP says gunman who has taken a hostage at kosher supermarket in Paris believed to be suspect in killing of policewoman on Thursday,1,SkyNewsBreak,charliehebdo,rumour,Update - AFP says gunman who has taken a hostage at kosher supermarket in Paris believed to be suspect in killing of policewoman on Thursday,25
"Prince news from fans at Massey Hall: show tonight, $10 for entry. Need to line up at Massey for wristbands. Big line already. #PrinceWatch",1,JillKrajewski,prince-toronto,rumour,"Prince news from fans at Massey Hall show tonight, 10 for entry. Need to line up at Massey for wristbands. Big line already. PrinceWatch",24
Further @channeltennews reporting #sydneysiege gunman says there are 4 bombs: 2 in cafe and 2 elsewhere in CBD.,1,TroyBramston,sydneysiege,rumour,Further reporting sydneysiege gunman says there are 4 bombs 2 in cafe and 2 elsewhere in CBD.,17
"Salman Rushdie: ""I stand with #CharlieHebdo, as we all must, to defend the art of satire, which has always been a force for liberty""",0,joshglancy,charliehebdo,not_rumour,"Salman Rushdie ""I stand with CharlieHebdo, as we all must, to defend the art of satire, which has always been a force for liberty""",24
"We're not responsible of http://t.co/SBWJDNXpjH, this is a fake, and maybe a scam. Avoid it ! #OpCharlieHebdo #JeSuisCharlie #CharlieHebdo",0,OpCharlieHebdo,charliehebdo,not_rumour,"We're not responsible of this is a fake, and maybe a scam. Avoid it ! OpCharlieHebdo JeSuisCharlie CharlieHebdo",18
They've brought the dogs out in #Ferguson https://t.co/gXQeLtaXjt,0,AntonioFrench,ferguson,not_rumour,They've brought the dogs out in Ferguson,7
We are One. We are Strong. #ProudToBeACanadian #PrayForOttawa #OttawaShooting http://t.co/JPBtFgAFgV,0,KingDavidF,ottawashooting,not_rumour,We are One. We are Strong. ProudToBeACanadian PrayForOttawa OttawaShooting,9
Nothing has changed. The ONLY difference?  The pictures are in color.  #Ferguson #FergusonShooting http://t.co/iRBqXc019M,0,corruptcopsTX,ferguson,not_rumour,Nothing has changed. The ONLY difference? The pictures are in color. Ferguson FergusonShooting,13
"No putsch, no illness, just a Putin jr. born in Switzerland - Swiss tabloid @Blickch claimes http://t.co/OM8SK1Hthi",1,LesJazd,putinmissing,rumour,"No putsch, no illness, just a Putin jr. born in Switzerland - Swiss tabloid claimes",15
"Cops were extra aggressive to incite fear and cause chaos, giving the #Ferguson PD time to destroy and/or manufacture any ""evidence"" needed",1,SnottieDrippen,ferguson,rumour,"Cops were extra aggressive to incite fear and cause chaos, giving the Ferguson PD time to destroy and or manufacture any ""evidence"" needed",23
"Hamilton Argylls soldier, Nathan Cirillo, on the right in this picture, dies in Ottawa attack http://t.co/K0j8j0eLiw http://t.co/aKBFslkfAg",1,TheSpec,ottawashooting,rumour,"Hamilton Argylls soldier, Nathan Cirillo, on the right in this picture, dies in Ottawa attack",15
"The #sydneysiege has now entered its 14th hour. Police are still doing ""all they can"" | http://t.co/6KGlfakEFG http://t.co/ZIJ0C3Xsx2",0,newscomauHQ,sydneysiege,not_rumour,"The sydneysiege has now entered its 14th hour. Police are still doing ""all they can""",15
former adviser Andrei Illarionov claimed Putin had fallen victim to a palace coup . - http://t.co/o0DCgrBhcG http://t.co/7RJfbYXsE1 via @FT,1,demdigest,putinmissing,rumour,former adviser Andrei Illarionov claimed Putin had fallen victim to a palace coup . - via,16
"#ISIS just claimed responsibility for #CharlieHebdo attack and announced more attacks. ""US &amp; UK are on the list for tomorrow.""",1,Annabellvdb,charliehebdo,rumour,"ISIS just claimed responsibility for CharlieHebdo attack and announced more attacks. ""US amp UK are on the list for tomorrow.""",20
"Police seen in Longpont, a village near to a petrol station reportedly robbed by the two #CharlieHebdo suspects. http://t.co/cQsXx2q9PT",1,BBCOS,charliehebdo,rumour,"Police seen in Longpont, a village near to a petrol station reportedly robbed by the two CharlieHebdo suspects.",18
Uber criticized for “off the charts” surge pricing during hostage crisis in Australia. http://t.co/OgTn7iAO1W http://t.co/qdX0m3uzWc,1,nycjim,sydneysiege,rumour,Uber criticized for off the charts surge pricing during hostage crisis in Australia.,13
Armed gunmen face police officers near the offices of the satirical newspaper #CharlieHebdo Photo: Anne Gelbard #AFP http://t.co/k669PHgVw5,1,AFPphoto,charliehebdo,rumour,Armed gunmen face police officers near the offices of the satirical newspaper CharlieHebdo Photo Anne Gelbard AFP,17
Breaking: Armed man linked to Charlie Hebdo suspects takes hostages at kosher grocery store in east Paris  http://t.co/t1SKHe7p2y,1,WSJ,charliehebdo,rumour,Breaking Armed man linked to Charlie Hebdo suspects takes hostages at kosher grocery store in east Paris,17
People gather in silence to remember Paris shooting victims and say #JeSuisCharlie. Photos: http://t.co/8AuPWcklfF http://t.co/2XVVTAWFDe,0,WSJ,charliehebdo,not_rumour,People gather in silence to remember Paris shooting victims and say JeSuisCharlie. Photos,13
PRINCE gives Toronto purple balls .....,0,djdrm1972,prince-toronto,not_rumour,PRINCE gives Toronto purple balls .....,6
We must confirm to our deepest regret that Germanwings Flight 4U 9525 from Barcelona to Düsseldorf has suffered an accident over the...,1,Lufthansa_DE,germanwings-crash,rumour,We must confirm to our deepest regret that Germanwings Flight 4U 9525 from Barcelona to Dsseldorf has suffered an accident over the...,22
Does publishing anti #Muslim #CharlieHebdo cartoons count as solidarity against the Muslim cop who was slain as well? http://t.co/lhJHHyk7KF,0,MaanImranKhan,charliehebdo,not_rumour,Does publishing anti Muslim CharlieHebdo cartoons count as solidarity against the Muslim cop who was slain as well?,18
#putindead #putin Can Putin's Absence Indicate A Palace Coup In Moscow? http://t.co/ImBuKEacO1 via @forbes,1,kssg,putinmissing,rumour,putindead putin Can Putin's Absence Indicate A Palace Coup In Moscow? via,12
Gunfire and smoke reported at Charlie Hebdo suspect hostage scene http://t.co/rBMh3jpZWx http://t.co/71SjFMZBqh,0,TheWorldPost,charliehebdo,not_rumour,Gunfire and smoke reported at Charlie Hebdo suspect hostage scene,10
"This cartoon by Robert Mankoff from The New Yorker Sept 2012.
#CharlieHebdo http://t.co/pyQfnV42Su",0,mrjohnofarrell,charliehebdo,not_rumour,This cartoon by Robert Mankoff from The New Yorker Sept 2012. CharlieHebdo,12
AFP: the two armed suspects who attacked #CharlieHebdo's headquarters yesterday have been located in northern France,1,SkyNewsBreak,charliehebdo,rumour,AFP the two armed suspects who attacked CharlieHebdo's headquarters yesterday have been located in northern France,16
Cartoonists don't deserve death for artwork. But I am not #CharlieHebdo. Their racist content doesn't become courageous because ppl died.,0,kim_tastiic,charliehebdo,not_rumour,Cartoonists don't deserve death for artwork. But I am not CharlieHebdo. Their racist content doesn't become courageous because ppl died.,20
Rumour: #Ivanov to take over for #Putin in #Russian #coup http://t.co/QX8a3HQq3T,1,BizzMacc,putinmissing,rumour,Rumour Ivanov to take over for Putin in Russian coup,10
"Breathtaking. The cover of next week's New Yorker, by Ana Juan #JeSuisCharlie http://t.co/pQzGCnXXyM",0,cossig,charliehebdo,not_rumour,"Breathtaking. The cover of next week's New Yorker, by Ana Juan JeSuisCharlie",12
Everyone stand together on a day like this. Stay strong. #Ottawa,0,MaulerMauler,ottawashooting,not_rumour,Everyone stand together on a day like this. Stay strong. Ottawa,11
"We can never defeat terrorism if we have allies like Saudi Arabia who behead religious, political or sexual dissenters #JeSuisCharlie",0,Harryslaststand,charliehebdo,not_rumour,"We can never defeat terrorism if we have allies like Saudi Arabia who behead religious, political or sexual dissenters JeSuisCharlie",20
Name of the co-pilot: Andreas Lubitz. http://t.co/L7FDlo6Iom #4U9525,1,NewsOnTheMin,germanwings-crash,rumour,Name of the co-pilot Andreas Lubitz. 4U9525,7
"More shots being fired near parliament in Ottawa, suspect still at large: TV",1,Reuters,ottawashooting,rumour,"More shots being fired near parliament in Ottawa, suspect still at large TV",13
Police line moving towards peaceful protesters in #ferguson,0,BmoreConetta,ferguson,not_rumour,Police line moving towards peaceful protesters in ferguson,8
Canada's thoughts and prayers are with our Australian friends. #MartinPlace #SydneySiege,0,pmharper,sydneysiege,not_rumour,Canada's thoughts and prayers are with our Australian friends. MartinPlace SydneySiege,11
Swiss museum decides to accept Gurlitt Nazi-era art trove: A Swiss museum has accepted the bequest of a large ... http://t.co/5pnmb8ZiNq,1,dw_germany,gurlitt,rumour,Swiss museum decides to accept Gurlitt Nazi-era art trove A Swiss museum has accepted the bequest of a large ...,20
French police still haven’t found the #CharlieHebdo killers – here’s the latest: http://t.co/btfj0Wai6L http://t.co/8B6zLeYO93,0,cnni,charliehebdo,not_rumour,French police still havent found the CharlieHebdo killers heres the latest,11
"Announcement coming from # russia.  Some say coup, some say war w/UK or #Putin is dead. I say new version of USSR coming. New flag.",1,JoshTolley,putinmissing,rumour,"Announcement coming from russia. Some say coup, some say war w UK or Putin is dead. I say new version of USSR coming. New flag.",25
Germanwings Airbus A320 crashes in French Alps near Digne http://t.co/yNlWbNJmYI,1,BBCBreaking,germanwings-crash,rumour,Germanwings Airbus A320 crashes in French Alps near Digne,9
"Black Islamic flag being held up in window of #lindt chocolate store in Martin Place, Sydney - hostages inside. http://t.co/fAV7PEuY6P",1,Andrew_Denney,sydneysiege,rumour,"Black Islamic flag being held up in window of lindt chocolate store in Martin Place, Sydney - hostages inside.",19
Lindt Chocolate Cafe Australia issues #sydneysiege statement on Facebook: http://t.co/1YFI7UGv0W http://t.co/tyytSBUjtk,0,BBCBreaking,sydneysiege,not_rumour,Lindt Chocolate Cafe Australia issues sydneysiege statement on Facebook,9
Nah it isn't though RT @igeldard: This is just brilliant #charliehebdo #sonyhack http://t.co/r9YfMv7rUe,0,fivefifths,charliehebdo,not_rumour,Nah it isn't though RT This is just brilliant charliehebdo sonyhack,11
"The fact that Harry tweeted about Sydney, just proves how much he cares. 

Love that boy ♥

#sydneysiege",0,1D_DailyNews,sydneysiege,not_rumour,"The fact that Harry tweeted about Sydney, just proves how much he cares. Love that boy sydneysiege",17
"Been watching UK news all morning, seen no mention of multiple attacks on mosques in France after yesterday http://t.co/NzRUHI1CDw",0,sunny_hundal,charliehebdo,not_rumour,"Been watching UK news all morning, seen no mention of multiple attacks on mosques in France after yesterday",18
Cops are forcing us to move even as legally we have the right to stand on the  sidewalk... #Ferguson,0,elonjames,ferguson,not_rumour,Cops are forcing us to move even as legally we have the right to stand on the sidewalk... Ferguson,19
"Our thoughts are with the families and crew of @germanwings following the loss of #4U9525, operated by @lufthansa subsidiary @germanwings.",0,staralliance,germanwings-crash,not_rumour,"Our thoughts are with the families and crew of following the loss of 4U9525, operated by subsidiary .",18
The Pen Is Mightier Than The Sword: 28 Cartoonists Pay Tribute To Charlie Hebdo Victims: http://t.co/sSfQMaSviI http://t.co/0nOThrr8VX,0,boredpanda,charliehebdo,not_rumour,The Pen Is Mightier Than The Sword 28 Cartoonists Pay Tribute To Charlie Hebdo Victims,15
#SydneySiege Update: U.S. consulate in Sydney has been evacuated http://t.co/v7R5QFSGE2,1,TwitchyTeam,sydneysiege,rumour,SydneySiege Update U.S. consulate in Sydney has been evacuated,9
"Today, as journalists ""bravely"" voice support for #CharlieHebdo, ask them for their piece calling on Yale to publish the Muhammad cartoons.",0,Will_Antonin,charliehebdo,not_rumour,"Today, as journalists ""bravely"" voice support for CharlieHebdo, ask them for their piece calling on Yale to publish the Muhammad cartoons.",21
Peaceful youth demonstration at Greater St. Mark Church #ferguson http://t.co/feWLxdme9R,0,AntonioFrench,ferguson,not_rumour,Peaceful youth demonstration at Greater St. Mark Church ferguson,9
Germanwings Airbus A320 crashes in French Alps: What we do and do not know http://t.co/3xKSCtFFwT http://t.co/ugwghZVbHr,0,Independent,germanwings-crash,not_rumour,Germanwings Airbus A320 crashes in French Alps What we do and do not know,14
Breaking: Sydney On Lockdown as Dramatic Siege Unfolds http://t.co/Xpjpgbf2Pb #sydneysiege http://t.co/31KmD0zuIx,1,MotherJones,sydneysiege,rumour,Breaking Sydney On Lockdown as Dramatic Siege Unfolds sydneysiege,9
"I'm uneasy with the portrayal of Charlie Hebdo as magazine that ""provokes"". No, it publishes cartoons. People choose how they react to that.",0,J_Bloodworth,charliehebdo,not_rumour,"I'm uneasy with the portrayal of Charlie Hebdo as magazine that ""provokes"". No, it publishes cartoons. People choose how they react to that.",23
"To all my Muslim friends: you don't need to apologize for the #CharlieHebdo attack in Paris. A criminal committed a crime, not Islam.",0,abgutman,charliehebdo,not_rumour,"To all my Muslim friends you don't need to apologize for the CharlieHebdo attack in Paris. A criminal committed a crime, not Islam.",23
Here's the police report. Somehow #Ferguson cops valued a box of Swishers at nearly $50. Time to stop smokin I guess http://t.co/8ZkvrHkApc,1,YourAnonLive,ferguson,rumour,Here's the police report. Somehow Ferguson cops valued a box of Swishers at nearly 50. Time to stop smokin I guess,21
Paramedics are currently carrying out a number of hostages in #MartinPl. #SydneySiege #9News,1,9NewsSyd,sydneysiege,rumour,Paramedics are currently carrying out a number of hostages in MartinPl. SydneySiege 9News,13
#AP10Things to know for Fri.: Turmoil escalates in Yemen; How airlines are responding to Germanwings crash: http://t.co/FHFMJtSNpm,0,AP,germanwings-crash,not_rumour,AP10Things to know for Fri. Turmoil escalates in Yemen How airlines are responding to Germanwings crash,16
Police search gas station where French media reported #CharlieHebdo suspects allegedly were seen. http://t.co/v9cuXpPIYF,1,cnnbrk,charliehebdo,rumour,Police search gas station where French media reported CharlieHebdo suspects allegedly were seen.,13
#MaryamRajavi strongly condemns criminal attack in Paris and offers her condolences to French Government and people  #CharlieHebdo #Paris,0,Maryam_Rajavi,charliehebdo,not_rumour,MaryamRajavi strongly condemns criminal attack in Paris and offers her condolences to French Government and people CharlieHebdo Paris,18
Is Prince really playing Massey Hall tonight? These folks sure hope so. Lineup surprisingly short. http://t.co/9PpzUOasz9,1,livewithculture,prince-toronto,rumour,Is Prince really playing Massey Hall tonight? These folks sure hope so. Lineup surprisingly short.,15
"There is a sickness in the world, but it's not #islam, it's religious extremism everywhere. #JeSuisCharlie http://t.co/zNRSUFbd0P",0,ChrisOB617,charliehebdo,not_rumour,"There is a sickness in the world, but it's not islam, it's religious extremism everywhere. JeSuisCharlie",16
A mother lost her child. A father lost his son. A young man lost his life. #JusticeForMikeBrown #Ferguson http://t.co/dRRPNhBPiw,0,ItsDLeon,ferguson,not_rumour,A mother lost her child. A father lost his son. A young man lost his life. JusticeForMikeBrown Ferguson,18
DETAILS: #Germanwings Airbus #A320 crashes near small town of #Barcelonnette in Alpes-de-Haute-Provence #4U9525 http://t.co/zU6hn03xzU,0,RT_com,germanwings-crash,not_rumour,DETAILS Germanwings Airbus A320 crashes near small town of Barcelonnette in Alpes-de-Haute-Provence 4U9525,13
Every time I think I see the best #CharlieHebdo cartoon another great one comes out. #JeSuisCharlie http://t.co/UzOVNAsx8G,0,Bipartisanism,charliehebdo,not_rumour,Every time I think I see the best CharlieHebdo cartoon another great one comes out. JeSuisCharlie,16
2nd Video footage proving #Ferguson PD Chief lied on @Fox2Now RT @TheAnonMessage2: After moments of #MikeBrown death. http://t.co/5V8mTws9Ep,1,hollywood_trey,ferguson,rumour,2nd Video footage proving Ferguson PD Chief lied on RT After moments of MikeBrown death.,15
Report: Co-Pilot Locked Out Of Cockpit Before Fatal Plane Crash http://t.co/aXGQuacv2E #Germanwings http://t.co/T80L7BhXX6,1,BuzzFeedNews,germanwings-crash,rumour,Report Co-Pilot Locked Out Of Cockpit Before Fatal Plane Crash Germanwings,11
Hundreds of police at siege in Dammartin-en-Goele. Follow our #CharlieHebdo coverage: http://t.co/jMOZXPaSOJ http://t.co/kPAlm9TQwQ,1,BBCBreaking,charliehebdo,rumour,Hundreds of police at siege in Dammartin-en-Goele. Follow our CharlieHebdo coverage,11
#BREAKING Killed Charlie Hebdo suspects came out firing on security forces: source,1,AFP,charliehebdo,rumour,BREAKING Killed Charlie Hebdo suspects came out firing on security forces source,12
"Prince fans lining up at Massey Hall. Wristbands for surprise show reportedly on sale at 6pm.
http://t.co/XDIEmme4QD http://t.co/O0JFvNV6uR",1,CityNews,prince-toronto,rumour,Prince fans lining up at Massey Hall. Wristbands for surprise show reportedly on sale at 6pm.,16
"The revolution may not be televised, but it's being broadcast LIVE on social media...And we're watching. #Ferguson #MikeBrown",0,traciethoms,ferguson,not_rumour,"The revolution may not be televised, but it's being broadcast LIVE on social media...And we're watching. Ferguson MikeBrown",18
"Breaking News: Germanwings #Airbus #A320 was carrying 148 people on board when it crashed, officials say http://t.co/PkIiVwKPwu",1,Hoi_Cheong_Chan,germanwings-crash,rumour,"Breaking News Germanwings Airbus A320 was carrying 148 people on board when it crashed, officials say",16
Picture of one of the women seen running from the #sydneysiege cafe. She is wearing a uniform with the Lindt logo http://t.co/WCAHu0wRgk,1,BBCBreaking,sydneysiege,rumour,Picture of one of the women seen running from the sydneysiege cafe. She is wearing a uniform with the Lindt logo,21
#BREAKING: Another four or five hostages have escaped from the café in #MartinPl. #SydneySiege #9News,1,9NewsSyd,sydneysiege,rumour,BREAKING Another four or five hostages have escaped from the caf in MartinPl. SydneySiege 9News,15
"Canadian soldier who was shot at #Ottawa's War Memorial is a reservist serving with the Argyll and Sutherland Highlanders in #Hamilton, Ont.",1,CBCAlerts,ottawashooting,rumour,"Canadian soldier who was shot at Ottawa's War Memorial is a reservist serving with the Argyll and Sutherland Highlanders in Hamilton, Ont.",22
#BREAKING - At least 2 dead in  hostage standoff in Paris Kosher supermarket (AFP) http://t.co/OYSXRQ9xuv http://t.co/SQUsZcitcO,1,France24_en,charliehebdo,rumour,BREAKING - At least 2 dead in hostage standoff in Paris Kosher supermarket AFP,14
This widely shared cartoon about the #CharlieHebdo attack is actually by @LucilleClerc and not #Banksy http://t.co/HxKI8pefcU,1,BBCtrending,charliehebdo,rumour,This widely shared cartoon about the CharlieHebdo attack is actually by and not Banksy,14
#Ferguson police are embarking on what can only be described as an elaborate smear campaign of Michael Brown http://t.co/SaLZExqR1D,1,Salon,ferguson,rumour,Ferguson police are embarking on what can only be described as an elaborate smear campaign of Michael Brown,18
More than 100 volunteers out cleaning up #MikeBrown #Ferguson http://t.co/CKjahbQTeK,0,LaurieSkrivan,ferguson,not_rumour,More than 100 volunteers out cleaning up MikeBrown Ferguson,9
"Passenger plane carrying 148 people crashes in the French Alps en route from Spain to Germany.
#Germanwings",1,ThisIsGaZa,germanwings-crash,rumour,Passenger plane carrying 148 people crashes in the French Alps en route from Spain to Germany. Germanwings,17
You'd think it would've been more newsworthy when Missouri got rid of due process and made shoplifting a capital crime #Ferguson #MikeBrown,1,YesYoureRacist,ferguson,rumour,You'd think it would've been more newsworthy when Missouri got rid of due process and made shoplifting a capital crime Ferguson MikeBrown,22
"Prince is doing a ""secret"" concert @masseyhall in Toronto tonight and tickets are ONLY $10!!!",1,funkartist,prince-toronto,rumour,"Prince is doing a ""secret"" concert in Toronto tonight and tickets are ONLY 10!!!",14
"JUST IN: Series of explosions, rapid gunfire in eastern Paris near site of second hostage standoff WATCH LIVE: http://t.co/lejX2ubdV6",0,CBSNews,charliehebdo,not_rumour,"JUST IN Series of explosions, rapid gunfire in eastern Paris near site of second hostage standoff WATCH LIVE",18
"#Ferguson police name the officer who shot #MikeBrown. He is Darren Wilson
#stl #MichaelBrown",0,FOX2now,ferguson,not_rumour,Ferguson police name the officer who shot MikeBrown. He is Darren Wilson stl MichaelBrown,14
"Trocadero square in Paris evacuated. Policemen pointing their gun.
http://t.co/u6qjxNUibY via @MelodiePeps",1,JulienPain,charliehebdo,rumour,Trocadero square in Paris evacuated. Policemen pointing their gun. via,10
Siege situation currently unfolding at Sydney's Martin Place. Updates here: http://t.co/mmOH7zakyB http://t.co/NMzcmpfeTx,1,australian,sydneysiege,rumour,Siege situation currently unfolding at Sydney's Martin Place. Updates here,10
Police in pursuit of multiple shooters in Ottawa; PM safe; downtown buildings in lockdown http://t.co/3FCWaFPA4y http://t.co/Si3yY0BRRd,1,globeandmail,ottawashooting,rumour,Police in pursuit of multiple shooters in Ottawa PM safe downtown buildings in lockdown,14
"""Keep Calm And Don’t Speculate: How To Be Helpful On Social Media Today"" http://t.co/es8yFnGjZR #sydneysiege http://t.co/KQMPW1JerY",0,DavidAHood,sydneysiege,not_rumour,"""Keep Calm And Dont Speculate How To Be Helpful On Social Media Today"" sydneysiege",14
"Ottawa hospital says it's treating three patients, two in stable condition, after shooting incident. http://t.co/1cKIHwuCzl",1,Reuters,ottawashooting,rumour,"Ottawa hospital says it's treating three patients, two in stable condition, after shooting incident.",14
"Haron Monis,Hostage-taker in #Sydney: Fled #Iran 96,suspect in ex-wife killing,46 sex assaults http://t.co/3caiB9OnFg http://t.co/vfOXjtrGgZ",1,Joyce_Karam,sydneysiege,rumour,"Haron Monis,Hostage-taker in Sydney Fled Iran 96,suspect in ex-wife killing,46 sex assaults",12
"A General's coup is not necessarily hard to organise. Putin is in his villa complex outside Moscow, and people just stop taking his calls.",1,deinioljonesGL7,putinmissing,rumour,"A General's coup is not necessarily hard to organise. Putin is in his villa complex outside Moscow, and people just stop taking his calls.",24
Prince Reportedly Pulls Out of Secret Toronto Show Because He 'Just Wasn't Feeling It'  http://t.co/u5sIB1kFG6 via @wonderingsound,1,SaraSavoy,prince-toronto,rumour,Prince Reportedly Pulls Out of Secret Toronto Show Because He 'Just Wasn't Feeling It' via,15
New statement from #Ferguson police on shooting of #MichaelBrown ht @abake6 http://t.co/bGeRVUVQDO,0,WesleyLowery,ferguson,not_rumour,New statement from Ferguson police on shooting of MichaelBrown ht,10
"@acarvin last #CharlieHebdo cartoon: ""Still no attack in France. Wait! We have 'til january end to send 2015 wishes."" http://t.co/eubg7XJRPd",0,notfabrice,charliehebdo,not_rumour,"last CharlieHebdo cartoon ""Still no attack in France. Wait! We have 'til january end to send 2015 wishes.""",18
Photo of one of the Australian jihadists holding13 hostages in under flag of jihad #Sydney http://t.co/gAEf9aHB8v http://t.co/1Z3hyDpLP7,1,PamelaGeller,sydneysiege,rumour,Photo of one of the Australian jihadists holding13 hostages in under flag of jihad Sydney,15
MORE: Police say hostage situation in Sydney is over after a swarm of heavily armed police storm downtown cafe: http://t.co/Tn8BlZvwmp,0,AP,sydneysiege,not_rumour,MORE Police say hostage situation in Sydney is over after a swarm of heavily armed police storm downtown cafe,19
"Sites evacuated now include State Library, Sydney Opera House, Channel 7 building in Martin Place. http://t.co/XrIutxD6Op #SydneySiege",1,smh,sydneysiege,rumour,"Sites evacuated now include State Library, Sydney Opera House, Channel 7 building in Martin Place. SydneySiege",16
"BREAKING PHOTO: Hostages being led away from the scene of Paris Kosher grocery siege, gunman killed via @SkyNews http://t.co/0t3KYwgQYr",0,LisaDaftari,charliehebdo,not_rumour,"BREAKING PHOTO Hostages being led away from the scene of Paris Kosher grocery siege, gunman killed via",17
#US consulate reportedly evacuated amid #Sydneysiege hostage situation http://t.co/1ZlzKDjvSf #martinplace http://t.co/usVgXibdKO,1,RT_com,sydneysiege,rumour,US consulate reportedly evacuated amid Sydneysiege hostage situation martinplace,9
Heartbreaking photo shows fallen soldier Nathan Cirillo just moments before shooting http://t.co/MbS4rd45iV http://t.co/uc0jNXoN0b,1,HuffPostCanada,ottawashooting,rumour,Heartbreaking photo shows fallen soldier Nathan Cirillo just moments before shooting,11
#Ferguson Police’s PR Stunt Poisons Indie &amp; Impartial Investigation #JusticeForMikeBrown https://t.co/5pNJE6s0nE http://t.co/U1pueEjkPG,0,ACLU,ferguson,not_rumour,Ferguson Polices PR Stunt Poisons Indie amp Impartial Investigation JusticeForMikeBrown,10
"Instead of focusing on the recent dead in Paris, we should keep in mind that Islamists have committed 24,784 deadly attacks since 9/11.",0,securitythinker,charliehebdo,not_rumour,"Instead of focusing on the recent dead in Paris, we should keep in mind that Islamists have committed 24,784 deadly attacks since 9 11.",24
BREAKING UPDATE SYDNEY: THE HOSTAGE TAKER MAN HARON MONIS HAS BEEN SHOT DEAD. 7NEWS,1,NewsOnTheMin,sydneysiege,rumour,BREAKING UPDATE SYDNEY THE HOSTAGE TAKER MAN HARON MONIS HAS BEEN SHOT DEAD. 7NEWS,14
#BREAKING: unconfirmed reports contact has been made to a Sydney radio station. @campricenews #martinplace http://t.co/M2NCTHb9AZ,1,SkyNewsAust,sydneysiege,rumour,BREAKING unconfirmed reports contact has been made to a Sydney radio station. martinplace,13
"Our sympathies &amp; prayers are with the victims, their families &amp; the French people.  #Ahmadiyya Muslims totally condemn murder #CharlieHebdo",0,pressahmadiyya,charliehebdo,not_rumour,"Our sympathies amp prayers are with the victims, their families amp the French people. Ahmadiyya Muslims totally condemn murder CharlieHebdo",20
.@3RDEYEGIRL you see what you've done to #Toronto? #Prince http://t.co/82eXnU49OY,1,GordMacey,prince-toronto,rumour,. you see what you've done to Toronto? Prince,9
My thoughts and prayers go out to Ottawa.,0,Pchiddy,ottawashooting,not_rumour,My thoughts and prayers go out to Ottawa.,8
"Heartbreaking &amp; beautiful story of how amazing Muslim-Support Hashtag #illridewithyou emerged , way to go Sydney! 🙌✊👌 http://t.co/UAa5ScNAEi",0,FereshtaKazemi,sydneysiege,not_rumour,"Heartbreaking amp beautiful story of how amazing Muslim-Support Hashtag illridewithyou emerged , way to go Sydney!",16
"Bern's Museum of Fine Arts accepts Gurlitt art collection, but only works that were not stolen by Nazis http://t.co/ghqeNGoPAK",1,matthewallen40,gurlitt,rumour,"Bern's Museum of Fine Arts accepts Gurlitt art collection, but only works that were not stolen by Nazis",18
"Killing writers and journalists and cartoonists will not silence them but make their voices louder.
#CharlieHebdo",0,JonnyGeller,charliehebdo,not_rumour,Killing writers and journalists and cartoonists will not silence them but make their voices louder. CharlieHebdo,16
"Another terrific story by @MaryLaneWSJ, chronicler of the Nazi-Gurlitt art saga. http://t.co/2n9SEYKCYR",1,maloneyfiles,gurlitt,rumour,"Another terrific story by , chronicler of the Nazi-Gurlitt art saga.",11
"Hostage-taker in supermarket siege killed, reports say. #ParisAttacks http://t.co/0jxoozr8mN http://t.co/sY4M9Vox3L",1,SkyNews,charliehebdo,rumour,"Hostage-taker in supermarket siege killed, reports say. ParisAttacks",8
"Coverage of the Ottawa shooting, in one very revealing screenshot http://t.co/CE8bvaKO8F http://t.co/GqOHyg0tUD",0,voxdotcom,ottawashooting,not_rumour,"Coverage of the Ottawa shooting, in one very revealing screenshot",10
"Putin ""disappearance"" Rumor: He Is In Switzerland http://t.co/Zzup3Vs64O #ATS #putinmissing #putindead #Kremlin http://t.co/3YULASjti9",1,AboveTopSecret,putinmissing,rumour,"Putin ""disappearance"" Rumor He Is In Switzerland ATS putinmissing putindead Kremlin",11
BREAKING #A320 crashed could be Germanwings flight #4U9525 from Barcelona to Dusseldorf. http://t.co/FJvY7woj4t,1,airlivenet,germanwings-crash,rumour,BREAKING A320 crashed could be Germanwings flight 4U9525 from Barcelona to Dusseldorf.,12
"You guess photo of war? Yes, you are right. This is a war between oppressor &amp; oppressed. #Ferguson #MikeBrown http://t.co/74TvAG92CR",0,ImranHSarker,ferguson,not_rumour,"You guess photo of war? Yes, you are right. This is a war between oppressor amp oppressed. Ferguson MikeBrown",19
New York Times just reporting one of the pilots was locked out of the cockpit before it crashed #Germanwings #cbc,1,NahlahAyed,germanwings-crash,rumour,New York Times just reporting one of the pilots was locked out of the cockpit before it crashed Germanwings cbc,20
The #SydneySiege only works to sabotage the message Islam.,0,IniAnwarHadi,sydneysiege,not_rumour,The SydneySiege only works to sabotage the message Islam.,9
"Photos of the scene in Ottawa, where police confirm 'several' shootings http://t.co/1vpA0rErQg http://t.co/djjyH5S30C",1,globeandmail,ottawashooting,rumour,"Photos of the scene in Ottawa, where police confirm 'several' shootings",11
"The whistleblower, a white man who went by the name of ""Lonewolf,"" said Black people should be allowed to shop w/o harassment. #Ferguson",0,drgoddess,ferguson,not_rumour,"The whistleblower, a white man who went by the name of ""Lonewolf,"" said Black people should be allowed to shop w o harassment. Ferguson",24
"I feel France will throw satire into the murderers faces, and freedom of expression will be ever greater #JeSuisCharlie #",0,Martina,charliehebdo,not_rumour,"I feel France will throw satire into the murderers faces, and freedom of expression will be ever greater JeSuisCharlie",19
Last known position of Germanwings flight: http://t.co/m9ZF6fy8yk http://t.co/wc8gKPxUAc,0,ReutersGraphics,germanwings-crash,not_rumour,Last known position of Germanwings flight,6
My thoughts are with you Sydney ❤️,0,IISuperwomanII,sydneysiege,not_rumour,My thoughts are with you Sydney,6
Police stand guard as hostages are held in a cafe in Sydney. Follow AFP's LIVE REPORT: http://t.co/yKWnSmShSY http://t.co/wyjunPbDfo,1,AFP,sydneysiege,rumour,Police stand guard as hostages are held in a cafe in Sydney. Follow AFP's LIVE REPORT,16
"Please, please, please read these tips for major news stories, especially when lives are at stake. #sydneysiege http://t.co/QgToJNV2b1",0,cmclymer,sydneysiege,not_rumour,"Please, please, please read these tips for major news stories, especially when lives are at stake. sydneysiege",17
Swiss tabloid drops this about: Putin secret baby mission in Ticino http://t.co/zfEayq07I5 http://t.co/S7ri70b66G,1,RyskeldiSatke,putinmissing,rumour,Swiss tabloid drops this about Putin secret baby mission in Ticino,11
"The officer who shot #MikeBrown did NOT know he was a suspect in a robbery, according to #Ferguson police chief. They were not related.",1,aterkel,ferguson,rumour,"The officer who shot MikeBrown did NOT know he was a suspect in a robbery, according to Ferguson police chief. They were not related.",24
Prince at Massey Hall? Will. Be. Bonkers. http://t.co/IecAWY53du,1,mattgallowaycbc,prince-toronto,rumour,Prince at Massey Hall? Will. Be. Bonkers.,7
I feel so much for the hostages in Sydney. I also feel for law-abiding Muslims in Australia. The backlash will be nasty.,1,BeardedGenius,sydneysiege,rumour,I feel so much for the hostages in Sydney. I also feel for law-abiding Muslims in Australia. The backlash will be nasty.,22
All who said #JeSuisCharlie this week must today say #JeSuisJuif - I am a Jew. Stand with France's Jews against this vile attack.,0,AJCGlobal,charliehebdo,not_rumour,All who said JeSuisCharlie this week must today say JeSuisJuif - I am a Jew. Stand with France's Jews against this vile attack.,23
"Saudi Arabian condemnation of Paris terror attacks are hollow as they whip a blogger for ""insulting Islam"". The mentality is the same",0,sunny_hundal,charliehebdo,not_rumour,"Saudi Arabian condemnation of Paris terror attacks are hollow as they whip a blogger for ""insulting Islam"". The mentality is the same",22
"People who have actually died of being offended: 0
People who have died because others were offended: far too many.
#CharlieHebdo",0,MirabilisDave,charliehebdo,not_rumour,People who have actually died of being offended 0 People who have died because others were offended far too many. CharlieHebdo,21
