dataset,model,cv_f1_macro_mean,cv_f1_macro_std,test_accuracy,test_f1_macro,test_f1_weighted,test_precision,test_recall,test_f1_misinformation,model_type,f1_misinformation,null_predictions,parse_errors,f1_rumour
manchester,roberta-base,0.9632562352998516,0.0159540663329987,0.9917808219178084,0.9858762527570328,0.9918058412786588,0.982948717948718,0.9888652408637874,0.9767441860465116,RoBERTa Fine-Tuned,,,,
manchester,ollama-zero-shot (llama3.1),,,0.7397260273972602,0.6718526720230151,0.7687561974669673,0.6665056360708534,0.7683762458471761,,Ollama Zero-Shot,0.5226130653266331,2.0,3.0,
monkeypox,roberta-base,0.8925660583913728,0.0135337990798282,0.8840262582056893,0.8716326152052363,0.8841135373817488,0.8710787011557513,0.8721974522292995,0.8317460317460317,RoBERTa Fine-Tuned,,,,
monkeypox,ollama-zero-shot (llama3.1),,,0.6105032822757112,0.6104566524920507,0.6091230406793622,0.6834447799827437,0.6805626326963907,,Ollama Zero-Shot,0.6147186147186147,5.0,5.0,
pheme,roberta-base,0.599004,0.007317,0.82213,0.598062,0.805061,0.627025,0.585865,0.898165,RoBERTa Fine-Tuned,,,,
pheme,ollama-zero-shot (llama3.1),,,0.4343329886246122,0.3981829973148864,0.4999215804523845,0.5032979149959904,0.5060403916768665,,Ollama Zero-Shot,,118.0,120.0,0.5456810631229235
